signal_date,outcome_date,code,name,boards,height_bucket,theme,H,H_prev,leader_absent,leader_any_absent,height_drop,height_new_high,leader_baoliang,prev_leader_baoliang,theme_alive,theme_dead,same_theme_broken,loose_theme_broken,tier,is_new_high,is_sub_high,is_mid_2_3,is_legacy_near,one_price_today,zt_next,promote,one_word_next,tradable_zt,zha_next,zha_change_rate,boards_next,zt_d2,promote_d2,zt_d3,same_theme_baoliang
2025-10-09,2025-10-10,002759,天际股份,4,4,固态电池,4,,False,False,False,False,False,False,False,False,False,False,new_high,True,False,False,False,False,False,False,,False,False,,,True,False,False,False
2025-10-09,2025-10-10,000981,山子高科,3,3,汽车零部件,4,,False,False,False,False,False,False,False,False,False,False,sub_high|mid_2_3,False,True,True,False,False,False,False,,False,False,,,False,False,True,False
2025-10-09,2025-10-10,300948,冠中生态,3,3,实控人变更,4,,False,False,False,False,False,False,False,False,False,False,sub_high|mid_2_3,False,True,True,False,True,False,False,,False,True,13.4298,,False,False,False,False
2025-10-09,2025-10-10,000021,深科技,2,2,芯片,4,,False,False,False,False,False,False,False,False,False,False,h_minus_2|mid_2_3,False,False,True,False,False,False,False,,False,False,,,False,False,False,False
2025-10-09,2025-10-10,000923,河钢资源,2,2,有色金属,4,,False,False,False,False,False,False,False,False,False,False,h_minus_2|mid_2_3,False,False,True,False,False,False,False,,False,False,,,False,False,False,False
2025-10-09,2025-10-10,002295,精艺股份,2,2,有色金属,4,,False,False,False,False,False,False,False,False,False,False,h_minus_2|mid_2_3,False,False,True,False,False,False,False,,False,False,,,False,False,False,False
2025-10-09,2025-10-10,600362,江西铜业,2,2,有色金属,4,,False,False,False,False,False,False,False,False,False,False,h_minus_2|mid_2_3,False,False,True,False,False,False,False,,False,True,7.8381,,False,False,False,False
2025-10-09,2025-10-10,600711,盛屯矿业,2,2,有色金属,4,,False,False,False,False,False,False,False,False,False,False,h_minus_2|mid_2_3,False,False,True,False,False,False,False,,False,False,,,False,False,False,False
2025-10-09,2025-10-10,603011,合锻智能,2,2,核电,4,,False,False,False,False,False,False,False,False,False,False,h_minus_2|mid_2_3,False,False,True,False,True,True,True,True,False,False,,3,True,True,False,False
2025-10-10,2025-10-13,603011,合锻智能,3,3,核电,3,4,True,True,True,False,False,False,False,True,False,False,new_high|mid_2_3|legacy_near,True,False,True,True,True,True,True,False,True,False,,4,False,False,False,False
2025-10-10,2025-10-13,000819,岳阳兴长,2,2,化工,3,4,True,True,True,False,False,False,False,True,False,True,sub_high|mid_2_3|legacy_near,False,True,True,True,False,False,False,,False,False,,,False,False,False,False
2025-10-10,2025-10-13,000969,安泰科技,2,2,核电,3,4,True,True,True,False,False,False,False,True,False,False,sub_high|mid_2_3|legacy_near,False,True,True,True,False,True,True,True,False,False,,3,True,True,False,False
2025-10-10,2025-10-13,002084,海鸥住工,2,2,新型工业化,3,4,True,True,True,False,False,False,False,True,False,False,sub_high|mid_2_3|legacy_near,False,True,True,True,False,False,False,,False,False,,,True,False,False,False
2025-10-10,2025-10-13,002910,庄园牧场,2,2,农业,3,4,True,True,True,False,False,False,False,True,False,False,sub_high|mid_2_3|legacy_near,False,True,True,True,False,False,False,,False,True,-7.8661,,False,False,False,False
2025-10-10,2025-10-13,002941,新疆交建,2,2,基础建设,3,4,True,True,True,False,False,False,False,True,False,False,sub_high|mid_2_3|legacy_near,False,True,True,True,False,False,False,,False,False,,,False,False,False,False
2025-10-10,2025-10-13,600078,澄星股份,2,2,化工,3,4,True,True,True,False,False,False,False,True,False,True,sub_high|mid_2_3|legacy_near,False,True,True,True,False,True,True,False,True,False,,3,True,True,False,False
2025-10-10,2025-10-13,600635,大众公用,2,2,摩尔线程概念,3,4,True,True,True,False,False,False,False,True,False,False,sub_high|mid_2_3|legacy_near,False,True,True,True,False,False,False,,False,False,,,False,False,False,False
2025-10-10,2025-10-13,601212,白银有色,2,2,有色金属,3,4,True,True,True,False,False,False,False,True,False,False,sub_high|mid_2_3|legacy_near,False,True,True,True,False,True,True,False,True,False,,3,False,False,False,False
2025-10-10,2025-10-13,601611,中国核建,2,2,核电,3,4,True,True,True,False,False,False,False,True,False,False,sub_high|mid_2_3|legacy_near,False,True,True,True,False,False,False,,False,False,,,False,False,True,False
2025-10-13,2025-10-14,603011,合锻智能,4,4,可控核聚变,4,3,False,False,False,False,True,False,False,False,False,False,new_high,True,False,False,False,False,False,False,,False,True,5.8104,,False,False,False,True
2025-10-13,2025-10-14,000969,安泰科技,3,3,稀土永磁,4,3,False,False,False,False,True,False,False,False,False,False,sub_high|mid_2_3,False,True,True,False,True,True,True,False,True,False,,4,False,False,False,False
2025-10-13,2025-10-14,600078,澄星股份,3,3,固态电池,4,3,False,False,False,False,True,False,False,False,False,False,sub_high|mid_2_3,False,True,True,False,False,True,True,True,False,False,,4,False,False,False,False
2025-10-13,2025-10-14,601212,白银有色,3,3,有色金属,4,3,False,False,False,False,True,False,False,False,False,False,sub_high|mid_2_3,False,True,True,False,False,False,False,,False,True,-1.0733,,False,False,True,False
2025-10-13,2025-10-14,000006,深振业Ａ,2,2,地产链,4,3,False,False,False,False,True,False,False,False,False,False,h_minus_2|mid_2_3|legacy_near,False,False,True,True,False,False,False,,False,True,5.0267,,False,False,False,False
2025-10-13,2025-10-14,002208,合肥城建,2,2,芯片,4,3,False,False,False,False,True,False,False,False,False,False,h_minus_2|mid_2_3|legacy_near,False,False,True,True,False,True,True,False,True,False,,3,False,False,True,False
2025-10-13,2025-10-14,002549,凯美特气,2,2,芯片,4,3,False,False,False,False,True,False,False,False,False,False,h_minus_2|mid_2_3|legacy_near,False,False,True,True,False,False,False,,False,False,,,False,False,False,False
2025-10-13,2025-10-14,300260,新莱应材,2,2,芯片,4,3,False,False,False,False,True,False,False,False,False,False,h_minus_2|mid_2_3|legacy_near,False,False,True,True,False,False,False,,False,False,,,False,False,False,False
2025-10-13,2025-10-14,600234,科新发展,2,2,地产链,4,3,False,False,False,False,True,False,False,False,False,False,h_minus_2|mid_2_3|legacy_near,False,False,True,True,False,False,False,,False,True,4.8035,,False,False,False,False
2025-10-13,2025-10-14,600382,广东明珠,2,2,三季报增长,4,3,False,False,False,False,True,False,False,False,False,False,h_minus_2|mid_2_3|legacy_near,False,False,True,True,False,False,False,,False,False,,,False,False,False,False
2025-10-13,2025-10-14,601011,宝泰隆,2,2,石墨烯,4,3,False,False,False,False,True,False,False,False,False,False,h_minus_2|mid_2_3|legacy_near,False,False,True,True,True,True,True,False,True,False,,3,False,False,True,False
2025-10-13,2025-10-14,601606,长城军工,2,2,军工,4,3,False,False,False,False,True,False,False,False,False,False,h_minus_2|mid_2_3|legacy_near,False,False,True,True,False,False,False,,False,False,,,False,False,False,False
2025-10-14,2025-10-15,000969,安泰科技,4,4,稀土永磁,4,4,True,True,False,False,True,True,False,True,False,False,new_high,True,False,False,False,False,False,False,,False,False,,,False,False,False,True
2025-10-14,2025-10-15,600078,澄星股份,4,4,固态电池,4,4,True,True,False,False,True,True,False,True,False,False,new_high,True,False,False,False,True,False,False,,False,True,-9.6774,,False,False,True,False
2025-10-14,2025-10-15,002208,合肥城建,3,3,芯片,4,4,True,True,False,False,True,True,False,True,False,False,sub_high|mid_2_3|legacy_near,False,True,True,True,False,False,False,,False,True,-3.5907,,True,False,True,False
2025-10-14,2025-10-15,601011,宝泰隆,3,3,石墨化,4,4,True,True,False,False,True,True,False,True,False,False,sub_high|mid_2_3|legacy_near,False,True,True,True,False,False,False,,False,False,,,True,False,False,False
2025-10-14,2025-10-15,002040,南京港,2,2,港口,4,4,True,True,False,False,True,True,False,True,False,False,h_minus_2|mid_2_3|legacy_near,False,False,True,True,False,False,False,,False,False,,,False,False,False,False
2025-10-14,2025-10-15,002952,亚世光电,2,2,面板,4,4,True,True,False,False,True,True,False,True,False,False,h_minus_2|mid_2_3|legacy_near,False,False,True,True,False,False,False,,False,False,,,False,False,False,False
2025-10-14,2025-10-15,301323,新莱福,2,2,稀土永磁,4,4,True,True,False,False,True,True,False,True,False,False,h_minus_2|mid_2_3|legacy_near,False,False,True,True,False,False,False,,False,False,,,False,False,False,True
2025-10-14,2025-10-15,600868,梅雁吉祥,2,2,有色金属,4,4,True,True,False,False,True,True,False,True,False,False,h_minus_2|mid_2_3|legacy_near,False,False,True,True,False,False,False,,False,True,-0.9009,,False,False,False,False
2025-10-14,2025-10-15,603690,至纯科技,2,2,芯片,4,4,True,True,False,False,True,True,False,True,False,False,h_minus_2|mid_2_3|legacy_near,False,False,True,True,False,False,False,,False,False,,,False,False,False,False
2025-10-14,2025-10-15,603903,中持股份,2,2,股权转让,4,4,True,True,False,False,True,True,False,True,False,False,h_minus_2|mid_2_3|legacy_near,False,False,True,True,False,False,False,,False,False,,,False,False,False,False
2025-10-14,2025-10-15,605188,国光连锁,2,2,零售,4,4,True,True,False,False,True,True,False,True,False,False,h_minus_2|mid_2_3|legacy_near,False,False,True,True,False,True,True,False,True,False,,3,False,False,False,False
2025-10-15,2025-10-16,605188,国光连锁,3,3,零售,3,4,True,True,True,False,False,True,False,False,False,False,new_high|mid_2_3|legacy_near,True,False,True,True,False,False,False,,False,False,,,False,False,False,False
2025-10-15,2025-10-16,000626,远大控股,2,2,食品饮料,3,4,True,True,True,False,False,True,False,False,False,False,sub_high|mid_2_3|legacy_near,False,True,True,True,False,True,True,False,True,False,,3,True,True,True,False
2025-10-15,2025-10-16,002370,亚太药业,2,2,实控人变更,3,4,True,True,True,False,False,True,False,False,False,False,sub_high|mid_2_3|legacy_near,False,True,True,True,True,True,True,True,False,False,,3,False,False,False,False
2025-10-15,2025-10-16,002942,新农股份,2,2,化工,3,4,True,True,True,False,False,True,False,False,False,True,sub_high|mid_2_3|legacy_near,False,True,True,True,False,True,True,False,True,False,,3,False,False,False,False
2025-10-15,2025-10-16,600403,大有能源,2,2,煤炭,3,4,True,True,True,False,False,True,False,False,False,False,sub_high|mid_2_3|legacy_near,False,True,True,True,False,True,True,False,True,False,,3,True,True,True,False
2025-10-15,2025-10-16,600617,国新能源,2,2,天然气,3,4,True,True,True,False,False,True,False,False,False,False,sub_high|mid_2_3|legacy_near,False,True,True,True,False,False,False,,False,False,,,True,False,True,False
2025-10-15,2025-10-16,600819,耀皮玻璃,2,2,光伏,3,4,True,True,True,False,False,True,False,False,False,False,sub_high|mid_2_3|legacy_near,False,True,True,True,False,False,False,,False,False,,,False,False,False,False
2025-10-16,2025-10-17,000626,远大控股,3,3,食品饮料,3,3,True,True,False,False,True,False,False,True,False,True,new_high|mid_2_3,True,False,True,False,False,True,True,False,True,False,,4,True,True,False,False
2025-10-16,2025-10-17,002370,亚太药业,3,3,实控人变更,3,3,True,True,False,False,True,False,False,True,False,False,new_high|mid_2_3,True,False,True,False,True,False,False,,False,False,,,False,False,False,True
2025-10-16,2025-10-17,002942,新农股份,3,3,化工,3,3,True,True,False,False,True,False,False,True,False,False,new_high|mid_2_3,True,False,True,False,False,False,False,,False,False,,,False,False,False,False
2025-10-16,2025-10-17,600403,大有能源,3,3,煤炭,3,3,True,True,False,False,True,False,False,True,False,False,new_high|mid_2_3,True,False,True,False,False,True,True,False,True,False,,4,True,True,True,True
2025-10-16,2025-10-17,000572,海马汽车,2,2,充电桩,3,3,True,True,False,False,True,False,False,True,False,False,sub_high|mid_2_3|legacy_near,False,True,True,True,False,False,False,,False,False,,,False,False,False,False
2025-10-16,2025-10-17,002560,通达股份,2,2,成飞概念,3,3,True,True,False,False,True,False,False,True,False,False,sub_high|mid_2_3|legacy_near,False,True,True,True,False,False,False,,False,False,,,False,False,False,False
2025-10-16,2025-10-17,002885,京泉华,2,2,充电桩,3,3,True,True,False,False,True,False,False,True,False,False,sub_high|mid_2_3|legacy_near,False,True,True,True,False,False,False,,False,False,,,False,False,False,False
2025-10-16,2025-10-17,600629,华建集团,2,2,基础建设,3,3,True,True,False,False,True,False,False,True,False,False,sub_high|mid_2_3|legacy_near,False,True,True,True,False,False,False,,False,False,,,False,False,True,False
2025-10-16,2025-10-17,600748,上实发展,2,2,芯片,3,3,True,True,False,False,True,False,False,True,False,False,sub_high|mid_2_3|legacy_near,False,True,True,True,False,False,False,,False,True,8.1315,,False,False,True,False
2025-10-16,2025-10-17,601126,四方股份,2,2,固态变压器,3,3,True,True,False,False,True,False,False,True,False,False,sub_high|mid_2_3|legacy_near,False,True,True,True,False,False,False,,False,False,,,False,False,False,False
2025-10-16,2025-10-17,603778,国晟科技,2,2,固态电池,3,3,True,True,False,False,True,False,False,True,False,False,sub_high|mid_2_3|legacy_near,False,True,True,True,True,False,False,,False,False,,,False,False,False,False
2025-10-16,2025-10-17,603938,三孚股份,2,2,芯片,3,3,True,True,False,False,True,False,False,True,False,False,sub_high|mid_2_3|legacy_near,False,True,True,True,True,True,True,False,True,False,,3,True,True,False,False
2025-10-17,2025-10-20,000626,远大控股,4,4,食品饮料,4,3,False,True,False,False,False,True,False,False,False,True,new_high,True,False,False,False,False,True,True,False,True,False,,5,False,False,False,False
2025-10-17,2025-10-20,600403,大有能源,4,4,煤炭,4,3,False,True,False,False,False,True,False,False,False,False,new_high,True,False,False,False,False,True,True,False,True,False,,5,True,True,True,False
2025-10-17,2025-10-20,603938,三孚股份,3,3,芯片,4,3,False,True,False,False,False,True,False,False,False,False,sub_high|mid_2_3,False,True,True,False,False,True,True,True,False,False,,4,False,False,False,False
2025-10-17,2025-10-20,002208,合肥城建,2,2,芯片,4,3,False,True,False,False,False,True,False,False,False,False,h_minus_2|mid_2_3|legacy_near,False,False,True,True,False,False,False,,False,False,,,True,False,False,False
2025-10-17,2025-10-20,002320,海峡股份,2,2,海南,4,3,False,True,False,False,False,True,False,False,False,False,h_minus_2|mid_2_3|legacy_near,False,False,True,True,False,False,False,,False,False,,,False,False,False,False
2025-10-17,2025-10-20,002825,纳尔股份,2,2,芯片,4,3,False,True,False,False,False,True,False,False,False,False,h_minus_2|mid_2_3|legacy_near,False,False,True,True,False,False,False,,False,False,,,False,False,False,False
2025-10-17,2025-10-20,600408,安泰集团,2,2,煤炭,4,3,False,True,False,False,False,True,False,False,False,True,h_minus_2|mid_2_3|legacy_near,False,False,True,True,False,True,True,False,True,False,,3,False,False,False,False
2025-10-17,2025-10-20,601212,白银有色,2,2,黄金,4,3,False,True,False,False,False,True,False,False,False,False,h_minus_2|mid_2_3|legacy_near,False,False,True,True,False,False,False,,False,False,,,False,False,False,False
2025-10-17,2025-10-20,603162,海通发展,2,2,福建,4,3,False,True,False,False,False,True,False,False,False,False,h_minus_2|mid_2_3|legacy_near,False,False,True,True,False,False,False,,False,False,,,False,False,False,False
2025-10-17,2025-10-20,603933,睿能科技,2,2,芯片,4,3,False,True,False,False,False,True,False,False,False,False,h_minus_2|mid_2_3|legacy_near,False,False,True,True,False,True,True,False,True,False,,3,False,False,True,False
2025-10-20,2025-10-21,000626,远大控股,5,5+,食品饮料,5,4,False,False,False,True,False,False,False,False,False,False,new_high,True,False,False,False,False,False,False,,False,False,,,False,False,False,False
2025-10-20,2025-10-21,600403,大有能源,5,5+,煤炭,5,4,False,False,False,True,False,False,False,False,False,False,new_high,True,False,False,False,False,True,True,False,True,False,,6,True,True,True,False
2025-10-20,2025-10-21,603938,三孚股份,4,4,芯片,5,4,False,False,False,True,False,False,False,False,False,False,sub_high,False,True,False,False,True,False,False,,False,False,,,False,False,False,False
2025-10-20,2025-10-21,600408,安泰集团,3,3,煤炭,5,4,False,False,False,True,False,False,False,False,False,False,h_minus_2|mid_2_3|legacy_near,False,False,True,True,False,False,False,,False,False,,,False,False,True,False
2025-10-20,2025-10-21,603933,睿能科技,3,3,芯片,5,4,False,False,False,True,False,False,False,False,False,False,h_minus_2|mid_2_3|legacy_near,False,False,True,True,False,False,False,,False,False,,,True,False,False,False
2025-10-20,2025-10-21,000592,平潭发展,2,2,福建,5,4,False,False,False,True,False,False,False,False,False,False,mid_2_3|legacy_near,False,False,True,True,False,False,False,,False,False,,,False,False,True,False
2025-10-20,2025-10-21,001282,三联锻造,2,2,机器人概念,5,4,False,False,False,True,False,False,False,False,False,False,mid_2_3|legacy_near,False,False,True,True,False,False,False,,False,False,,,False,False,False,False
2025-10-20,2025-10-21,002083,孚日股份,2,2,锂电池,5,4,False,False,False,True,False,False,False,False,False,False,mid_2_3|legacy_near,False,False,True,True,True,False,False,,False,False,,,False,False,False,False
2025-10-20,2025-10-21,002767,先锋电子,2,2,天然气,5,4,False,False,False,True,False,False,False,False,False,False,mid_2_3|legacy_near,False,False,True,True,False,True,True,False,True,False,,3,False,False,False,False
2025-10-20,2025-10-21,600617,国新能源,2,2,天然气,5,4,False,False,False,True,False,False,False,False,False,False,mid_2_3|legacy_near,False,False,True,True,False,False,False,,False,False,,,False,False,False,False
2025-10-21,2025-10-22,600403,大有能源,6,5+,国有企业,6,5,False,True,False,True,True,False,False,False,False,False,new_high,True,False,False,False,False,True,True,False,True,False,,7,True,True,False,True
2025-10-21,2025-10-22,002767,先锋电子,3,3,天然气,6,5,False,True,False,True,True,False,False,False,False,False,mid_2_3|legacy_near,False,False,True,True,False,False,False,,False,False,,,False,False,False,False
2025-10-21,2025-10-22,000620,盈新发展,2,2,房地产,6,5,False,True,False,True,True,False,False,False,False,False,mid_2_3,False,False,True,False,False,True,True,True,False,False,,3,True,True,True,False
2025-10-21,2025-10-22,000852,石化机械,2,2,国有企业,6,5,False,True,False,True,True,False,False,False,False,False,mid_2_3,False,False,True,False,True,True,True,True,False,False,,3,True,True,False,True
2025-10-21,2025-10-22,001267,汇绿生态,2,2,光模块,6,5,False,True,False,True,True,False,False,False,False,False,mid_2_3,False,False,True,False,False,False,False,,False,True,3.9709,,False,False,True,False
2025-10-21,2025-10-22,002278,神开股份,2,2,天然气,6,5,False,True,False,True,True,False,False,False,False,False,mid_2_3,False,False,True,False,True,True,True,True,False,False,,3,True,True,False,False
2025-10-21,2025-10-22,301158,德石股份,2,2,天然气,6,5,False,True,False,True,True,False,False,False,False,False,mid_2_3,False,False,True,False,False,False,False,,False,True,16.7966,,False,False,False,False
2025-10-21,2025-10-22,600172,黄河旋风,2,2,国有企业,6,5,False,True,False,True,True,False,False,False,False,False,mid_2_3,False,False,True,False,False,True,True,False,True,False,,3,False,False,False,True
2025-10-21,2025-10-22,600262,北方股份,2,2,基础建设,6,5,False,True,False,True,True,False,False,False,False,False,mid_2_3,False,False,True,False,False,True,True,False,True,False,,3,False,False,False,False
2025-10-21,2025-10-22,600681,百川能源,2,2,天然气,6,5,False,True,False,True,True,False,False,False,False,False,mid_2_3,False,False,True,False,False,False,False,,False,False,,,False,False,False,False
2025-10-21,2025-10-22,601608,中信重工,2,2,基础建设,6,5,False,True,False,True,True,False,False,False,False,False,mid_2_3,False,False,True,False,False,True,True,True,False,False,,3,False,False,False,False
2025-10-21,2025-10-22,605580,恒盛能源,2,2,热力,6,5,False,True,False,True,True,False,False,False,False,False,mid_2_3,False,False,True,False,False,False,False,,False,False,,,False,False,False,False
2025-10-22,2025-10-23,600403,大有能源,7,5+,国有企业,7,6,False,False,False,True,False,True,False,False,False,False,new_high,True,False,False,False,False,True,True,False,True,False,,8,False,False,False,False
2025-10-22,2025-10-23,000620,盈新发展,3,3,并购重组,7,6,False,False,False,True,False,True,False,False,False,False,mid_2_3,False,False,True,False,True,True,True,True,False,False,,4,True,True,True,False
2025-10-22,2025-10-23,000852,石化机械,3,3,国有企业,7,6,False,False,False,True,False,True,False,False,False,False,mid_2_3,False,False,True,False,True,True,True,False,True,False,,4,False,False,False,False
2025-10-22,2025-10-23,002278,神开股份,3,3,石油石化,7,6,False,False,False,True,False,True,False,False,False,False,mid_2_3,False,False,True,False,True,True,True,False,True,False,,4,False,False,False,False
2025-10-22,2025-10-23,600172,黄河旋风,3,3,国有企业,7,6,False,False,False,True,False,True,False,False,False,False,mid_2_3,False,False,True,False,False,False,False,,False,False,,,False,False,False,False
2025-10-22,2025-10-23,600262,北方股份,3,3,基础建设,7,6,False,False,False,True,False,True,False,False,False,False,mid_2_3,False,False,True,False,False,False,False,,False,False,,,False,False,False,False
2025-10-22,2025-10-23,601608,中信重工,3,3,基础建设,7,6,False,False,False,True,False,True,False,False,False,False,mid_2_3,False,False,True,False,True,False,False,,False,False,,,False,False,True,False
2025-10-22,2025-10-23,000509,华塑控股,2,2,国有企业,7,6,False,False,False,True,False,True,False,False,False,False,mid_2_3,False,False,True,False,False,False,False,,False,True,-2.6316,,False,False,False,False
2025-10-22,2025-10-23,000637,茂化实华,2,2,石油石化,7,6,False,False,False,True,False,True,False,False,False,False,mid_2_3,False,False,True,False,False,False,False,,False,False,,,True,False,False,False
2025-10-22,2025-10-23,000952,广济药业,2,2,国有企业,7,6,False,False,False,True,False,True,False,False,False,False,mid_2_3,False,False,True,False,True,False,False,,False,True,-0.1287,,False,False,False,False
2025-10-22,2025-10-23,002490,山东墨龙,2,2,石油石化,7,6,False,False,False,True,False,True,False,False,False,False,mid_2_3,False,False,True,False,False,True,True,False,True,False,,3,False,False,False,False
2025-10-22,2025-10-23,002513,蓝丰生化,2,2,化工,7,6,False,False,False,True,False,True,False,False,False,False,mid_2_3,False,False,True,False,False,False,False,,False,False,,,False,False,False,False
2025-10-22,2025-10-23,002542,中化岩土,2,2,基础建设,7,6,False,False,False,True,False,True,False,False,False,False,mid_2_3,False,False,True,False,False,False,False,,False,False,,,False,False,False,False
2025-10-22,2025-10-23,002554,惠博普,2,2,石油石化,7,6,False,False,False,True,False,True,False,False,False,False,mid_2_3,False,False,True,False,False,False,False,,False,False,,,False,False,False,False
2025-10-22,2025-10-23,002748,世龙实业,2,2,化工,7,6,False,False,False,True,False,True,False,False,False,False,mid_2_3,False,False,True,False,False,True,True,False,True,False,,3,True,True,True,False
2025-10-22,2025-10-23,600168,武汉控股,2,2,国有企业,7,6,False,False,False,True,False,True,False,False,False,False,mid_2_3,False,False,True,False,True,False,False,,False,False,,,False,False,False,False
2025-10-22,2025-10-23,600293,三峡新材,2,2,国有企业,7,6,False,False,False,True,False,True,False,False,False,False,mid_2_3,False,False,True,False,False,False,False,,False,False,,,False,False,False,False
2025-10-22,2025-10-23,600708,光明地产,2,2,地产链,7,6,False,False,False,True,False,True,False,False,False,False,mid_2_3,False,False,True,False,False,False,False,,False,False,,,False,False,False,False
2025-10-22,2025-10-23,600871,石化油服,2,2,石油石化,7,6,False,False,False,True,False,True,False,False,False,False,mid_2_3,False,False,True,False,False,False,False,,False,False,,,False,False,False,False
2025-10-22,2025-10-23,600984,建设机械,2,2,基础建设,7,6,False,False,False,True,False,True,False,False,False,False,mid_2_3,False,False,True,False,False,False,False,,False,False,,,False,False,False,False
2025-10-22,2025-10-23,605188,国光连锁,2,2,零售,7,6,False,False,False,True,False,True,False,False,False,False,mid_2_3,False,False,True,False,False,False,False,,False,False,,,False,False,True,False
2025-10-23,2025-10-24,600403,大有能源,8,5+,煤炭,8,7,False,False,False,True,False,False,False,False,False,False,new_high,True,False,False,False,False,False,False,,False,False,,,False,False,False,False
2025-10-23,2025-10-24,000620,盈新发展,4,4,并购重组,8,7,False,False,False,True,False,False,False,False,False,False,,False,False,False,False,True,True,True,True,False,False,,5,True,True,True,False
2025-10-23,2025-10-24,000852,石化机械,4,4,国有企业,8,7,False,False,False,True,False,False,False,False,False,False,,False,False,False,False,False,False,False,,False,False,,,False,False,False,False
2025-10-23,2025-10-24,002278,神开股份,4,4,石油石化,8,7,False,False,False,True,False,False,False,False,False,False,,False,False,False,False,False,False,False,,False,True,6.4897,,False,False,False,False
2025-10-23,2025-10-24,002490,山东墨龙,3,3,石油石化,8,7,False,False,False,True,False,False,False,False,False,False,mid_2_3,False,False,True,False,False,False,False,,False,False,,,False,False,False,False
2025-10-23,2025-10-24,002748,世龙实业,3,3,锂电池,8,7,False,False,False,True,False,False,False,False,False,False,mid_2_3,False,False,True,False,False,True,True,False,True,False,,4,True,True,False,False
2025-10-23,2025-10-24,002337,赛象科技,2,2,大飞机,8,7,False,False,False,True,False,False,False,False,False,False,mid_2_3,False,False,True,False,False,False,False,,False,False,,,False,False,False,False
2025-10-23,2025-10-24,002678,珠江钢琴,2,2,国有企业,8,7,False,False,False,True,False,False,False,False,False,False,mid_2_3,False,False,True,False,False,True,True,False,True,False,,3,False,False,False,False
2025-10-23,2025-10-24,003038,鑫铂股份,2,2,有色金属,8,7,False,False,False,True,False,False,False,False,False,False,mid_2_3,False,False,True,False,False,False,False,,False,False,,,False,False,False,False
2025-10-23,2025-10-24,605178,时空科技,2,2,并购重组,8,7,False,False,False,True,False,False,False,False,False,False,mid_2_3,False,False,True,False,True,True,True,True,False,False,,3,True,True,True,False
2025-10-24,2025-10-27,000620,盈新发展,5,5+,并购重组,5,8,True,True,True,False,False,False,False,True,False,True,new_high,True,False,False,False,True,True,True,True,False,False,,6,True,True,False,False
2025-10-24,2025-10-27,002748,世龙实业,4,4,锂电池,5,8,True,True,True,False,False,False,False,True,False,False,sub_high,False,True,False,False,False,True,True,False,True,False,,5,False,False,False,False
2025-10-24,2025-10-27,002678,珠江钢琴,3,3,机器人概念,5,8,True,True,True,False,False,False,False,True,False,False,h_minus_2|mid_2_3,False,False,True,False,False,False,False,,False,False,,,False,False,False,False
2025-10-24,2025-10-27,605178,时空科技,3,3,并购重组,5,8,True,True,True,False,False,False,False,True,False,True,h_minus_2|mid_2_3,False,False,True,False,True,True,True,True,False,False,,4,True,True,True,False
2025-10-24,2025-10-27,000592,平潭发展,2,2,福建,5,8,True,True,True,False,False,False,False,True,False,False,mid_2_3,False,False,True,False,False,True,True,True,False,False,,3,True,True,True,False
2025-10-24,2025-10-27,001231,农心科技,2,2,农药,5,8,True,True,True,False,False,False,False,True,False,False,mid_2_3,False,False,True,False,False,True,True,False,True,False,,3,False,False,False,False
2025-10-24,2025-10-27,002160,常铝股份,2,2,金属铝,5,8,True,True,True,False,False,False,False,True,False,False,mid_2_3,False,False,True,False,False,False,False,,False,False,,,False,False,True,False
2025-10-24,2025-10-27,002512,达华智能,2,2,量子科技,5,8,True,True,True,False,False,False,False,True,False,False,mid_2_3,False,False,True,False,True,True,True,False,True,False,,3,True,True,False,False
2025-10-24,2025-10-27,603232,格尔软件,2,2,量子科技,5,8,True,True,True,False,False,False,False,True,False,False,mid_2_3,False,False,True,False,True,False,False,,False,True,3.9115,,True,False,False,False
2025-10-24,2025-10-27,605318,法狮龙,2,2,装修家具,5,8,True,True,True,False,False,False,False,True,False,False,mid_2_3,False,False,True,False,False,False,False,,False,False,,,False,False,False,False
2025-10-27,2025-10-28,000620,盈新发展,6,5+,芯片,6,5,False,False,False,False,False,False,False,False,False,False,new_high,True,False,False,False,True,True,True,True,False,False,,7,False,False,False,False
2025-10-27,2025-10-28,002748,世龙实业,5,5+,三季报增长,6,5,False,False,False,False,False,False,False,False,False,False,sub_high,False,True,False,False,False,False,False,,False,False,,,False,False,False,False
2025-10-27,2025-10-28,605178,时空科技,4,4,芯片,6,5,False,False,False,False,False,False,False,False,False,False,h_minus_2|legacy_near,False,False,False,True,True,True,True,True,False,False,,5,True,True,True,False
2025-10-27,2025-10-28,000592,平潭发展,3,3,福建,6,5,False,False,False,False,False,False,False,False,False,False,mid_2_3|legacy_near,False,False,True,True,True,True,True,True,False,False,,4,True,True,False,False
2025-10-27,2025-10-28,001231,农心科技,3,3,农业,6,5,False,False,False,False,False,False,False,False,False,False,mid_2_3|legacy_near,False,False,True,True,False,False,False,,False,False,,,False,False,False,False
2025-10-27,2025-10-28,002512,达华智能,3,3,量子科技,6,5,False,False,False,False,False,False,False,False,False,False,mid_2_3|legacy_near,False,False,True,True,False,True,True,False,True,False,,4,False,False,False,False
2025-10-27,2025-10-28,000599,青岛双星,2,2,中日韩贸易,6,5,False,False,False,False,False,False,False,False,False,False,mid_2_3,False,False,True,False,False,True,True,False,True,False,,3,False,False,False,False
2025-10-27,2025-10-28,001267,汇绿生态,2,2,通信,6,5,False,False,False,False,False,False,False,False,False,False,mid_2_3,False,False,True,False,False,False,False,,False,False,,,False,False,False,False
2025-10-27,2025-10-28,001309,德明利,2,2,芯片,6,5,False,False,False,False,False,False,False,False,False,False,mid_2_3,False,False,True,False,False,False,False,,False,False,,,False,False,False,False
2025-10-27,2025-10-28,002213,大为股份,2,2,芯片,6,5,False,False,False,False,False,False,False,False,False,False,mid_2_3,False,False,True,False,True,True,True,False,True,False,,3,False,False,False,False
2025-10-27,2025-10-28,601231,环旭电子,2,2,通信,6,5,False,False,False,False,False,False,False,False,False,False,mid_2_3,False,False,True,False,False,False,False,,False,False,,,False,False,False,False
2025-10-27,2025-10-28,603378,亚士创能,2,2,化工,6,5,False,False,False,False,False,False,False,False,False,False,mid_2_3,False,False,True,False,False,True,True,False,True,False,,3,True,True,True,False
2025-10-28,2025-10-29,000620,盈新发展,7,5+,存储,7,6,False,False,False,False,True,False,False,False,False,False,new_high,True,False,False,False,True,False,False,,False,False,,,False,False,False,True
2025-10-28,2025-10-29,605178,时空科技,5,5+,存储,7,6,False,False,False,False,True,False,False,False,False,False,h_minus_2|legacy_near,False,False,False,True,True,True,True,True,False,False,,6,True,True,True,True
2025-10-28,2025-10-29,000592,平潭发展,4,4,福建,7,6,False,False,False,False,True,False,False,False,False,False,legacy_near,False,False,False,True,True,True,True,True,False,False,,5,False,False,True,False
2025-10-28,2025-10-29,002512,达华智能,4,4,量子科技,7,6,False,False,False,False,True,False,False,False,False,False,legacy_near,False,False,False,True,False,False,False,,False,False,,,False,False,False,False
2025-10-28,2025-10-29,000599,青岛双星,3,3,中日韩贸易,7,6,False,False,False,False,True,False,False,False,False,False,mid_2_3,False,False,True,False,False,False,False,,False,True,-8.6162,,False,False,False,False
2025-10-28,2025-10-29,002213,大为股份,3,3,存储,7,6,False,False,False,False,True,False,False,False,False,False,mid_2_3,False,False,True,False,False,False,False,,False,False,,,False,False,False,True
2025-10-28,2025-10-29,603378,亚士创能,3,3,化工,7,6,False,False,False,False,True,False,False,False,False,False,mid_2_3,False,False,True,False,False,True,True,False,True,False,,4,True,True,False,False
2025-10-28,2025-10-29,000753,漳州发展,2,2,福建,7,6,False,False,False,False,True,False,False,False,False,False,mid_2_3,False,False,True,False,False,False,False,,False,False,,,False,False,False,False
2025-10-28,2025-10-29,000969,安泰科技,2,2,核电,7,6,False,False,False,False,True,False,False,False,False,False,mid_2_3,False,False,True,False,False,False,False,,False,False,,,False,False,False,False
2025-10-28,2025-10-29,003033,征和工业,2,2,机器人概念,7,6,False,False,False,False,True,False,False,False,False,False,mid_2_3,False,False,True,False,False,False,False,,False,False,,,False,False,False,False
2025-10-28,2025-10-29,300300,海峡创新,2,2,福建,7,6,False,False,False,False,True,False,False,False,False,False,mid_2_3,False,False,True,False,False,False,False,,False,False,,,False,False,True,False
2025-10-28,2025-10-29,600802,福建水泥,2,2,福建,7,6,False,False,False,False,True,False,False,False,False,False,mid_2_3,False,False,True,False,False,False,False,,False,True,0.2817,,False,False,False,False
2025-10-28,2025-10-29,603228,景旺电子,2,2,通信,7,6,False,False,False,False,True,False,False,False,False,False,mid_2_3,False,False,True,False,False,False,False,,False,False,,,False,False,False,False
2025-10-29,2025-10-30,605178,时空科技,6,5+,并购重组,6,7,True,True,True,False,True,True,False,True,False,True,new_high|legacy_near,True,False,False,True,True,True,True,True,False,False,,7,True,True,False,True
2025-10-29,2025-10-30,000592,平潭发展,5,5+,福建,6,7,True,True,True,False,True,True,False,True,False,False,sub_high|legacy_near,False,True,False,True,True,False,False,,False,True,6.6225,,True,False,True,False
2025-10-29,2025-10-30,603378,亚士创能,4,4,化工,6,7,True,True,True,False,True,True,False,True,False,False,h_minus_2,False,False,False,False,False,True,True,False,True,False,,5,False,False,False,False
2025-10-29,2025-10-30,000593,德龙汇能,2,2,股权转让,6,7,True,True,True,False,True,True,False,True,False,False,mid_2_3,False,False,True,False,True,True,True,False,True,False,,3,False,False,False,False
2025-10-29,2025-10-30,000657,中钨高新,2,2,有色金属,6,7,True,True,True,False,True,True,False,True,False,False,mid_2_3,False,False,True,False,False,False,False,,False,False,,,False,False,False,False
2025-10-29,2025-10-30,002790,瑞尔特,2,2,福建,6,7,True,True,True,False,True,True,False,True,False,False,mid_2_3,False,False,True,False,True,True,True,True,False,False,,3,True,True,False,False
2025-10-29,2025-10-30,600408,安泰集团,2,2,煤炭,6,7,True,True,True,False,True,True,False,True,False,False,mid_2_3,False,False,True,False,False,False,False,,False,False,,,False,False,True,False
2025-10-29,2025-10-30,600516,方大炭素,2,2,锂电池,6,7,True,True,True,False,True,True,False,True,False,False,mid_2_3,False,False,True,False,False,False,False,,False,False,,,False,False,False,False
2025-10-29,2025-10-30,603088,宁波精达,2,2,液冷,6,7,True,True,True,False,True,True,False,True,False,False,mid_2_3,False,False,True,False,False,False,False,,False,False,,,False,False,False,False
2025-10-29,2025-10-30,603122,合富中国,2,2,医药零售,6,7,True,True,True,False,True,True,False,True,False,False,mid_2_3,False,False,True,False,False,True,True,False,True,False,,3,True,True,True,False
2025-10-29,2025-10-30,603256,宏和科技,2,2,通信,6,7,True,True,True,False,True,True,False,True,False,False,mid_2_3,False,False,True,False,False,False,False,,False,False,,,False,False,False,False
2025-10-29,2025-10-30,603556,海兴电力,2,2,智能电网,6,7,True,True,True,False,True,True,False,True,False,False,mid_2_3,False,False,True,False,False,False,False,,False,False,,,False,False,False,False
2025-10-30,2025-10-31,605178,时空科技,7,5+,并购重组,7,6,False,False,False,False,True,True,False,False,False,False,new_high,True,False,False,False,True,True,True,False,True,False,,8,False,False,False,True
2025-10-30,2025-10-31,603378,亚士创能,5,5+,化工,7,6,False,False,False,False,True,True,False,False,False,False,h_minus_2|legacy_near,False,False,False,True,False,False,False,,False,False,,,False,False,False,False
2025-10-30,2025-10-31,000593,德龙汇能,3,3,股权转让,7,6,False,False,False,False,True,True,False,False,False,False,mid_2_3,False,False,True,False,False,False,False,,False,False,,,False,False,True,False
2025-10-30,2025-10-31,002790,瑞尔特,3,3,福建,7,6,False,False,False,False,True,True,False,False,False,False,mid_2_3,False,False,True,False,True,True,True,True,False,False,,4,False,False,False,False
2025-10-30,2025-10-31,603122,合富中国,3,3,医药零售,7,6,False,False,False,False,True,True,False,False,False,False,mid_2_3,False,False,True,False,False,True,True,False,True,False,,4,True,True,True,False
2025-10-30,2025-10-31,000555,神州信息,2,2,量子科技,7,6,False,False,False,False,True,True,False,False,False,False,mid_2_3,False,False,True,False,False,False,False,,False,True,2.9891,,True,False,False,False
2025-10-30,2025-10-31,001203,大中矿业,2,2,锂电池,7,6,False,False,False,False,True,True,False,False,False,False,mid_2_3,False,False,True,False,False,True,True,False,True,False,,3,False,False,False,False
2025-10-30,2025-10-31,002150,通润装备,2,2,储能,7,6,False,False,False,False,True,True,False,False,False,False,mid_2_3,False,False,True,False,False,False,False,,False,False,,,False,False,False,False
2025-10-30,2025-10-31,002160,常铝股份,2,2,金属铝,7,6,False,False,False,False,True,True,False,False,False,False,mid_2_3,False,False,True,False,False,False,False,,False,False,,,False,False,False,False
2025-10-30,2025-10-31,002418,康盛股份,2,2,三季报增长,7,6,False,False,False,False,True,True,False,False,False,False,mid_2_3,False,False,True,False,False,False,False,,False,False,,,True,False,False,False
2025-10-30,2025-10-31,600683,京投发展,2,2,创投,7,6,False,False,False,False,True,True,False,False,False,False,mid_2_3,False,False,True,False,False,False,False,,False,True,4.3716,,False,False,False,False
2025-10-30,2025-10-31,603067,振华股份,2,2,三季报增长,7,6,False,False,False,False,True,True,False,False,False,False,mid_2_3,False,False,True,False,False,False,False,,False,False,,,False,False,True,False
2025-10-31,2025-11-03,605178,时空科技,8,5+,并购重组,8,7,False,False,False,False,True,True,False,False,False,False,new_high,True,False,False,False,False,False,False,,False,False,,,False,False,False,True
2025-10-31,2025-11-03,002790,瑞尔特,4,4,福建,8,7,False,False,False,False,True,True,False,False,False,False,,False,False,False,False,True,False,False,,False,True,-8.9018,,False,False,False,False
2025-10-31,2025-11-03,603122,合富中国,4,4,医药,8,7,False,False,False,False,True,True,False,False,False,False,,False,False,False,False,False,True,True,False,True,False,,5,True,True,True,False
2025-10-31,2025-11-03,001203,大中矿业,3,3,锂电池,8,7,False,False,False,False,True,True,False,False,False,False,mid_2_3,False,False,True,False,False,False,False,,False,False,,,False,False,False,False
2025-10-31,2025-11-03,002374,中锐股份,2,2,白酒,8,7,False,False,False,False,True,True,False,False,False,False,mid_2_3,False,False,True,False,False,False,False,,False,False,,,False,False,False,False
2025-10-31,2025-11-03,002679,福建金森,2,2,福建,8,7,False,False,False,False,True,True,False,False,False,False,mid_2_3,False,False,True,False,False,False,False,,False,True,-1.7143,,True,False,False,False
2025-10-31,2025-11-03,002759,天际股份,2,2,锂电池,8,7,False,False,False,False,True,True,False,False,False,False,mid_2_3,False,False,True,False,False,False,False,,False,False,,,False,False,False,False
2025-10-31,2025-11-03,003036,泰坦股份,2,2,锂电池,8,7,False,False,False,False,True,True,False,False,False,False,mid_2_3,False,False,True,False,True,False,False,,False,False,,,False,False,False,False
2025-10-31,2025-11-03,603686,福龙马,2,2,福建,8,7,False,False,False,False,True,True,False,False,False,False,mid_2_3,False,False,True,False,False,False,False,,False,True,-1.6484,,True,False,False,False
2025-11-03,2025-11-04,603122,合富中国,5,5+,医药,5,8,True,True,True,False,False,True,True,False,False,False,new_high,True,False,False,False,False,True,True,False,True,False,,6,True,True,True,False
2025-11-03,2025-11-04,000572,海马汽车,2,2,海南,5,8,True,True,True,False,False,True,True,False,False,False,mid_2_3,False,False,True,False,False,True,True,False,True,False,,3,True,True,False,False
2025-11-03,2025-11-04,000592,平潭发展,2,2,福建,5,8,True,True,True,False,False,True,True,False,False,False,mid_2_3,False,False,True,False,False,True,True,False,True,False,,3,True,True,False,False
2025-11-03,2025-11-04,000892,欢瑞世纪,2,2,短剧,5,8,True,True,True,False,False,True,True,False,False,False,mid_2_3,False,False,True,False,False,False,False,,False,True,5.7325,,False,False,False,False
2025-11-03,2025-11-04,000955,欣龙控股,2,2,海南,5,8,True,True,True,False,False,True,True,False,False,False,mid_2_3,False,False,True,False,False,False,False,,False,True,3.6657,,False,False,False,False
2025-11-03,2025-11-04,002181,粤传媒,2,2,体育产业,5,8,True,True,True,False,False,True,True,False,False,False,mid_2_3,False,False,True,False,True,True,True,False,True,False,,3,False,False,False,False
2025-11-03,2025-11-04,002370,亚太药业,2,2,医药,5,8,True,True,True,False,False,True,True,False,False,False,mid_2_3,False,False,True,False,False,False,False,,False,False,,,False,False,False,False
2025-11-03,2025-11-04,603629,利通电子,2,2,三季报增长,5,8,True,True,True,False,False,True,True,False,False,False,mid_2_3,False,False,True,False,False,False,False,,False,False,,,False,False,False,False
2025-11-03,2025-11-04,603823,百合花,2,2,化工,5,8,True,True,True,False,False,True,True,False,False,False,mid_2_3,False,False,True,False,False,True,True,False,True,False,,3,False,False,False,False
2025-11-03,2025-11-04,603929,亚翔集成,2,2,三季报增长,5,8,True,True,True,False,False,True,True,False,False,False,mid_2_3,False,False,True,False,False,False,False,,False,False,,,False,False,False,False
2025-11-04,2025-11-05,603122,合富中国,6,5+,医药,6,5,False,False,False,False,False,False,False,False,False,False,new_high,True,False,False,False,False,True,True,True,False,False,,7,True,True,True,False
2025-11-04,2025-11-05,000572,海马汽车,3,3,海南,6,5,False,False,False,False,False,False,False,False,False,False,mid_2_3|legacy_near,False,False,True,True,False,True,True,False,True,False,,4,False,False,True,False
2025-11-04,2025-11-05,000592,平潭发展,3,3,福建,6,5,False,False,False,False,False,False,False,False,False,False,mid_2_3|legacy_near,False,False,True,True,False,True,True,False,True,False,,4,False,False,False,False
2025-11-04,2025-11-05,002181,粤传媒,3,3,体育产业,6,5,False,False,False,False,False,False,False,False,False,False,mid_2_3|legacy_near,False,False,True,True,False,False,False,,False,False,,,False,False,False,False
2025-11-04,2025-11-05,603823,百合花,3,3,化工,6,5,False,False,False,False,False,False,False,False,False,False,mid_2_3|legacy_near,False,False,True,True,False,False,False,,False,False,,,False,False,False,False
2025-11-04,2025-11-05,000620,盈新发展,2,2,并购重组,6,5,False,False,False,False,False,False,False,False,False,False,mid_2_3,False,False,True,False,False,True,True,False,True,False,,3,False,False,False,False
2025-11-04,2025-11-05,002255,海陆重工,2,2,钍基熔盐,6,5,False,False,False,False,False,False,False,False,False,False,mid_2_3,False,False,True,False,False,True,True,True,False,False,,3,True,True,True,False
2025-11-04,2025-11-05,002885,京泉华,2,2,智能电网,6,5,False,False,False,False,False,False,False,False,False,False,mid_2_3,False,False,True,False,False,True,True,False,True,False,,3,False,False,False,False
2025-11-04,2025-11-05,300402,宝色股份,2,2,钍基熔盐,6,5,False,False,False,False,False,False,False,False,False,False,mid_2_3,False,False,True,False,False,False,False,,False,False,,,False,False,False,False
2025-11-04,2025-11-05,600308,华泰股份,2,2,化工,6,5,False,False,False,False,False,False,False,False,False,False,mid_2_3,False,False,True,False,False,False,False,,False,False,,,False,False,False,False
2025-11-04,2025-11-05,600408,安泰集团,2,2,煤炭,6,5,False,False,False,False,False,False,False,False,False,False,mid_2_3,False,False,True,False,False,True,True,False,True,False,,3,False,False,False,False
2025-11-04,2025-11-05,601929,吉视传媒,2,2,短剧,6,5,False,False,False,False,False,False,False,False,False,False,mid_2_3,False,False,True,False,False,True,True,False,True,False,,3,False,False,False,False
2025-11-04,2025-11-05,603014,威高血净,2,2,并购重组,6,5,False,False,False,False,False,False,False,False,False,False,mid_2_3,False,False,True,False,False,False,False,,False,False,,,False,False,False,False
2025-11-04,2025-11-05,603169,兰石重装,2,2,钍基熔盐,6,5,False,False,False,False,False,False,False,False,False,False,mid_2_3,False,False,True,False,False,False,False,,False,False,,,False,False,True,False
2025-11-05,2025-11-06,603122,合富中国,7,5+,医药,7,6,False,False,False,False,False,False,False,False,False,False,new_high,True,False,False,False,True,True,True,False,True,False,,8,True,True,False,False
2025-11-05,2025-11-06,000572,海马汽车,4,4,海南,7,6,False,False,False,False,False,False,False,False,False,False,legacy_near,False,False,False,True,False,False,False,,False,True,2.3891,,True,False,False,False
2025-11-05,2025-11-06,000592,平潭发展,4,4,福建,7,6,False,False,False,False,False,False,False,False,False,False,legacy_near,False,False,False,True,False,False,False,,False,False,,,False,False,False,False
2025-11-05,2025-11-06,000620,盈新发展,3,3,并购重组,7,6,False,False,False,False,False,False,False,False,False,False,mid_2_3,False,False,True,False,False,False,False,,False,True,2.4242,,False,False,True,False
2025-11-05,2025-11-06,002255,海陆重工,3,3,核电,7,6,False,False,False,False,False,False,False,False,False,False,mid_2_3,False,False,True,False,True,True,True,True,False,False,,4,True,True,False,False
2025-11-05,2025-11-06,002885,京泉华,3,3,智能电网,7,6,False,False,False,False,False,False,False,False,False,False,mid_2_3,False,False,True,False,False,False,False,,False,True,5.3023,,False,False,False,False
2025-11-05,2025-11-06,600408,安泰集团,3,3,煤炭,7,6,False,False,False,False,False,False,False,False,False,False,mid_2_3,False,False,True,False,False,False,False,,False,False,,,False,False,False,False
2025-11-05,2025-11-06,601929,吉视传媒,3,3,文化传媒,7,6,False,False,False,False,False,False,False,False,False,False,mid_2_3,False,False,True,False,False,False,False,,False,False,,,False,False,False,False
2025-11-05,2025-11-06,000753,漳州发展,2,2,福建,7,6,False,False,False,False,False,False,False,False,False,False,mid_2_3,False,False,True,False,False,False,False,,False,False,,,True,False,False,False
2025-11-05,2025-11-06,000993,闽东电力,2,2,福建,7,6,False,False,False,False,False,False,False,False,False,False,mid_2_3,False,False,True,False,False,True,True,False,True,False,,3,False,False,True,False
2025-11-05,2025-11-06,001255,博菲电气,2,2,智能电网,7,6,False,False,False,False,False,False,False,False,False,False,mid_2_3,False,False,True,False,False,False,False,,False,False,,,False,False,False,False
2025-11-05,2025-11-06,002333,罗普斯金,2,2,光伏,7,6,False,False,False,False,False,False,False,False,False,False,mid_2_3,False,False,True,False,False,False,False,,False,False,,,False,False,False,False
2025-11-05,2025-11-06,002451,摩恩电气,2,2,智能电网,7,6,False,False,False,False,False,False,False,False,False,False,mid_2_3,False,False,True,False,True,True,True,True,False,False,,3,True,True,True,False
2025-11-05,2025-11-06,002639,雪人集团,2,2,福建,7,6,False,False,False,False,False,False,False,False,False,False,mid_2_3,False,False,True,False,False,False,False,,False,False,,,False,False,False,False
2025-11-05,2025-11-06,300062,中能电气,2,2,智能电网,7,6,False,False,False,False,False,False,False,False,False,False,mid_2_3,False,False,True,False,False,False,False,,False,False,,,False,False,False,False
2025-11-05,2025-11-06,600302,标准股份,2,2,实控人变更,7,6,False,False,False,False,False,False,False,False,False,False,mid_2_3,False,False,True,False,False,False,False,,False,False,,,False,False,False,False
2025-11-05,2025-11-06,600815,厦工股份,2,2,福建,7,6,False,False,False,False,False,False,False,False,False,False,mid_2_3,False,False,True,False,False,False,False,,False,True,2.4259,,False,False,True,False
2025-11-05,2025-11-06,603530,神马电力,2,2,智能电网,7,6,False,False,False,False,False,False,False,False,False,False,mid_2_3,False,False,True,False,False,False,False,,False,False,,,False,False,False,False
2025-11-05,2025-11-06,603759,海天股份,2,2,储能,7,6,False,False,False,False,False,False,False,False,False,False,mid_2_3,False,False,True,False,False,False,False,,False,False,,,True,False,False,False
2025-11-06,2025-11-07,603122,合富中国,8,5+,医药零售,8,7,False,False,False,False,True,False,False,False,False,False,new_high,True,False,False,False,False,True,True,False,True,False,,9,False,False,True,True
2025-11-06,2025-11-07,002255,海陆重工,4,4,核电,8,7,False,False,False,False,True,False,False,False,False,False,,False,False,False,False,True,True,True,False,True,False,,5,False,False,False,False
2025-11-06,2025-11-07,000993,闽东电力,3,3,福建,8,7,False,False,False,False,True,False,False,False,False,False,mid_2_3,False,False,True,False,False,False,False,,False,False,,,True,False,False,False
2025-11-06,2025-11-07,002451,摩恩电气,3,3,智能电网,8,7,False,False,False,False,True,False,False,False,False,False,mid_2_3,False,False,True,False,True,True,True,False,True,False,,4,True,True,True,False
2025-11-06,2025-11-07,000533,顺钠股份,2,2,智能电网,8,7,False,False,False,False,True,False,False,False,False,False,mid_2_3,False,False,True,False,False,False,False,,False,True,3.551,,True,False,False,False
2025-11-06,2025-11-07,001209,洪兴股份,2,2,服装家纺,8,7,False,False,False,False,True,False,False,False,False,False,mid_2_3,False,False,True,False,False,True,True,False,True,False,,3,True,True,False,False
2025-11-06,2025-11-07,002300,太阳电缆,2,2,智能电网,8,7,False,False,False,False,True,False,False,False,False,False,mid_2_3,False,False,True,False,False,False,False,,False,False,,,False,False,False,False
2025-11-06,2025-11-07,002478,常宝股份,2,2,燃气轮机,8,7,False,False,False,False,True,False,False,False,False,False,mid_2_3,False,False,True,False,False,False,False,,False,False,,,False,False,False,False
2025-11-06,2025-11-07,002591,恒大高新,2,2,锂电池,8,7,False,False,False,False,True,False,False,False,False,False,mid_2_3,False,False,True,False,True,False,False,,False,False,,,False,False,False,False
2025-11-06,2025-11-07,600550,保变电气,2,2,智能电网,8,7,False,False,False,False,True,False,False,False,False,False,mid_2_3,False,False,True,False,True,False,False,,False,False,,,False,False,False,False
2025-11-06,2025-11-07,605060,联德股份,2,2,燃气轮机,8,7,False,False,False,False,True,False,False,False,False,False,mid_2_3,False,False,True,False,False,False,False,,False,False,,,False,False,False,False
2025-11-07,2025-11-10,603122,合富中国,9,5+,医药,9,8,False,False,False,True,False,True,False,False,False,False,new_high,True,False,False,False,False,False,False,,False,True,5.2632,,True,False,True,False
2025-11-07,2025-11-10,002255,海陆重工,5,5+,核电,9,8,False,False,False,True,False,True,False,False,False,False,,False,False,False,False,False,False,False,,False,False,,,False,False,False,False
2025-11-07,2025-11-10,002451,摩恩电气,4,4,智能电网,9,8,False,False,False,True,False,True,False,False,False,False,,False,False,False,False,False,True,True,False,True,False,,5,True,True,True,False
2025-11-07,2025-11-10,001209,洪兴股份,3,3,服装家纺,9,8,False,False,False,True,False,True,False,False,False,False,mid_2_3,False,False,True,False,False,True,True,False,True,False,,4,False,False,False,False
2025-11-07,2025-11-10,000514,渝开发,2,2,重庆市,9,8,False,False,False,True,False,True,False,False,False,False,mid_2_3,False,False,True,False,False,False,False,,False,False,,,False,False,False,False
2025-11-07,2025-11-10,002083,孚日股份,2,2,锂电池,9,8,False,False,False,True,False,True,False,False,False,False,mid_2_3,False,False,True,False,False,True,True,True,False,False,,3,True,True,True,False
2025-11-07,2025-11-10,002196,方正电机,2,2,机器人概念,9,8,False,False,False,True,False,True,False,False,False,False,mid_2_3,False,False,True,False,False,False,False,,False,False,,,True,False,False,False
2025-11-07,2025-11-10,002518,科士达,2,2,智能电网,9,8,False,False,False,True,False,True,False,False,False,False,mid_2_3,False,False,True,False,False,False,False,,False,False,,,False,False,False,False
2025-11-07,2025-11-10,300437,清水源,2,2,化工,9,8,False,False,False,True,False,True,False,False,False,False,mid_2_3,False,False,True,False,False,True,True,False,True,False,,3,False,False,False,False
2025-11-07,2025-11-10,600078,澄星股份,2,2,化工,9,8,False,False,False,True,False,True,False,False,False,False,mid_2_3,False,False,True,False,False,True,True,False,True,False,,3,False,False,False,False
2025-11-07,2025-11-10,600939,重庆建工,2,2,重庆市,9,8,False,False,False,True,False,True,False,False,False,False,mid_2_3,False,False,True,False,True,True,True,False,True,False,,3,False,False,False,False
2025-11-07,2025-11-10,603978,深圳新星,2,2,锂电池,9,8,False,False,False,True,False,True,False,False,False,False,mid_2_3,False,False,True,False,False,False,False,,False,True,-0.8236,,False,False,False,False
2025-11-10,2025-11-11,002451,摩恩电气,5,5+,智能电网,5,9,True,True,True,False,True,False,True,False,False,False,new_high,True,False,False,False,False,True,True,False,True,False,,6,True,True,True,True
2025-11-10,2025-11-11,001209,洪兴股份,4,4,服装家纺,5,9,True,True,True,False,True,False,True,False,False,False,sub_high,False,True,False,False,False,False,False,,False,False,,,False,False,False,False
2025-11-10,2025-11-11,002083,孚日股份,3,3,锂电池,5,9,True,True,True,False,True,False,True,False,False,False,h_minus_2|mid_2_3,False,False,True,False,True,True,True,False,True,False,,4,True,True,True,False
2025-11-10,2025-11-11,300437,清水源,3,3,化工,5,9,True,True,True,False,True,False,True,False,False,False,h_minus_2|mid_2_3,False,False,True,False,False,False,False,,False,False,,,False,False,False,False
2025-11-10,2025-11-11,600078,澄星股份,3,3,化工,5,9,True,True,True,False,True,False,True,False,False,False,h_minus_2|mid_2_3,False,False,True,False,False,False,False,,False,False,,,False,False,False,False
2025-11-10,2025-11-11,600939,重庆建工,3,3,重庆市,5,9,True,True,True,False,True,False,True,False,False,False,h_minus_2|mid_2_3,False,False,True,False,False,False,False,,False,True,-0.4577,,False,False,False,False
2025-11-10,2025-11-11,000632,三木集团,2,2,福建,5,9,True,True,True,False,True,False,True,False,False,False,mid_2_3,False,False,True,False,False,True,True,True,False,False,,3,True,True,True,False
2025-11-10,2025-11-11,002136,安纳达,2,2,化工,5,9,True,True,True,False,True,False,True,False,False,False,mid_2_3,False,False,True,False,False,False,False,,False,False,,,False,False,False,False
2025-11-10,2025-11-11,002759,天际股份,2,2,锂电池,5,9,True,True,True,False,True,False,True,False,False,False,mid_2_3,False,False,True,False,False,False,False,,False,True,6.6298,,True,False,False,False
2025-11-10,2025-11-11,600678,四川金顶,2,2,商业航天,5,9,True,True,True,False,True,False,True,False,False,False,mid_2_3,False,False,True,False,True,False,False,,False,False,,,False,False,False,False
2025-11-10,2025-11-11,603185,弘元绿能,2,2,光伏,5,9,True,True,True,False,True,False,True,False,False,False,mid_2_3,False,False,True,False,False,False,False,,False,False,,,False,False,False,False
2025-11-11,2025-11-12,002451,摩恩电气,6,5+,智能电网,6,5,False,False,False,False,False,True,False,False,False,False,new_high,True,False,False,False,False,True,True,False,True,False,,7,True,True,False,False
2025-11-11,2025-11-12,002083,孚日股份,4,4,锂电池,6,5,False,False,False,False,False,True,False,False,False,False,h_minus_2|legacy_near,False,False,False,True,False,True,True,False,True,False,,5,True,True,True,False
2025-11-11,2025-11-12,000632,三木集团,3,3,地产链,6,5,False,False,False,False,False,True,False,False,False,False,mid_2_3|legacy_near,False,False,True,True,True,True,True,True,False,False,,4,True,True,True,False
2025-11-11,2025-11-12,000069,华侨城Ａ,2,2,地产链,6,5,False,False,False,False,False,True,False,False,False,False,mid_2_3,False,False,True,False,False,False,False,,False,False,,,False,False,False,False
2025-11-11,2025-11-12,000688,国城矿业,2,2,并购重组,6,5,False,False,False,False,False,True,False,False,False,False,mid_2_3,False,False,True,False,False,False,False,,False,False,,,True,False,False,False
2025-11-11,2025-11-12,002374,中锐股份,2,2,酿酒,6,5,False,False,False,False,False,True,False,False,False,False,mid_2_3,False,False,True,False,False,True,True,False,True,False,,3,False,False,False,False
2025-11-11,2025-11-12,002387,维信诺,2,2,实控人变更,6,5,False,False,False,False,False,True,False,False,False,False,mid_2_3,False,False,True,False,True,False,False,,False,False,,,False,False,False,False
2025-11-11,2025-11-12,300959,线上线下,2,2,实控人变更,6,5,False,False,False,False,False,True,False,False,False,False,mid_2_3,False,False,True,False,False,False,False,,False,False,,,False,False,False,False
2025-11-11,2025-11-12,300997,欢乐家,2,2,食品饮料,6,5,False,False,False,False,False,True,False,False,False,False,mid_2_3,False,False,True,False,False,False,False,,False,False,,,False,False,False,False
2025-11-11,2025-11-12,600113,浙江东日,2,2,零售,6,5,False,False,False,False,False,True,False,False,False,False,mid_2_3,False,False,True,False,False,True,True,False,True,False,,3,False,False,False,False
2025-11-11,2025-11-12,600429,三元股份,2,2,食品饮料,6,5,False,False,False,False,False,True,False,False,False,False,mid_2_3,False,False,True,False,True,True,True,True,False,False,,3,True,True,False,False
2025-11-11,2025-11-12,600693,东百集团,2,2,零售,6,5,False,False,False,False,False,True,False,False,False,False,mid_2_3,False,False,True,False,True,True,True,False,True,False,,3,True,True,True,False
2025-11-11,2025-11-12,600829,人民同泰,2,2,医药,6,5,False,False,False,False,False,True,False,False,False,False,mid_2_3,False,False,True,False,True,True,True,True,False,False,,3,True,True,True,False
2025-11-11,2025-11-12,603396,金辰股份,2,2,光伏,6,5,False,False,False,False,False,True,False,False,False,False,mid_2_3,False,False,True,False,False,False,False,,False,False,,,False,False,False,False
2025-11-11,2025-11-12,603778,国晟科技,2,2,光伏,6,5,False,False,False,False,False,True,False,False,False,False,mid_2_3,False,False,True,False,True,True,True,True,False,False,,3,True,True,True,False
2025-11-11,2025-11-12,603938,三孚股份,2,2,芯片,6,5,False,False,False,False,False,True,False,False,False,False,mid_2_3,False,False,True,False,False,False,False,,False,False,,,False,False,False,False
2025-11-11,2025-11-12,688233,神工股份,2,2,芯片,6,5,False,False,False,False,False,True,False,False,False,False,mid_2_3,False,False,True,False,False,False,False,,False,False,,,False,False,False,False
2025-11-11,2025-11-12,688670,金迪克,2,2,医药,6,5,False,False,False,False,False,True,False,False,False,False,mid_2_3,False,False,True,False,False,False,False,,False,False,,,False,False,True,False
2025-11-12,2025-11-13,002451,摩恩电气,7,5+,智能电网,7,6,False,False,False,False,False,False,False,False,False,False,new_high,True,False,False,False,False,True,True,False,True,False,,8,False,False,False,False
2025-11-12,2025-11-13,002083,孚日股份,5,5+,锂电池,7,6,False,False,False,False,False,False,False,False,False,False,h_minus_2|legacy_near,False,False,False,True,False,True,True,True,False,False,,6,True,True,True,False
2025-11-12,2025-11-13,000632,三木集团,4,4,福建,7,6,False,False,False,False,False,False,False,False,False,False,legacy_near,False,False,False,True,True,True,True,False,True,False,,5,True,True,True,False
2025-11-12,2025-11-13,002374,中锐股份,3,3,酿酒,7,6,False,False,False,False,False,False,False,False,False,False,mid_2_3,False,False,True,False,False,False,False,,False,True,-0.2375,,False,False,False,False
2025-11-12,2025-11-13,600113,浙江东日,3,3,零售,7,6,False,False,False,False,False,False,False,False,False,False,mid_2_3,False,False,True,False,False,False,False,,False,False,,,False,False,False,False
2025-11-12,2025-11-13,600429,三元股份,3,3,食品饮料,7,6,False,False,False,False,False,False,False,False,False,False,mid_2_3,False,False,True,False,True,True,True,False,True,False,,4,False,False,False,False
2025-11-12,2025-11-13,600693,东百集团,3,3,零售,7,6,False,False,False,False,False,False,False,False,False,False,mid_2_3,False,False,True,False,False,True,True,False,True,False,,4,True,True,False,False
2025-11-12,2025-11-13,600829,人民同泰,3,3,医药,7,6,False,False,False,False,False,False,False,False,False,False,mid_2_3,False,False,True,False,True,True,True,True,False,False,,4,True,True,True,False
2025-11-12,2025-11-13,603778,国晟科技,3,3,光伏,7,6,False,False,False,False,False,False,False,False,False,False,mid_2_3,False,False,True,False,True,True,True,False,True,False,,4,True,True,False,False
2025-11-12,2025-11-13,000061,农产品,2,2,零售,7,6,False,False,False,False,False,False,False,False,False,False,mid_2_3,False,False,True,False,False,False,False,,False,False,,,False,False,False,False
2025-11-12,2025-11-13,000407,胜利股份,2,2,天然气,7,6,False,False,False,False,False,False,False,False,False,False,mid_2_3,False,False,True,False,True,True,True,True,False,False,,3,True,True,True,False
2025-11-12,2025-11-13,000619,海螺新材,2,2,光伏,7,6,False,False,False,False,False,False,False,False,False,False,mid_2_3,False,False,True,False,False,False,False,,False,False,,,False,False,False,False
2025-11-12,2025-11-13,000631,顺发恒能,2,2,储能,7,6,False,False,False,False,False,False,False,False,False,False,mid_2_3,False,False,True,False,False,False,False,,False,False,,,False,False,False,False
2025-11-12,2025-11-13,002309,中利集团,2,2,光伏,7,6,False,False,False,False,False,False,False,False,False,False,mid_2_3,False,False,True,False,False,True,True,False,True,False,,3,False,False,False,False
2025-11-12,2025-11-13,002691,冀凯股份,2,2,新型工业化,7,6,False,False,False,False,False,False,False,False,False,False,mid_2_3,False,False,True,False,False,False,False,,False,True,10.0097,,False,False,False,False
2025-11-12,2025-11-13,600408,安泰集团,2,2,煤炭,7,6,False,False,False,False,False,False,False,False,False,False,mid_2_3,False,False,True,False,False,True,True,False,True,False,,3,True,True,True,False
2025-11-12,2025-11-13,600681,百川能源,2,2,天然气,7,6,False,False,False,False,False,False,False,False,False,False,mid_2_3,False,False,True,False,False,False,False,,False,False,,,False,False,False,False
2025-11-12,2025-11-13,600737,中粮糖业,2,2,食品饮料,7,6,False,False,False,False,False,False,False,False,False,False,mid_2_3,False,False,True,False,False,False,False,,False,False,,,False,False,False,False
2025-11-12,2025-11-13,603122,合富中国,2,2,医药,7,6,False,False,False,False,False,False,False,False,False,False,mid_2_3,False,False,True,False,False,True,True,False,True,False,,3,False,False,False,False
2025-11-13,2025-11-14,002451,摩恩电气,8,5+,智能电网,8,7,False,False,False,False,False,False,False,False,False,False,new_high,True,False,False,False,False,False,False,,False,False,,,False,False,False,False
2025-11-13,2025-11-14,002083,孚日股份,6,5+,锂电池,8,7,False,False,False,False,False,False,False,False,False,False,h_minus_2|legacy_near,False,False,False,True,True,True,True,True,False,False,,7,True,True,False,False
2025-11-13,2025-11-14,000632,三木集团,5,5+,福建,8,7,False,False,False,False,False,False,False,False,False,False,legacy_near,False,False,False,True,False,True,True,False,True,False,,6,True,True,False,False
2025-11-13,2025-11-14,600429,三元股份,4,4,食品饮料,8,7,False,False,False,False,False,False,False,False,False,False,,False,False,False,False,False,False,False,,False,False,,,False,False,False,False
2025-11-13,2025-11-14,600693,东百集团,4,4,零售,8,7,False,False,False,False,False,False,False,False,False,False,,False,False,False,False,False,True,True,False,True,False,,5,False,False,False,False
2025-11-13,2025-11-14,600829,人民同泰,4,4,医药,8,7,False,False,False,False,False,False,False,False,False,False,,False,False,False,False,True,True,True,False,True,False,,5,True,True,False,False
2025-11-13,2025-11-14,603778,国晟科技,4,4,光伏,8,7,False,False,False,False,False,False,False,False,False,False,,False,False,False,False,False,True,True,False,True,False,,5,False,False,False,False
2025-11-13,2025-11-14,000407,胜利股份,3,3,并购重组,8,7,False,False,False,False,False,False,False,False,False,False,mid_2_3,False,False,True,False,True,True,True,True,False,False,,4,True,True,True,False
2025-11-13,2025-11-14,002309,中利集团,3,3,光伏,8,7,False,False,False,False,False,False,False,False,False,False,mid_2_3,False,False,True,False,False,False,False,,False,False,,,False,False,False,False
2025-11-13,2025-11-14,600408,安泰集团,3,3,煤炭,8,7,False,False,False,False,False,False,False,False,False,False,mid_2_3,False,False,True,False,False,True,True,False,True,False,,4,True,True,False,False
2025-11-13,2025-11-14,603122,合富中国,3,3,医药,8,7,False,False,False,False,False,False,False,False,False,False,mid_2_3,False,False,True,False,False,False,False,,False,True,7.6923,,False,False,False,False
2025-11-13,2025-11-14,001277,速达股份,2,2,新型工业化,8,7,False,False,False,False,False,False,False,False,False,False,mid_2_3,False,False,True,False,False,False,False,,False,False,,,False,False,False,False
2025-11-13,2025-11-14,002578,闽发铝业,2,2,福建,8,7,False,False,False,False,False,False,False,False,False,False,mid_2_3,False,False,True,False,False,False,False,,False,True,2.6694,,False,False,False,False
2025-11-13,2025-11-14,002864,盘龙药业,2,2,医药,8,7,False,False,False,False,False,False,False,False,False,False,mid_2_3,False,False,True,False,False,False,False,,False,False,,,False,False,False,False
2025-11-13,2025-11-14,003018,金富科技,2,2,包装印刷,8,7,False,False,False,False,False,False,False,False,False,False,mid_2_3,False,False,True,False,False,False,False,,False,False,,,False,False,False,False
2025-11-13,2025-11-14,003041,真爱美家,2,2,实控人变更,8,7,False,False,False,False,False,False,False,False,False,False,mid_2_3,False,False,True,False,True,True,True,True,False,False,,3,True,True,True,False
2025-11-13,2025-11-14,601566,九牧王,2,2,服装家纺,8,7,False,False,False,False,False,False,False,False,False,False,mid_2_3,False,False,True,False,False,True,True,False,True,False,,3,True,True,True,False
2025-11-13,2025-11-14,603026,石大胜华,2,2,锂电池,8,7,False,False,False,False,False,False,False,False,False,False,mid_2_3,False,False,True,False,False,True,True,False,True,False,,3,False,False,False,False
2025-11-14,2025-11-17,002083,孚日股份,7,5+,锂电池,7,8,True,True,True,False,False,False,False,False,False,False,new_high|legacy_near,True,False,False,True,True,True,True,True,False,False,,8,False,False,False,False
2025-11-14,2025-11-17,000632,三木集团,6,5+,海峡两岸,7,8,True,True,True,False,False,False,False,False,False,False,sub_high|legacy_near,False,True,False,True,False,True,True,False,True,False,,7,False,False,False,False
2025-11-14,2025-11-17,600693,东百集团,5,5+,海峡两岸,7,8,True,True,True,False,False,False,False,False,False,False,h_minus_2,False,False,False,False,False,False,False,,False,True,6.3636,,False,False,False,False
2025-11-14,2025-11-17,600829,人民同泰,5,5+,医药,7,8,True,True,True,False,False,False,False,False,False,False,h_minus_2,False,False,False,False,False,True,True,False,True,False,,6,False,False,False,False
2025-11-14,2025-11-17,603778,国晟科技,5,5+,光伏,7,8,True,True,True,False,False,False,False,False,False,False,h_minus_2,False,False,False,False,False,False,False,,False,False,,,False,False,True,False
2025-11-14,2025-11-17,000407,胜利股份,4,4,天然气,7,8,True,True,True,False,False,False,False,False,False,False,,False,False,False,False,True,True,True,True,False,False,,5,True,True,False,False
2025-11-14,2025-11-17,600408,安泰集团,4,4,煤炭,7,8,True,True,True,False,False,False,False,False,False,False,,False,False,False,False,False,True,True,False,True,False,,5,False,False,False,False
2025-11-14,2025-11-17,003041,真爱美家,3,3,实控人变更,7,8,True,True,True,False,False,False,False,False,False,False,mid_2_3,False,False,True,False,True,True,True,False,True,False,,4,True,True,True,False
2025-11-14,2025-11-17,601566,九牧王,3,3,海峡两岸,7,8,True,True,True,False,False,False,False,False,False,False,mid_2_3,False,False,True,False,False,True,True,False,True,False,,4,True,True,True,False
2025-11-14,2025-11-17,603026,石大胜华,3,3,锂电池,7,8,True,True,True,False,False,False,False,False,False,False,mid_2_3,False,False,True,False,False,False,False,,False,False,,,False,False,False,False
2025-11-14,2025-11-17,000592,平潭发展,2,2,海峡两岸,7,8,True,True,True,False,False,False,False,False,False,False,mid_2_3,False,False,True,False,False,True,True,True,False,False,,3,False,False,False,False
2025-11-14,2025-11-17,000633,合金投资,2,2,有色金属,7,8,True,True,True,False,False,False,False,False,False,False,mid_2_3,False,False,True,False,False,False,False,,False,False,,,True,False,False,False
2025-11-14,2025-11-17,001203,大中矿业,2,2,锂电池,7,8,True,True,True,False,False,False,False,False,False,False,mid_2_3,False,False,True,False,False,True,True,False,True,False,,3,False,False,False,False
2025-11-14,2025-11-17,001266,宏英智能,2,2,储能,7,8,True,True,True,False,False,False,False,False,False,False,mid_2_3,False,False,True,False,False,False,False,,False,False,,,False,False,False,False
2025-11-14,2025-11-17,002227,奥特迅,2,2,储能,7,8,True,True,True,False,False,False,False,False,False,False,mid_2_3,False,False,True,False,False,False,False,,False,False,,,False,False,False,False
2025-11-14,2025-11-17,002242,九阳股份,2,2,家电,7,8,True,True,True,False,False,False,False,False,False,False,mid_2_3,False,False,True,False,True,False,False,,False,False,,,False,False,False,False
2025-11-14,2025-11-17,002682,龙洲股份,2,2,海峡两岸,7,8,True,True,True,False,False,False,False,False,False,False,mid_2_3,False,False,True,False,True,True,True,True,False,False,,3,True,True,False,False
2025-11-14,2025-11-17,002780,三夫户外,2,2,体育产业,7,8,True,True,True,False,False,False,False,False,False,False,mid_2_3,False,False,True,False,False,False,False,,False,False,,,False,False,False,False
2025-11-14,2025-11-17,002805,丰元股份,2,2,锂电池,7,8,True,True,True,False,False,False,False,False,False,False,mid_2_3,False,False,True,False,False,True,True,False,True,False,,3,False,False,False,False
2025-11-14,2025-11-17,600340,华夏幸福,2,2,地产链,7,8,True,True,True,False,False,False,False,False,False,False,mid_2_3,False,False,True,False,True,True,True,True,False,False,,3,True,True,False,False
2025-11-14,2025-11-17,603948,建业股份,2,2,化工,7,8,True,True,True,False,False,False,False,False,False,False,mid_2_3,False,False,True,False,False,False,False,,False,False,,,False,False,False,False
2025-11-17,2025-11-18,002083,孚日股份,8,5+,锂电池,8,7,False,False,False,False,False,False,False,False,False,False,new_high,True,False,False,False,True,False,False,,False,False,,,False,False,False,False
2025-11-17,2025-11-18,000632,三木集团,7,5+,海峡两岸,8,7,False,False,False,False,False,False,False,False,False,False,sub_high,False,True,False,False,False,False,False,,False,False,,,False,False,False,False
2025-11-17,2025-11-18,600829,人民同泰,6,5+,医药,8,7,False,False,False,False,False,False,False,False,False,False,h_minus_2|legacy_near,False,False,False,True,False,False,False,,False,False,,,False,False,False,False
2025-11-17,2025-11-18,000407,胜利股份,5,5+,并购重组,8,7,False,False,False,False,False,False,False,False,False,False,legacy_near,False,False,False,True,True,True,True,False,True,False,,6,False,False,False,False
2025-11-17,2025-11-18,600408,安泰集团,5,5+,煤炭,8,7,False,False,False,False,False,False,False,False,False,False,legacy_near,False,False,False,True,False,False,False,,False,False,,,False,False,False,False
2025-11-17,2025-11-18,003041,真爱美家,4,4,实控人变更,8,7,False,False,False,False,False,False,False,False,False,False,,False,False,False,False,False,True,True,False,True,False,,5,True,True,False,False
2025-11-17,2025-11-18,601566,九牧王,4,4,海峡两岸,8,7,False,False,False,False,False,False,False,False,False,False,,False,False,False,False,False,True,True,True,False,False,,5,True,True,True,False
2025-11-17,2025-11-18,000592,平潭发展,3,3,海峡两岸,8,7,False,False,False,False,False,False,False,False,False,False,mid_2_3,False,False,True,False,True,False,False,,False,False,,,False,False,False,False
2025-11-17,2025-11-18,001203,大中矿业,3,3,锂电池,8,7,False,False,False,False,False,False,False,False,False,False,mid_2_3,False,False,True,False,False,False,False,,False,False,,,False,False,False,False
2025-11-17,2025-11-18,002682,龙洲股份,3,3,海峡两岸,8,7,False,False,False,False,False,False,False,False,False,False,mid_2_3,False,False,True,False,True,True,True,False,True,False,,4,False,False,False,False
2025-11-17,2025-11-18,002805,丰元股份,3,3,锂电池,8,7,False,False,False,False,False,False,False,False,False,False,mid_2_3,False,False,True,False,False,False,False,,False,False,,,False,False,False,False
2025-11-17,2025-11-18,600340,华夏幸福,3,3,地产链,8,7,False,False,False,False,False,False,False,False,False,False,mid_2_3,False,False,True,False,True,True,True,False,True,False,,4,False,False,False,False
2025-11-17,2025-11-18,000547,航天发展,2,2,海峡两岸,8,7,False,False,False,False,False,False,False,False,False,False,mid_2_3,False,False,True,False,True,True,True,False,True,False,,3,True,True,True,False
2025-11-17,2025-11-18,000566,海南海药,2,2,医药,8,7,False,False,False,False,False,False,False,False,False,False,mid_2_3,False,False,True,False,False,False,False,,False,True,7.3826,,False,False,True,False
2025-11-17,2025-11-18,000620,盈新发展,2,2,并购重组,8,7,False,False,False,False,False,False,False,False,False,False,mid_2_3,False,False,True,False,False,False,False,,False,False,,,False,False,False,False
2025-11-17,2025-11-18,000798,中水渔业,2,2,农业,8,7,False,False,False,False,False,False,False,False,False,False,mid_2_3,False,False,True,False,True,True,True,False,True,False,,3,True,True,True,False
2025-11-17,2025-11-18,001216,华瓷股份,2,2,智能电网,8,7,False,False,False,False,False,False,False,False,False,False,mid_2_3,False,False,True,False,False,True,True,False,True,False,,3,True,True,False,False
2025-11-17,2025-11-18,002198,嘉应制药,2,2,医药,8,7,False,False,False,False,False,False,False,False,False,False,mid_2_3,False,False,True,False,False,False,False,,False,False,,,False,False,False,False
2025-11-17,2025-11-18,002593,日上集团,2,2,海峡两岸,8,7,False,False,False,False,False,False,False,False,False,False,mid_2_3,False,False,True,False,False,False,False,,False,False,,,False,False,False,False
2025-11-17,2025-11-18,300560,中富通,2,2,海峡两岸,8,7,False,False,False,False,False,False,False,False,False,False,mid_2_3,False,False,True,False,False,False,False,,False,False,,,False,False,False,False
2025-11-17,2025-11-18,301150,中一科技,2,2,锂电池,8,7,False,False,False,False,False,False,False,False,False,False,mid_2_3,False,False,True,False,False,False,False,,False,False,,,False,False,False,False
2025-11-17,2025-11-18,600327,大东方,2,2,零售,8,7,False,False,False,False,False,False,False,False,False,False,mid_2_3,False,False,True,False,False,False,False,,False,False,,,False,False,False,False
2025-11-17,2025-11-18,600403,大有能源,2,2,煤炭,8,7,False,False,False,False,False,False,False,False,False,False,mid_2_3,False,False,True,False,False,False,False,,False,False,,,False,False,False,False
2025-11-17,2025-11-18,603353,和顺石油,2,2,并购重组,8,7,False,False,False,False,False,False,False,False,False,False,mid_2_3,False,False,True,False,True,True,True,False,True,False,,3,False,False,False,False
2025-11-17,2025-11-18,603366,日出东方,2,2,光伏,8,7,False,False,False,False,False,False,False,False,False,False,mid_2_3,False,False,True,False,True,False,False,,False,True,5.665,,False,False,False,False
2025-11-18,2025-11-19,000407,胜利股份,6,5+,并购重组,6,8,True,True,True,False,True,False,False,False,False,False,new_high|legacy_near,True,False,False,True,False,False,False,,False,False,,,False,False,False,True
2025-11-18,2025-11-19,003041,真爱美家,5,5+,实控人变更,6,8,True,True,True,False,True,False,False,False,False,False,sub_high,False,True,False,False,False,True,True,False,True,False,,6,False,False,False,False
2025-11-18,2025-11-19,601566,九牧王,5,5+,海峡两岸,6,8,True,True,True,False,True,False,False,False,False,True,sub_high,False,True,False,False,True,True,True,False,True,False,,6,True,True,False,False
2025-11-18,2025-11-19,002682,龙洲股份,4,4,海峡两岸,6,8,True,True,True,False,True,False,False,False,False,False,h_minus_2,False,False,False,False,False,False,False,,False,False,,,False,False,False,False
2025-11-18,2025-11-19,600340,华夏幸福,4,4,房地产,6,8,True,True,True,False,True,False,False,False,False,False,h_minus_2,False,False,False,False,False,False,False,,False,True,3.9275,,False,False,False,False
2025-11-18,2025-11-19,000547,航天发展,3,3,海峡两岸,6,8,True,True,True,False,True,False,False,False,False,False,mid_2_3,False,False,True,False,False,True,True,False,True,False,,4,True,True,False,False
2025-11-18,2025-11-19,000798,中水渔业,3,3,农业,6,8,True,True,True,False,True,False,False,False,False,False,mid_2_3,False,False,True,False,False,True,True,True,False,False,,4,True,True,True,False
2025-11-18,2025-11-19,001216,华瓷股份,3,3,智能电网,6,8,True,True,True,False,True,False,False,False,False,False,mid_2_3,False,False,True,False,False,True,True,False,True,False,,4,False,False,True,False
2025-11-18,2025-11-19,603353,和顺石油,3,3,并购重组,6,8,True,True,True,False,True,False,False,False,False,False,mid_2_3,False,False,True,False,False,False,False,,False,False,,,False,False,False,True
2025-11-18,2025-11-19,000546,金圆股份,2,2,锂电池,6,8,True,True,True,False,True,False,False,False,True,True,mid_2_3,False,False,True,False,False,True,True,False,True,False,,3,False,False,False,False
2025-11-18,2025-11-19,002474,榕基软件,2,2,人工智能,6,8,True,True,True,False,True,False,False,False,False,False,mid_2_3,False,False,True,False,False,True,True,False,True,False,,3,True,True,True,False
2025-11-18,2025-11-19,300612,宣亚国际,2,2,人工智能,6,8,True,True,True,False,True,False,False,False,False,False,mid_2_3,False,False,True,False,False,False,False,,False,False,,,False,False,False,False
2025-11-18,2025-11-19,600376,首开股份,2,2,机器人概念,6,8,True,True,True,False,True,False,False,False,False,False,mid_2_3,False,False,True,False,False,False,False,,False,False,,,False,False,False,False
2025-11-18,2025-11-19,600410,华胜天成,2,2,人工智能,6,8,True,True,True,False,True,False,False,False,False,False,mid_2_3,False,False,True,False,False,False,False,,False,False,,,False,False,False,False
2025-11-18,2025-11-19,600756,浪潮软件,2,2,人工智能,6,8,True,True,True,False,True,False,False,False,False,False,mid_2_3,False,False,True,False,True,True,True,True,False,False,,3,False,False,False,False
2025-11-18,2025-11-19,603232,格尔软件,2,2,量子科技,6,8,True,True,True,False,True,False,False,False,False,False,mid_2_3,False,False,True,False,False,False,False,,False,False,,,False,False,False,False
2025-11-18,2025-11-19,603829,洛凯股份,2,2,智能电网,6,8,True,True,True,False,True,False,False,False,False,False,mid_2_3,False,False,True,False,False,False,False,,False,True,-0.7447,,False,False,True,False
2025-11-19,2025-11-20,003041,真爱美家,6,5+,实控人变更,6,6,True,True,False,False,True,True,False,False,False,False,new_high,True,False,False,False,False,False,False,,False,False,,,False,False,False,True
2025-11-19,2025-11-20,601566,九牧王,6,5+,海峡两岸,6,6,True,True,False,False,True,True,False,False,False,False,new_high,True,False,False,False,False,True,True,False,True,False,,7,False,False,False,True
2025-11-19,2025-11-20,000547,航天发展,4,4,军工,6,6,True,True,False,False,True,True,False,False,False,False,h_minus_2|legacy_near,False,False,False,True,False,True,True,False,True,False,,5,False,False,True,False
2025-11-19,2025-11-20,000798,中水渔业,4,4,农业,6,6,True,True,False,False,True,True,False,False,False,False,h_minus_2|legacy_near,False,False,False,True,True,True,True,False,True,False,,5,True,True,True,False
2025-11-19,2025-11-20,001216,华瓷股份,4,4,智能电网,6,6,True,True,False,False,True,True,False,False,False,False,h_minus_2|legacy_near,False,False,False,True,False,False,False,,False,False,,,True,False,False,False
2025-11-19,2025-11-20,000546,金圆股份,3,3,锂电池,6,6,True,True,False,False,True,True,False,False,False,False,mid_2_3,False,False,True,False,False,False,False,,False,True,-5.2632,,False,False,False,False
2025-11-19,2025-11-20,002474,榕基软件,3,3,人工智能,6,6,True,True,False,False,True,True,False,False,False,False,mid_2_3,False,False,True,False,False,True,True,False,True,False,,4,True,True,False,False
2025-11-19,2025-11-20,600756,浪潮软件,3,3,人工智能,6,6,True,True,False,False,True,True,False,False,False,False,mid_2_3,False,False,True,False,True,False,False,,False,True,-5.5812,,False,False,False,False
2025-11-19,2025-11-20,002213,大为股份,2,2,芯片,6,6,True,True,False,False,True,True,False,False,False,False,mid_2_3,False,False,True,False,False,True,True,False,True,False,,3,False,False,False,False
2025-11-19,2025-11-20,002301,齐心集团,2,2,人工智能,6,6,True,True,False,False,True,True,False,False,False,False,mid_2_3,False,False,True,False,False,False,False,,False,False,,,False,False,True,False
2025-11-19,2025-11-20,002877,智能自控,2,2,人工智能,6,6,True,True,False,False,True,True,False,False,False,False,mid_2_3,False,False,True,False,True,True,True,False,True,False,,3,False,False,False,False
2025-11-19,2025-11-20,600280,中央商场,2,2,零售,6,6,True,True,False,False,True,True,False,False,False,False,mid_2_3,False,False,True,False,False,False,False,,False,True,-9.5128,,False,False,False,False
2025-11-19,2025-11-20,600319,亚星化学,2,2,并购重组,6,6,True,True,False,False,True,True,False,False,True,True,mid_2_3,False,False,True,False,True,False,False,,False,True,-3.2498,,False,False,False,False
2025-11-19,2025-11-20,603877,太平鸟,2,2,服装家纺,6,6,True,True,False,False,True,True,False,False,False,False,mid_2_3,False,False,True,False,False,False,False,,False,False,,,False,False,False,False
2025-11-19,2025-11-20,605136,丽人丽妆,2,2,美容护理,6,6,True,True,False,False,True,True,False,False,False,False,mid_2_3,False,False,True,False,False,False,False,,False,False,,,False,False,True,False
2025-11-20,2025-11-21,601566,九牧王,7,5+,海峡两岸,7,6,False,True,False,False,False,True,False,True,False,False,new_high,True,False,False,False,False,False,False,,False,False,,,False,False,False,False
2025-11-20,2025-11-21,000547,航天发展,5,5+,军工,7,6,False,True,False,False,False,True,False,True,False,False,h_minus_2|legacy_near,False,False,False,True,False,False,False,,False,False,,,True,False,False,False
2025-11-20,2025-11-21,000798,中水渔业,5,5+,农业,7,6,False,True,False,False,False,True,False,True,False,False,h_minus_2|legacy_near,False,False,False,True,False,True,True,False,True,False,,6,True,True,False,False
2025-11-20,2025-11-21,002474,榕基软件,4,4,人工智能,7,6,False,True,False,False,False,True,False,True,False,True,legacy_near,False,False,False,True,False,True,True,False,True,False,,5,False,False,True,False
2025-11-20,2025-11-21,002213,大为股份,3,3,锂电池,7,6,False,True,False,False,False,True,False,True,False,False,mid_2_3,False,False,True,False,False,False,False,,False,False,,,False,False,False,False
2025-11-20,2025-11-21,002877,智能自控,3,3,人工智能,7,6,False,True,False,False,False,True,False,True,False,False,mid_2_3,False,False,True,False,False,False,False,,False,False,,,False,False,False,False
2025-11-20,2025-11-21,000017,深中华A,2,2,黄金,7,6,False,True,False,False,False,True,False,True,False,False,mid_2_3,False,False,True,False,False,True,True,True,False,False,,3,False,False,False,False
2025-11-20,2025-11-21,000663,永安林业,2,2,海峡两岸,7,6,False,True,False,False,False,True,False,True,False,False,mid_2_3,False,False,True,False,False,False,False,,False,True,-5.3061,,True,False,False,False
2025-11-20,2025-11-21,000859,国风新材,2,2,芯片,7,6,False,True,False,False,False,True,False,True,False,False,mid_2_3,False,False,True,False,False,True,True,False,True,False,,3,True,True,False,False
2025-11-20,2025-11-21,001390,古麒绒材,2,2,服装家纺,7,6,False,True,False,False,False,True,False,True,False,False,mid_2_3,False,False,True,False,False,False,False,,False,False,,,False,False,False,False
2025-11-20,2025-11-21,601279,英利汽车,2,2,海峡两岸,7,6,False,True,False,False,False,True,False,True,False,False,mid_2_3,False,False,True,False,False,False,False,,False,True,-8.1315,,False,False,False,False
2025-11-20,2025-11-21,603216,梦天家居,2,2,地产链,7,6,False,True,False,False,False,True,False,True,False,False,mid_2_3,False,False,True,False,True,True,True,False,True,False,,3,True,True,True,False
2025-11-21,2025-11-24,000798,中水渔业,6,5+,水产品,6,7,True,True,True,False,False,False,True,False,False,False,new_high|legacy_near,True,False,False,True,False,True,True,False,True,False,,7,False,False,False,False
2025-11-21,2025-11-24,002474,榕基软件,5,5+,人工智能,6,7,True,True,True,False,False,False,True,False,False,False,sub_high|legacy_near,False,True,False,True,False,False,False,,False,True,0.0803,,True,False,False,False
2025-11-21,2025-11-24,000017,深中华A,3,3,黄金,6,7,True,True,True,False,False,False,True,False,False,False,mid_2_3,False,False,True,False,True,False,False,,False,False,,,False,False,False,False
2025-11-21,2025-11-24,000859,国风新材,3,3,芯片,6,7,True,True,True,False,False,False,True,False,False,False,mid_2_3,False,False,True,False,False,True,True,False,True,False,,4,False,False,False,False
2025-11-21,2025-11-24,603216,梦天家居,3,3,地产链,6,7,True,True,True,False,False,False,True,False,False,False,mid_2_3,False,False,True,False,False,True,True,False,True,False,,4,True,True,False,False
2025-11-21,2025-11-24,000838,财信发展,2,2,地产链,6,7,True,True,True,False,False,False,True,False,False,False,mid_2_3,False,False,True,False,False,False,False,,False,True,1.6043,,False,False,False,False
2025-11-21,2025-11-24,600734,实达集团,2,2,算力,6,7,True,True,True,False,False,False,True,False,False,False,mid_2_3,False,False,True,False,False,True,True,False,True,False,,3,True,True,True,False
2025-11-21,2025-11-24,600996,贵广网络,2,2,算力,6,7,True,True,True,False,False,False,True,False,False,False,mid_2_3,False,False,True,False,False,False,False,,False,False,,,False,False,False,False
2025-11-21,2025-11-24,603898,好莱客,2,2,人工智能,6,7,True,True,True,False,False,False,True,False,False,False,mid_2_3,False,False,True,False,False,False,False,,False,False,,,False,False,False,False
2025-11-24,2025-11-25,000798,中水渔业,7,5+,水产品,7,6,False,False,False,False,False,False,False,False,False,False,new_high,True,False,False,False,False,False,False,,False,False,,,False,False,False,False
2025-11-24,2025-11-25,000859,国风新材,4,4,芯片,7,6,False,False,False,False,False,False,False,False,False,False,legacy_near,False,False,False,True,False,False,False,,False,False,,,False,False,False,False
2025-11-24,2025-11-25,603216,梦天家居,4,4,地产链,7,6,False,False,False,False,False,False,False,False,False,False,legacy_near,False,False,False,True,False,True,True,False,True,False,,5,False,False,False,False
2025-11-24,2025-11-25,600734,实达集团,3,3,人工智能,7,6,False,False,False,False,False,False,False,False,False,False,mid_2_3,False,False,True,False,False,True,True,False,True,False,,4,True,True,False,False
2025-11-24,2025-11-25,000070,特发信息,2,2,算力,7,6,False,False,False,False,False,False,False,False,False,False,mid_2_3,False,False,True,False,False,True,True,False,True,False,,3,True,True,False,False
2025-11-24,2025-11-25,000892,欢瑞世纪,2,2,人工智能,7,6,False,False,False,False,False,False,False,False,False,False,mid_2_3,False,False,True,False,False,True,True,False,True,False,,3,True,True,False,False
2025-11-24,2025-11-25,001296,长江材料,2,2,3D打印,7,6,False,False,False,False,False,False,False,False,False,False,mid_2_3,False,False,True,False,False,True,True,False,True,False,,3,False,False,False,False
2025-11-24,2025-11-25,002264,新华都,2,2,人工智能,7,6,False,False,False,False,False,False,False,False,False,False,mid_2_3,False,False,True,False,True,True,True,True,False,False,,3,True,True,False,False
2025-11-24,2025-11-25,002279,久其软件,2,2,人工智能,7,6,False,False,False,False,False,False,False,False,False,False,mid_2_3,False,False,True,False,False,False,False,,False,False,,,False,False,False,False
2025-11-24,2025-11-25,002285,世联行,2,2,地产链,7,6,False,False,False,False,False,False,False,False,False,False,mid_2_3,False,False,True,False,False,False,False,,False,False,,,False,False,False,False
2025-11-24,2025-11-25,002307,北新路桥,2,2,基础建设,7,6,False,False,False,False,False,False,False,False,False,False,mid_2_3,False,False,True,False,False,False,False,,False,False,,,False,False,False,False
2025-11-24,2025-11-25,603280,南方路机,2,2,基础建设,7,6,False,False,False,False,False,False,False,False,False,False,mid_2_3,False,False,True,False,False,False,False,,False,False,,,False,False,False,False
2025-11-24,2025-11-25,688227,品高股份,2,2,芯片,7,6,False,False,False,False,False,False,False,False,False,False,mid_2_3,False,False,True,False,True,True,True,False,True,False,,3,False,False,False,False
2025-11-25,2025-11-26,603216,梦天家居,5,5+,地产链,5,7,True,True,True,False,False,False,False,True,False,False,new_high|legacy_near,True,False,False,True,False,False,False,,False,False,,,False,False,True,False
2025-11-25,2025-11-26,600734,实达集团,4,4,人工智能,5,7,True,True,True,False,False,False,False,True,False,False,sub_high,False,True,False,False,False,True,True,True,False,False,,5,False,False,False,False
2025-11-25,2025-11-26,000070,特发信息,3,3,算力,5,7,True,True,True,False,False,False,False,True,False,False,h_minus_2|mid_2_3,False,False,True,False,False,True,True,False,True,False,,4,False,False,False,False
2025-11-25,2025-11-26,000892,欢瑞世纪,3,3,人工智能,5,7,True,True,True,False,False,False,False,True,False,False,h_minus_2|mid_2_3,False,False,True,False,False,True,True,False,True,False,,4,False,False,False,False
2025-11-25,2025-11-26,001296,长江材料,3,3,3D打印,5,7,True,True,True,False,False,False,False,True,False,False,h_minus_2|mid_2_3,False,False,True,False,False,False,False,,False,True,-8.9731,,False,False,False,False
2025-11-25,2025-11-26,002264,新华都,3,3,人工智能,5,7,True,True,True,False,False,False,False,True,False,False,h_minus_2|mid_2_3,False,False,True,False,True,True,True,True,False,False,,4,False,False,False,False
2025-11-25,2025-11-26,688227,品高股份,3,3,芯片,5,7,True,True,True,False,False,False,False,True,False,False,h_minus_2|mid_2_3,False,False,True,False,False,False,False,,False,False,,,False,False,False,False
2025-11-25,2025-11-26,000952,广济药业,2,2,流感,5,7,True,True,True,False,False,False,False,True,False,False,mid_2_3,False,False,True,False,False,True,True,True,False,False,,3,True,True,False,False
2025-11-25,2025-11-26,002413,雷科防务,2,2,商业航天,5,7,True,True,True,False,False,False,False,True,False,False,mid_2_3,False,False,True,False,False,True,True,False,True,False,,3,False,False,True,False
2025-11-25,2025-11-26,003018,金富科技,2,2,并购重组,5,7,True,True,True,False,False,False,False,True,False,False,mid_2_3,False,False,True,False,False,True,True,False,True,False,,3,True,True,True,False
2025-11-25,2025-11-26,600343,航天动力,2,2,商业航天,5,7,True,True,True,False,False,False,False,True,False,False,mid_2_3,False,False,True,False,False,False,False,,False,False,,,False,False,False,False
2025-11-25,2025-11-26,603778,国晟科技,2,2,锂电池,5,7,True,True,True,False,False,False,False,True,False,False,mid_2_3,False,False,True,False,False,False,False,,False,True,7.6404,,True,False,True,False
2025-11-26,2025-11-27,600734,实达集团,5,5+,人工智能,5,5,True,True,False,False,False,False,False,True,False,False,new_high,True,False,False,False,True,False,False,,False,False,,,False,False,True,False
2025-11-26,2025-11-27,000070,特发信息,4,4,通信,5,5,True,True,False,False,False,False,False,True,False,False,sub_high|legacy_near,False,True,False,True,False,False,False,,False,False,,,False,False,False,False
2025-11-26,2025-11-27,000892,欢瑞世纪,4,4,人工智能,5,5,True,True,False,False,False,False,False,True,False,False,sub_high|legacy_near,False,True,False,True,False,False,False,,False,False,,,False,False,False,False
2025-11-26,2025-11-27,002264,新华都,4,4,人工智能,5,5,True,True,False,False,False,False,False,True,False,False,sub_high|legacy_near,False,True,False,True,True,False,False,,False,True,-1.8536,,False,False,False,False
2025-11-26,2025-11-27,000952,广济药业,3,3,医药,5,5,True,True,False,False,False,False,False,True,False,False,h_minus_2|mid_2_3|legacy_near,False,False,True,True,True,True,True,False,True,False,,4,False,False,False,False
2025-11-26,2025-11-27,002413,雷科防务,3,3,商业航天,5,5,True,True,False,False,False,False,False,True,False,False,h_minus_2|mid_2_3|legacy_near,False,False,True,True,False,False,False,,False,False,,,True,False,True,False
2025-11-26,2025-11-27,003018,金富科技,3,3,通信,5,5,True,True,False,False,False,False,False,True,False,False,h_minus_2|mid_2_3|legacy_near,False,False,True,True,False,True,True,True,False,False,,4,True,True,True,False
2025-11-26,2025-11-27,000510,新金路,2,2,有色金属,5,5,True,True,False,False,False,False,False,True,False,False,mid_2_3,False,False,True,False,False,True,True,False,True,False,,3,False,False,False,False
2025-11-26,2025-11-27,000788,北大医药,2,2,医药,5,5,True,True,False,False,False,False,False,True,False,False,mid_2_3,False,False,True,False,False,False,False,,False,False,,,False,False,False,False
2025-11-26,2025-11-27,002114,罗平锌电,2,2,有色金属,5,5,True,True,False,False,False,False,False,True,False,False,mid_2_3,False,False,True,False,True,False,False,,False,False,,,False,False,True,False
2025-11-26,2025-11-27,002398,垒知集团,2,2,人工智能,5,5,True,True,False,False,False,False,False,True,False,False,mid_2_3,False,False,True,False,False,False,False,,False,False,,,False,False,False,False
2025-11-26,2025-11-27,002512,达华智能,2,2,海峡两岸,5,5,True,True,False,False,False,False,False,True,False,False,mid_2_3,False,False,True,False,False,False,False,,False,False,,,False,False,False,False
2025-11-26,2025-11-27,002596,海南瑞泽,2,2,旅游,5,5,True,True,False,False,False,False,False,True,False,True,mid_2_3,False,False,True,False,False,False,False,,False,False,,,True,False,False,False
2025-11-26,2025-11-27,002638,勤上股份,2,2,储能,5,5,True,True,False,False,False,False,False,True,False,False,mid_2_3,False,False,True,False,False,False,False,,False,False,,,False,False,False,False
2025-11-26,2025-11-27,600105,永鼎股份,2,2,通信,5,5,True,True,False,False,False,False,False,True,False,False,mid_2_3,False,False,True,False,False,False,False,,False,False,,,False,False,False,False
2025-11-26,2025-11-27,600828,茂业商业,2,2,零售,5,5,True,True,False,False,False,False,False,True,False,False,mid_2_3,False,False,True,False,False,True,True,True,False,False,,3,True,True,False,False
2025-11-26,2025-11-27,603155,新亚强,2,2,实控人变更,5,5,True,True,False,False,False,False,False,True,False,True,mid_2_3,False,False,True,False,False,False,False,,False,False,,,False,False,False,False
2025-11-26,2025-11-27,603906,龙蟠科技,2,2,锂电池,5,5,True,True,False,False,False,False,False,True,False,False,mid_2_3,False,False,True,False,False,False,False,,False,False,,,False,False,False,False
2025-11-26,2025-11-27,605255,天普股份,2,2,芯片,5,5,True,True,False,False,False,False,False,True,False,True,mid_2_3,False,False,True,False,False,False,False,,False,True,4.7307,,False,False,False,False
2025-11-26,2025-11-27,688048,长光华芯,2,2,芯片,5,5,True,True,False,False,False,False,False,True,False,True,mid_2_3,False,False,True,False,False,False,False,,False,False,,,False,False,False,False
2025-11-26,2025-11-27,688670,金迪克,2,2,医药,5,5,True,True,False,False,False,False,False,True,False,False,mid_2_3,False,False,True,False,False,False,False,,False,False,,,False,False,False,False
2025-11-27,2025-11-28,000952,广济药业,4,4,流感,4,5,True,True,True,False,True,False,False,False,False,False,new_high|legacy_near,True,False,False,True,False,False,False,,False,False,,,False,False,False,True
2025-11-27,2025-11-28,003018,金富科技,4,4,通信,4,5,True,True,True,False,True,False,False,False,False,True,new_high|legacy_near,True,False,False,True,True,True,True,True,False,False,,5,True,True,True,False
2025-11-27,2025-11-28,000510,新金路,3,3,有色金属,4,5,True,True,True,False,True,False,False,False,False,False,sub_high|mid_2_3|legacy_near,False,True,True,True,False,False,False,,False,False,,,False,False,False,False
2025-11-27,2025-11-28,600828,茂业商业,3,3,零售,4,5,True,True,True,False,True,False,False,False,False,False,sub_high|mid_2_3|legacy_near,False,True,True,True,True,True,True,False,True,False,,4,False,False,True,False
2025-11-27,2025-11-28,000078,海王生物,2,2,流感,4,5,True,True,True,False,True,False,False,False,False,False,h_minus_2|mid_2_3,False,False,True,False,False,True,True,False,True,False,,3,True,True,True,True
2025-11-27,2025-11-28,001387,雪祺电气,2,2,通信,4,5,True,True,True,False,True,False,False,False,False,False,h_minus_2|mid_2_3,False,False,True,False,False,False,False,,False,False,,,False,False,False,False
2025-11-27,2025-11-28,002187,广百股份,2,2,零售,4,5,True,True,True,False,True,False,False,False,False,False,h_minus_2|mid_2_3,False,False,True,False,False,False,False,,False,False,,,False,False,False,False
2025-11-27,2025-11-28,002702,海欣食品,2,2,食品饮料,4,5,True,True,True,False,True,False,False,False,False,False,h_minus_2|mid_2_3,False,False,True,False,False,True,True,False,True,False,,3,True,True,True,False
2025-11-27,2025-11-28,301111,粤万年青,2,2,流感,4,5,True,True,True,False,True,False,False,False,False,False,h_minus_2|mid_2_3,False,False,True,False,False,False,False,,False,False,,,False,False,False,True
2025-11-27,2025-11-28,600246,万通发展,2,2,芯片,4,5,True,True,True,False,True,False,False,False,False,False,h_minus_2|mid_2_3,False,False,True,False,False,False,False,,False,False,,,False,False,False,False
2025-11-28,2025-12-01,003018,金富科技,5,5+,通信,5,4,False,True,False,False,False,True,False,True,False,False,new_high,True,False,False,False,True,True,True,True,False,False,,6,True,True,False,False
2025-11-28,2025-12-01,600828,茂业商业,4,4,零售,5,4,False,True,False,False,False,True,False,True,False,False,sub_high,False,True,False,False,False,False,False,,False,True,-3.4146,,True,False,False,False
2025-11-28,2025-12-01,000078,海王生物,3,3,医药,5,4,False,True,False,False,False,True,False,True,False,True,h_minus_2|mid_2_3|legacy_near,False,False,True,True,False,True,True,False,True,False,,4,True,True,True,False
2025-11-28,2025-12-01,002702,海欣食品,3,3,食品饮料,5,4,False,True,False,False,False,True,False,True,False,False,h_minus_2|mid_2_3|legacy_near,False,False,True,True,False,True,True,False,True,False,,4,True,True,True,False
2025-11-28,2025-12-01,002632,道明光学,2,2,消费电子,5,4,False,True,False,False,False,True,False,True,False,False,mid_2_3|legacy_near,False,False,True,True,True,True,True,False,True,False,,3,True,True,True,False
2025-11-28,2025-12-01,002792,通宇通讯,2,2,商业航天,5,4,False,True,False,False,False,True,False,True,False,False,mid_2_3|legacy_near,False,False,True,True,True,True,True,True,False,False,,3,True,True,False,False
2025-11-28,2025-12-01,603353,和顺石油,2,2,并购重组,5,4,False,True,False,False,False,True,False,True,False,False,mid_2_3|legacy_near,False,False,True,True,False,False,False,,False,False,,,False,False,True,False
2025-11-28,2025-12-01,603778,国晟科技,2,2,锂电池,5,4,False,True,False,False,False,True,False,True,False,False,mid_2_3|legacy_near,False,False,True,True,False,True,True,False,True,False,,3,False,False,False,False
2025-11-28,2025-12-01,603933,睿能科技,2,2,海峡两岸,5,4,False,True,False,False,False,True,False,True,False,False,mid_2_3|legacy_near,False,False,True,True,False,True,True,False,True,False,,3,True,True,False,False
2025-12-01,2025-12-02,003018,金富科技,6,5+,通信,6,5,False,False,False,False,True,False,False,False,False,False,new_high,True,False,False,False,True,True,True,False,True,False,,7,False,False,False,True
2025-12-01,2025-12-02,000078,海王生物,4,4,医药,6,5,False,False,False,False,True,False,False,False,False,False,h_minus_2|legacy_near,False,False,False,True,False,True,True,False,True,False,,5,True,True,False,False
2025-12-01,2025-12-02,002702,海欣食品,4,4,食品饮料,6,5,False,False,False,False,True,False,False,False,False,False,h_minus_2|legacy_near,False,False,False,True,False,True,True,False,True,False,,5,True,True,False,False
2025-12-01,2025-12-02,002632,道明光学,3,3,消费电子,6,5,False,False,False,False,True,False,False,False,False,False,mid_2_3|legacy_near,False,False,True,True,False,True,True,True,False,False,,4,True,True,False,False
2025-12-01,2025-12-02,002792,通宇通讯,3,3,商业航天,6,5,False,False,False,False,True,False,False,False,False,False,mid_2_3|legacy_near,False,False,True,True,True,True,True,True,False,False,,4,False,False,False,False
2025-12-01,2025-12-02,603778,国晟科技,3,3,锂电池,6,5,False,False,False,False,True,False,False,False,False,False,mid_2_3|legacy_near,False,False,True,True,False,False,False,,False,False,,,False,False,False,False
2025-12-01,2025-12-02,603933,睿能科技,3,3,存储,6,5,False,False,False,False,True,False,False,False,False,False,mid_2_3|legacy_near,False,False,True,True,False,True,True,False,True,False,,4,False,False,True,False
2025-12-01,2025-12-02,000547,航天发展,2,2,商业航天,6,5,False,False,False,False,True,False,False,False,False,False,mid_2_3,False,False,True,False,False,True,True,False,True,False,,3,False,False,False,False
2025-12-01,2025-12-02,001318,阳光乳业,2,2,食品饮料,6,5,False,False,False,False,True,False,False,False,False,False,mid_2_3,False,False,True,False,False,False,False,,False,False,,,False,False,False,False
2025-12-01,2025-12-02,002353,杰瑞股份,2,2,发电机,6,5,False,False,False,False,True,False,False,False,False,False,mid_2_3,False,False,True,False,False,False,False,,False,False,,,True,False,False,False
2025-12-01,2025-12-02,002413,雷科防务,2,2,商业航天,6,5,False,False,False,False,True,False,False,False,False,False,mid_2_3,False,False,True,False,True,True,True,False,True,False,,3,False,False,False,False
2025-12-01,2025-12-02,002519,银河电子,2,2,商业航天,6,5,False,False,False,False,True,False,False,False,False,False,mid_2_3,False,False,True,False,False,False,False,,False,False,,,True,False,False,False
2025-12-01,2025-12-02,002565,顺灏股份,2,2,商业航天,6,5,False,False,False,False,True,False,False,False,False,False,mid_2_3,False,False,True,False,True,True,True,False,True,False,,3,True,True,False,False
2025-12-01,2025-12-02,002976,瑞玛精密,2,2,汽车零部件,6,5,False,False,False,False,True,False,False,False,False,False,mid_2_3,False,False,True,False,False,True,True,False,True,False,,3,False,False,False,False
2025-12-01,2025-12-02,002983,芯瑞达,2,2,端侧AI,6,5,False,False,False,False,True,False,False,False,False,False,mid_2_3,False,False,True,False,False,False,False,,False,True,5.1572,,False,False,False,False
2025-12-01,2025-12-02,600868,梅雁吉祥,2,2,有色金属,6,5,False,False,False,False,True,False,False,False,False,False,mid_2_3,False,False,True,False,False,False,False,,False,False,,,False,False,False,False
2025-12-01,2025-12-02,600977,中国电影,2,2,文化传媒,6,5,False,False,False,False,True,False,False,False,False,False,mid_2_3,False,False,True,False,True,False,False,,False,False,,,False,False,False,False
2025-12-01,2025-12-02,600981,苏豪汇鸿,2,2,跨境电商,6,5,False,False,False,False,True,False,False,False,False,False,mid_2_3,False,False,True,False,False,True,True,False,True,False,,3,False,False,False,False
2025-12-02,2025-12-03,003018,金富科技,7,5+,通信,7,6,False,False,False,False,False,True,False,False,False,False,new_high,True,False,False,False,False,False,False,,False,True,-9.9879,,False,False,False,False
2025-12-02,2025-12-03,000078,海王生物,5,5+,医药,7,6,False,False,False,False,False,True,False,False,False,False,h_minus_2|legacy_near,False,False,False,True,False,True,True,False,True,False,,6,False,False,True,False
2025-12-02,2025-12-03,002702,海欣食品,5,5+,食品饮料,7,6,False,False,False,False,False,True,False,False,False,False,h_minus_2|legacy_near,False,False,False,True,False,True,True,False,True,False,,6,False,False,True,False
2025-12-02,2025-12-03,002632,道明光学,4,4,消费电子,7,6,False,False,False,False,False,True,False,False,False,False,legacy_near,False,False,False,True,True,True,True,False,True,False,,5,False,False,False,False
2025-12-02,2025-12-03,002792,通宇通讯,4,4,商业航天,7,6,False,False,False,False,False,True,False,False,False,False,legacy_near,False,False,False,True,True,False,False,,False,False,,,False,False,False,False
2025-12-02,2025-12-03,603933,睿能科技,4,4,芯片,7,6,False,False,False,False,False,True,False,False,False,False,legacy_near,False,False,False,True,False,False,False,,False,False,,,True,False,False,False
2025-12-02,2025-12-03,000547,航天发展,3,3,商业航天,7,6,False,False,False,False,False,True,False,False,False,False,mid_2_3,False,False,True,False,False,False,False,,False,False,,,False,False,True,False
2025-12-02,2025-12-03,002413,雷科防务,3,3,商业航天,7,6,False,False,False,False,False,True,False,False,False,False,mid_2_3,False,False,True,False,False,False,False,,False,False,,,False,False,False,False
2025-12-02,2025-12-03,002565,顺灏股份,3,3,商业航天,7,6,False,False,False,False,False,True,False,False,False,False,mid_2_3,False,False,True,False,False,True,True,False,True,False,,4,False,False,True,False
2025-12-02,2025-12-03,002976,瑞玛精密,3,3,汽车零部件,7,6,False,False,False,False,False,True,False,False,False,False,mid_2_3,False,False,True,False,False,False,False,,False,False,,,False,False,False,False
2025-12-02,2025-12-03,600981,苏豪汇鸿,3,3,人工智能,7,6,False,False,False,False,False,True,False,False,False,False,mid_2_3,False,False,True,False,False,False,False,,False,True,-2.681,,False,False,True,False
2025-12-02,2025-12-03,000530,冰山冷热,2,2,体育产业,7,6,False,False,False,False,False,True,False,False,False,False,mid_2_3,False,False,True,False,False,False,False,,False,True,3.3557,,False,False,False,False
2025-12-02,2025-12-03,000859,国风新材,2,2,芯片,7,6,False,False,False,False,False,True,False,False,False,False,mid_2_3,False,False,True,False,False,False,False,,False,False,,,False,False,True,False
2025-12-02,2025-12-03,002348,高乐股份,2,2,实控人变更,7,6,False,False,False,False,False,True,False,False,False,False,mid_2_3,False,False,True,False,True,True,True,True,False,False,,3,True,True,False,False
2025-12-02,2025-12-03,301148,嘉戎技术,2,2,并购重组,7,6,False,False,False,False,False,True,False,False,False,False,mid_2_3,False,False,True,False,False,False,False,,False,False,,,False,False,False,False
2025-12-02,2025-12-03,603327,福蓉科技,2,2,端侧AI,7,6,False,False,False,False,False,True,False,False,False,False,mid_2_3,False,False,True,False,False,True,True,False,True,False,,3,False,False,False,False
2025-12-03,2025-12-04,000078,海王生物,6,5+,医药,6,7,True,True,True,False,False,False,True,False,False,False,new_high|legacy_near,True,False,False,True,False,False,False,,False,True,6.4159,,True,False,False,False
2025-12-03,2025-12-04,002702,海欣食品,6,5+,食品饮料,6,7,True,True,True,False,False,False,True,False,False,False,new_high|legacy_near,True,False,False,True,False,False,False,,False,False,,,True,False,False,False
2025-12-03,2025-12-04,002632,道明光学,5,5+,消费电子,6,7,True,True,True,False,False,False,True,False,False,False,sub_high|legacy_near,False,True,False,True,False,False,False,,False,False,,,False,False,False,False
2025-12-03,2025-12-04,002565,顺灏股份,4,4,商业航天,6,7,True,True,True,False,False,False,True,False,False,False,h_minus_2,False,False,False,False,False,False,False,,False,False,,,True,False,True,False
2025-12-03,2025-12-04,002348,高乐股份,3,3,实控人变更,6,7,True,True,True,False,False,False,True,False,False,True,mid_2_3,False,False,True,False,True,True,True,True,False,False,,4,False,False,False,False
2025-12-03,2025-12-04,603327,福蓉科技,3,3,端侧AI,6,7,True,True,True,False,False,False,True,False,False,False,mid_2_3,False,False,True,False,False,False,False,,False,False,,,False,False,False,False
2025-12-03,2025-12-04,002300,太阳电缆,2,2,海峡两岸,6,7,True,True,True,False,False,False,True,False,False,False,mid_2_3,False,False,True,False,False,True,True,True,False,False,,3,True,True,False,False
2025-12-03,2025-12-04,002686,亿利达,2,2,地产链,6,7,True,True,True,False,False,False,True,False,False,True,mid_2_3,False,False,True,False,False,False,False,,False,False,,,False,False,False,False
2025-12-03,2025-12-04,600408,安泰集团,2,2,煤炭,6,7,True,True,True,False,False,False,True,False,False,False,mid_2_3,False,False,True,False,False,False,False,,False,False,,,False,False,False,False
2025-12-03,2025-12-04,603696,安记食品,2,2,食品饮料,6,7,True,True,True,False,False,False,True,False,False,False,mid_2_3,False,False,True,False,False,True,True,False,True,False,,3,True,True,True,False
2025-12-03,2025-12-04,605108,同庆楼,2,2,食品饮料,6,7,True,True,True,False,False,False,True,False,False,False,mid_2_3,False,False,True,False,False,False,False,,False,False,,,False,False,False,False
2025-12-04,2025-12-05,002348,高乐股份,4,4,实控人变更,4,6,True,True,True,False,False,False,True,False,False,False,new_high|legacy_near,True,False,False,True,True,False,False,,False,False,,,False,False,False,False
2025-12-04,2025-12-05,002300,太阳电缆,3,3,海峡两岸,4,6,True,True,True,False,False,False,True,False,False,True,sub_high|mid_2_3,False,True,True,False,True,True,True,False,True,False,,4,False,False,False,False
2025-12-04,2025-12-05,603696,安记食品,3,3,食品饮料,4,6,True,True,True,False,False,False,True,False,True,True,sub_high|mid_2_3,False,True,True,False,False,True,True,False,True,False,,4,True,True,True,False
2025-12-04,2025-12-05,000692,惠天热电,2,2,热力,4,6,True,True,True,False,False,False,True,False,False,False,h_minus_2|mid_2_3,False,False,True,False,True,False,False,,False,False,,,False,False,False,False
2025-12-04,2025-12-05,001211,双枪科技,2,2,零售,4,6,True,True,True,False,False,False,True,False,False,False,h_minus_2|mid_2_3,False,False,True,False,False,False,False,,False,False,,,False,False,False,False
2025-12-04,2025-12-05,002589,瑞康医药,2,2,医药,4,6,True,True,True,False,False,False,True,False,True,True,h_minus_2|mid_2_3,False,False,True,False,False,True,True,False,True,False,,3,True,True,False,False
2025-12-04,2025-12-05,002682,龙洲股份,2,2,商业航天,4,6,True,True,True,False,False,False,True,False,False,False,h_minus_2|mid_2_3,False,False,True,False,False,True,True,True,False,False,,3,True,True,True,False
2025-12-04,2025-12-05,600151,航天机电,2,2,商业航天,4,6,True,True,True,False,False,False,True,False,False,False,h_minus_2|mid_2_3,False,False,True,False,False,True,True,False,True,False,,3,False,False,True,False
2025-12-04,2025-12-05,601399,国机重装,2,2,燃气轮机,4,6,True,True,True,False,False,False,True,False,False,False,h_minus_2|mid_2_3,False,False,True,False,False,True,True,False,True,False,,3,False,False,False,False
2025-12-04,2025-12-05,603386,骏亚科技,2,2,机器人概念,4,6,True,True,True,False,False,False,True,False,False,False,h_minus_2|mid_2_3,False,False,True,False,True,True,True,False,True,False,,3,True,True,True,False
2025-12-05,2025-12-08,002300,太阳电缆,4,4,海峡两岸,4,4,True,True,False,False,True,False,False,False,False,False,new_high,True,False,False,False,False,False,False,,False,False,,,False,False,False,True
2025-12-05,2025-12-08,603696,安记食品,4,4,食品饮料,4,4,True,True,False,False,True,False,False,False,False,False,new_high,True,False,False,False,False,True,True,True,False,False,,5,True,True,False,False
2025-12-05,2025-12-08,002589,瑞康医药,3,3,医药,4,4,True,True,False,False,True,False,False,False,False,False,sub_high|mid_2_3|legacy_near,False,True,True,True,False,True,True,False,True,False,,4,False,False,False,False
2025-12-05,2025-12-08,002682,龙洲股份,3,3,商业航天,4,4,True,True,False,False,True,False,False,False,False,False,sub_high|mid_2_3|legacy_near,False,True,True,True,True,True,True,True,False,False,,4,True,True,True,False
2025-12-05,2025-12-08,600151,航天机电,3,3,商业航天,4,4,True,True,False,False,True,False,False,False,False,False,sub_high|mid_2_3|legacy_near,False,True,True,True,False,False,False,,False,False,,,True,False,False,False
2025-12-05,2025-12-08,601399,国机重装,3,3,燃气轮机,4,4,True,True,False,False,True,False,False,False,False,False,sub_high|mid_2_3|legacy_near,False,True,True,True,False,False,False,,False,False,,,False,False,False,False
2025-12-05,2025-12-08,603386,骏亚科技,3,3,机器人概念,4,4,True,True,False,False,True,False,False,False,False,False,sub_high|mid_2_3|legacy_near,False,True,True,True,False,True,True,False,True,False,,4,True,True,False,False
2025-12-05,2025-12-08,002585,双星新材,2,2,化工,4,4,True,True,False,False,True,False,False,False,False,False,h_minus_2|mid_2_3|legacy_near,False,False,True,True,False,True,True,True,False,False,,3,False,False,False,False
2025-12-05,2025-12-08,002830,名雕股份,2,2,地产链,4,4,True,True,False,False,True,False,False,False,False,False,h_minus_2|mid_2_3|legacy_near,False,False,True,True,False,False,False,,False,False,,,False,False,False,False
2025-12-05,2025-12-08,603709,中源家居,2,2,地产链,4,4,True,True,False,False,True,False,False,False,False,False,h_minus_2|mid_2_3|legacy_near,False,False,True,True,False,False,False,,False,False,,,False,False,True,False
2025-12-05,2025-12-08,605299,舒华体育,2,2,海峡两岸,4,4,True,True,False,False,True,False,False,False,False,False,h_minus_2|mid_2_3|legacy_near,False,False,True,True,False,True,True,False,True,False,,3,True,True,False,True
2025-12-08,2025-12-09,603696,安记食品,5,5+,海峡两岸,5,4,False,True,False,False,False,True,True,False,True,True,new_high,True,False,False,False,True,True,True,False,True,False,,6,False,False,False,False
2025-12-08,2025-12-09,002589,瑞康医药,4,4,医药,5,4,False,True,False,False,False,True,True,False,False,False,sub_high,False,True,False,False,False,False,False,,False,False,,,False,False,False,False
2025-12-08,2025-12-09,002682,龙洲股份,4,4,海峡两岸,5,4,False,True,False,False,False,True,True,False,True,True,sub_high,False,True,False,False,True,True,True,False,True,False,,5,True,True,False,False
2025-12-08,2025-12-09,603386,骏亚科技,4,4,机器人概念,5,4,False,True,False,False,False,True,True,False,False,False,sub_high,False,True,False,False,False,True,True,False,True,False,,5,False,False,False,False
2025-12-08,2025-12-09,002585,双星新材,3,3,化工,5,4,False,True,False,False,False,True,True,False,False,False,h_minus_2|mid_2_3|legacy_near,False,False,True,True,True,False,False,,False,False,,,False,False,False,False
2025-12-08,2025-12-09,605299,舒华体育,3,3,海峡两岸,5,4,False,True,False,False,False,True,True,False,True,True,h_minus_2|mid_2_3|legacy_near,False,False,True,True,False,True,True,False,True,False,,4,False,False,False,False
2025-12-08,2025-12-09,000811,冰轮环境,2,2,燃气轮机,5,4,False,True,False,False,False,True,True,False,False,False,mid_2_3|legacy_near,False,False,True,True,False,False,False,,False,True,6.2963,,False,False,False,False
2025-12-08,2025-12-09,000901,航天科技,2,2,商业航天,5,4,False,True,False,False,False,True,True,False,False,False,mid_2_3|legacy_near,False,False,True,True,False,False,False,,False,False,,,False,False,False,False
2025-12-08,2025-12-09,000905,厦门港务,2,2,海峡两岸,5,4,False,True,False,False,False,True,True,False,True,True,mid_2_3|legacy_near,False,False,True,True,False,True,True,False,True,False,,3,True,True,False,False
2025-12-08,2025-12-09,001360,南矿集团,2,2,基础建设,5,4,False,True,False,False,False,True,True,False,False,False,mid_2_3|legacy_near,False,False,True,True,False,False,False,,False,False,,,True,False,False,False
2025-12-08,2025-12-09,002149,西部材料,2,2,商业航天,5,4,False,True,False,False,False,True,True,False,False,False,mid_2_3|legacy_near,False,False,True,True,True,False,False,,False,True,5.7599,,True,False,False,False
2025-12-08,2025-12-09,002295,精艺股份,2,2,金属铜,5,4,False,True,False,False,False,True,True,False,False,False,mid_2_3|legacy_near,False,False,True,True,False,False,False,,False,False,,,False,False,False,False
2025-12-08,2025-12-09,002565,顺灏股份,2,2,商业航天,5,4,False,True,False,False,False,True,True,False,False,False,mid_2_3|legacy_near,False,False,True,True,False,False,False,,False,False,,,False,False,False,False
2025-12-08,2025-12-09,002578,闽发铝业,2,2,海峡两岸,5,4,False,True,False,False,False,True,True,False,True,True,mid_2_3|legacy_near,False,False,True,True,False,False,False,,False,False,,,False,False,False,False
2025-12-08,2025-12-09,002679,福建金森,2,2,海峡两岸,5,4,False,True,False,False,False,True,True,False,True,True,mid_2_3|legacy_near,False,False,True,True,False,False,False,,False,False,,,False,False,False,False
2025-12-08,2025-12-09,002752,昇兴股份,2,2,海峡两岸,5,4,False,True,False,False,False,True,True,False,True,True,mid_2_3|legacy_near,False,False,True,True,False,True,True,True,False,False,,3,False,False,False,False
2025-12-08,2025-12-09,002961,瑞达期货,2,2,海峡两岸,5,4,False,True,False,False,False,True,True,False,True,True,mid_2_3|legacy_near,False,False,True,True,True,False,False,,False,False,,,False,False,False,False
2025-12-08,2025-12-09,002977,天箭科技,2,2,商业航天,5,4,False,True,False,False,False,True,True,False,False,False,mid_2_3|legacy_near,False,False,True,True,False,False,False,,False,False,,,False,False,False,False
2025-12-08,2025-12-09,300427,红相股份,2,2,商业航天,5,4,False,True,False,False,False,True,True,False,False,True,mid_2_3|legacy_near,False,False,True,True,False,False,False,,False,False,,,False,False,False,False
2025-12-08,2025-12-09,301486,致尚科技,2,2,通信,5,4,False,True,False,False,False,True,True,False,False,False,mid_2_3|legacy_near,False,False,True,True,False,False,False,,False,False,,,False,False,False,False
2025-12-08,2025-12-09,600343,航天动力,2,2,商业航天,5,4,False,True,False,False,False,True,True,False,False,False,mid_2_3|legacy_near,False,False,True,True,False,False,False,,False,False,,,False,False,True,False
2025-12-08,2025-12-09,600693,东百集团,2,2,海峡两岸,5,4,False,True,False,False,False,True,True,False,True,True,mid_2_3|legacy_near,False,False,True,True,False,True,True,True,False,False,,3,True,True,True,False
2025-12-08,2025-12-09,600734,实达集团,2,2,海峡两岸,5,4,False,True,False,False,False,True,True,False,True,True,mid_2_3|legacy_near,False,False,True,True,False,False,False,,False,False,,,False,False,False,False
2025-12-08,2025-12-09,600973,宝胜股份,2,2,通信,5,4,False,True,False,False,False,True,True,False,False,False,mid_2_3|legacy_near,False,False,True,True,False,False,False,,False,True,0.6173,,False,False,False,False
2025-12-08,2025-12-09,601106,中国一重,2,2,燃气轮机,5,4,False,True,False,False,False,True,True,False,False,False,mid_2_3|legacy_near,False,False,True,True,False,False,False,,False,False,,,False,False,False,False
2025-12-08,2025-12-09,603122,合富中国,2,2,海峡两岸,5,4,False,True,False,False,False,True,True,False,True,True,mid_2_3|legacy_near,False,False,True,True,False,False,False,,False,False,,,False,False,False,False
2025-12-09,2025-12-10,603696,安记食品,6,5+,食品饮料,6,5,False,False,False,False,True,False,False,False,False,False,new_high,True,False,False,False,False,False,False,,False,True,-2.3345,,False,False,False,True
2025-12-09,2025-12-10,002682,龙洲股份,5,5+,海峡两岸,6,5,False,False,False,False,True,False,False,False,False,False,sub_high,False,True,False,False,False,True,True,False,True,False,,6,False,False,True,False
2025-12-09,2025-12-10,603386,骏亚科技,5,5+,通信,6,5,False,False,False,False,True,False,False,False,False,False,sub_high,False,True,False,False,False,False,False,,False,False,,,False,False,False,False
2025-12-09,2025-12-10,605299,舒华体育,4,4,海峡两岸,6,5,False,False,False,False,True,False,False,False,False,False,h_minus_2|legacy_near,False,False,False,True,False,False,False,,False,True,-3.0612,,False,False,False,False
2025-12-09,2025-12-10,000905,厦门港务,3,3,海峡两岸,6,5,False,False,False,False,True,False,False,False,False,False,mid_2_3|legacy_near,False,False,True,True,False,True,True,False,True,False,,4,False,False,False,False
2025-12-09,2025-12-10,002752,昇兴股份,3,3,海峡两岸,6,5,False,False,False,False,True,False,False,False,False,False,mid_2_3|legacy_near,False,False,True,True,True,False,False,,False,True,-1.7241,,False,False,False,False
2025-12-09,2025-12-10,600693,东百集团,3,3,零售,6,5,False,False,False,False,True,False,False,False,False,False,mid_2_3|legacy_near,False,False,True,True,True,True,True,True,False,False,,4,True,True,False,False
2025-12-09,2025-12-10,001330,博纳影业,2,2,文化传媒,6,5,False,False,False,False,True,False,False,False,False,False,mid_2_3,False,False,True,False,False,True,True,False,True,False,,3,False,False,True,False
2025-12-09,2025-12-10,002235,安妮股份,2,2,实控人变更,6,5,False,False,False,False,True,False,False,False,False,False,mid_2_3,False,False,True,False,True,True,True,True,False,False,,3,True,True,False,False
2025-12-09,2025-12-10,002512,达华智能,2,2,商业航天,6,5,False,False,False,False,True,False,False,False,False,False,mid_2_3,False,False,True,False,False,False,False,,False,False,,,False,False,False,False
2025-12-09,2025-12-10,003031,中瓷电子,2,2,商业航天,6,5,False,False,False,False,True,False,False,False,False,False,mid_2_3,False,False,True,False,True,True,True,False,True,False,,3,False,False,False,False
2025-12-09,2025-12-10,600250,南京商旅,2,2,旅游,6,5,False,False,False,False,True,False,False,False,False,False,mid_2_3,False,False,True,False,False,False,False,,False,True,-3.9644,,True,False,False,False
2025-12-09,2025-12-10,600897,厦门空港,2,2,海峡两岸,6,5,False,False,False,False,True,False,False,False,False,False,mid_2_3,False,False,True,False,False,False,False,,False,False,,,False,False,False,False
2025-12-09,2025-12-10,601933,永辉超市,2,2,零售,6,5,False,False,False,False,True,False,False,False,False,False,mid_2_3,False,False,True,False,False,True,True,True,False,False,,3,False,False,False,False
2025-12-09,2025-12-10,603023,威帝股份,2,2,并购重组,6,5,False,False,False,False,True,False,False,False,False,False,mid_2_3,False,False,True,False,False,False,False,,False,False,,,False,False,False,False
2025-12-09,2025-12-10,603278,大业股份,2,2,商业航天,6,5,False,False,False,False,True,False,False,False,False,False,mid_2_3,False,False,True,False,False,False,False,,False,False,,,False,False,False,False
2025-12-09,2025-12-10,603601,再升科技,2,2,商业航天,6,5,False,False,False,False,True,False,False,False,False,False,mid_2_3,False,False,True,False,False,True,True,True,False,False,,3,True,True,True,False
2025-12-10,2025-12-11,002682,龙洲股份,6,5+,海峡两岸,6,6,True,True,False,False,True,True,False,True,False,False,new_high,True,False,False,False,False,False,False,,False,False,,,True,False,False,True
2025-12-10,2025-12-11,000905,厦门港务,4,4,海峡两岸,6,6,True,True,False,False,True,True,False,True,False,False,h_minus_2|legacy_near,False,False,False,True,False,False,False,,False,False,,,False,False,False,True
2025-12-10,2025-12-11,600693,东百集团,4,4,零售,6,6,True,True,False,False,True,True,False,True,False,False,h_minus_2|legacy_near,False,False,False,True,True,True,True,False,True,False,,5,False,False,False,False
2025-12-10,2025-12-11,001330,博纳影业,3,3,影视院线,6,6,True,True,False,False,True,True,False,True,False,False,mid_2_3,False,False,True,False,False,False,False,,False,True,3.5836,,True,False,False,False
2025-12-10,2025-12-11,002235,安妮股份,3,3,实控人变更,6,6,True,True,False,False,True,True,False,True,False,False,mid_2_3,False,False,True,False,True,True,True,False,True,False,,4,False,False,False,False
2025-12-10,2025-12-11,003031,中瓷电子,3,3,商业航天,6,6,True,True,False,False,True,True,False,True,False,False,mid_2_3,False,False,True,False,False,False,False,,False,False,,,False,False,False,False
2025-12-10,2025-12-11,601933,永辉超市,3,3,零售,6,6,True,True,False,False,True,True,False,True,False,False,mid_2_3,False,False,True,False,True,False,False,,False,False,,,False,False,False,False
2025-12-10,2025-12-11,603601,再升科技,3,3,商业航天,6,6,True,True,False,False,True,True,False,True,False,False,mid_2_3,False,False,True,False,True,True,True,False,True,False,,4,True,True,True,False
2025-12-10,2025-12-11,002105,信隆健康,2,2,海峡两岸,6,6,True,True,False,False,True,True,False,True,False,False,mid_2_3,False,False,True,False,False,False,False,,False,True,-8.547,,False,False,False,True
2025-12-10,2025-12-11,002725,跃岭股份,2,2,芯片,6,6,True,True,False,False,True,True,False,True,False,False,mid_2_3,False,False,True,False,False,True,True,False,True,False,,3,False,False,False,False
2025-12-10,2025-12-11,003016,欣贺股份,2,2,海峡两岸,6,6,True,True,False,False,True,True,False,True,False,False,mid_2_3,False,False,True,False,False,False,False,,False,False,,,False,False,False,True
2025-12-10,2025-12-11,600280,中央商场,2,2,零售,6,6,True,True,False,False,True,True,False,True,False,False,mid_2_3,False,False,True,False,False,False,False,,False,False,,,False,False,False,False
2025-12-10,2025-12-11,600330,天通股份,2,2,商业航天,6,6,True,True,False,False,True,True,False,True,False,False,mid_2_3,False,False,True,False,False,False,False,,False,False,,,False,False,False,False
2025-12-10,2025-12-11,600828,茂业商业,2,2,零售,6,6,True,True,False,False,True,True,False,True,False,False,mid_2_3,False,False,True,False,False,False,False,,False,False,,,False,False,False,False
2025-12-10,2025-12-11,601828,美凯龙,2,2,零售,6,6,True,True,False,False,True,True,False,True,False,False,mid_2_3,False,False,True,False,False,False,False,,False,False,,,False,False,True,False
2025-12-10,2025-12-11,603879,永悦科技,2,2,海峡两岸,6,6,True,True,False,False,True,True,False,True,False,False,mid_2_3,False,False,True,False,False,False,False,,False,False,,,False,False,False,True
2025-12-11,2025-12-12,600693,东百集团,5,5+,零售,5,6,True,True,True,False,True,True,False,True,False,False,new_high|legacy_near,True,False,False,True,False,False,False,,False,False,,,False,False,False,True
2025-12-11,2025-12-12,002235,安妮股份,4,4,实控人变更,5,6,True,True,True,False,True,True,False,True,False,False,sub_high|legacy_near,False,True,False,True,False,False,False,,False,False,,,False,False,False,False
2025-12-11,2025-12-12,603601,再升科技,4,4,商业航天,5,6,True,True,True,False,True,True,False,True,False,False,sub_high|legacy_near,False,True,False,True,False,True,True,False,True,False,,5,True,True,False,False
2025-12-11,2025-12-12,002725,跃岭股份,3,3,芯片,5,6,True,True,True,False,True,True,False,True,False,False,h_minus_2|mid_2_3,False,False,True,False,False,False,False,,False,False,,,False,False,False,False
2025-12-11,2025-12-12,000950,重药控股,2,2,减肥药,5,6,True,True,True,False,True,True,False,True,False,False,mid_2_3,False,False,True,False,True,False,False,,False,False,,,True,False,False,False
2025-12-11,2025-12-12,600678,四川金顶,2,2,商业航天,5,6,True,True,True,False,True,True,False,True,False,False,mid_2_3,False,False,True,False,False,False,False,,False,False,,,False,False,False,False
2025-12-11,2025-12-12,603506,南都物业,2,2,地产链,5,6,True,True,True,False,True,True,False,True,False,False,mid_2_3,False,False,True,False,False,False,False,,False,False,,,False,False,False,False
2025-12-11,2025-12-12,603709,中源家居,2,2,地产链,5,6,True,True,True,False,True,True,False,True,False,False,mid_2_3,False,False,True,False,False,True,True,False,True,False,,3,False,False,False,False
2025-12-11,2025-12-12,605358,立昂微,2,2,商业航天,5,6,True,True,True,False,True,True,False,True,False,False,mid_2_3,False,False,True,False,False,False,False,,False,False,,,False,False,False,False
2025-12-12,2025-12-15,603601,再升科技,5,5+,商业航天,5,5,True,True,False,False,True,True,False,False,False,False,new_high,True,False,False,False,False,True,True,False,True,False,,6,False,False,False,True
2025-12-12,2025-12-15,603709,中源家居,3,3,智能家居,5,5,True,True,False,False,True,True,False,False,False,True,h_minus_2|mid_2_3|legacy_near,False,False,True,True,False,False,False,,False,True,-7.4245,,False,False,False,False
2025-12-12,2025-12-15,000890,法尔胜,2,2,通信,5,5,True,True,False,False,True,True,False,False,False,False,mid_2_3,False,False,True,False,False,True,True,True,False,False,,3,True,True,False,False
2025-12-12,2025-12-15,001208,华菱线缆,2,2,商业航天,5,5,True,True,False,False,True,True,False,False,False,False,mid_2_3,False,False,True,False,True,True,True,True,False,False,,3,True,True,False,True
2025-12-12,2025-12-15,002309,中利集团,2,2,商业航天,5,5,True,True,False,False,True,True,False,False,False,False,mid_2_3,False,False,True,False,True,False,False,,False,False,,,False,False,False,True
2025-12-12,2025-12-15,002471,中超控股,2,2,燃气轮机,5,5,True,True,False,False,True,True,False,False,False,False,mid_2_3,False,False,True,False,False,True,True,True,False,False,,3,False,False,False,False
2025-12-12,2025-12-15,002639,雪人集团,2,2,核电,5,5,True,True,False,False,True,True,False,False,False,False,mid_2_3,False,False,True,False,False,True,True,False,True,False,,3,False,False,False,False
2025-12-12,2025-12-15,300265,通光线缆,2,2,商业航天,5,5,True,True,False,False,True,True,False,False,False,False,mid_2_3,False,False,True,False,False,False,False,,False,False,,,False,False,False,True
2025-12-12,2025-12-15,600343,航天动力,2,2,商业航天,5,5,True,True,False,False,True,True,False,False,False,False,mid_2_3,False,False,True,False,False,False,False,,False,False,,,False,False,False,True
2025-12-12,2025-12-15,600865,百大集团,2,2,零售,5,5,True,True,False,False,True,True,False,False,True,True,mid_2_3,False,False,True,False,False,True,True,False,True,False,,3,True,True,True,False
2025-12-12,2025-12-15,600936,广西广电,2,2,机器人概念,5,5,True,True,False,False,True,True,False,False,False,False,mid_2_3,False,False,True,False,False,True,True,False,True,False,,3,False,False,False,False
2025-12-12,2025-12-15,603929,亚翔集成,2,2,芯片,5,5,True,True,False,False,True,True,False,False,False,False,mid_2_3,False,False,True,False,False,False,False,,False,False,,,False,False,False,False
2025-12-15,2025-12-16,603601,再升科技,6,5+,商业航天,6,5,False,False,False,False,False,True,False,False,False,False,new_high,True,False,False,False,False,False,False,,False,False,,,False,False,False,False
2025-12-15,2025-12-16,000890,法尔胜,3,3,通信,6,5,False,False,False,False,False,True,False,False,False,False,mid_2_3|legacy_near,False,False,True,True,True,True,True,True,False,False,,4,False,False,False,False
2025-12-15,2025-12-16,001208,华菱线缆,3,3,商业航天,6,5,False,False,False,False,False,True,False,False,False,False,mid_2_3|legacy_near,False,False,True,True,True,True,True,False,True,False,,4,False,False,False,False
2025-12-15,2025-12-16,002471,中超控股,3,3,商业航天,6,5,False,False,False,False,False,True,False,False,False,False,mid_2_3|legacy_near,False,False,True,True,True,False,False,,False,False,,,False,False,False,False
2025-12-15,2025-12-16,002639,雪人集团,3,3,核电,6,5,False,False,False,False,False,True,False,False,False,False,mid_2_3|legacy_near,False,False,True,True,False,False,False,,False,False,,,False,False,False,False
2025-12-15,2025-12-16,600865,百大集团,3,3,零售,6,5,False,False,False,False,False,True,False,False,False,False,mid_2_3|legacy_near,False,False,True,True,False,True,True,True,False,False,,4,True,True,True,False
2025-12-15,2025-12-16,600936,广西广电,3,3,并购重组,6,5,False,False,False,False,False,True,False,False,False,False,mid_2_3|legacy_near,False,False,True,True,False,False,False,,False,False,,,False,False,False,False
2025-12-15,2025-12-16,001331,胜通能源,2,2,实控人变更,6,5,False,False,False,False,False,True,False,False,False,False,mid_2_3,False,False,True,False,True,True,True,True,False,False,,3,True,True,True,False
2025-12-15,2025-12-16,002300,太阳电缆,2,2,智能电网,6,5,False,False,False,False,False,True,False,False,False,False,mid_2_3,False,False,True,False,True,True,True,False,True,False,,3,False,False,False,False
2025-12-15,2025-12-16,002374,中锐股份,2,2,酿酒,6,5,False,False,False,False,False,True,False,False,False,False,mid_2_3,False,False,True,False,False,False,False,,False,False,,,False,False,False,False
2025-12-15,2025-12-16,600151,航天机电,2,2,商业航天,6,5,False,False,False,False,False,True,False,False,False,False,mid_2_3,False,False,True,False,False,False,False,,False,False,,,False,False,False,False
2025-12-15,2025-12-16,600192,长城电工,2,2,核电,6,5,False,False,False,False,False,True,False,False,False,False,mid_2_3,False,False,True,False,True,False,False,,False,False,,,False,False,False,False
2025-12-15,2025-12-16,601700,风范股份,2,2,智能电网,6,5,False,False,False,False,False,True,False,False,False,False,mid_2_3,False,False,True,False,True,False,False,,False,False,,,False,False,False,False
2025-12-16,2025-12-17,000890,法尔胜,4,4,通信,4,6,True,True,True,False,True,False,True,False,False,False,new_high|legacy_near,True,False,False,True,True,False,False,,False,True,1.2658,,False,False,False,False
2025-12-16,2025-12-17,001208,华菱线缆,4,4,商业航天,4,6,True,True,True,False,True,False,True,False,True,True,new_high|legacy_near,True,False,False,True,False,False,False,,False,False,,,False,False,False,True
2025-12-16,2025-12-17,600865,百大集团,4,4,零售,4,6,True,True,True,False,True,False,True,False,False,False,new_high|legacy_near,True,False,False,True,True,True,True,False,True,False,,5,True,True,False,False
2025-12-16,2025-12-17,001331,胜通能源,3,3,实控人变更,4,6,True,True,True,False,True,False,True,False,False,False,sub_high|mid_2_3,False,True,True,False,True,True,True,True,False,False,,4,True,True,True,False
2025-12-16,2025-12-17,002300,太阳电缆,3,3,电气设备,4,6,True,True,True,False,True,False,True,False,False,False,sub_high|mid_2_3,False,True,True,False,False,False,False,,False,False,,,False,False,False,False
2025-12-16,2025-12-17,001317,三羊马,2,2,智能驾驶,4,6,True,True,True,False,True,False,True,False,False,False,h_minus_2|mid_2_3,False,False,True,False,False,True,True,False,True,False,,3,False,False,False,False
2025-12-16,2025-12-17,002187,广百股份,2,2,零售,4,6,True,True,True,False,True,False,True,False,False,False,h_minus_2|mid_2_3,False,False,True,False,False,False,False,,False,False,,,False,False,False,False
2025-12-16,2025-12-17,002329,皇氏集团,2,2,食品饮料,4,6,True,True,True,False,True,False,True,False,False,False,h_minus_2|mid_2_3,False,False,True,False,True,False,False,,False,False,,,True,False,False,False
2025-12-16,2025-12-17,002697,红旗连锁,2,2,零售,4,6,True,True,True,False,True,False,True,False,False,False,h_minus_2|mid_2_3,False,False,True,False,False,False,False,,False,True,2.6277,,False,False,False,False
2025-12-16,2025-12-17,002792,通宇通讯,2,2,商业航天,4,6,True,True,True,False,True,False,True,False,True,True,h_minus_2|mid_2_3,False,False,True,False,False,False,False,,False,False,,,False,False,False,True
2025-12-16,2025-12-17,002853,皮阿诺,2,2,实控人变更,4,6,True,True,True,False,True,False,True,False,False,False,h_minus_2|mid_2_3,False,False,True,False,True,True,True,False,True,False,,3,True,True,False,False
2025-12-16,2025-12-17,600271,航天信息,2,2,海峡两岸,4,6,True,True,True,False,True,False,True,False,False,False,h_minus_2|mid_2_3,False,False,True,False,False,False,False,,False,False,,,False,False,False,False
2025-12-16,2025-12-17,600879,航天电子,2,2,商业航天,4,6,True,True,True,False,True,False,True,False,True,True,h_minus_2|mid_2_3,False,False,True,False,False,False,False,,False,False,,,False,False,False,True
2025-12-17,2025-12-18,600865,百大集团,5,5+,零售,5,4,False,True,False,False,True,True,True,False,False,False,new_high,True,False,False,False,False,True,True,False,True,False,,6,False,False,False,True
2025-12-17,2025-12-18,001331,胜通能源,4,4,实控人变更,5,4,False,True,False,False,True,True,True,False,False,False,sub_high,False,True,False,False,True,True,True,True,False,False,,5,True,True,True,False
2025-12-17,2025-12-18,001317,三羊马,3,3,无人驾驶,5,4,False,True,False,False,True,True,True,False,False,False,h_minus_2|mid_2_3|legacy_near,False,False,True,True,False,False,False,,False,True,-6.4685,,False,False,False,False
2025-12-17,2025-12-18,002853,皮阿诺,3,3,实控人变更,5,4,False,True,False,False,True,True,True,False,False,False,h_minus_2|mid_2_3|legacy_near,False,False,True,True,False,True,True,False,True,False,,4,False,False,False,False
2025-12-17,2025-12-18,001255,博菲电气,2,2,智能电网,5,4,False,True,False,False,True,True,True,False,False,True,mid_2_3|legacy_near,False,False,True,True,False,True,True,False,True,False,,3,False,False,False,False
2025-12-17,2025-12-18,002703,浙江世宝,2,2,无人驾驶,5,4,False,True,False,False,True,True,True,False,False,False,mid_2_3|legacy_near,False,False,True,True,False,True,True,False,True,False,,3,True,True,False,False
2025-12-17,2025-12-18,601366,利群股份,2,2,零售,5,4,False,True,False,False,True,True,True,False,False,False,mid_2_3|legacy_near,False,False,True,True,False,True,True,False,True,False,,3,False,False,False,True
2025-12-17,2025-12-18,603123,翠微股份,2,2,金融概念,5,4,False,True,False,False,True,True,True,False,False,False,mid_2_3|legacy_near,False,False,True,True,False,False,False,,False,False,,,False,False,False,False
2025-12-18,2025-12-19,600865,百大集团,6,5+,零售,6,5,False,False,False,False,False,True,False,False,False,False,new_high,True,False,False,False,False,False,False,,False,False,,,False,False,False,False
2025-12-18,2025-12-19,001331,胜通能源,5,5+,实控人变更,6,5,False,False,False,False,False,True,False,False,False,False,sub_high,False,True,False,False,True,True,True,True,False,False,,6,True,True,True,False
2025-12-18,2025-12-19,002853,皮阿诺,4,4,实控人变更,6,5,False,False,False,False,False,True,False,False,False,False,h_minus_2|legacy_near,False,False,False,True,False,False,False,,False,True,4.0703,,False,False,False,False
2025-12-18,2025-12-19,001255,博菲电气,3,3,智能电网,6,5,False,False,False,False,False,True,False,False,False,False,mid_2_3|legacy_near,False,False,True,True,False,False,False,,False,False,,,False,False,False,False
2025-12-18,2025-12-19,002703,浙江世宝,3,3,智能驾驶,6,5,False,False,False,False,False,True,False,False,False,False,mid_2_3|legacy_near,False,False,True,True,False,True,True,False,True,False,,4,False,False,False,False
2025-12-18,2025-12-19,601366,利群股份,3,3,零售,6,5,False,False,False,False,False,True,False,False,False,False,mid_2_3|legacy_near,False,False,True,True,False,False,False,,False,False,,,False,False,False,False
2025-12-18,2025-12-19,002044,美年健康,2,2,AI医疗,6,5,False,False,False,False,False,True,False,False,False,False,mid_2_3,False,False,True,False,False,False,False,,False,False,,,False,False,False,False
2025-12-18,2025-12-19,002188,中天服务,2,2,地产链,6,5,False,False,False,False,False,True,False,False,False,False,mid_2_3,False,False,True,False,False,True,True,False,True,False,,3,False,False,False,False
2025-12-18,2025-12-19,002788,鹭燕医药,2,2,医药,6,5,False,False,False,False,False,True,False,False,False,False,mid_2_3,False,False,True,False,True,True,True,True,False,False,,3,True,True,True,False
2025-12-18,2025-12-19,002865,钧达股份,2,2,光伏,6,5,False,False,False,False,False,True,False,False,False,False,mid_2_3,False,False,True,False,False,False,False,,False,False,,,False,False,False,False
2025-12-18,2025-12-19,002910,庄园牧场,2,2,食品饮料,6,5,False,False,False,False,False,True,False,False,False,False,mid_2_3,False,False,True,False,False,True,True,False,True,False,,3,True,True,False,False
2025-12-18,2025-12-19,002969,嘉美包装,2,2,实控人变更,6,5,False,False,False,False,False,True,False,False,False,False,mid_2_3,False,False,True,False,True,True,True,True,False,False,,3,True,True,True,False
2025-12-18,2025-12-19,600250,南京商旅,2,2,文创产品,6,5,False,False,False,False,False,True,False,False,False,False,mid_2_3,False,False,True,False,False,False,False,,False,True,-0.1368,,False,False,False,False
2025-12-18,2025-12-19,601869,长飞光纤,2,2,通信,6,5,False,False,False,False,False,True,False,False,False,False,mid_2_3,False,False,True,False,False,False,False,,False,False,,,True,False,False,False
2025-12-18,2025-12-19,603585,苏利股份,2,2,农业,6,5,False,False,False,False,False,True,False,False,False,False,mid_2_3,False,False,True,False,False,True,True,False,True,False,,3,False,False,False,False
2025-12-18,2025-12-19,603703,盛洋科技,2,2,商业航天,6,5,False,False,False,False,False,True,False,False,False,False,mid_2_3,False,False,True,False,True,False,False,,False,False,,,False,False,False,False
2025-12-18,2025-12-19,605365,立达信,2,2,海峡两岸,6,5,False,False,False,False,False,True,False,False,False,False,mid_2_3,False,False,True,False,False,False,False,,False,False,,,False,False,False,False
2025-12-19,2025-12-22,001331,胜通能源,6,5+,实控人变更,6,6,True,True,False,False,False,False,True,False,False,False,new_high,True,False,False,False,True,True,True,True,False,False,,7,True,True,True,False
2025-12-19,2025-12-22,002703,浙江世宝,4,4,智能驾驶,6,6,True,True,False,False,False,False,True,False,False,False,h_minus_2|legacy_near,False,False,False,True,False,False,False,,False,True,5.5968,,False,False,True,False
2025-12-19,2025-12-22,002188,中天服务,3,3,地产链,6,6,True,True,False,False,False,False,True,False,False,True,mid_2_3,False,False,True,False,False,False,False,,False,True,-9.9063,,False,False,False,False
2025-12-19,2025-12-22,002788,鹭燕医药,3,3,医药,6,6,True,True,False,False,False,False,True,False,False,False,mid_2_3,False,False,True,False,True,True,True,False,True,False,,4,True,True,False,False
2025-12-19,2025-12-22,002910,庄园牧场,3,3,食品饮料,6,6,True,True,False,False,False,False,True,False,False,False,mid_2_3,False,False,True,False,False,True,True,False,True,False,,4,False,False,False,False
2025-12-19,2025-12-22,002969,嘉美包装,3,3,实控人变更,6,6,True,True,False,False,False,False,True,False,False,False,mid_2_3,False,False,True,False,True,True,True,True,False,False,,4,True,True,True,False
2025-12-19,2025-12-22,603585,苏利股份,3,3,农业,6,6,True,True,False,False,False,False,True,False,False,False,mid_2_3,False,False,True,False,False,False,False,,False,False,,,False,False,False,False
2025-12-19,2025-12-22,000863,三湘印象,2,2,文创产品,6,6,True,True,False,False,False,False,True,False,False,False,mid_2_3,False,False,True,False,False,False,False,,False,False,,,False,False,False,False
2025-12-19,2025-12-22,002149,西部材料,2,2,商业航天,6,6,True,True,False,False,False,False,True,False,False,False,mid_2_3,False,False,True,False,False,False,False,,False,False,,,False,False,False,False
2025-12-19,2025-12-22,002361,神剑股份,2,2,商业航天,6,6,True,True,False,False,False,False,True,False,False,False,mid_2_3,False,False,True,False,False,True,True,False,True,False,,3,True,True,True,False
2025-12-19,2025-12-22,600838,上海九百,2,2,零售,6,6,True,True,False,False,False,False,True,False,True,True,mid_2_3,False,False,True,False,False,False,False,,False,True,3.697,,False,False,False,False
2025-12-19,2025-12-22,601566,九牧王,2,2,服装家纺,6,6,True,True,False,False,False,False,True,False,False,False,mid_2_3,False,False,True,False,False,False,False,,False,False,,,False,False,False,False
2025-12-19,2025-12-22,603023,威帝股份,2,2,智能驾驶,6,6,True,True,False,False,False,False,True,False,False,False,mid_2_3,False,False,True,False,False,False,False,,False,True,3.1034,,False,False,False,False
2025-12-19,2025-12-22,603679,华体科技,2,2,低空经济,6,6,True,True,False,False,False,False,True,False,False,False,mid_2_3,False,False,True,False,True,False,False,,False,True,-9.943,,False,False,False,False
2025-12-19,2025-12-22,605318,法狮龙,2,2,地产链,6,6,True,True,False,False,False,False,True,False,False,False,mid_2_3,False,False,True,False,False,False,False,,False,False,,,False,False,False,False
2025-12-22,2025-12-23,001331,胜通能源,7,5+,实控人变更,7,6,False,False,False,False,False,False,False,False,False,False,new_high,True,False,False,False,True,True,True,True,False,False,,8,True,True,True,False
2025-12-22,2025-12-23,002788,鹭燕医药,4,4,医药,7,6,False,False,False,False,False,False,False,False,False,False,legacy_near,False,False,False,True,False,True,True,False,True,False,,5,False,False,False,False
2025-12-22,2025-12-23,002910,庄园牧场,4,4,食品饮料,7,6,False,False,False,False,False,False,False,False,False,False,legacy_near,False,False,False,True,False,False,False,,False,False,,,False,False,False,False
2025-12-22,2025-12-23,002969,嘉美包装,4,4,实控人变更,7,6,False,False,False,False,False,False,False,False,False,False,legacy_near,False,False,False,True,True,True,True,True,False,False,,5,True,True,True,False
2025-12-22,2025-12-23,002361,神剑股份,3,3,商业航天,7,6,False,False,False,False,False,False,False,False,False,False,mid_2_3,False,False,True,False,False,True,True,False,True,False,,4,True,True,True,False
2025-12-22,2025-12-23,000523,红棉股份,2,2,食品饮料,7,6,False,False,False,False,False,False,False,False,False,False,mid_2_3,False,False,True,False,False,False,False,,False,False,,,False,False,False,False
2025-12-22,2025-12-23,000566,海南海药,2,2,海南,7,6,False,False,False,False,False,False,False,False,False,False,mid_2_3,False,False,True,False,False,True,True,False,True,False,,3,False,False,False,False
2025-12-22,2025-12-23,000981,山子高科,2,2,汽车类,7,6,False,False,False,False,False,False,False,False,False,False,mid_2_3,False,False,True,False,False,False,False,,False,False,,,False,False,False,False
2025-12-22,2025-12-23,001336,楚环科技,2,2,创投,7,6,False,False,False,False,False,False,False,False,False,False,mid_2_3,False,False,True,False,False,True,True,False,True,False,,3,False,False,False,False
2025-12-22,2025-12-23,002046,国机精工,2,2,商业航天,7,6,False,False,False,False,False,False,False,False,False,False,mid_2_3,False,False,True,False,False,False,False,,False,False,,,True,False,False,False
2025-12-22,2025-12-23,002163,海南发展,2,2,海南,7,6,False,False,False,False,False,False,False,False,False,False,mid_2_3,False,False,True,False,False,True,True,True,False,False,,3,True,True,False,False
2025-12-22,2025-12-23,002596,海南瑞泽,2,2,海南,7,6,False,False,False,False,False,False,False,False,False,False,mid_2_3,False,False,True,False,False,True,True,False,True,False,,3,False,False,False,False
2025-12-22,2025-12-23,002666,德联集团,2,2,核电,7,6,False,False,False,False,False,False,False,False,False,False,mid_2_3,False,False,True,False,True,False,False,,False,False,,,False,False,False,False
2025-12-22,2025-12-23,601106,中国一重,2,2,核电,7,6,False,False,False,False,False,False,False,False,False,False,mid_2_3,False,False,True,False,False,False,False,,False,False,,,False,False,False,False
2025-12-22,2025-12-23,603069,海汽集团,2,2,海南,7,6,False,False,False,False,False,False,False,False,False,False,mid_2_3,False,False,True,False,False,True,True,True,False,False,,3,False,False,False,False
2025-12-22,2025-12-23,603977,国泰集团,2,2,核电,7,6,False,False,False,False,False,False,False,False,False,False,mid_2_3,False,False,True,False,True,False,False,,False,False,,,False,False,False,False
2025-12-23,2025-12-24,001331,胜通能源,8,5+,实控人变更,8,7,False,False,False,True,True,False,False,False,False,False,new_high,True,False,False,False,True,True,True,True,False,False,,9,True,True,True,True
2025-12-23,2025-12-24,002788,鹭燕医药,5,5+,医药零售,8,7,False,False,False,True,True,False,False,False,False,False,legacy_near,False,False,False,True,False,False,False,,False,True,6.2162,,False,False,False,False
2025-12-23,2025-12-24,002969,嘉美包装,5,5+,实控人变更,8,7,False,False,False,True,True,False,False,False,False,False,legacy_near,False,False,False,True,True,True,True,True,False,False,,6,True,True,True,True
2025-12-23,2025-12-24,002361,神剑股份,4,4,商业航天,8,7,False,False,False,True,True,False,False,False,False,False,,False,False,False,False,False,True,True,False,True,False,,5,True,True,True,False
2025-12-23,2025-12-24,000566,海南海药,3,3,海南,8,7,False,False,False,True,True,False,False,False,False,False,mid_2_3,False,False,True,False,False,False,False,,False,False,,,False,False,False,False
2025-12-23,2025-12-24,001336,楚环科技,3,3,创投,8,7,False,False,False,True,True,False,False,False,False,False,mid_2_3,False,False,True,False,False,False,False,,False,False,,,False,False,False,False
2025-12-23,2025-12-24,002163,海南发展,3,3,海南,8,7,False,False,False,True,True,False,False,False,False,False,mid_2_3,False,False,True,False,True,True,True,False,True,False,,4,False,False,True,False
2025-12-23,2025-12-24,002596,海南瑞泽,3,3,海南,8,7,False,False,False,True,True,False,False,False,False,False,mid_2_3,False,False,True,False,False,False,False,,False,False,,,False,False,False,False
2025-12-23,2025-12-24,603069,海汽集团,3,3,海南,8,7,False,False,False,True,True,False,False,False,False,False,mid_2_3,False,False,True,False,True,False,False,,False,False,,,False,False,True,False
2025-12-23,2025-12-24,000551,创元科技,2,2,芯片,8,7,False,False,False,True,True,False,False,False,False,False,mid_2_3,False,False,True,False,False,True,True,True,False,False,,3,True,True,False,False
2025-12-23,2025-12-24,002228,合兴包装,2,2,海峡两岸,8,7,False,False,False,True,True,False,False,False,False,False,mid_2_3,False,False,True,False,False,True,True,False,True,False,,3,True,True,False,False
2025-12-23,2025-12-24,002810,山东赫达,2,2,化工,8,7,False,False,False,True,True,False,False,False,False,False,mid_2_3,False,False,True,False,False,False,False,,False,False,,,False,False,False,False
2025-12-23,2025-12-24,600179,安通控股,2,2,海南,8,7,False,False,False,True,True,False,False,False,False,False,mid_2_3,False,False,True,False,False,True,True,False,True,False,,3,True,True,True,False
2025-12-23,2025-12-24,603163,圣晖集成,2,2,芯片,8,7,False,False,False,True,True,False,False,False,False,False,mid_2_3,False,False,True,False,False,True,True,False,True,False,,3,True,True,False,False
2025-12-23,2025-12-24,603696,安记食品,2,2,海峡两岸,8,7,False,False,False,True,True,False,False,False,False,False,mid_2_3,False,False,True,False,True,True,True,False,True,False,,3,False,False,False,False
2025-12-23,2025-12-24,603929,亚翔集成,2,2,芯片,8,7,False,False,False,True,True,False,False,False,False,False,mid_2_3,False,False,True,False,False,False,False,,False,False,,,False,False,False,False
2025-12-23,2025-12-24,605167,利柏特,2,2,核电,8,7,False,False,False,True,True,False,False,False,False,False,mid_2_3,False,False,True,False,False,False,False,,False,False,,,False,False,False,False
2025-12-24,2025-12-25,001331,胜通能源,9,5+,实控人变更,9,8,False,False,False,True,True,True,False,False,False,False,new_high,True,False,False,False,True,True,True,True,False,False,,10,True,True,True,True
2025-12-24,2025-12-25,002969,嘉美包装,6,5+,实控人变更,9,8,False,False,False,True,True,True,False,False,False,False,legacy_near,False,False,False,True,True,True,True,True,False,False,,7,True,True,True,True
2025-12-24,2025-12-25,002361,神剑股份,5,5+,商业航天,9,8,False,False,False,True,True,True,False,False,False,False,,False,False,False,False,False,True,True,False,True,False,,6,True,True,True,False
2025-12-24,2025-12-25,002163,海南发展,4,4,海南,9,8,False,False,False,True,True,True,False,False,False,False,,False,False,False,False,False,False,False,,False,False,,,True,False,False,False
2025-12-24,2025-12-25,000551,创元科技,3,3,洁净室,9,8,False,False,False,True,True,True,False,False,False,False,mid_2_3,False,False,True,False,True,True,True,False,True,False,,4,False,False,False,False
2025-12-24,2025-12-25,002228,合兴包装,3,3,海峡两岸,9,8,False,False,False,True,True,True,False,False,False,False,mid_2_3,False,False,True,False,False,True,True,True,False,False,,4,False,False,False,False
2025-12-24,2025-12-25,600179,安通控股,3,3,海南,9,8,False,False,False,True,True,True,False,False,False,False,mid_2_3,False,False,True,False,False,True,True,False,True,False,,4,True,True,False,False
2025-12-24,2025-12-25,603163,圣晖集成,3,3,洁净室,9,8,False,False,False,True,True,True,False,False,False,False,mid_2_3,False,False,True,False,False,True,True,False,True,False,,4,False,False,False,False
2025-12-24,2025-12-25,603696,安记食品,3,3,海峡两岸,9,8,False,False,False,True,True,True,False,False,False,False,mid_2_3,False,False,True,False,False,False,False,,False,True,-1.4137,,False,False,False,False
2025-12-24,2025-12-25,000036,华联控股,2,2,并购重组,9,8,False,False,False,True,True,True,False,False,False,False,mid_2_3,False,False,True,False,False,False,False,,False,False,,,True,False,False,False
2025-12-24,2025-12-25,002201,九鼎新材,2,2,化工,9,8,False,False,False,True,True,True,False,False,False,False,mid_2_3,False,False,True,False,False,True,True,True,False,False,,3,True,True,False,False
2025-12-24,2025-12-25,002759,天际股份,2,2,电解液,9,8,False,False,False,True,True,True,False,False,False,False,mid_2_3,False,False,True,False,False,False,False,,False,True,6.8376,,True,False,False,False
2025-12-24,2025-12-25,002909,集泰股份,2,2,算力,9,8,False,False,False,True,True,True,False,False,False,False,mid_2_3,False,False,True,False,True,False,False,,False,True,-4.4172,,False,False,False,False
2025-12-24,2025-12-25,603698,航天工程,2,2,化工,9,8,False,False,False,True,True,True,False,False,False,False,mid_2_3,False,False,True,False,False,True,True,False,True,False,,3,False,False,False,False
2025-12-25,2025-12-26,001331,胜通能源,10,5+,实控人变更,10,9,False,False,False,True,False,True,False,False,False,False,new_high,True,False,False,False,True,True,True,False,True,False,,11,True,True,False,False
2025-12-25,2025-12-26,002969,嘉美包装,7,5+,实控人变更,10,9,False,False,False,True,False,True,False,False,False,False,legacy_near,False,False,False,True,True,True,True,True,False,False,,8,True,True,True,False
2025-12-25,2025-12-26,002361,神剑股份,6,5+,商业航天,10,9,False,False,False,True,False,True,False,False,False,False,,False,False,False,False,False,True,True,True,False,False,,7,True,True,False,False
2025-12-25,2025-12-26,000551,创元科技,4,4,芯片,10,9,False,False,False,True,False,True,False,False,False,False,,False,False,False,False,False,False,False,,False,True,1.7386,,False,False,False,False
2025-12-25,2025-12-26,002228,合兴包装,4,4,海峡两岸,10,9,False,False,False,True,False,True,False,False,False,False,,False,False,False,False,True,False,False,,False,False,,,False,False,False,False
2025-12-25,2025-12-26,600179,安通控股,4,4,海峡两岸,10,9,False,False,False,True,False,True,False,False,False,False,,False,False,False,False,False,True,True,False,True,False,,5,False,False,False,False
2025-12-25,2025-12-26,603163,圣晖集成,4,4,芯片,10,9,False,False,False,True,False,True,False,False,False,False,,False,False,False,False,False,False,False,,False,False,,,False,False,False,False
2025-12-25,2025-12-26,002201,九鼎新材,3,3,化工,10,9,False,False,False,True,False,True,False,False,False,False,mid_2_3,False,False,True,False,True,True,True,True,False,False,,4,False,False,False,False
2025-12-25,2025-12-26,603698,航天工程,3,3,化工,10,9,False,False,False,True,False,True,False,False,False,False,mid_2_3,False,False,True,False,False,False,False,,False,False,,,False,False,False,False
2025-12-25,2025-12-26,002297,博云新材,2,2,商业航天,10,9,False,False,False,True,False,True,False,False,False,False,mid_2_3,False,False,True,False,False,False,False,,False,False,,,False,False,False,False
2025-12-25,2025-12-26,002363,隆基机械,2,2,汽车零部件,10,9,False,False,False,True,False,True,False,False,False,False,mid_2_3,False,False,True,False,True,True,True,False,True,False,,3,False,False,False,False
2025-12-25,2025-12-26,002931,锋龙股份,2,2,机器人概念,10,9,False,False,False,True,False,True,False,False,False,False,mid_2_3,False,False,True,False,True,True,True,True,False,False,,3,True,True,True,False
2025-12-25,2025-12-26,002951,金时科技,2,2,RWA,10,9,False,False,False,True,False,True,False,False,False,False,mid_2_3,False,False,True,False,False,False,False,,False,False,,,False,False,False,False
2025-12-25,2025-12-26,003007,直真科技,2,2,商业航天,10,9,False,False,False,True,False,True,False,False,False,False,mid_2_3,False,False,True,False,False,False,False,,False,False,,,False,False,False,False
2025-12-25,2025-12-26,301005,超捷股份,2,2,商业航天,10,9,False,False,False,True,False,True,False,False,False,False,mid_2_3,False,False,True,False,False,False,False,,False,False,,,False,False,False,False
2025-12-25,2025-12-26,600118,中国卫星,2,2,商业航天,10,9,False,False,False,True,False,True,False,False,False,False,mid_2_3,False,False,True,False,False,True,True,False,True,False,,3,True,True,False,False
2025-12-25,2025-12-26,600755,厦门国贸,2,2,海峡两岸,10,9,False,False,False,True,False,True,False,False,False,False,mid_2_3,False,False,True,False,False,True,True,False,True,False,,3,False,False,False,False
2025-12-25,2025-12-26,600783,鲁信创投,2,2,商业航天,10,9,False,False,False,True,False,True,False,False,False,False,mid_2_3,False,False,True,False,False,True,True,False,True,False,,3,True,True,False,False
2025-12-25,2025-12-26,603278,大业股份,2,2,商业航天,10,9,False,False,False,True,False,True,False,False,False,False,mid_2_3,False,False,True,False,False,True,True,False,True,False,,3,True,True,True,False
2025-12-25,2025-12-26,603601,再升科技,2,2,商业航天,10,9,False,False,False,True,False,True,False,False,False,False,mid_2_3,False,False,True,False,False,True,True,False,True,False,,3,False,False,False,False
2025-12-25,2025-12-26,605007,五洲特纸,2,2,造纸,10,9,False,False,False,True,False,True,False,False,False,False,mid_2_3,False,False,True,False,False,True,True,False,True,False,,3,False,False,False,False
2025-12-25,2025-12-26,605598,上海港湾,2,2,商业航天,10,9,False,False,False,True,False,True,False,False,False,False,mid_2_3,False,False,True,False,False,True,True,False,True,False,,3,False,False,False,False
2025-12-26,2025-12-29,001331,胜通能源,11,5+,机器人概念,11,10,False,False,False,True,True,False,False,False,False,False,new_high,True,False,False,False,False,True,True,False,True,False,,12,False,False,False,True
2025-12-26,2025-12-29,002969,嘉美包装,8,5+,实控人变更,11,10,False,False,False,True,True,False,False,False,False,False,legacy_near,False,False,False,True,True,True,True,True,False,False,,9,True,True,False,False
2025-12-26,2025-12-29,002361,神剑股份,7,5+,商业航天,11,10,False,False,False,True,True,False,False,False,False,False,,False,False,False,False,True,True,True,False,True,False,,8,False,False,True,False
2025-12-26,2025-12-29,600179,安通控股,5,5+,海南,11,10,False,False,False,True,True,False,False,False,False,False,,False,False,False,False,False,False,False,,False,False,,,False,False,False,False
2025-12-26,2025-12-29,002201,九鼎新材,4,4,化工,11,10,False,False,False,True,True,False,False,False,False,False,,False,False,False,False,True,False,False,,False,False,,,False,False,False,False
2025-12-26,2025-12-29,002363,隆基机械,3,3,汽车零部件,11,10,False,False,False,True,True,False,False,False,False,False,mid_2_3,False,False,True,False,False,False,False,,False,False,,,False,False,False,False
2025-12-26,2025-12-29,002931,锋龙股份,3,3,机器人概念,11,10,False,False,False,True,True,False,False,False,False,False,mid_2_3,False,False,True,False,True,True,True,True,False,False,,4,True,True,True,True
2025-12-26,2025-12-29,600118,中国卫星,3,3,商业航天,11,10,False,False,False,True,True,False,False,False,False,False,mid_2_3,False,False,True,False,False,True,True,False,True,False,,4,False,False,True,False
2025-12-26,2025-12-29,600755,厦门国贸,3,3,海峡两岸,11,10,False,False,False,True,True,False,False,False,False,False,mid_2_3,False,False,True,False,False,False,False,,False,False,,,False,False,False,False
2025-12-26,2025-12-29,600783,鲁信创投,3,3,商业航天,11,10,False,False,False,True,True,False,False,False,False,False,mid_2_3,False,False,True,False,False,True,True,True,False,False,,4,False,False,True,False
2025-12-26,2025-12-29,603278,大业股份,3,3,商业航天,11,10,False,False,False,True,True,False,False,False,False,False,mid_2_3,False,False,True,False,False,True,True,False,True,False,,4,True,True,True,False
2025-12-26,2025-12-29,603601,再升科技,3,3,商业航天,11,10,False,False,False,True,True,False,False,False,False,False,mid_2_3,False,False,True,False,False,False,False,,False,False,,,False,False,False,False
2025-12-26,2025-12-29,605007,五洲特纸,3,3,造纸,11,10,False,False,False,True,True,False,False,False,False,False,mid_2_3,False,False,True,False,False,False,False,,False,False,,,False,False,False,False
2025-12-26,2025-12-29,605598,上海港湾,3,3,商业航天,11,10,False,False,False,True,True,False,False,False,False,False,mid_2_3,False,False,True,False,False,False,False,,False,False,,,False,False,False,False
2025-12-26,2025-12-29,000777,中核科技,2,2,可控核聚变,11,10,False,False,False,True,True,False,False,False,False,False,mid_2_3,False,False,True,False,False,False,False,,False,False,,,False,False,False,False
2025-12-26,2025-12-29,002009,天奇股份,2,2,机器人概念,11,10,False,False,False,True,True,False,False,False,False,False,mid_2_3,False,False,True,False,True,True,True,False,True,False,,3,True,True,False,True
2025-12-26,2025-12-29,002347,泰尔股份,2,2,机器人概念,11,10,False,False,False,True,True,False,False,False,False,False,mid_2_3,False,False,True,False,False,True,True,False,True,False,,3,True,True,True,True
2025-12-26,2025-12-29,002652,扬子新材,2,2,芯片,11,10,False,False,False,True,True,False,False,False,False,False,mid_2_3,False,False,True,False,False,True,True,False,True,False,,3,False,False,False,False
2025-12-26,2025-12-29,002763,汇洁股份,2,2,服装家纺,11,10,False,False,False,True,True,False,False,False,False,False,mid_2_3,False,False,True,False,True,False,False,,False,False,,,False,False,False,False
2025-12-26,2025-12-29,002792,通宇通讯,2,2,商业航天,11,10,False,False,False,True,True,False,False,False,False,False,mid_2_3,False,False,True,False,False,False,False,,False,False,,,False,False,False,False
2025-12-26,2025-12-29,600345,长江通信,2,2,商业航天,11,10,False,False,False,True,True,False,False,False,False,False,mid_2_3,False,False,True,False,False,False,False,,False,False,,,False,False,True,False
2025-12-29,2025-12-30,001331,胜通能源,12,5+,机器人概念,12,11,False,False,False,True,False,True,False,False,False,False,new_high,True,False,False,False,False,False,False,,False,False,,,False,False,False,False
2025-12-29,2025-12-30,002969,嘉美包装,9,5+,实控人变更,12,11,False,False,False,True,False,True,False,False,False,False,legacy_near,False,False,False,True,True,True,True,True,False,False,,10,False,False,False,False
2025-12-29,2025-12-30,002361,神剑股份,8,5+,商业航天,12,11,False,False,False,True,False,True,False,False,False,False,,False,False,False,False,False,False,False,,False,False,,,True,False,False,False
2025-12-29,2025-12-30,002931,锋龙股份,4,4,机器人概念,12,11,False,False,False,True,False,True,False,False,False,False,,False,False,False,False,True,True,True,True,False,False,,5,True,True,True,False
2025-12-29,2025-12-30,600118,中国卫星,4,4,商业航天,12,11,False,False,False,True,False,True,False,False,False,False,,False,False,False,False,False,False,False,,False,False,,,True,False,False,False
2025-12-29,2025-12-30,600783,鲁信创投,4,4,商业航天,12,11,False,False,False,True,False,True,False,False,False,False,,False,False,False,False,True,False,False,,False,True,-3.1452,,True,False,False,False
2025-12-29,2025-12-30,603278,大业股份,4,4,商业航天,12,11,False,False,False,True,False,True,False,False,False,False,,False,False,False,False,False,True,True,False,True,False,,5,True,True,False,False
2025-12-29,2025-12-30,002009,天奇股份,3,3,机器人概念,12,11,False,False,False,True,False,True,False,False,False,False,mid_2_3,False,False,True,False,False,True,True,False,True,False,,4,False,False,False,False
2025-12-29,2025-12-30,002347,泰尔股份,3,3,机器人概念,12,11,False,False,False,True,False,True,False,False,False,False,mid_2_3,False,False,True,False,False,True,True,False,True,False,,4,True,True,False,False
2025-12-29,2025-12-30,002652,扬子新材,3,3,洁净室,12,11,False,False,False,True,False,True,False,False,False,False,mid_2_3,False,False,True,False,False,False,False,,False,False,,,False,False,False,False
2025-12-29,2025-12-30,000547,航天发展,2,2,商业航天,12,11,False,False,False,True,False,True,False,False,False,False,mid_2_3,False,False,True,False,False,False,False,,False,False,,,True,False,False,False
2025-12-29,2025-12-30,000659,珠海中富,2,2,包装印刷,12,11,False,False,False,True,False,True,False,False,False,False,mid_2_3,False,False,True,False,False,False,False,,False,False,,,False,False,False,False
2025-12-29,2025-12-30,002471,中超控股,2,2,商业航天,12,11,False,False,False,True,False,True,False,False,False,False,mid_2_3,False,False,True,False,True,False,False,,False,True,8.9985,,False,False,False,False
2025-12-29,2025-12-30,002571,德力股份,2,2,商业航天,12,11,False,False,False,True,False,True,False,False,False,False,mid_2_3,False,False,True,False,False,False,False,,False,False,,,False,False,True,False
2025-12-29,2025-12-30,002591,恒大高新,2,2,锂电池,12,11,False,False,False,True,False,True,False,False,False,False,mid_2_3,False,False,True,False,False,True,True,True,False,False,,3,False,False,False,False
2025-12-29,2025-12-30,002691,冀凯股份,2,2,机器人概念,12,11,False,False,False,True,False,True,False,False,False,False,mid_2_3,False,False,True,False,False,False,False,,False,False,,,False,False,False,False
2025-12-29,2025-12-30,600736,苏州高新,2,2,商业航天,12,11,False,False,False,True,False,True,False,False,False,False,mid_2_3,False,False,True,False,False,False,False,,False,False,,,False,False,False,False
2025-12-29,2025-12-30,600759,洲际油气,2,2,海南,12,11,False,False,False,True,False,True,False,False,False,False,mid_2_3,False,False,True,False,False,False,False,,False,False,,,False,False,False,False
2025-12-30,2025-12-31,002969,嘉美包装,10,5+,实控人变更,10,12,True,True,True,False,False,False,True,False,False,False,new_high|legacy_near,True,False,False,True,True,False,False,,False,True,6.8354,,False,False,True,False
2025-12-30,2025-12-31,002931,锋龙股份,5,5+,机器人概念,10,12,True,True,True,False,False,False,True,False,True,True,,False,False,False,False,True,True,True,True,False,False,,6,True,True,True,False
2025-12-30,2025-12-31,603278,大业股份,5,5+,商业航天,10,12,True,True,True,False,False,False,True,False,False,True,,False,False,False,False,False,True,True,False,True,False,,6,False,False,False,False
2025-12-30,2025-12-31,002009,天奇股份,4,4,机器人概念,10,12,True,True,True,False,False,False,True,False,True,True,,False,False,False,False,False,False,False,,False,False,,,False,False,False,False
2025-12-30,2025-12-31,002347,泰尔股份,4,4,机器人概念,10,12,True,True,True,False,False,False,True,False,True,True,,False,False,False,False,False,True,True,False,True,False,,5,False,False,False,False
2025-12-30,2025-12-31,002591,恒大高新,3,3,负极,10,12,True,True,True,False,False,False,True,False,False,False,mid_2_3,False,False,True,False,True,False,False,,False,False,,,False,False,False,False
2025-12-30,2025-12-31,000700,模塑科技,2,2,机器人概念,10,12,True,True,True,False,False,False,True,False,True,True,mid_2_3,False,False,True,False,False,False,False,,False,False,,,False,False,False,False
2025-12-30,2025-12-31,001266,宏英智能,2,2,机器人概念,10,12,True,True,True,False,False,False,True,False,True,True,mid_2_3,False,False,True,False,False,True,True,False,True,False,,3,False,False,False,False
2025-12-30,2025-12-31,002177,御银股份,2,2,金融科技,10,12,True,True,True,False,False,False,True,False,False,False,mid_2_3,False,False,True,False,False,True,True,False,True,False,,3,False,False,True,False
2025-12-30,2025-12-31,002413,雷科防务,2,2,商业航天,10,12,True,True,True,False,False,False,True,False,False,False,mid_2_3,False,False,True,False,False,True,True,False,True,False,,3,True,True,True,False
2025-12-30,2025-12-31,600506,统一股份,2,2,液冷,10,12,True,True,True,False,False,False,True,False,False,False,mid_2_3,False,False,True,False,False,False,False,,False,False,,,False,False,False,False
2025-12-30,2025-12-31,603192,汇得科技,2,2,化工,10,12,True,True,True,False,False,False,True,False,False,True,mid_2_3,False,False,True,False,False,False,False,,False,False,,,False,False,False,False
2025-12-30,2025-12-31,603458,勘设股份,2,2,无人驾驶,10,12,True,True,True,False,False,False,True,False,False,False,mid_2_3,False,False,True,False,False,False,False,,False,False,,,True,False,False,False
2025-12-30,2025-12-31,603667,五洲新春,2,2,机器人概念,10,12,True,True,True,False,False,False,True,False,True,True,mid_2_3,False,False,True,False,False,True,True,False,True,False,,3,False,False,False,False
2025-12-30,2025-12-31,605069,正和生态,2,2,AI智能体,10,12,True,True,True,False,False,False,True,False,False,False,mid_2_3,False,False,True,False,False,False,False,,False,False,,,False,False,False,False
2025-12-30,2025-12-31,605086,龙高股份,2,2,股权转让,10,12,True,True,True,False,False,False,True,False,False,False,mid_2_3,False,False,True,False,False,False,False,,False,False,,,False,False,False,False
2025-12-30,2025-12-31,605255,天普股份,2,2,实控人变更,10,12,True,True,True,False,False,False,True,False,False,False,mid_2_3,False,False,True,False,False,False,False,,False,False,,,False,False,False,False
2025-12-30,2025-12-31,688160,步科股份,2,2,机器人概念,10,12,True,True,True,False,False,False,True,False,True,True,mid_2_3,False,False,True,False,False,False,False,,False,False,,,False,False,False,False
2025-12-31,2026-01-05,002931,锋龙股份,6,5+,机器人概念,6,10,True,True,True,False,True,False,True,False,False,True,new_high,True,False,False,False,True,True,True,True,False,False,,7,True,True,True,True
2025-12-31,2026-01-05,603278,大业股份,6,5+,商业航天,6,10,True,True,True,False,True,False,True,False,False,False,new_high,True,False,False,False,False,False,False,,False,False,,,False,False,False,True
2025-12-31,2026-01-05,002347,泰尔股份,5,5+,机器人概念,6,10,True,True,True,False,True,False,True,False,False,False,sub_high,False,True,False,False,False,False,False,,False,True,6.1389,,False,False,False,True
2025-12-31,2026-01-05,001266,宏英智能,3,3,机器人概念,6,10,True,True,True,False,True,False,True,False,False,False,mid_2_3,False,False,True,False,False,False,False,,False,False,,,False,False,False,True
2025-12-31,2026-01-05,002177,御银股份,3,3,金融科技,6,10,True,True,True,False,True,False,True,False,False,False,mid_2_3,False,False,True,False,False,False,False,,False,False,,,True,False,False,False
2025-12-31,2026-01-05,002413,雷科防务,3,3,商业航天,6,10,True,True,True,False,True,False,True,False,False,False,mid_2_3,False,False,True,False,False,True,True,True,False,False,,4,True,True,True,True
2025-12-31,2026-01-05,603667,五洲新春,3,3,机器人概念,6,10,True,True,True,False,True,False,True,False,False,False,mid_2_3,False,False,True,False,False,False,False,,False,True,6.0303,,False,False,False,True
2025-12-31,2026-01-05,001299,美能能源,2,2,天然气,6,10,True,True,True,False,True,False,True,False,False,False,mid_2_3,False,False,True,False,False,False,False,,False,False,,,False,False,False,False
2025-12-31,2026-01-05,002718,友邦吊顶,2,2,实控人变更,6,10,True,True,True,False,True,False,True,False,True,True,mid_2_3,False,False,True,False,True,True,True,False,True,False,,3,True,True,True,False
2025-12-31,2026-01-05,002757,南兴股份,2,2,人工智能,6,10,True,True,True,False,True,False,True,False,False,False,mid_2_3,False,False,True,False,False,True,True,False,True,False,,3,True,True,False,False
2025-12-31,2026-01-05,603608,天创时尚,2,2,实控人变更,6,10,True,True,True,False,True,False,True,False,True,True,mid_2_3,False,False,True,False,True,False,False,,False,True,1.6505,,False,False,False,False
2025-12-31,2026-01-05,605003,众望布艺,2,2,服装家纺,6,10,True,True,True,False,True,False,True,False,False,False,mid_2_3,False,False,True,False,False,False,False,,False,False,,,False,False,False,False
2026-01-05,2026-01-06,002931,锋龙股份,7,5+,机器人概念,7,6,False,True,False,False,False,True,True,False,False,True,new_high,True,False,False,False,True,True,True,True,False,False,,8,True,True,True,False
2026-01-05,2026-01-06,002413,雷科防务,4,4,商业航天,7,6,False,True,False,False,False,True,True,False,True,True,legacy_near,False,False,False,True,True,True,True,False,True,False,,5,True,True,False,False
2026-01-05,2026-01-06,002718,友邦吊顶,3,3,实控人变更,7,6,False,True,False,False,False,True,True,False,False,False,mid_2_3,False,False,True,False,False,True,True,False,True,False,,4,True,True,False,False
2026-01-05,2026-01-06,002757,南兴股份,3,3,人工智能,7,6,False,True,False,False,False,True,True,False,False,False,mid_2_3,False,False,True,False,False,True,True,False,True,False,,4,False,False,True,False
2026-01-05,2026-01-06,001231,农心科技,2,2,农业,7,6,False,True,False,False,False,True,True,False,False,False,mid_2_3,False,False,True,False,False,True,True,False,True,False,,3,False,False,False,False
2026-01-05,2026-01-06,002131,利欧股份,2,2,人工智能,7,6,False,True,False,False,False,True,True,False,False,False,mid_2_3,False,False,True,False,False,False,False,,False,True,6.9355,,False,False,False,False
2026-01-05,2026-01-06,002151,北斗星通,2,2,商业航天,7,6,False,True,False,False,False,True,True,False,True,True,mid_2_3,False,False,True,False,False,True,True,False,True,False,,3,False,False,False,False
2026-01-05,2026-01-06,002735,王子新材,2,2,军工,7,6,False,True,False,False,False,True,True,False,False,False,mid_2_3,False,False,True,False,False,False,False,,False,False,,,False,False,False,False
2026-01-05,2026-01-06,002766,索菱股份,2,2,无人驾驶,7,6,False,True,False,False,False,True,True,False,False,False,mid_2_3,False,False,True,False,False,True,True,False,True,False,,3,False,False,False,False
2026-01-05,2026-01-06,003039,顺控发展,2,2,数字经济,7,6,False,True,False,False,False,True,True,False,False,False,mid_2_3,False,False,True,False,False,False,False,,False,False,,,False,False,False,False
2026-01-05,2026-01-06,300058,蓝色光标,2,2,人工智能,7,6,False,True,False,False,False,True,True,False,False,False,mid_2_3,False,False,True,False,False,False,False,,False,False,,,False,False,False,False
2026-01-05,2026-01-06,600266,城建发展,2,2,商业航天,7,6,False,True,False,False,False,True,True,False,True,True,mid_2_3,False,False,True,False,False,True,True,False,True,False,,3,True,True,False,False
2026-01-05,2026-01-06,600498,烽火通信,2,2,商业航天,7,6,False,True,False,False,False,True,True,False,True,True,mid_2_3,False,False,True,False,False,False,False,,False,False,,,False,False,False,False
2026-01-05,2026-01-06,601698,中国卫通,2,2,商业航天,7,6,False,True,False,False,False,True,True,False,True,True,mid_2_3,False,False,True,False,False,True,True,False,True,False,,3,False,False,False,False
2026-01-06,2026-01-07,001331,胜通能源,13,5+,机器人概念,13,7,False,False,False,True,False,False,False,False,False,False,new_high,True,False,False,False,False,True,True,True,False,False,,14,False,False,False,False
2026-01-06,2026-01-07,002931,锋龙股份,8,5+,机器人概念,13,7,False,False,False,True,False,False,False,False,False,False,,False,False,False,False,True,True,True,True,False,False,,9,True,True,True,False
2026-01-06,2026-01-07,002413,雷科防务,5,5+,商业航天,13,7,False,False,False,True,False,False,False,False,False,False,legacy_near,False,False,False,True,False,True,True,False,True,False,,6,False,False,False,False
2026-01-06,2026-01-07,002718,友邦吊顶,4,4,实控人变更,13,7,False,False,False,True,False,False,False,False,False,False,,False,False,False,False,False,True,True,False,True,False,,5,False,False,False,False
2026-01-06,2026-01-07,002757,南兴股份,4,4,人工智能,13,7,False,False,False,True,False,False,False,False,False,False,,False,False,False,False,False,False,False,,False,False,,,True,False,False,False
2026-01-06,2026-01-07,001231,农心科技,3,3,农业,13,7,False,False,False,True,False,False,False,False,False,False,mid_2_3,False,False,True,False,False,False,False,,False,False,,,False,False,False,False
2026-01-06,2026-01-07,002151,北斗星通,3,3,商业航天,13,7,False,False,False,True,False,False,False,False,False,False,mid_2_3,False,False,True,False,False,False,False,,False,True,4.9663,,False,False,False,False
2026-01-06,2026-01-07,002766,索菱股份,3,3,智能驾驶,13,7,False,False,False,True,False,False,False,False,False,False,mid_2_3,False,False,True,False,False,False,False,,False,True,-3.4106,,False,False,False,False
2026-01-06,2026-01-07,600266,城建发展,3,3,商业航天,13,7,False,False,False,True,False,False,False,False,False,False,mid_2_3,False,False,True,False,False,True,True,False,True,False,,4,False,False,False,False
2026-01-06,2026-01-07,601698,中国卫通,3,3,商业航天,13,7,False,False,False,True,False,False,False,False,False,False,mid_2_3,False,False,True,False,False,False,False,,False,False,,,False,False,True,False
2026-01-06,2026-01-07,000516,国际医学,2,2,脑机接口,13,7,False,False,False,True,False,False,False,False,False,False,mid_2_3,False,False,True,False,True,False,False,,False,False,,,False,False,False,False
2026-01-06,2026-01-07,001210,金房能源,2,2,股权转让,13,7,False,False,False,True,False,False,False,False,False,False,mid_2_3,False,False,True,False,False,False,False,,False,False,,,False,False,False,False
2026-01-06,2026-01-07,001225,和泰机电,2,2,新型工业化,13,7,False,False,False,True,False,False,False,False,False,False,mid_2_3,False,False,True,False,False,False,False,,False,False,,,False,False,False,False
2026-01-06,2026-01-07,002173,创新医疗,2,2,脑机接口,13,7,False,False,False,True,False,False,False,False,False,False,mid_2_3,False,False,True,False,True,True,True,True,False,False,,3,True,True,False,False
2026-01-06,2026-01-07,002195,岩山科技,2,2,脑机接口,13,7,False,False,False,True,False,False,False,False,False,False,mid_2_3,False,False,True,False,True,True,True,True,False,False,,3,True,True,False,False
2026-01-06,2026-01-07,002324,普利特,2,2,脑机接口,13,7,False,False,False,True,False,False,False,False,False,False,mid_2_3,False,False,True,False,True,True,True,True,False,False,,3,True,True,False,False
2026-01-06,2026-01-07,002462,嘉事堂,2,2,医药,13,7,False,False,False,True,False,False,False,False,False,False,mid_2_3,False,False,True,False,False,True,True,False,True,False,,3,False,False,False,False
2026-01-06,2026-01-07,002465,海格通信,2,2,商业航天,13,7,False,False,False,True,False,False,False,False,False,False,mid_2_3,False,False,True,False,False,False,False,,False,False,,,False,False,False,False
2026-01-06,2026-01-07,002519,银河电子,2,2,商业航天,13,7,False,False,False,True,False,False,False,False,False,False,mid_2_3,False,False,True,False,False,True,True,True,False,False,,3,True,True,True,False
2026-01-06,2026-01-07,002774,快意电梯,2,2,地产链,13,7,False,False,False,True,False,False,False,False,False,False,mid_2_3,False,False,True,False,False,True,True,False,True,False,,3,True,True,True,False
2026-01-06,2026-01-07,002925,盈趣科技,2,2,脑机接口,13,7,False,False,False,True,False,False,False,False,False,False,mid_2_3,False,False,True,False,False,False,False,,False,False,,,False,False,False,False
2026-01-06,2026-01-07,300430,诚益通,2,2,脑机接口,13,7,False,False,False,True,False,False,False,False,False,False,mid_2_3,False,False,True,False,False,False,False,,False,False,,,False,False,False,False
2026-01-06,2026-01-07,300753,爱朋医疗,2,2,脑机接口,13,7,False,False,False,True,False,False,False,False,False,False,mid_2_3,False,False,True,False,False,False,False,,False,False,,,True,False,False,False
2026-01-06,2026-01-07,300887,谱尼测试,2,2,脑机接口,13,7,False,False,False,True,False,False,False,False,False,False,mid_2_3,False,False,True,False,False,False,False,,False,False,,,True,False,False,False
2026-01-06,2026-01-07,300986,志特新材,2,2,人工智能,13,7,False,False,False,True,False,False,False,False,False,False,mid_2_3,False,False,True,False,False,True,True,False,True,False,,3,True,True,True,False
2026-01-06,2026-01-07,301293,三博脑科,2,2,脑机接口,13,7,False,False,False,True,False,False,False,False,False,False,mid_2_3,False,False,True,False,True,False,False,,False,False,,,False,False,False,False
2026-01-06,2026-01-07,301330,熵基科技,2,2,脑机接口,13,7,False,False,False,True,False,False,False,False,False,False,mid_2_3,False,False,True,False,False,False,False,,False,False,,,False,False,False,False
2026-01-06,2026-01-07,301363,美好医疗,2,2,脑机接口,13,7,False,False,False,True,False,False,False,False,False,False,mid_2_3,False,False,True,False,True,True,True,False,True,False,,3,False,False,False,False
2026-01-06,2026-01-07,600337,美克家居,2,2,并购重组,13,7,False,False,False,True,False,False,False,False,False,False,mid_2_3,False,False,True,False,True,True,True,True,False,False,,3,True,True,False,False
2026-01-06,2026-01-07,600370,三房巷,2,2,化工,13,7,False,False,False,True,False,False,False,False,False,False,mid_2_3,False,False,True,False,False,False,False,,False,False,,,False,False,False,False
2026-01-06,2026-01-07,600775,南京熊猫,2,2,脑机接口,13,7,False,False,False,True,False,False,False,False,False,False,mid_2_3,False,False,True,False,True,True,True,True,False,False,,3,True,True,False,False
2026-01-06,2026-01-07,600855,航天长峰,2,2,商业航天,13,7,False,False,False,True,False,False,False,False,False,False,mid_2_3,False,False,True,False,False,False,False,,False,False,,,False,False,False,False
2026-01-06,2026-01-07,603061,金海通,2,2,芯片,13,7,False,False,False,True,False,False,False,False,False,False,mid_2_3,False,False,True,False,False,False,False,,False,False,,,False,False,False,False
2026-01-06,2026-01-07,603579,荣泰健康,2,2,脑机接口,13,7,False,False,False,True,False,False,False,False,False,False,mid_2_3,False,False,True,False,False,False,False,,False,False,,,False,False,False,False
2026-01-06,2026-01-07,603598,引力传媒,2,2,人工智能,13,7,False,False,False,True,False,False,False,False,False,False,mid_2_3,False,False,True,False,False,True,True,False,True,False,,3,False,False,True,False
2026-01-06,2026-01-07,603716,塞力医疗,2,2,脑机接口,13,7,False,False,False,True,False,False,False,False,False,False,mid_2_3,False,False,True,False,True,False,False,,False,False,,,True,False,False,False
2026-01-06,2026-01-07,603778,国晟科技,2,2,锂电池,13,7,False,False,False,True,False,False,False,False,False,False,mid_2_3,False,False,True,False,False,False,False,,False,False,,,False,False,False,False
2026-01-06,2026-01-07,603929,亚翔集成,2,2,芯片,13,7,False,False,False,True,False,False,False,False,False,False,mid_2_3,False,False,True,False,False,False,False,,False,False,,,False,False,False,False
2026-01-06,2026-01-07,605358,立昂微,2,2,芯片,13,7,False,False,False,True,False,False,False,False,False,False,mid_2_3,False,False,True,False,False,False,False,,False,False,,,False,False,False,False
2026-01-06,2026-01-07,688273,麦澜德,2,2,脑机接口,13,7,False,False,False,True,False,False,False,False,False,False,mid_2_3,False,False,True,False,False,False,False,,False,False,,,False,False,False,False
2026-01-06,2026-01-07,688580,伟思医疗,2,2,脑机接口,13,7,False,False,False,True,False,False,False,False,False,False,mid_2_3,False,False,True,False,False,False,False,,False,False,,,False,False,False,False
2026-01-06,2026-01-07,688626,翔宇医疗,2,2,脑机接口,13,7,False,False,False,True,False,False,False,False,False,False,mid_2_3,False,False,True,False,False,False,False,,False,False,,,False,False,False,False
2026-01-07,2026-01-08,001331,胜通能源,14,5+,机器人概念,14,13,False,False,False,True,False,False,False,False,False,False,new_high,True,False,False,False,True,False,False,,False,False,,,False,False,False,False
2026-01-07,2026-01-08,002931,锋龙股份,9,5+,机器人概念,14,13,False,False,False,True,False,False,False,False,False,False,,False,False,False,False,True,True,True,True,False,False,,10,True,True,True,False
2026-01-07,2026-01-08,002413,雷科防务,6,5+,商业航天,14,13,False,False,False,True,False,False,False,False,False,False,,False,False,False,False,False,False,False,,False,False,,,False,False,True,False
2026-01-07,2026-01-08,002718,友邦吊顶,5,5+,实控人变更,14,13,False,False,False,True,False,False,False,False,False,False,,False,False,False,False,False,False,False,,False,False,,,False,False,True,False
2026-01-07,2026-01-08,600266,城建发展,4,4,商业航天,14,13,False,False,False,True,False,False,False,False,False,False,,False,False,False,False,False,False,False,,False,False,,,False,False,False,False
2026-01-07,2026-01-08,002173,创新医疗,3,3,脑机接口,14,13,False,False,False,True,False,False,False,False,False,False,mid_2_3,False,False,True,False,True,True,True,True,False,False,,4,False,False,False,False
2026-01-07,2026-01-08,002195,岩山科技,3,3,脑机接口,14,13,False,False,False,True,False,False,False,False,False,False,mid_2_3,False,False,True,False,True,True,True,False,True,False,,4,False,False,True,False
2026-01-07,2026-01-08,002324,普利特,3,3,脑机接口,14,13,False,False,False,True,False,False,False,False,False,False,mid_2_3,False,False,True,False,True,True,True,True,False,False,,4,False,False,False,False
2026-01-07,2026-01-08,002462,嘉事堂,3,3,医药,14,13,False,False,False,True,False,False,False,False,False,False,mid_2_3,False,False,True,False,False,False,False,,False,False,,,False,False,False,False
2026-01-07,2026-01-08,002519,银河电子,3,3,商业航天,14,13,False,False,False,True,False,False,False,False,False,False,mid_2_3,False,False,True,False,True,True,True,False,True,False,,4,True,True,True,False
2026-01-07,2026-01-08,002774,快意电梯,3,3,电梯概念,14,13,False,False,False,True,False,False,False,False,False,False,mid_2_3,False,False,True,False,False,True,True,False,True,False,,4,True,True,False,False
2026-01-07,2026-01-08,300986,志特新材,3,3,人工智能,14,13,False,False,False,True,False,False,False,False,False,False,mid_2_3,False,False,True,False,False,True,True,False,True,False,,4,True,True,True,False
2026-01-07,2026-01-08,301363,美好医疗,3,3,脑机接口,14,13,False,False,False,True,False,False,False,False,False,False,mid_2_3,False,False,True,False,False,False,False,,False,False,,,False,False,False,False
2026-01-07,2026-01-08,600337,美克家居,3,3,并购重组,14,13,False,False,False,True,False,False,False,False,False,False,mid_2_3,False,False,True,False,True,True,True,True,False,False,,4,False,False,False,False
2026-01-07,2026-01-08,600775,南京熊猫,3,3,脑机接口,14,13,False,False,False,True,False,False,False,False,False,False,mid_2_3,False,False,True,False,True,True,True,False,True,False,,4,False,False,False,False
2026-01-07,2026-01-08,603598,引力传媒,3,3,人工智能,14,13,False,False,False,True,False,False,False,False,False,False,mid_2_3,False,False,True,False,False,False,False,,False,True,4.1998,,True,False,True,False
2026-01-07,2026-01-08,000620,盈新发展,2,2,芯片,14,13,False,False,False,True,False,False,False,False,False,False,mid_2_3,False,False,True,False,True,False,False,,False,False,,,False,False,False,False
2026-01-07,2026-01-08,001400,江顺科技,2,2,算力,14,13,False,False,False,True,False,False,False,False,False,False,mid_2_3,False,False,True,False,False,True,True,False,True,False,,3,True,True,False,False
2026-01-07,2026-01-08,002202,金风科技,2,2,商业航天,14,13,False,False,False,True,False,False,False,False,False,False,mid_2_3,False,False,True,False,False,True,True,False,True,False,,3,True,True,True,False
2026-01-07,2026-01-08,002788,鹭燕医药,2,2,医药,14,13,False,False,False,True,False,False,False,False,False,False,mid_2_3,False,False,True,False,False,True,True,False,True,False,,3,False,False,False,False
2026-01-07,2026-01-08,600435,北方导航,2,2,商业航天,14,13,False,False,False,True,False,False,False,False,False,False,mid_2_3,False,False,True,False,False,False,False,,False,False,,,False,False,False,False
2026-01-07,2026-01-08,600783,鲁信创投,2,2,商业航天,14,13,False,False,False,True,False,False,False,False,False,False,mid_2_3,False,False,True,False,True,True,True,True,False,False,,3,True,True,True,False
2026-01-07,2026-01-08,600869,远东股份,2,2,算力,14,13,False,False,False,True,False,False,False,False,False,False,mid_2_3,False,False,True,False,False,True,True,False,True,False,,3,False,False,False,False
2026-01-08,2026-01-09,002931,锋龙股份,10,5+,机器人概念,10,14,True,True,True,False,True,False,True,False,True,True,new_high,True,False,False,False,True,True,True,True,False,False,,11,True,True,True,True
2026-01-08,2026-01-09,002173,创新医疗,4,4,脑机接口,10,14,True,True,True,False,True,False,True,False,False,False,,False,False,False,False,True,False,False,,False,True,10.0032,,False,False,False,False
2026-01-08,2026-01-09,002195,岩山科技,4,4,脑机接口,10,14,True,True,True,False,True,False,True,False,False,False,,False,False,False,False,False,False,False,,False,False,,,True,False,False,False
2026-01-08,2026-01-09,002324,普利特,4,4,脑机接口,10,14,True,True,True,False,True,False,True,False,False,False,,False,False,False,False,True,False,False,,False,False,,,False,False,False,False
2026-01-08,2026-01-09,002519,银河电子,4,4,商业航天,10,14,True,True,True,False,True,False,True,False,False,False,,False,False,False,False,False,True,True,False,True,False,,5,True,True,False,False
2026-01-08,2026-01-09,002774,快意电梯,4,4,地产链,10,14,True,True,True,False,True,False,True,False,False,False,,False,False,False,False,False,True,True,False,True,False,,5,False,False,False,False
2026-01-08,2026-01-09,300986,志特新材,4,4,人工智能,10,14,True,True,True,False,True,False,True,False,False,False,,False,False,False,False,False,True,True,False,True,False,,5,True,True,False,False
2026-01-08,2026-01-09,600337,美克家居,4,4,并购重组,10,14,True,True,True,False,True,False,True,False,False,False,,False,False,False,False,True,False,False,,False,False,,,False,False,False,False
2026-01-08,2026-01-09,600775,南京熊猫,4,4,脑机接口,10,14,True,True,True,False,True,False,True,False,False,False,,False,False,False,False,False,False,False,,False,False,,,False,False,False,False
2026-01-08,2026-01-09,001400,江顺科技,3,3,算力,10,14,True,True,True,False,True,False,True,False,False,False,mid_2_3,False,False,True,False,False,True,True,False,True,False,,4,False,False,False,False
2026-01-08,2026-01-09,002202,金风科技,3,3,商业航天,10,14,True,True,True,False,True,False,True,False,False,False,mid_2_3,False,False,True,False,False,True,True,False,True,False,,4,True,True,False,False
2026-01-08,2026-01-09,002788,鹭燕医药,3,3,医药,10,14,True,True,True,False,True,False,True,False,False,False,mid_2_3,False,False,True,False,False,False,False,,False,False,,,False,False,False,False
2026-01-08,2026-01-09,600783,鲁信创投,3,3,商业航天,10,14,True,True,True,False,True,False,True,False,False,False,mid_2_3,False,False,True,False,True,True,True,True,False,False,,4,True,True,True,False
2026-01-08,2026-01-09,600869,远东股份,3,3,算力,10,14,True,True,True,False,True,False,True,False,False,False,mid_2_3,False,False,True,False,False,False,False,,False,True,-3.2967,,False,False,False,False
2026-01-08,2026-01-09,002639,雪人集团,2,2,核电,10,14,True,True,True,False,True,False,True,False,False,False,mid_2_3,False,False,True,False,False,False,False,,False,False,,,True,False,False,False
2026-01-08,2026-01-09,002792,通宇通讯,2,2,商业航天,10,14,True,True,True,False,True,False,True,False,False,False,mid_2_3,False,False,True,False,False,False,False,,False,False,,,True,False,False,False
2026-01-08,2026-01-09,301079,邵阳液压,2,2,商业航天,10,14,True,True,True,False,True,False,True,False,False,False,mid_2_3,False,False,True,False,False,False,False,,False,True,17.8427,,True,False,False,False
2026-01-08,2026-01-09,600135,乐凯胶片,2,2,国有企业,10,14,True,True,True,False,True,False,True,False,False,False,mid_2_3,False,False,True,False,False,False,False,,False,False,,,False,False,False,False
2026-01-08,2026-01-09,600637,东方明珠,2,2,算力,10,14,True,True,True,False,True,False,True,False,False,False,mid_2_3,False,False,True,False,False,True,True,False,True,False,,3,True,True,False,False
2026-01-08,2026-01-09,601106,中国一重,2,2,核电,10,14,True,True,True,False,True,False,True,False,False,False,mid_2_3,False,False,True,False,False,True,True,False,True,False,,3,True,True,False,False
2026-01-08,2026-01-09,601399,国机重装,2,2,核电,10,14,True,True,True,False,True,False,True,False,False,False,mid_2_3,False,False,True,False,False,False,False,,False,False,,,False,False,False,False
2026-01-08,2026-01-09,601611,中国核建,2,2,核电,10,14,True,True,True,False,True,False,True,False,False,False,mid_2_3,False,False,True,False,False,False,False,,False,False,,,True,False,False,False
2026-01-08,2026-01-09,603015,弘讯科技,2,2,核电,10,14,True,True,True,False,True,False,True,False,False,True,mid_2_3,False,False,True,False,True,True,True,False,True,False,,3,True,True,False,False
2026-01-08,2026-01-09,603488,展鹏科技,2,2,地产链,10,14,True,True,True,False,True,False,True,False,False,False,mid_2_3,False,False,True,False,False,False,False,,False,False,,,True,False,True,False
2026-01-08,2026-01-09,603650,彤程新材,2,2,芯片,10,14,True,True,True,False,True,False,True,False,False,False,mid_2_3,False,False,True,False,False,False,False,,False,False,,,False,False,False,False
2026-01-08,2026-01-09,688759,必贝特,2,2,医药,10,14,True,True,True,False,True,False,True,False,False,False,mid_2_3,False,False,True,False,False,False,False,,False,False,,,False,False,False,False
2026-01-09,2026-01-12,002931,锋龙股份,11,5+,机器人概念,11,10,False,False,False,False,False,True,False,False,False,False,new_high,True,False,False,False,True,True,True,True,False,False,,12,True,True,False,False
2026-01-09,2026-01-12,002519,银河电子,5,5+,商业航天,11,10,False,False,False,False,False,True,False,False,False,False,,False,False,False,False,False,True,True,False,True,False,,6,False,False,True,False
2026-01-09,2026-01-12,002774,快意电梯,5,5+,地产链,11,10,False,False,False,False,False,True,False,False,False,False,,False,False,False,False,False,False,False,,False,True,-5.0836,,False,False,False,False
2026-01-09,2026-01-12,300986,志特新材,5,5+,人工智能,11,10,False,False,False,False,False,True,False,False,False,False,,False,False,False,False,False,True,True,True,False,False,,6,False,False,False,False
2026-01-09,2026-01-12,001400,江顺科技,4,4,算力,11,10,False,False,False,False,False,True,False,False,False,False,,False,False,False,False,False,False,False,,False,True,7.1397,,False,False,True,False
2026-01-09,2026-01-12,002202,金风科技,4,4,商业航天,11,10,False,False,False,False,False,True,False,False,False,False,,False,False,False,False,False,True,True,False,True,False,,5,False,False,False,False
2026-01-09,2026-01-12,600783,鲁信创投,4,4,商业航天,11,10,False,False,False,False,False,True,False,False,False,False,,False,False,False,False,True,True,True,True,False,False,,5,True,True,False,False
2026-01-09,2026-01-12,600637,东方明珠,3,3,人工智能,11,10,False,False,False,False,False,True,False,False,False,False,mid_2_3,False,False,True,False,False,True,True,False,True,False,,4,False,False,False,False
2026-01-09,2026-01-12,601106,中国一重,3,3,核电,11,10,False,False,False,False,False,True,False,False,False,False,mid_2_3,False,False,True,False,False,True,True,False,True,False,,4,False,False,True,False
2026-01-09,2026-01-12,603015,弘讯科技,3,3,核电,11,10,False,False,False,False,False,True,False,False,False,False,mid_2_3,False,False,True,False,False,True,True,False,True,False,,4,False,False,False,False
2026-01-09,2026-01-12,002316,亚联发展,2,2,智能电网,11,10,False,False,False,False,False,True,False,False,False,False,mid_2_3,False,False,True,False,False,True,True,False,True,False,,3,False,False,False,False
2026-01-09,2026-01-12,002342,巨力索具,2,2,商业航天,11,10,False,False,False,False,False,True,False,False,False,False,mid_2_3,False,False,True,False,True,True,True,True,False,False,,3,True,True,False,False
2026-01-09,2026-01-12,003007,直真科技,2,2,人工智能,11,10,False,False,False,False,False,True,False,False,False,False,mid_2_3,False,False,True,False,False,True,True,True,False,False,,3,True,True,True,False
2026-01-09,2026-01-12,300102,乾照光电,2,2,商业航天,11,10,False,False,False,False,False,True,False,False,False,False,mid_2_3,False,False,True,False,False,False,False,,False,False,,,False,False,False,False
2026-01-09,2026-01-12,600215,派斯林,2,2,机器人概念,11,10,False,False,False,False,False,True,False,False,False,False,mid_2_3,False,False,True,False,False,False,False,,False,False,,,False,False,False,False
2026-01-09,2026-01-12,600477,杭萧钢构,2,2,商业航天,11,10,False,False,False,False,False,True,False,False,False,False,mid_2_3,False,False,True,False,True,True,True,True,False,False,,3,True,True,False,False
2026-01-09,2026-01-12,600879,航天电子,2,2,商业航天,11,10,False,False,False,False,False,True,False,False,False,False,mid_2_3,False,False,True,False,False,True,True,False,True,False,,3,False,False,False,False
2026-01-09,2026-01-12,603017,中衡设计,2,2,商业航天,11,10,False,False,False,False,False,True,False,False,False,False,mid_2_3,False,False,True,False,True,True,True,False,True,False,,3,False,False,False,False
2026-01-09,2026-01-12,603938,三孚股份,2,2,芯片,11,10,False,False,False,False,False,True,False,False,False,False,mid_2_3,False,False,True,False,False,False,False,,False,True,5.0633,,False,False,False,False
2026-01-12,2026-01-13,002931,锋龙股份,12,5+,机器人概念,12,11,False,False,False,False,False,False,False,False,False,False,new_high,True,False,False,False,True,True,True,True,False,False,,13,False,False,False,False
2026-01-12,2026-01-13,002519,银河电子,6,5+,商业航天,12,11,False,False,False,False,False,False,False,False,False,False,,False,False,False,False,False,False,False,,False,False,,,True,False,False,False
2026-01-12,2026-01-13,300986,志特新材,6,5+,人工智能,12,11,False,False,False,False,False,False,False,False,False,False,,False,False,False,False,True,False,False,,False,False,,,False,False,False,False
2026-01-12,2026-01-13,002202,金风科技,5,5+,商业航天,12,11,False,False,False,False,False,False,False,False,False,False,,False,False,False,False,False,False,False,,False,False,,,False,False,False,False
2026-01-12,2026-01-13,600783,鲁信创投,5,5+,商业航天,12,11,False,False,False,False,False,False,False,False,False,False,,False,False,False,False,True,True,True,False,True,False,,6,False,False,False,False
2026-01-12,2026-01-13,600637,东方明珠,4,4,人工智能,12,11,False,False,False,False,False,False,False,False,False,False,,False,False,False,False,False,False,False,,False,True,5.0512,,False,False,False,False
2026-01-12,2026-01-13,601106,中国一重,4,4,核电,12,11,False,False,False,False,False,False,False,False,False,False,,False,False,False,False,False,False,False,,False,False,,,True,False,False,False
2026-01-12,2026-01-13,603015,弘讯科技,4,4,核电,12,11,False,False,False,False,False,False,False,False,False,False,,False,False,False,False,False,False,False,,False,False,,,False,False,False,False
2026-01-12,2026-01-13,002316,亚联发展,3,3,智能电网,12,11,False,False,False,False,False,False,False,False,False,False,mid_2_3,False,False,True,False,False,False,False,,False,False,,,False,False,False,False
2026-01-12,2026-01-13,002342,巨力索具,3,3,商业航天,12,11,False,False,False,False,False,False,False,False,False,False,mid_2_3,False,False,True,False,True,True,True,False,True,False,,4,False,False,False,False
2026-01-12,2026-01-13,003007,直真科技,3,3,人工智能,12,11,False,False,False,False,False,False,False,False,False,False,mid_2_3,False,False,True,False,True,True,True,False,True,False,,4,True,True,False,False
2026-01-12,2026-01-13,600477,杭萧钢构,3,3,商业航天,12,11,False,False,False,False,False,False,False,False,False,False,mid_2_3,False,False,True,False,True,True,True,False,True,False,,4,False,False,False,False
2026-01-12,2026-01-13,600879,航天电子,3,3,商业航天,12,11,False,False,False,False,False,False,False,False,False,False,mid_2_3,False,False,True,False,False,False,False,,False,False,,,False,False,False,False
2026-01-12,2026-01-13,603017,中衡设计,3,3,商业航天,12,11,False,False,False,False,False,False,False,False,False,False,mid_2_3,False,False,True,False,False,False,False,,False,False,,,False,False,False,False
2026-01-12,2026-01-13,603778,国晟科技,3,3,锂电池,12,11,False,False,False,False,False,False,False,False,False,False,mid_2_3,False,False,True,False,False,False,False,,False,False,,,True,False,False,False
2026-01-12,2026-01-13,000503,国新健康,2,2,人工智能,12,11,False,False,False,False,False,False,False,False,False,False,mid_2_3,False,False,True,False,False,False,False,,False,False,,,False,False,False,False
2026-01-12,2026-01-13,000917,电广传媒,2,2,人工智能,12,11,False,False,False,False,False,False,False,False,False,False,mid_2_3,False,False,True,False,False,False,False,,False,False,,,False,False,False,False
2026-01-12,2026-01-13,000969,安泰科技,2,2,商业航天,12,11,False,False,False,False,False,False,False,False,False,False,mid_2_3,False,False,True,False,False,False,False,,False,False,,,False,False,False,False
2026-01-12,2026-01-13,002017,东信和平,2,2,商业航天,12,11,False,False,False,False,False,False,False,False,False,False,mid_2_3,False,False,True,False,False,False,False,,False,False,,,False,False,False,False
2026-01-12,2026-01-13,002044,美年健康,2,2,人工智能,12,11,False,False,False,False,False,False,False,False,False,False,mid_2_3,False,False,True,False,True,True,True,True,False,False,,3,True,True,False,False
2026-01-12,2026-01-13,002046,国机精工,2,2,商业航天,12,11,False,False,False,False,False,False,False,False,False,False,mid_2_3,False,False,True,False,False,False,False,,False,False,,,False,False,False,False
2026-01-12,2026-01-13,002115,三维通信,2,2,人工智能,12,11,False,False,False,False,False,False,False,False,False,False,mid_2_3,False,False,True,False,False,True,True,True,False,False,,3,True,True,False,False
2026-01-12,2026-01-13,002131,利欧股份,2,2,人工智能,12,11,False,False,False,False,False,False,False,False,False,False,mid_2_3,False,False,True,False,True,True,True,True,False,False,,3,True,True,False,False
2026-01-12,2026-01-13,002181,粤传媒,2,2,人工智能,12,11,False,False,False,False,False,False,False,False,False,False,mid_2_3,False,False,True,False,False,False,False,,False,False,,,True,False,False,False
2026-01-12,2026-01-13,002400,省广集团,2,2,人工智能,12,11,False,False,False,False,False,False,False,False,False,False,mid_2_3,False,False,True,False,False,True,True,False,True,False,,3,True,True,False,False
2026-01-12,2026-01-13,002512,达华智能,2,2,商业航天,12,11,False,False,False,False,False,False,False,False,False,False,mid_2_3,False,False,True,False,False,False,False,,False,True,-1.9685,,False,False,False,False
2026-01-12,2026-01-13,002969,嘉美包装,2,2,实控人变更,12,11,False,False,False,False,False,False,False,False,False,False,mid_2_3,False,False,True,False,True,False,False,,False,True,5.8504,,True,False,False,False
2026-01-12,2026-01-13,300063,天龙集团,2,2,人工智能,12,11,False,False,False,False,False,False,False,False,False,False,mid_2_3,False,False,True,False,False,True,True,False,True,False,,3,False,False,False,False
2026-01-12,2026-01-13,300244,迪安诊断,2,2,人工智能,12,11,False,False,False,False,False,False,False,False,False,False,mid_2_3,False,False,True,False,False,False,False,,False,True,11.8956,,False,False,False,False
2026-01-12,2026-01-13,300418,昆仑万维,2,2,人工智能,12,11,False,False,False,False,False,False,False,False,False,False,mid_2_3,False,False,True,False,False,False,False,,False,False,,,False,False,False,False
2026-01-12,2026-01-13,301171,易点天下,2,2,人工智能,12,11,False,False,False,False,False,False,False,False,False,False,mid_2_3,False,False,True,False,False,False,False,,False,True,10.7228,,False,False,False,False
2026-01-12,2026-01-13,600556,天下秀,2,2,人工智能,12,11,False,False,False,False,False,False,False,False,False,False,mid_2_3,False,False,True,False,False,False,False,,False,False,,,True,False,False,False
2026-01-12,2026-01-13,600676,交运股份,2,2,并购重组,12,11,False,False,False,False,False,False,False,False,False,False,mid_2_3,False,False,True,False,True,True,True,True,False,False,,3,False,False,False,False
2026-01-12,2026-01-13,600776,东方通信,2,2,人工智能,12,11,False,False,False,False,False,False,False,False,False,False,mid_2_3,False,False,True,False,True,True,True,False,True,False,,3,False,False,False,False
2026-01-12,2026-01-13,600828,茂业商业,2,2,零售,12,11,False,False,False,False,False,False,False,False,False,False,mid_2_3,False,False,True,False,False,False,False,,False,True,4.5514,,False,False,False,False
2026-01-12,2026-01-13,600880,博瑞传播,2,2,人工智能,12,11,False,False,False,False,False,False,False,False,False,False,mid_2_3,False,False,True,False,True,False,False,,False,True,-1.9663,,False,False,False,False
2026-01-12,2026-01-13,600986,浙文互联,2,2,人工智能,12,11,False,False,False,False,False,False,False,False,False,False,mid_2_3,False,False,True,False,False,False,False,,False,True,4.8417,,True,False,False,False
2026-01-12,2026-01-13,601698,中国卫通,2,2,商业航天,12,11,False,False,False,False,False,False,False,False,False,False,mid_2_3,False,False,True,False,False,False,False,,False,False,,,False,False,False,False
2026-01-12,2026-01-13,603171,税友股份,2,2,人工智能,12,11,False,False,False,False,False,False,False,False,False,False,mid_2_3,False,False,True,False,False,False,False,,False,True,4.8996,,False,False,False,False
2026-01-12,2026-01-13,603305,旭升集团,2,2,机器人概念,12,11,False,False,False,False,False,False,False,False,False,False,mid_2_3,False,False,True,False,False,False,False,,False,False,,,False,False,False,False
2026-01-12,2026-01-13,603496,恒为科技,2,2,算力,12,11,False,False,False,False,False,False,False,False,False,False,mid_2_3,False,False,True,False,True,False,False,,False,True,1.2116,,False,False,False,False
2026-01-12,2026-01-13,603598,引力传媒,2,2,人工智能,12,11,False,False,False,False,False,False,False,False,False,False,mid_2_3,False,False,True,False,True,True,True,False,True,False,,3,False,False,False,False
2026-01-12,2026-01-13,603882,金域医学,2,2,人工智能,12,11,False,False,False,False,False,False,False,False,False,False,mid_2_3,False,False,True,False,False,False,False,,False,False,,,False,False,False,False
2026-01-12,2026-01-13,688387,信科移动,2,2,商业航天,12,11,False,False,False,False,False,False,False,False,False,False,mid_2_3,False,False,True,False,False,False,False,,False,False,,,False,False,False,False
2026-01-13,2026-01-14,002931,锋龙股份,13,5+,机器人概念,13,12,False,False,False,False,True,False,False,False,False,False,new_high,True,False,False,False,True,False,False,,False,False,,,False,False,False,True
2026-01-13,2026-01-14,600783,鲁信创投,6,5+,商业航天,13,12,False,False,False,False,True,False,False,False,False,False,,False,False,False,False,False,False,False,,False,False,,,False,False,False,False
2026-01-13,2026-01-14,002342,巨力索具,4,4,商业航天,13,12,False,False,False,False,True,False,False,False,False,False,,False,False,False,False,False,False,False,,False,False,,,False,False,False,False
2026-01-13,2026-01-14,003007,直真科技,4,4,人工智能,13,12,False,False,False,False,True,False,False,False,False,False,,False,False,False,False,False,True,True,False,True,False,,5,False,False,False,False
2026-01-13,2026-01-14,600477,杭萧钢构,4,4,商业航天,13,12,False,False,False,False,True,False,False,False,False,False,,False,False,False,False,False,False,False,,False,False,,,False,False,False,False
2026-01-13,2026-01-14,002044,美年健康,3,3,人工智能,13,12,False,False,False,False,True,False,False,False,False,False,mid_2_3,False,False,True,False,True,True,True,False,True,False,,4,False,False,False,False
2026-01-13,2026-01-14,002115,三维通信,3,3,人工智能,13,12,False,False,False,False,True,False,False,False,False,False,mid_2_3,False,False,True,False,True,True,True,True,False,False,,4,False,False,False,False
2026-01-13,2026-01-14,002131,利欧股份,3,3,人工智能,13,12,False,False,False,False,True,False,False,False,False,False,mid_2_3,False,False,True,False,True,True,True,False,True,False,,4,False,False,False,False
2026-01-13,2026-01-14,002400,省广集团,3,3,人工智能,13,12,False,False,False,False,True,False,False,False,False,False,mid_2_3,False,False,True,False,False,True,True,False,True,False,,4,False,False,False,False
2026-01-13,2026-01-14,300063,天龙集团,3,3,人工智能,13,12,False,False,False,False,True,False,False,False,False,False,mid_2_3,False,False,True,False,False,False,False,,False,False,,,False,False,False,False
2026-01-13,2026-01-14,600676,交运股份,3,3,并购重组,13,12,False,False,False,False,True,False,False,False,False,False,mid_2_3,False,False,True,False,True,False,False,,False,True,9.854,,False,False,False,False
2026-01-13,2026-01-14,600776,东方通信,3,3,人工智能,13,12,False,False,False,False,True,False,False,False,False,False,mid_2_3,False,False,True,False,False,False,False,,False,True,5.9683,,False,False,False,False
2026-01-13,2026-01-14,603598,引力传媒,3,3,人工智能,13,12,False,False,False,False,True,False,False,False,False,False,mid_2_3,False,False,True,False,False,False,False,,False,False,,,False,False,False,False
2026-01-13,2026-01-14,000593,德龙汇能,2,2,实控人变更,13,12,False,False,False,False,True,False,False,False,False,False,mid_2_3,False,False,True,False,False,True,True,False,True,False,,3,False,False,False,False
2026-01-13,2026-01-14,000681,视觉中国,2,2,人工智能,13,12,False,False,False,False,True,False,False,False,False,False,mid_2_3,False,False,True,False,False,False,False,,False,False,,,True,False,False,False
2026-01-13,2026-01-14,000785,居然智家,2,2,人工智能,13,12,False,False,False,False,True,False,False,False,False,False,mid_2_3,False,False,True,False,False,False,False,,False,False,,,False,False,False,False
2026-01-13,2026-01-14,001202,炬申股份,2,2,物流,13,12,False,False,False,False,True,False,False,False,False,False,mid_2_3,False,False,True,False,False,False,False,,False,False,,,False,False,False,False
2026-01-13,2026-01-14,001255,博菲电气,2,2,核电,13,12,False,False,False,False,True,False,False,False,False,False,mid_2_3,False,False,True,False,False,True,True,False,True,False,,3,True,True,True,False
2026-01-13,2026-01-14,002465,海格通信,2,2,商业航天,13,12,False,False,False,False,True,False,False,False,False,False,mid_2_3,False,False,True,False,False,True,True,False,True,False,,3,False,False,False,False
2026-01-13,2026-01-14,002574,明牌珠宝,2,2,黄金,13,12,False,False,False,False,True,False,False,False,False,False,mid_2_3,False,False,True,False,False,True,True,False,True,False,,3,False,False,False,False
2026-01-13,2026-01-14,002718,友邦吊顶,2,2,实控人变更,13,12,False,False,False,False,True,False,False,False,False,False,mid_2_3,False,False,True,False,False,True,True,False,True,False,,3,False,False,False,False
2026-01-13,2026-01-14,002769,普路通,2,2,人工智能,13,12,False,False,False,False,True,False,False,False,False,False,mid_2_3,False,False,True,False,False,False,False,,False,True,3.5636,,False,False,False,False
2026-01-13,2026-01-14,003041,真爱美家,2,2,实控人变更,13,12,False,False,False,False,True,False,False,False,False,False,mid_2_3,False,False,True,False,False,False,False,,False,False,,,False,False,False,False
2026-01-13,2026-01-14,600877,电科芯片,2,2,商业航天,13,12,False,False,False,False,True,False,False,False,False,False,mid_2_3,False,False,True,False,False,False,False,,False,False,,,False,False,False,False
2026-01-13,2026-01-14,601116,三江购物,2,2,零售,13,12,False,False,False,False,True,False,False,False,False,False,mid_2_3,False,False,True,False,False,True,True,True,False,False,,3,False,False,False,False
2026-01-13,2026-01-14,601992,金隅集团,2,2,商业航天,13,12,False,False,False,False,True,False,False,False,False,False,mid_2_3,False,False,True,False,False,True,True,False,True,False,,3,False,False,False,False
2026-01-13,2026-01-14,603000,人民网,2,2,人工智能,13,12,False,False,False,False,True,False,False,False,False,False,mid_2_3,False,False,True,False,True,True,True,False,True,False,,3,True,True,False,False
2026-01-13,2026-01-14,603488,展鹏科技,2,2,军工,13,12,False,False,False,False,True,False,False,False,False,False,mid_2_3,False,False,True,False,False,False,False,,False,False,,,False,False,False,False
2026-01-13,2026-01-14,603888,新华网,2,2,人工智能,13,12,False,False,False,False,True,False,False,False,False,False,mid_2_3,False,False,True,False,False,True,True,False,True,False,,3,False,False,False,False
2026-01-14,2026-01-15,003007,直真科技,5,5+,人工智能,5,13,True,True,True,False,True,True,False,False,False,False,new_high,True,False,False,False,False,False,False,,False,False,,,False,False,False,True
2026-01-14,2026-01-15,002044,美年健康,4,4,人工智能,5,13,True,True,True,False,True,True,False,False,False,False,sub_high,False,True,False,False,False,False,False,,False,False,,,False,False,False,True
2026-01-14,2026-01-15,002115,三维通信,4,4,人工智能,5,13,True,True,True,False,True,True,False,False,False,False,sub_high,False,True,False,False,True,False,False,,False,False,,,False,False,False,True
2026-01-14,2026-01-15,002131,利欧股份,4,4,人工智能,5,13,True,True,True,False,True,True,False,False,False,False,sub_high,False,True,False,False,False,False,False,,False,False,,,False,False,False,True
2026-01-14,2026-01-15,002400,省广集团,4,4,人工智能,5,13,True,True,True,False,True,True,False,False,False,False,sub_high,False,True,False,False,False,False,False,,False,False,,,False,False,False,True
2026-01-14,2026-01-15,000593,德龙汇能,3,3,实控人变更,5,13,True,True,True,False,True,True,False,False,False,True,h_minus_2|mid_2_3,False,False,True,False,False,False,False,,False,False,,,False,False,False,False
2026-01-14,2026-01-15,001255,博菲电气,3,3,核电,5,13,True,True,True,False,True,True,False,False,False,False,h_minus_2|mid_2_3,False,False,True,False,False,True,True,False,True,False,,4,True,True,False,False
2026-01-14,2026-01-15,002465,海格通信,3,3,商业航天,5,13,True,True,True,False,True,True,False,False,False,False,h_minus_2|mid_2_3,False,False,True,False,False,False,False,,False,False,,,False,False,False,False
2026-01-14,2026-01-15,002574,明牌珠宝,3,3,黄金,5,13,True,True,True,False,True,True,False,False,False,False,h_minus_2|mid_2_3,False,False,True,False,False,False,False,,False,False,,,False,False,False,False
2026-01-14,2026-01-15,002718,友邦吊顶,3,3,实控人变更,5,13,True,True,True,False,True,True,False,False,False,True,h_minus_2|mid_2_3,False,False,True,False,False,False,False,,False,False,,,False,False,True,False
2026-01-14,2026-01-15,601116,三江购物,3,3,阿里巴巴概念,5,13,True,True,True,False,True,True,False,False,False,False,h_minus_2|mid_2_3,False,False,True,False,True,False,False,,False,False,,,False,False,False,False
2026-01-14,2026-01-15,601992,金隅集团,3,3,商业航天,5,13,True,True,True,False,True,True,False,False,False,False,h_minus_2|mid_2_3,False,False,True,False,False,False,False,,False,False,,,False,False,False,False
2026-01-14,2026-01-15,603000,人民网,3,3,人工智能,5,13,True,True,True,False,True,True,False,False,False,False,h_minus_2|mid_2_3,False,False,True,False,False,True,True,False,True,False,,4,False,False,False,True
2026-01-14,2026-01-15,603888,新华网,3,3,人工智能,5,13,True,True,True,False,True,True,False,False,False,False,h_minus_2|mid_2_3,False,False,True,False,False,False,False,,False,False,,,False,False,False,True
2026-01-14,2026-01-15,000078,海王生物,2,2,医药,5,13,True,True,True,False,True,True,False,False,False,False,mid_2_3,False,False,True,False,False,False,False,,False,False,,,False,False,False,False
2026-01-14,2026-01-15,000516,国际医学,2,2,人工智能,5,13,True,True,True,False,True,True,False,False,False,False,mid_2_3,False,False,True,False,False,False,False,,False,False,,,False,False,False,True
2026-01-14,2026-01-15,002112,三变科技,2,2,智能电网,5,13,True,True,True,False,True,True,False,False,False,False,mid_2_3,False,False,True,False,True,True,True,False,True,False,,3,False,False,True,False
2026-01-14,2026-01-15,002219,新里程,2,2,人工智能,5,13,True,True,True,False,True,True,False,False,False,False,mid_2_3,False,False,True,False,True,False,False,,False,False,,,False,False,True,True
2026-01-14,2026-01-15,600662,外服控股,2,2,人工智能,5,13,True,True,True,False,True,True,False,False,False,False,mid_2_3,False,False,True,False,False,True,True,False,True,False,,3,False,False,False,True
2026-01-15,2026-01-16,001255,博菲电气,4,4,核电,4,5,True,True,True,False,True,True,True,False,False,False,new_high|legacy_near,True,False,False,True,False,True,True,False,True,False,,5,False,False,False,False
2026-01-15,2026-01-16,603000,人民网,4,4,人工智能,4,5,True,True,True,False,True,True,True,False,True,True,new_high|legacy_near,True,False,False,True,False,False,False,,False,False,,,False,False,False,True
2026-01-15,2026-01-16,002112,三变科技,3,3,智能电网,4,5,True,True,True,False,True,True,True,False,False,False,sub_high|mid_2_3|legacy_near,False,True,True,True,False,False,False,,False,True,-5.5792,,True,False,False,False
2026-01-15,2026-01-16,600662,外服控股,3,3,人工智能,4,5,True,True,True,False,True,True,True,False,True,True,sub_high|mid_2_3|legacy_near,False,True,True,True,False,False,False,,False,False,,,False,False,False,True
2026-01-15,2026-01-16,002153,石基信息,2,2,人工智能,4,5,True,True,True,False,True,True,True,False,True,True,h_minus_2|mid_2_3,False,False,True,False,False,False,False,,False,False,,,False,False,False,True
2026-01-15,2026-01-16,002218,拓日新能,2,2,商业航天,4,5,True,True,True,False,True,True,True,False,False,True,h_minus_2|mid_2_3,False,False,True,False,False,False,False,,False,True,-8.0357,,False,False,False,False
2026-01-15,2026-01-16,002264,新华都,2,2,人工智能,4,5,True,True,True,False,True,True,True,False,True,True,h_minus_2|mid_2_3,False,False,True,False,False,False,False,,False,False,,,False,False,False,True
2026-01-15,2026-01-16,002446,盛路通信,2,2,商业航天,4,5,True,True,True,False,True,True,True,False,False,True,h_minus_2|mid_2_3,False,False,True,False,False,False,False,,False,False,,,False,False,False,False
2026-01-15,2026-01-16,002554,惠博普,2,2,实控人变更,4,5,True,True,True,False,True,True,True,False,False,False,h_minus_2|mid_2_3,False,False,True,False,True,False,False,,False,True,-3.3248,,False,False,False,False
2026-01-15,2026-01-16,002707,众信旅游,2,2,人工智能,4,5,True,True,True,False,True,True,True,False,True,True,h_minus_2|mid_2_3,False,False,True,False,True,False,False,,False,False,,,False,False,False,True
2026-01-15,2026-01-16,300758,七彩化学,2,2,人工智能,4,5,True,True,True,False,True,True,True,False,True,True,h_minus_2|mid_2_3,False,False,True,False,False,False,False,,False,False,,,False,False,False,True
2026-01-15,2026-01-16,600058,五矿发展,2,2,并购重组,4,5,True,True,True,False,True,True,True,False,False,False,h_minus_2|mid_2_3,False,False,True,False,True,True,True,True,False,False,,3,False,False,False,False
2026-01-15,2026-01-16,600410,华胜天成,2,2,人工智能,4,5,True,True,True,False,True,True,True,False,True,True,h_minus_2|mid_2_3,False,False,True,False,True,False,False,,False,False,,,False,False,False,True
2026-01-15,2026-01-16,600785,新华百货,2,2,股权转让,4,5,True,True,True,False,True,True,True,False,False,False,h_minus_2|mid_2_3,False,False,True,False,False,True,True,False,True,False,,3,True,True,False,False
2026-01-15,2026-01-16,603056,德邦股份,2,2,并购重组,4,5,True,True,True,False,True,True,True,False,False,False,h_minus_2|mid_2_3,False,False,True,False,True,True,True,True,False,False,,3,False,False,False,False
2026-01-15,2026-01-16,605287,德才股份,2,2,基础建设,4,5,True,True,True,False,True,True,True,False,False,False,h_minus_2|mid_2_3,False,False,True,False,False,False,False,,False,False,,,False,False,False,False
2026-01-16,2026-01-19,001255,博菲电气,5,5+,智能电网,5,4,False,True,False,False,False,True,False,False,False,False,new_high,True,False,False,False,False,False,False,,False,False,,,False,False,False,False
2026-01-16,2026-01-19,600058,五矿发展,3,3,并购重组,5,4,False,True,False,False,False,True,False,False,False,False,h_minus_2|mid_2_3|legacy_near,False,False,True,True,True,False,False,,False,True,1.1478,,False,False,False,False
2026-01-16,2026-01-19,600785,新华百货,3,3,股权转让,5,4,False,True,False,False,False,True,False,False,False,False,h_minus_2|mid_2_3|legacy_near,False,False,True,True,False,True,True,False,True,False,,4,False,False,False,False
2026-01-16,2026-01-19,603056,德邦股份,3,3,并购重组,5,4,False,True,False,False,False,True,False,False,False,False,h_minus_2|mid_2_3|legacy_near,False,False,True,True,True,False,False,,False,False,,,False,False,False,False
2026-01-16,2026-01-19,002119,康强电子,2,2,芯片,5,4,False,True,False,False,False,True,False,False,False,False,mid_2_3|legacy_near,False,False,True,True,False,False,False,,False,True,7.46,,False,False,False,False
2026-01-16,2026-01-19,002796,世嘉科技,2,2,光模块,5,4,False,True,False,False,False,True,False,False,False,False,mid_2_3|legacy_near,False,False,True,True,False,False,False,,False,False,,,False,False,False,False
2026-01-19,2026-01-20,002931,锋龙股份,14,5+,机器人概念,14,5,True,True,False,False,True,False,True,False,False,False,new_high,True,False,False,False,True,True,True,True,False,False,,15,True,True,True,True
2026-01-19,2026-01-20,600785,新华百货,4,4,股权转让,14,5,True,True,False,False,True,False,True,False,False,False,legacy_near,False,False,False,True,False,False,False,,False,True,4.8309,,False,False,False,False
2026-01-19,2026-01-20,000720,新能泰山,2,2,智能电网,14,5,True,True,False,False,True,False,True,False,True,True,mid_2_3,False,False,True,False,False,False,False,,False,False,,,False,False,False,False
2026-01-19,2026-01-20,002028,思源电气,2,2,智能电网,14,5,True,True,False,False,True,False,True,False,True,True,mid_2_3,False,False,True,False,False,False,False,,False,False,,,False,False,False,False
2026-01-19,2026-01-20,002339,积成电子,2,2,智能电网,14,5,True,True,False,False,True,False,True,False,True,True,mid_2_3,False,False,True,False,False,False,False,,False,False,,,False,False,False,False
2026-01-19,2026-01-20,002358,森源电气,2,2,智能电网,14,5,True,True,False,False,True,False,True,False,True,True,mid_2_3,False,False,True,False,True,True,True,True,False,False,,3,False,False,False,False
2026-01-19,2026-01-20,002498,汉缆股份,2,2,智能电网,14,5,True,True,False,False,True,False,True,False,True,True,mid_2_3,False,False,True,False,True,True,True,True,False,False,,3,False,False,False,False
2026-01-19,2026-01-20,601096,宏盛华源,2,2,智能电网,14,5,True,True,False,False,True,False,True,False,True,True,mid_2_3,False,False,True,False,False,False,False,,False,False,,,False,False,False,False
2026-01-19,2026-01-20,601616,广电电气,2,2,智能电网,14,5,True,True,False,False,True,False,True,False,True,True,mid_2_3,False,False,True,False,False,True,True,False,True,False,,3,True,True,False,False
2026-01-19,2026-01-20,603061,金海通,2,2,芯片,14,5,True,True,False,False,True,False,True,False,False,False,mid_2_3,False,False,True,False,False,False,False,,False,False,,,False,False,False,False
2026-01-19,2026-01-20,603667,五洲新春,2,2,机器人概念,14,5,True,True,False,False,True,False,True,False,False,False,mid_2_3,False,False,True,False,False,False,False,,False,False,,,False,False,False,True
2026-01-20,2026-01-21,002931,锋龙股份,15,5+,机器人概念,15,14,False,False,False,True,False,True,False,False,False,False,new_high,True,False,False,False,True,True,True,True,False,False,,16,True,True,True,False
2026-01-20,2026-01-21,002358,森源电气,3,3,智能电网,15,14,False,False,False,True,False,True,False,False,False,False,mid_2_3,False,False,True,False,True,False,False,,False,False,,,False,False,False,False
2026-01-20,2026-01-21,002498,汉缆股份,3,3,智能电网,15,14,False,False,False,True,False,True,False,False,False,False,mid_2_3,False,False,True,False,True,False,False,,False,True,7.7652,,False,False,False,False
2026-01-20,2026-01-21,601616,广电电气,3,3,智能电网,15,14,False,False,False,True,False,True,False,False,False,False,mid_2_3,False,False,True,False,False,True,True,False,True,False,,4,False,False,False,False
2026-01-20,2026-01-21,000949,新乡化纤,2,2,化工,15,14,False,False,False,True,False,True,False,False,False,False,mid_2_3,False,False,True,False,False,False,False,,False,False,,,False,False,False,False
2026-01-20,2026-01-21,002201,九鼎新材,2,2,商业航天,15,14,False,False,False,True,False,True,False,False,False,False,mid_2_3,False,False,True,False,False,False,False,,False,False,,,True,False,False,False
2026-01-20,2026-01-21,002546,新联电子,2,2,智能电网,15,14,False,False,False,True,False,True,False,False,False,False,mid_2_3,False,False,True,False,False,False,False,,False,False,,,False,False,False,False
2026-01-20,2026-01-21,002969,嘉美包装,2,2,实控人变更,15,14,False,False,False,True,False,True,False,False,False,False,mid_2_3,False,False,True,False,False,False,False,,False,False,,,True,False,False,False
2026-01-20,2026-01-21,600230,沧州大化,2,2,化工,15,14,False,False,False,True,False,True,False,False,False,False,mid_2_3,False,False,True,False,False,False,False,,False,True,6.3361,,False,False,False,False
2026-01-20,2026-01-21,600391,航发科技,2,2,燃气轮机,15,14,False,False,False,True,False,True,False,False,False,False,mid_2_3,False,False,True,False,False,False,False,,False,False,,,True,False,False,False
2026-01-20,2026-01-21,600774,汉商集团,2,2,生育概念,15,14,False,False,False,True,False,True,False,False,False,False,mid_2_3,False,False,True,False,False,False,False,,False,False,,,False,False,True,False
2026-01-20,2026-01-21,603078,江化微,2,2,实控人变更,15,14,False,False,False,True,False,True,False,False,False,False,mid_2_3,False,False,True,False,True,True,True,True,False,False,,3,True,True,True,False
2026-01-20,2026-01-21,603926,铁流股份,2,2,机器人概念,15,14,False,False,False,True,False,True,False,False,False,False,mid_2_3,False,False,True,False,False,False,False,,False,True,9.9955,,False,False,False,False
2026-01-21,2026-01-22,002931,锋龙股份,16,5+,机器人概念,16,15,False,False,False,True,True,False,False,False,False,False,new_high,True,False,False,False,True,True,True,True,False,False,,17,True,True,False,True
2026-01-21,2026-01-22,601616,广电电气,4,4,智能电网,16,15,False,False,False,True,True,False,False,False,False,False,,False,False,False,False,False,False,False,,False,False,,,False,False,False,False
2026-01-21,2026-01-22,603078,江化微,3,3,实控人变更,16,15,False,False,False,True,True,False,False,False,False,False,mid_2_3,False,False,True,False,True,True,True,True,False,False,,4,True,True,False,False
2026-01-21,2026-01-22,000048,京基智农,2,2,机器人概念,16,15,False,False,False,True,True,False,False,False,False,False,mid_2_3,False,False,True,False,False,False,False,,False,False,,,False,False,False,True
2026-01-21,2026-01-22,000670,盈方微,2,2,并购重组,16,15,False,False,False,True,True,False,False,False,False,False,mid_2_3,False,False,True,False,True,True,True,True,False,False,,3,False,False,False,False
2026-01-21,2026-01-22,002165,红宝丽,2,2,化工,16,15,False,False,False,True,True,False,False,False,False,False,mid_2_3,False,False,True,False,False,False,False,,False,False,,,False,False,True,False
2026-01-21,2026-01-22,002809,红墙股份,2,2,化工,16,15,False,False,False,True,True,False,False,False,False,False,mid_2_3,False,False,True,False,False,False,False,,False,False,,,False,False,False,False
2026-01-21,2026-01-22,601212,白银有色,2,2,黄金,16,15,False,False,False,True,True,False,False,False,False,False,mid_2_3,False,False,True,False,False,True,True,False,True,False,,3,True,True,True,False
2026-01-22,2026-01-23,002931,锋龙股份,17,5+,机器人概念,17,16,False,False,False,True,True,True,False,False,False,False,new_high,True,False,False,False,True,True,True,False,True,False,,18,False,False,False,True
2026-01-22,2026-01-23,603078,江化微,4,4,实控人变更,17,16,False,False,False,True,True,True,False,False,False,False,,False,False,False,False,True,True,True,False,True,False,,5,False,False,False,False
2026-01-22,2026-01-23,000670,盈方微,3,3,并购重组,17,16,False,False,False,True,True,True,False,False,False,False,mid_2_3,False,False,True,False,True,False,False,,False,False,,,False,False,False,False
2026-01-22,2026-01-23,601212,白银有色,3,3,黄金,17,16,False,False,False,True,True,True,False,False,False,False,mid_2_3,False,False,True,False,False,True,True,False,True,False,,4,True,True,True,False
2026-01-22,2026-01-23,000036,华联控股,2,2,锂电池,17,16,False,False,False,True,True,True,False,False,False,False,mid_2_3,False,False,True,False,False,False,False,,False,False,,,False,False,False,False
2026-01-22,2026-01-23,000880,潍柴重机,2,2,发电机,17,16,False,False,False,True,True,True,False,False,False,False,mid_2_3,False,False,True,False,False,False,False,,False,False,,,False,False,False,False
2026-01-22,2026-01-23,001202,炬申股份,2,2,物流,17,16,False,False,False,True,True,True,False,False,False,False,mid_2_3,False,False,True,False,False,False,False,,False,False,,,False,False,False,False
2026-01-22,2026-01-23,001389,广合科技,2,2,通信,17,16,False,False,False,True,True,True,False,False,False,False,mid_2_3,False,False,True,False,False,False,False,,False,False,,,False,False,False,False
2026-01-22,2026-01-23,002279,久其软件,2,2,年报增长,17,16,False,False,False,True,True,True,False,False,False,False,mid_2_3,False,False,True,False,False,False,False,,False,False,,,False,False,False,False
2026-01-22,2026-01-23,002342,巨力索具,2,2,商业航天,17,16,False,False,False,True,True,True,False,False,False,False,mid_2_3,False,False,True,False,False,True,True,False,True,False,,3,False,False,False,False
2026-01-22,2026-01-23,600759,洲际油气,2,2,天然气,17,16,False,False,False,True,True,True,False,False,False,False,mid_2_3,False,False,True,False,False,False,False,,False,False,,,True,False,False,False
2026-01-22,2026-01-23,600770,综艺股份,2,2,芯片,17,16,False,False,False,True,True,True,False,False,False,False,mid_2_3,False,False,True,False,False,False,False,,False,False,,,False,False,False,False
2026-01-22,2026-01-23,600868,梅雁吉祥,2,2,有色金属,17,16,False,False,False,True,True,True,False,False,False,False,mid_2_3,False,False,True,False,False,False,False,,False,False,,,False,False,False,False
2026-01-22,2026-01-23,603040,新坐标,2,2,机器人概念,17,16,False,False,False,True,True,True,False,False,False,False,mid_2_3,False,False,True,False,False,False,False,,False,False,,,False,False,False,True
2026-01-22,2026-01-23,603256,宏和科技,2,2,通信,17,16,False,False,False,True,True,True,False,False,False,False,mid_2_3,False,False,True,False,False,False,False,,False,False,,,False,False,False,False
2026-01-22,2026-01-23,603608,天创时尚,2,2,实控人变更,17,16,False,False,False,True,True,True,False,False,False,False,mid_2_3,False,False,True,False,False,False,False,,False,False,,,False,False,False,False
2026-01-23,2026-01-26,002931,锋龙股份,18,5+,机器人概念,18,17,False,False,False,True,True,True,False,False,False,False,new_high,True,False,False,False,False,False,False,,False,False,,,False,False,False,True
2026-01-23,2026-01-26,603078,江化微,5,5+,实控人变更,18,17,False,False,False,True,True,True,False,False,False,False,,False,False,False,False,False,False,False,,False,False,,,False,False,False,False
2026-01-23,2026-01-26,601212,白银有色,4,4,黄金,18,17,False,False,False,True,True,True,False,False,False,False,,False,False,False,False,False,True,True,False,True,False,,5,True,True,True,False
2026-01-23,2026-01-26,002342,巨力索具,3,3,商业航天,18,17,False,False,False,True,True,True,False,False,False,False,mid_2_3,False,False,True,False,False,False,False,,False,False,,,False,False,True,False
2026-01-23,2026-01-26,001316,润贝航科,2,2,大飞机,18,17,False,False,False,True,True,True,False,False,False,False,mid_2_3,False,False,True,False,False,False,False,,False,False,,,False,False,False,False
2026-01-23,2026-01-26,002149,西部材料,2,2,商业航天,18,17,False,False,False,True,True,True,False,False,False,False,mid_2_3,False,False,True,False,False,False,False,,False,False,,,False,False,False,False
2026-01-23,2026-01-26,002471,中超控股,2,2,商业航天,18,17,False,False,False,True,True,True,False,False,False,False,mid_2_3,False,False,True,False,True,False,False,,False,False,,,False,False,False,False
2026-01-23,2026-01-26,002636,金安国纪,2,2,年报增长,18,17,False,False,False,True,True,True,False,False,False,False,mid_2_3,False,False,True,False,False,False,False,,False,False,,,False,False,False,False
2026-01-23,2026-01-26,002865,钧达股份,2,2,光伏,18,17,False,False,False,True,True,True,False,False,False,False,mid_2_3,False,False,True,False,False,False,False,,False,True,8.0048,,False,False,False,False
2026-01-23,2026-01-26,002943,宇晶股份,2,2,光伏,18,17,False,False,False,True,True,True,False,False,False,False,mid_2_3,False,False,True,False,True,False,False,,False,True,5.5648,,True,False,False,False
2026-01-23,2026-01-26,601615,明阳智能,2,2,并购重组,18,17,False,False,False,True,True,True,False,False,False,False,mid_2_3,False,False,True,False,True,True,True,True,False,False,,3,False,False,False,False
2026-01-23,2026-01-26,603095,越剑智能,2,2,新型工业化,18,17,False,False,False,True,True,True,False,False,False,False,mid_2_3,False,False,True,False,False,False,False,,False,False,,,False,False,False,False
2026-01-26,2026-01-27,601212,白银有色,5,5+,黄金,5,18,True,True,True,False,True,True,True,False,False,False,new_high,True,False,False,False,False,True,True,False,True,False,,6,True,True,True,True
2026-01-26,2026-01-27,601615,明阳智能,3,3,并购重组,5,18,True,True,True,False,True,True,True,False,False,False,h_minus_2|mid_2_3,False,False,True,False,True,False,False,,False,False,,,False,False,False,False
2026-01-26,2026-01-27,000593,德龙汇能,2,2,天然气,5,18,True,True,True,False,True,True,True,False,False,False,mid_2_3,False,False,True,False,False,False,False,,False,False,,,False,False,False,False
2026-01-26,2026-01-27,000603,盛达资源,2,2,黄金,5,18,True,True,True,False,True,True,True,False,False,False,mid_2_3,False,False,True,False,False,False,False,,False,True,7.9612,,True,False,False,True
2026-01-26,2026-01-27,000630,铜陵有色,2,2,黄金,5,18,True,True,True,False,True,True,True,False,False,False,mid_2_3,False,False,True,False,False,False,False,,False,False,,,True,False,True,True
2026-01-26,2026-01-27,000751,锌业股份,2,2,黄金,5,18,True,True,True,False,True,True,True,False,False,False,mid_2_3,False,False,True,False,False,False,False,,False,False,,,True,False,False,True
2026-01-26,2026-01-27,002218,拓日新能,2,2,光伏,5,18,True,True,True,False,True,True,True,False,False,False,mid_2_3,False,False,True,False,True,True,True,False,True,False,,3,False,False,False,False
2026-01-26,2026-01-27,002506,协鑫集成,2,2,光伏,5,18,True,True,True,False,True,True,True,False,False,False,mid_2_3,False,False,True,False,False,False,False,,False,True,6.9565,,False,False,False,False
2026-01-26,2026-01-27,002623,亚玛顿,2,2,光伏,5,18,True,True,True,False,True,True,True,False,False,False,mid_2_3,False,False,True,False,False,False,False,,False,False,,,False,False,False,False
2026-01-26,2026-01-27,002667,威领股份,2,2,锂电池,5,18,True,True,True,False,True,True,True,False,False,False,mid_2_3,False,False,True,False,False,False,False,,False,False,,,True,False,False,False
2026-01-26,2026-01-27,003042,中农联合,2,2,农业,5,18,True,True,True,False,True,True,True,False,False,False,mid_2_3,False,False,True,False,False,True,True,False,True,False,,3,True,True,False,False
2026-01-26,2026-01-27,600531,豫光金铅,2,2,黄金,5,18,True,True,True,False,True,True,True,False,False,False,mid_2_3,False,False,True,False,True,True,True,False,True,False,,3,True,True,True,True
2026-01-26,2026-01-27,600916,中国黄金,2,2,黄金,5,18,True,True,True,False,True,True,True,False,False,False,mid_2_3,False,False,True,False,False,True,True,False,True,False,,3,True,True,True,True
2026-01-26,2026-01-27,600986,浙文互联,2,2,人工智能,5,18,True,True,True,False,True,True,True,False,False,False,mid_2_3,False,False,True,False,False,False,False,,False,False,,,False,False,True,False
2026-01-26,2026-01-27,688323,瑞华泰,2,2,商业航天,5,18,True,True,True,False,True,True,True,False,False,False,mid_2_3,False,False,True,False,False,False,False,,False,False,,,False,False,False,False
2026-01-27,2026-01-28,601212,白银有色,6,5+,黄金,6,5,False,False,False,False,False,True,False,False,False,False,new_high,True,False,False,False,False,True,True,False,True,False,,7,True,True,False,False
2026-01-27,2026-01-28,002218,拓日新能,3,3,光伏,6,5,False,False,False,False,False,True,False,False,False,False,mid_2_3|legacy_near,False,False,True,True,False,False,False,,False,True,4.3873,,False,False,False,False
2026-01-27,2026-01-28,003042,中农联合,3,3,农业,6,5,False,False,False,False,False,True,False,False,False,False,mid_2_3|legacy_near,False,False,True,True,False,True,True,False,True,False,,4,False,False,False,False
2026-01-27,2026-01-28,600531,豫光金铅,3,3,黄金,6,5,False,False,False,False,False,True,False,False,False,False,mid_2_3|legacy_near,False,False,True,True,False,True,True,False,True,False,,4,True,True,False,False
2026-01-27,2026-01-28,600916,中国黄金,3,3,黄金,6,5,False,False,False,False,False,True,False,False,False,False,mid_2_3|legacy_near,False,False,True,True,False,True,True,True,False,False,,4,True,True,False,False
2026-01-27,2026-01-28,000506,招金黄金,2,2,黄金,6,5,False,False,False,False,False,True,False,False,False,False,mid_2_3,False,False,True,False,False,True,True,False,True,False,,3,True,True,False,False
2026-01-27,2026-01-28,001337,四川黄金,2,2,黄金,6,5,False,False,False,False,False,True,False,False,False,False,mid_2_3,False,False,True,False,False,True,True,False,True,False,,3,False,False,False,False
2026-01-27,2026-01-28,002009,天奇股份,2,2,机器人概念,6,5,False,False,False,False,False,True,False,False,False,False,mid_2_3,False,False,True,False,False,False,False,,False,False,,,False,False,True,False
2026-01-27,2026-01-28,002030,达安基因,2,2,病毒防治,6,5,False,False,False,False,False,True,False,False,False,False,mid_2_3,False,False,True,False,False,False,False,,False,False,,,False,False,False,False
2026-01-27,2026-01-28,002155,湖南黄金,2,2,黄金,6,5,False,False,False,False,False,True,False,False,False,False,mid_2_3,False,False,True,False,True,True,True,True,False,False,,3,True,True,True,False
2026-01-27,2026-01-28,002524,光正眼科,2,2,人工智能,6,5,False,False,False,False,False,True,False,False,False,False,mid_2_3,False,False,True,False,False,False,False,,False,False,,,False,False,False,False
2026-01-27,2026-01-28,002995,天地在线,2,2,网红经济,6,5,False,False,False,False,False,True,False,False,False,False,mid_2_3,False,False,True,False,False,False,False,,False,True,3.2959,,True,False,True,False
2026-01-27,2026-01-28,300639,凯普生物,2,2,病毒防治,6,5,False,False,False,False,False,True,False,False,False,False,mid_2_3,False,False,True,False,False,False,False,,False,False,,,False,False,False,False
2026-01-27,2026-01-28,603132,金徽股份,2,2,有色金属,6,5,False,False,False,False,False,True,False,False,False,False,mid_2_3,False,False,True,False,False,True,True,False,True,False,,3,False,False,False,False
2026-01-28,2026-01-29,601212,白银有色,7,5+,黄金,7,6,False,False,False,False,False,False,False,False,False,False,new_high,True,False,False,False,False,True,True,False,True,False,,8,False,False,False,False
2026-01-28,2026-01-29,003042,中农联合,4,4,农业,7,6,False,False,False,False,False,False,False,False,False,False,legacy_near,False,False,False,True,False,False,False,,False,True,-9.9961,,False,False,False,False
2026-01-28,2026-01-29,600531,豫光金铅,4,4,黄金,7,6,False,False,False,False,False,False,False,False,False,False,legacy_near,False,False,False,True,False,True,True,False,True,False,,5,False,False,False,False
2026-01-28,2026-01-29,600916,中国黄金,4,4,黄金,7,6,False,False,False,False,False,False,False,False,False,False,legacy_near,False,False,False,True,True,True,True,True,False,False,,5,False,False,False,False
2026-01-28,2026-01-29,000506,招金黄金,3,3,黄金,7,6,False,False,False,False,False,False,False,False,False,False,mid_2_3,False,False,True,False,False,True,True,False,True,False,,4,False,False,False,False
2026-01-28,2026-01-29,001337,四川黄金,3,3,黄金,7,6,False,False,False,False,False,False,False,False,False,False,mid_2_3,False,False,True,False,False,False,False,,False,True,9.9761,,False,False,False,False
2026-01-28,2026-01-29,002155,湖南黄金,3,3,黄金,7,6,False,False,False,False,False,False,False,False,False,False,mid_2_3,False,False,True,False,True,True,True,True,False,False,,4,True,True,False,False
2026-01-28,2026-01-29,603132,金徽股份,3,3,有色金属,7,6,False,False,False,False,False,False,False,False,False,False,mid_2_3,False,False,True,False,False,False,False,,False,False,,,False,False,False,False
2026-01-28,2026-01-29,002119,康强电子,2,2,芯片,7,6,False,False,False,False,False,False,False,False,False,False,mid_2_3,False,False,True,False,False,False,False,,False,False,,,False,False,False,False
2026-01-28,2026-01-29,603052,可川科技,2,2,芯片,7,6,False,False,False,False,False,False,False,False,False,False,mid_2_3,False,False,True,False,False,False,False,,False,True,7.2821,,False,False,False,False
2026-01-29,2026-01-30,601212,白银有色,8,5+,黄金,8,7,False,False,False,False,False,False,False,False,False,False,new_high,True,False,False,False,False,False,False,,False,False,,,False,False,False,False
2026-01-29,2026-01-30,600531,豫光金铅,5,5+,黄金,8,7,False,False,False,False,False,False,False,False,False,False,legacy_near,False,False,False,True,False,False,False,,False,False,,,False,False,False,False
2026-01-29,2026-01-30,600916,中国黄金,5,5+,黄金,8,7,False,False,False,False,False,False,False,False,False,False,legacy_near,False,False,False,True,True,False,False,,False,True,8.7407,,False,False,False,False
2026-01-29,2026-01-30,000506,招金黄金,4,4,黄金,8,7,False,False,False,False,False,False,False,False,False,False,,False,False,False,False,False,False,False,,False,False,,,False,False,False,False
2026-01-29,2026-01-30,002155,湖南黄金,4,4,黄金,8,7,False,False,False,False,False,False,False,False,False,False,,False,False,False,False,True,True,True,False,True,False,,5,False,False,True,False
2026-01-29,2026-01-30,000630,铜陵有色,2,2,黄金,8,7,False,False,False,False,False,False,False,False,False,False,mid_2_3,False,False,True,False,False,False,False,,False,False,,,False,False,False,False
2026-01-29,2026-01-30,000737,北方铜业,2,2,有色金属,8,7,False,False,False,False,False,False,False,False,False,False,mid_2_3,False,False,True,False,False,False,False,,False,False,,,False,False,False,False
2026-01-29,2026-01-30,000878,云南铜业,2,2,有色金属,8,7,False,False,False,False,False,False,False,False,False,False,mid_2_3,False,False,True,False,False,False,False,,False,False,,,False,False,False,False
2026-01-29,2026-01-30,001376,百通能源,2,2,有色金属,8,7,False,False,False,False,False,False,False,False,False,False,mid_2_3,False,False,True,False,False,False,False,,False,False,,,False,False,False,False
2026-01-29,2026-01-30,002207,准油股份,2,2,石油石化,8,7,False,False,False,False,False,False,False,False,False,False,mid_2_3,False,False,True,False,False,False,False,,False,True,-0.5367,,False,False,False,False
2026-01-29,2026-01-30,002440,闰土股份,2,2,化工,8,7,False,False,False,False,False,False,False,False,False,False,mid_2_3,False,False,True,False,False,False,False,,False,True,6.4243,,False,False,False,False
2026-01-29,2026-01-30,002455,百川股份,2,2,化工,8,7,False,False,False,False,False,False,False,False,False,False,mid_2_3,False,False,True,False,False,True,True,False,True,False,,3,False,False,True,False
2026-01-29,2026-01-30,300164,通源石油,2,2,石油石化,8,7,False,False,False,False,False,False,False,False,False,False,mid_2_3,False,False,True,False,False,False,False,,False,False,,,False,False,False,False
2026-01-29,2026-01-30,600759,洲际油气,2,2,石油石化,8,7,False,False,False,False,False,False,False,False,False,False,mid_2_3,False,False,True,False,False,False,False,,False,False,,,False,False,False,False
2026-01-29,2026-01-30,600871,石化油服,2,2,石油石化,8,7,False,False,False,False,False,False,False,False,False,False,mid_2_3,False,False,True,False,False,False,False,,False,True,5.5728,,False,False,False,False
2026-01-29,2026-01-30,601069,西部黄金,2,2,黄金,8,7,False,False,False,False,False,False,False,False,False,False,mid_2_3,False,False,True,False,False,False,False,,False,False,,,False,False,False,False
2026-01-29,2026-01-30,601388,怡球资源,2,2,年报增长,8,7,False,False,False,False,False,False,False,False,False,False,mid_2_3,False,False,True,False,False,False,False,,False,False,,,False,False,False,False
2026-01-29,2026-01-30,603619,中曼石油,2,2,石油石化,8,7,False,False,False,False,False,False,False,False,False,False,mid_2_3,False,False,True,False,False,False,False,,False,False,,,False,False,False,False
2026-01-29,2026-01-30,603958,哈森股份,2,2,消费电子,8,7,False,False,False,False,False,False,False,False,False,False,mid_2_3,False,False,True,False,False,False,False,,False,False,,,False,False,False,False
2026-01-30,2026-02-02,002155,湖南黄金,5,5+,黄金,5,8,True,True,True,False,True,False,False,False,True,True,new_high,True,False,False,False,False,False,False,,False,False,,,True,False,False,True
2026-01-30,2026-02-02,002455,百川股份,3,3,化工,5,8,True,True,True,False,True,False,False,False,False,False,h_minus_2|mid_2_3,False,False,True,False,False,False,False,,False,True,-2.2941,,True,False,False,False
2026-01-30,2026-02-02,000995,皇台酒业,2,2,酿酒,5,8,True,True,True,False,True,False,False,False,False,False,mid_2_3,False,False,True,False,False,True,True,False,True,False,,3,True,True,False,False
2026-01-30,2026-02-02,002995,天地在线,2,2,人工智能,5,8,True,True,True,False,True,False,False,False,False,False,mid_2_3,False,False,True,False,False,False,False,,False,False,,,False,False,False,False
2026-01-30,2026-02-02,600084,中信尼雅,2,2,酿酒,5,8,True,True,True,False,True,False,False,False,False,False,mid_2_3,False,False,True,False,False,False,False,,False,False,,,False,False,False,False
2026-01-30,2026-02-02,603103,横店影视,2,2,文化传媒,5,8,True,True,True,False,True,False,False,False,False,False,mid_2_3,False,False,True,False,False,True,True,True,False,False,,3,True,True,False,False
2026-01-30,2026-02-02,603172,万丰股份,2,2,化工,5,8,True,True,True,False,True,False,False,False,False,False,mid_2_3,False,False,True,False,True,True,True,True,False,False,,3,True,True,False,False
2026-02-02,2026-02-03,000995,皇台酒业,3,3,酿酒,3,5,True,True,True,False,True,True,False,True,False,False,new_high|mid_2_3|legacy_near,True,False,True,True,False,True,True,False,True,False,,4,False,False,False,False
2026-02-02,2026-02-03,603103,横店影视,3,3,文化传媒,3,5,True,True,True,False,True,True,False,True,False,False,new_high|mid_2_3|legacy_near,True,False,True,True,True,True,True,False,True,False,,4,False,False,True,False
2026-02-02,2026-02-03,603172,万丰股份,3,3,化工,3,5,True,True,True,False,True,True,False,True,False,False,new_high|mid_2_3|legacy_near,True,False,True,True,True,True,True,False,True,False,,4,False,False,False,True
2026-02-02,2026-02-03,002491,通鼎互联,2,2,通信,3,5,True,True,True,False,True,True,False,True,False,False,sub_high|mid_2_3,False,True,True,False,False,False,False,,False,True,7.0602,,False,False,False,False
2026-02-02,2026-02-03,002830,名雕股份,2,2,人工智能,3,5,True,True,True,False,True,True,False,True,False,False,sub_high|mid_2_3,False,True,True,False,False,True,True,False,True,False,,3,True,True,False,False
2026-02-02,2026-02-03,600828,茂业商业,2,2,零售,3,5,True,True,True,False,True,True,False,True,False,False,sub_high|mid_2_3,False,True,True,False,False,False,False,,False,False,,,False,False,True,False
2026-02-02,2026-02-03,603618,杭电股份,2,2,通信,3,5,True,True,True,False,True,True,False,True,False,False,sub_high|mid_2_3,False,True,True,False,True,True,True,False,True,False,,3,True,True,False,False
2026-02-02,2026-02-03,603629,利通电子,2,2,人工智能,3,5,True,True,True,False,True,True,False,True,False,False,sub_high|mid_2_3,False,True,True,False,False,False,False,,False,True,7.1949,,False,False,False,False
2026-02-02,2026-02-03,603861,白云电器,2,2,智能电网,3,5,True,True,True,False,True,True,False,True,False,False,sub_high|mid_2_3,False,True,True,False,True,False,False,,False,False,,,False,False,False,False
2026-02-02,2026-02-03,605151,西上海,2,2,汽车零部件,3,5,True,True,True,False,True,True,False,True,False,False,sub_high|mid_2_3,False,True,True,False,False,False,False,,False,False,,,False,False,False,False
2026-02-03,2026-02-04,000995,皇台酒业,4,4,酿酒,4,3,False,False,False,False,True,True,False,False,False,False,new_high,True,False,False,False,False,False,False,,False,False,,,False,False,False,False
2026-02-03,2026-02-04,603103,横店影视,4,4,文化传媒,4,3,False,False,False,False,True,True,False,False,False,False,new_high,True,False,False,False,False,False,False,,False,True,-6.7401,,True,False,False,True
2026-02-03,2026-02-04,603172,万丰股份,4,4,化工,4,3,False,False,False,False,True,True,False,False,False,False,new_high,True,False,False,False,False,False,False,,False,False,,,False,False,False,True
2026-02-03,2026-02-04,002830,名雕股份,3,3,人工智能,4,3,False,False,False,False,True,True,False,False,False,False,sub_high|mid_2_3,False,True,True,False,False,True,True,False,True,False,,4,False,False,True,False
2026-02-03,2026-02-04,603618,杭电股份,3,3,通信,4,3,False,False,False,False,True,True,False,False,False,False,sub_high|mid_2_3,False,True,True,False,False,True,True,False,True,False,,4,False,False,True,False
2026-02-03,2026-02-04,000533,顺钠股份,2,2,智能电网,4,3,False,False,False,False,True,True,False,False,False,False,h_minus_2|mid_2_3|legacy_near,False,False,True,True,False,True,True,False,True,False,,3,False,False,False,False
2026-02-03,2026-02-04,002112,三变科技,2,2,智能电网,4,3,False,False,False,False,True,True,False,False,False,False,h_minus_2|mid_2_3|legacy_near,False,False,True,True,False,False,False,,False,False,,,False,False,True,False
2026-02-03,2026-02-04,002471,中超控股,2,2,商业航天,4,3,False,False,False,False,True,True,False,False,False,False,h_minus_2|mid_2_3|legacy_near,False,False,True,True,False,False,False,,False,False,,,False,False,False,False
2026-02-03,2026-02-04,301362,民爆光电,2,2,并购重组,4,3,False,False,False,False,True,True,False,False,False,False,h_minus_2|mid_2_3|legacy_near,False,False,True,True,True,True,True,True,False,False,,3,True,True,False,False
2026-02-03,2026-02-04,600785,新华百货,2,2,股权转让,4,3,False,False,False,False,True,True,False,False,False,False,h_minus_2|mid_2_3|legacy_near,False,False,True,True,False,False,False,,False,False,,,False,False,False,False
2026-02-04,2026-02-05,002830,名雕股份,4,4,地产链,4,4,True,True,False,False,True,True,True,False,False,True,new_high,True,False,False,False,False,False,False,,False,True,-9.9838,,True,False,True,False
2026-02-04,2026-02-05,603618,杭电股份,4,4,通信,4,4,True,True,False,False,True,True,True,False,False,False,new_high,True,False,False,False,False,False,False,,False,True,3.6606,,True,False,False,True
2026-02-04,2026-02-05,000533,顺钠股份,3,3,智能电网,4,4,True,True,False,False,True,True,True,False,False,False,sub_high|mid_2_3|legacy_near,False,True,True,True,False,False,False,,False,False,,,False,False,False,False
2026-02-04,2026-02-05,301362,民爆光电,3,3,并购重组,4,4,True,True,False,False,True,True,True,False,False,False,sub_high|mid_2_3|legacy_near,False,True,True,True,True,True,True,False,True,False,,4,False,False,False,False
2026-02-04,2026-02-05,000039,中集集团,2,2,商业航天,4,4,True,True,False,False,True,True,True,False,False,False,h_minus_2|mid_2_3|legacy_near,False,False,True,True,False,False,False,,False,False,,,False,False,False,False
2026-02-04,2026-02-05,002126,银轮股份,2,2,液冷,4,4,True,True,False,False,True,True,True,False,False,False,h_minus_2|mid_2_3|legacy_near,False,False,True,True,False,False,False,,False,False,,,False,False,False,False
2026-02-04,2026-02-05,002342,巨力索具,2,2,商业航天,4,4,True,True,False,False,True,True,True,False,False,False,h_minus_2|mid_2_3|legacy_near,False,False,True,True,False,False,False,,False,False,,,False,False,False,False
2026-02-04,2026-02-05,301636,泽润新能,2,2,光伏,4,4,True,True,False,False,True,True,True,False,False,False,h_minus_2|mid_2_3|legacy_near,False,False,True,True,False,False,False,,False,False,,,False,False,False,False
2026-02-04,2026-02-05,600330,天通股份,2,2,通信,4,4,True,True,False,False,True,True,True,False,False,False,h_minus_2|mid_2_3|legacy_near,False,False,True,True,False,False,False,,False,False,,,False,False,True,True
2026-02-04,2026-02-05,600481,双良节能,2,2,光伏,4,4,True,True,False,False,True,True,True,False,False,False,h_minus_2|mid_2_3|legacy_near,False,False,True,True,False,False,False,,False,False,,,False,False,False,False
2026-02-04,2026-02-05,600683,京投发展,2,2,地产链,4,4,True,True,False,False,True,True,True,False,False,False,h_minus_2|mid_2_3|legacy_near,False,False,True,True,False,True,True,False,True,False,,3,False,False,True,False
2026-02-04,2026-02-05,603616,韩建河山,2,2,并购重组,4,4,True,True,False,False,True,True,True,False,False,False,h_minus_2|mid_2_3|legacy_near,False,False,True,True,True,True,True,True,False,False,,3,True,True,True,False
2026-02-04,2026-02-05,603778,国晟科技,2,2,光伏,4,4,True,True,False,False,True,True,True,False,False,False,h_minus_2|mid_2_3|legacy_near,False,False,True,True,False,False,False,,False,False,,,False,False,False,False
2026-02-05,2026-02-06,301362,民爆光电,4,4,并购重组,4,4,True,True,False,False,True,True,False,False,False,True,new_high,True,False,False,False,False,False,False,,False,False,,,False,False,False,True
2026-02-05,2026-02-06,600683,京投发展,3,3,地产链,4,4,True,True,False,False,True,True,False,False,True,True,sub_high|mid_2_3|legacy_near,False,True,True,True,False,False,False,,False,False,,,True,False,False,False
2026-02-05,2026-02-06,603616,韩建河山,3,3,并购重组,4,4,True,True,False,False,True,True,False,False,False,False,sub_high|mid_2_3|legacy_near,False,True,True,True,True,True,True,False,True,False,,4,True,True,False,True
2026-02-05,2026-02-06,002355,兴民智通,2,2,智能驾驶,4,4,True,True,False,False,True,True,False,False,False,False,h_minus_2|mid_2_3|legacy_near,False,False,True,True,False,False,False,,False,False,,,False,False,False,False
2026-02-05,2026-02-06,002506,协鑫集成,2,2,光伏,4,4,True,True,False,False,True,True,False,False,False,False,h_minus_2|mid_2_3|legacy_near,False,False,True,True,False,True,True,False,True,False,,3,True,True,False,False
2026-02-05,2026-02-06,300912,凯龙高科,2,2,并购重组,4,4,True,True,False,False,True,True,False,False,False,False,h_minus_2|mid_2_3|legacy_near,False,False,True,True,True,True,True,True,False,False,,3,True,True,False,True
2026-02-05,2026-02-06,600814,杭州解百,2,2,零售,4,4,True,True,False,False,True,True,False,False,False,False,h_minus_2|mid_2_3|legacy_near,False,False,True,True,False,True,True,False,True,False,,3,False,False,False,False
2026-02-05,2026-02-06,601015,陕西黑猫,2,2,煤炭,4,4,True,True,False,False,True,True,False,False,False,False,h_minus_2|mid_2_3|legacy_near,False,False,True,True,True,False,False,,False,False,,,False,False,False,False
2026-02-05,2026-02-06,603334,丰倍生物,2,2,次新股,4,4,True,True,False,False,True,True,False,False,False,False,h_minus_2|mid_2_3|legacy_near,False,False,True,True,False,False,False,,False,False,,,False,False,False,False
2026-02-05,2026-02-06,603826,坤彩科技,2,2,化工,4,4,True,True,False,False,True,True,False,False,False,False,h_minus_2|mid_2_3|legacy_near,False,False,True,True,False,False,False,,False,False,,,False,False,False,False
2026-02-06,2026-02-09,603616,韩建河山,4,4,并购重组,4,4,True,True,False,False,True,True,True,False,True,True,new_high,True,False,False,False,False,True,True,False,True,False,,5,False,False,False,True
2026-02-06,2026-02-09,002506,协鑫集成,3,3,光伏,4,4,True,True,False,False,True,True,True,False,False,False,sub_high|mid_2_3|legacy_near,False,True,True,True,False,True,True,False,True,False,,4,False,False,False,False
2026-02-06,2026-02-09,300912,凯龙高科,3,3,并购重组,4,4,True,True,False,False,True,True,True,False,True,True,sub_high|mid_2_3|legacy_near,False,True,True,True,True,True,True,True,False,False,,4,False,False,False,True
2026-02-06,2026-02-09,600814,杭州解百,3,3,零售,4,4,True,True,False,False,True,True,True,False,False,False,sub_high|mid_2_3|legacy_near,False,True,True,True,False,False,False,,False,False,,,False,False,False,False
2026-02-06,2026-02-09,000056,皇庭国际,2,2,锂电池,4,4,True,True,False,False,True,True,True,False,False,False,h_minus_2|mid_2_3|legacy_near,False,False,True,True,False,False,False,,False,False,,,True,False,False,False
2026-02-06,2026-02-09,002361,神剑股份,2,2,商业航天,4,4,True,True,False,False,True,True,True,False,False,False,h_minus_2|mid_2_3|legacy_near,False,False,True,True,False,False,False,,False,False,,,False,False,False,False
2026-02-06,2026-02-09,003018,金富科技,2,2,并购重组,4,4,True,True,False,False,True,True,True,False,True,True,h_minus_2|mid_2_3|legacy_near,False,False,True,True,True,True,True,True,False,False,,3,False,False,True,True
2026-02-06,2026-02-09,300461,田中精机,2,2,新型工业化,4,4,True,True,False,False,True,True,True,False,False,False,h_minus_2|mid_2_3|legacy_near,False,False,True,True,False,False,False,,False,False,,,False,False,False,False
2026-02-09,2026-02-10,603616,韩建河山,5,5+,并购重组,5,4,False,False,False,False,True,True,False,False,False,False,new_high,True,False,False,False,False,False,False,,False,False,,,False,False,False,True
2026-02-09,2026-02-10,002506,协鑫集成,4,4,光伏,5,4,False,False,False,False,True,True,False,False,False,False,sub_high,False,True,False,False,False,False,False,,False,False,,,False,False,False,False
2026-02-09,2026-02-10,300912,凯龙高科,4,4,并购重组,5,4,False,False,False,False,True,True,False,False,False,False,sub_high,False,True,False,False,True,False,False,,False,False,,,False,False,False,True
2026-02-09,2026-02-10,003018,金富科技,3,3,并购重组,5,4,False,False,False,False,True,True,False,False,False,False,h_minus_2|mid_2_3|legacy_near,False,False,True,True,True,False,False,,False,False,,,True,False,False,True
2026-02-09,2026-02-10,002015,协鑫能科,2,2,光伏,5,4,False,False,False,False,True,True,False,False,False,False,mid_2_3|legacy_near,False,False,True,True,False,False,False,,False,False,,,False,False,False,False
2026-02-09,2026-02-10,002054,德美化工,2,2,化工,5,4,False,False,False,False,True,True,False,False,False,False,mid_2_3|legacy_near,False,False,True,True,False,False,False,,False,False,,,False,False,False,False
2026-02-09,2026-02-10,002099,海翔药业,2,2,化工,5,4,False,False,False,False,True,True,False,False,False,False,mid_2_3|legacy_near,False,False,True,True,False,False,False,,False,True,1.4528,,False,False,False,False
2026-02-09,2026-02-10,002440,闰土股份,2,2,化工,5,4,False,False,False,False,True,True,False,False,False,False,mid_2_3|legacy_near,False,False,True,True,False,False,False,,False,False,,,False,False,False,False
2026-02-09,2026-02-10,002455,百川股份,2,2,化工,5,4,False,False,False,False,True,True,False,False,False,False,mid_2_3|legacy_near,False,False,True,True,False,True,True,True,False,False,,3,True,True,False,False
2026-02-09,2026-02-10,002624,完美世界,2,2,AI应用,5,4,False,False,False,False,True,True,False,False,False,False,mid_2_3|legacy_near,False,False,True,True,False,False,False,,False,True,4.366,,False,False,False,False
2026-02-09,2026-02-10,002830,名雕股份,2,2,AI应用,5,4,False,False,False,False,True,True,False,False,False,False,mid_2_3|legacy_near,False,False,True,True,False,False,False,,False,False,,,False,False,False,False
2026-02-09,2026-02-10,600722,金牛化工,2,2,化工,5,4,False,False,False,False,True,True,False,False,False,False,mid_2_3|legacy_near,False,False,True,True,False,False,False,,False,False,,,True,False,False,False
2026-02-09,2026-02-10,600884,杉杉股份,2,2,实控人变更,5,4,False,False,False,False,True,True,False,False,False,False,mid_2_3|legacy_near,False,False,True,True,True,False,False,,False,False,,,False,False,False,False
2026-02-09,2026-02-10,603626,科森科技,2,2,机器人概念,5,4,False,False,False,False,True,True,False,False,False,False,mid_2_3|legacy_near,False,False,True,True,False,False,False,,False,False,,,False,False,False,False
2026-02-10,2026-02-11,002455,百川股份,3,3,化工,3,5,True,True,True,False,False,True,False,True,False,False,new_high|mid_2_3|legacy_near,True,False,True,True,True,True,True,False,True,False,,4,False,False,False,False
2026-02-10,2026-02-11,000892,欢瑞世纪,2,2,AI应用,3,5,True,True,True,False,False,True,False,True,False,False,sub_high|mid_2_3,False,True,True,False,True,True,True,False,True,False,,3,False,False,False,False
2026-02-10,2026-02-11,001330,博纳影业,2,2,文化传媒,3,5,True,True,True,False,False,True,False,True,False,False,sub_high|mid_2_3,False,True,True,False,False,False,False,,False,True,7.4579,,False,False,False,False
2026-02-10,2026-02-11,002323,雅博股份,2,2,光伏,3,5,True,True,True,False,False,True,False,True,False,False,sub_high|mid_2_3,False,True,True,False,False,True,True,False,True,False,,3,True,True,False,False
2026-02-10,2026-02-11,002429,兆驰股份,2,2,AI应用,3,5,True,True,True,False,False,True,False,True,False,False,sub_high|mid_2_3,False,True,True,False,True,False,False,,False,False,,,False,False,False,False
2026-02-10,2026-02-11,300182,捷成股份,2,2,AI应用,3,5,True,True,True,False,False,True,False,True,False,False,sub_high|mid_2_3,False,True,True,False,False,False,False,,False,False,,,False,False,False,False
2026-02-10,2026-02-11,300364,中文在线,2,2,AI应用,3,5,True,True,True,False,False,True,False,True,False,False,sub_high|mid_2_3,False,True,True,False,False,False,False,,False,False,,,False,False,False,False
2026-02-10,2026-02-11,300749,顶固集创,2,2,商业航天,3,5,True,True,True,False,False,True,False,True,False,False,sub_high|mid_2_3,False,True,True,False,False,False,False,,False,False,,,False,False,False,False
2026-02-10,2026-02-11,301231,荣信文化,2,2,AI应用,3,5,True,True,True,False,False,True,False,True,False,False,sub_high|mid_2_3,False,True,True,False,True,False,False,,False,False,,,False,False,False,False
2026-02-10,2026-02-11,600589,大位科技,2,2,算力,3,5,True,True,True,False,False,True,False,True,False,False,sub_high|mid_2_3,False,True,True,False,True,True,True,True,False,False,,3,True,True,False,False
2026-02-10,2026-02-11,601595,上海电影,2,2,文化传媒,3,5,True,True,True,False,False,True,False,True,False,False,sub_high|mid_2_3,False,True,True,False,False,False,False,,False,False,,,False,False,False,False
2026-02-10,2026-02-11,601869,长飞光纤,2,2,通信,3,5,True,True,True,False,False,True,False,True,False,False,sub_high|mid_2_3,False,True,True,False,False,False,False,,False,False,,,False,False,False,False
2026-02-10,2026-02-11,603103,横店影视,2,2,文化传媒,3,5,True,True,True,False,False,True,False,True,False,False,sub_high|mid_2_3,False,True,True,False,False,False,False,,False,False,,,False,False,False,False
2026-02-10,2026-02-11,603301,振德医疗,2,2,医疗器械,3,5,True,True,True,False,False,True,False,True,False,False,sub_high|mid_2_3,False,True,True,False,False,False,False,,False,False,,,False,False,False,False
2026-02-10,2026-02-11,603466,风语筑,2,2,AI应用,3,5,True,True,True,False,False,True,False,True,False,False,sub_high|mid_2_3,False,True,True,False,False,False,False,,False,True,2.9197,,False,False,True,False
2026-02-10,2026-02-11,603533,掌阅科技,2,2,AI应用,3,5,True,True,True,False,False,True,False,True,False,False,sub_high|mid_2_3,False,True,True,False,True,True,True,True,False,False,,3,True,True,True,False
2026-02-10,2026-02-11,603598,引力传媒,2,2,AI应用,3,5,True,True,True,False,False,True,False,True,False,False,sub_high|mid_2_3,False,True,True,False,False,False,False,,False,False,,,False,False,False,False
2026-02-10,2026-02-11,603729,龙韵股份,2,2,文化传媒,3,5,True,True,True,False,False,True,False,True,False,False,sub_high|mid_2_3,False,True,True,False,True,True,True,True,False,False,,3,False,False,False,False
2026-02-10,2026-02-11,603980,吉华集团,2,2,实控人变更,3,5,True,True,True,False,False,True,False,True,False,False,sub_high|mid_2_3,False,True,True,False,True,True,True,False,True,False,,3,False,False,False,False
2026-02-10,2026-02-11,605060,联德股份,2,2,燃气轮机,3,5,True,True,True,False,False,True,False,True,False,False,sub_high|mid_2_3,False,True,True,False,False,False,False,,False,False,,,False,False,False,False
2026-02-10,2026-02-11,605287,德才股份,2,2,AI应用,3,5,True,True,True,False,False,True,False,True,False,False,sub_high|mid_2_3,False,True,True,False,True,True,True,False,True,False,,3,True,True,False,False
2026-02-11,2026-02-12,002455,百川股份,4,4,化工,4,3,False,False,False,False,True,False,False,False,False,False,new_high,True,False,False,False,False,False,False,,False,False,,,False,False,False,True
2026-02-11,2026-02-12,000892,欢瑞世纪,3,3,AI应用,4,3,False,False,False,False,True,False,False,False,False,False,sub_high|mid_2_3,False,True,True,False,False,False,False,,False,False,,,False,False,False,False
2026-02-11,2026-02-12,002323,雅博股份,3,3,光伏,4,3,False,False,False,False,True,False,False,False,False,False,sub_high|mid_2_3,False,True,True,False,False,True,True,False,True,False,,4,False,False,False,False
2026-02-11,2026-02-12,600589,大位科技,3,3,算力,4,3,False,False,False,False,True,False,False,False,False,False,sub_high|mid_2_3,False,True,True,False,True,True,True,True,False,False,,4,False,False,False,False
2026-02-11,2026-02-12,603533,掌阅科技,3,3,AI应用,4,3,False,False,False,False,True,False,False,False,False,False,sub_high|mid_2_3,False,True,True,False,True,True,True,True,False,False,,4,True,True,False,False
2026-02-11,2026-02-12,603729,龙韵股份,3,3,文化传媒,4,3,False,False,False,False,True,False,False,False,False,False,sub_high|mid_2_3,False,True,True,False,True,False,False,,False,False,,,False,False,False,False
2026-02-11,2026-02-12,603980,吉华集团,3,3,化工,4,3,False,False,False,False,True,False,False,False,False,False,sub_high|mid_2_3,False,True,True,False,False,False,False,,False,False,,,False,False,False,True
2026-02-11,2026-02-12,605287,德才股份,3,3,AI应用,4,3,False,False,False,False,True,False,False,False,False,False,sub_high|mid_2_3,False,True,True,False,False,True,True,False,True,False,,4,False,False,False,False
2026-02-11,2026-02-12,000070,特发信息,2,2,通信,4,3,False,False,False,False,True,False,False,False,False,False,h_minus_2|mid_2_3|legacy_near,False,False,True,True,True,True,True,False,True,False,,3,False,False,False,False
2026-02-11,2026-02-12,002723,小崧股份,2,2,文化传媒,4,3,False,False,False,False,True,False,False,False,False,False,h_minus_2|mid_2_3|legacy_near,False,False,True,True,False,False,False,,False,False,,,False,False,False,False
2026-02-11,2026-02-12,603968,醋化股份,2,2,化工,4,3,False,False,False,False,True,False,False,False,False,False,h_minus_2|mid_2_3|legacy_near,False,False,True,True,False,False,False,,False,False,,,False,False,False,True
2026-02-12,2026-02-13,002323,雅博股份,4,4,光伏,4,4,True,True,False,False,True,True,True,False,False,False,new_high,True,False,False,False,False,False,False,,False,False,,,False,False,False,True
2026-02-12,2026-02-13,600589,大位科技,4,4,算力,4,4,True,True,False,False,True,True,True,False,False,False,new_high,True,False,False,False,True,False,False,,False,True,-4.8341,,False,False,False,False
2026-02-12,2026-02-13,603533,掌阅科技,4,4,AI应用,4,4,True,True,False,False,True,True,True,False,False,False,new_high,True,False,False,False,True,True,True,False,True,False,,5,False,False,False,True
2026-02-12,2026-02-13,605287,德才股份,4,4,AI应用,4,4,True,True,False,False,True,True,True,False,False,False,new_high,True,False,False,False,False,False,False,,False,False,,,False,False,False,True
2026-02-12,2026-02-13,000070,特发信息,3,3,通信,4,4,True,True,False,False,True,True,True,False,False,False,sub_high|mid_2_3|legacy_near,False,True,True,True,False,False,False,,False,False,,,False,False,False,False
2026-02-12,2026-02-13,000962,东方钽业,2,2,有色金属,4,4,True,True,False,False,True,True,True,False,False,False,h_minus_2|mid_2_3|legacy_near,False,False,True,True,False,False,False,,False,False,,,False,False,True,False
2026-02-12,2026-02-13,001896,豫能控股,2,2,算力,4,4,True,True,False,False,True,True,True,False,False,False,h_minus_2|mid_2_3|legacy_near,False,False,True,True,True,True,True,True,False,False,,3,True,True,True,False
2026-02-12,2026-02-13,002080,中材科技,2,2,化工,4,4,True,True,False,False,True,True,True,False,True,True,h_minus_2|mid_2_3|legacy_near,False,False,True,True,False,False,False,,False,False,,,False,False,False,False
2026-02-12,2026-02-13,002378,章源钨业,2,2,有色金属,4,4,True,True,False,False,True,True,True,False,False,False,h_minus_2|mid_2_3|legacy_near,False,False,True,True,False,False,False,,False,False,,,False,False,True,False
2026-02-12,2026-02-13,002842,翔鹭钨业,2,2,有色金属,4,4,True,True,False,False,True,True,True,False,False,False,h_minus_2|mid_2_3|legacy_near,False,False,True,True,False,False,False,,False,False,,,False,False,False,False
2026-02-12,2026-02-13,002951,金时科技,2,2,通信,4,4,True,True,False,False,True,True,True,False,False,False,h_minus_2|mid_2_3|legacy_near,False,False,True,True,False,True,True,False,True,False,,3,False,False,False,False
2026-02-12,2026-02-13,600397,江钨装备,2,2,有色金属,4,4,True,True,False,False,True,True,True,False,False,False,h_minus_2|mid_2_3|legacy_near,False,False,True,True,False,False,False,,False,True,8.246,,True,False,True,False
2026-02-12,2026-02-13,600545,卓郎智能,2,2,化工,4,4,True,True,False,False,True,True,True,False,True,True,h_minus_2|mid_2_3|legacy_near,False,False,True,True,False,False,False,,False,False,,,False,False,True,False
2026-02-12,2026-02-13,603138,海量数据,2,2,人工智能,4,4,True,True,False,False,True,True,True,False,False,False,h_minus_2|mid_2_3|legacy_near,False,False,True,True,False,False,False,,False,False,,,False,False,False,False
2026-02-12,2026-02-13,603256,宏和科技,2,2,化工,4,4,True,True,False,False,True,True,True,False,True,True,h_minus_2|mid_2_3|legacy_near,False,False,True,True,False,False,False,,False,False,,,True,False,False,False
2026-02-12,2026-02-13,605006,山东玻纤,2,2,化工,4,4,True,True,False,False,True,True,True,False,True,True,h_minus_2|mid_2_3|legacy_near,False,False,True,True,False,False,False,,False,False,,,True,False,False,False
2026-02-12,2026-02-13,605033,美邦股份,2,2,农业,4,4,True,True,False,False,True,True,True,False,False,False,h_minus_2|mid_2_3|legacy_near,False,False,True,True,True,True,True,True,False,False,,3,True,True,False,False
2026-02-13,2026-02-24,603533,掌阅科技,5,5+,AI应用,5,4,False,True,False,False,True,True,True,False,True,True,new_high,True,False,False,False,False,False,False,,False,False,,,False,False,False,True
2026-02-13,2026-02-24,001896,豫能控股,3,3,算力,5,4,False,True,False,False,True,True,True,False,True,True,h_minus_2|mid_2_3|legacy_near,False,False,True,True,True,True,True,True,False,False,,4,True,True,True,False
2026-02-13,2026-02-24,002951,金时科技,3,3,通信,5,4,False,True,False,False,True,True,True,False,False,False,h_minus_2|mid_2_3|legacy_near,False,False,True,True,False,False,False,,False,False,,,False,False,False,False
2026-02-13,2026-02-24,605033,美邦股份,3,3,农业,5,4,False,True,False,False,True,True,True,False,False,False,h_minus_2|mid_2_3|legacy_near,False,False,True,True,True,True,True,True,False,False,,4,False,False,False,False
2026-02-13,2026-02-24,002498,汉缆股份,2,2,智能电网,5,4,False,True,False,False,True,True,True,False,False,False,mid_2_3|legacy_near,False,False,True,True,False,True,True,False,True,False,,3,True,True,False,False
2026-02-24,2026-02-25,001896,豫能控股,4,4,算力,4,5,True,True,True,False,False,True,True,False,False,False,new_high|legacy_near,True,False,False,True,True,True,True,False,True,False,,5,True,True,True,False
2026-02-24,2026-02-25,605033,美邦股份,4,4,农业,4,5,True,True,True,False,False,True,True,False,False,False,new_high|legacy_near,True,False,False,True,True,False,False,,False,True,-6.6265,,False,False,False,False
2026-02-24,2026-02-25,002498,汉缆股份,3,3,智能电网,4,5,True,True,True,False,False,True,True,False,False,False,sub_high|mid_2_3|legacy_near,False,True,True,True,False,True,True,False,True,False,,4,False,False,False,False
2026-02-24,2026-02-25,000890,法尔胜,2,2,股权转让,4,5,True,True,True,False,False,True,True,False,False,False,h_minus_2|mid_2_3,False,False,True,False,False,True,True,False,True,False,,3,True,True,False,False
2026-02-24,2026-02-25,601890,亚星锚链,2,2,军工,4,5,True,True,True,False,False,True,True,False,False,False,h_minus_2|mid_2_3,False,False,True,False,False,False,False,,False,False,,,False,False,False,False
2026-02-24,2026-02-25,603466,风语筑,2,2,AI应用,4,5,True,True,True,False,False,True,True,False,True,True,h_minus_2|mid_2_3,False,False,True,False,False,False,False,,False,False,,,False,False,False,False
2026-02-24,2026-02-25,605289,罗曼股份,2,2,算力,4,5,True,True,True,False,False,True,True,False,False,False,h_minus_2|mid_2_3,False,False,True,False,False,True,True,False,True,False,,3,False,False,False,False
2026-02-25,2026-02-26,001896,豫能控股,5,5+,算力,5,4,False,True,False,False,True,False,False,True,False,False,new_high,True,False,False,False,False,True,True,False,True,False,,6,True,True,False,True
2026-02-25,2026-02-26,002498,汉缆股份,4,4,智能电网,5,4,False,True,False,False,True,False,False,True,False,False,sub_high,False,True,False,False,False,False,False,,False,False,,,False,False,False,False
2026-02-25,2026-02-26,000890,法尔胜,3,3,通信,5,4,False,True,False,False,True,False,False,True,False,False,h_minus_2|mid_2_3|legacy_near,False,False,True,True,False,True,True,False,True,False,,4,False,False,True,False
2026-02-25,2026-02-26,605289,罗曼股份,3,3,算力,5,4,False,True,False,False,True,False,False,True,False,False,h_minus_2|mid_2_3|legacy_near,False,False,True,True,False,False,False,,False,True,7.6231,,False,False,False,True
2026-02-25,2026-02-26,000545,金浦钛业,2,2,化工,5,4,False,True,False,False,True,False,False,True,False,False,mid_2_3|legacy_near,False,False,True,True,False,False,False,,False,False,,,False,False,False,False
2026-02-25,2026-02-26,000636,风华高科,2,2,元器件,5,4,False,True,False,False,True,False,False,True,False,False,mid_2_3|legacy_near,False,False,True,True,False,False,False,,False,False,,,False,False,False,False
2026-02-25,2026-02-26,001396,誉帆科技,2,2,AI应用,5,4,False,True,False,False,True,False,False,True,False,False,mid_2_3|legacy_near,False,False,True,True,False,False,False,,False,True,1.4503,,False,False,False,False
2026-02-25,2026-02-26,002470,金正大,2,2,化工,5,4,False,True,False,False,True,False,False,True,False,False,mid_2_3|legacy_near,False,False,True,True,False,True,True,True,False,False,,3,True,True,False,False
2026-02-25,2026-02-26,002811,郑中设计,2,2,AI应用,5,4,False,True,False,False,True,False,False,True,False,False,mid_2_3|legacy_near,False,False,True,True,False,False,False,,False,False,,,False,False,False,False
2026-02-25,2026-02-26,600078,澄星股份,2,2,化工,5,4,False,True,False,False,True,False,False,True,False,False,mid_2_3|legacy_near,False,False,True,True,True,True,True,False,True,False,,3,False,False,False,False
2026-02-25,2026-02-26,600096,云天化,2,2,化工,5,4,False,True,False,False,True,False,False,True,False,True,mid_2_3|legacy_near,False,False,True,True,False,False,False,,False,False,,,False,False,False,False
2026-02-25,2026-02-26,600397,江钨装备,2,2,有色金属,5,4,False,True,False,False,True,False,False,True,False,False,mid_2_3|legacy_near,False,False,True,True,False,False,False,,False,False,,,True,False,False,False
2026-02-25,2026-02-26,600470,六国化工,2,2,化工,5,4,False,True,False,False,True,False,False,True,False,False,mid_2_3|legacy_near,False,False,True,True,False,False,False,,False,False,,,False,False,False,False
2026-02-25,2026-02-26,600759,洲际油气,2,2,石油石化,5,4,False,True,False,False,True,False,False,True,False,False,mid_2_3|legacy_near,False,False,True,True,False,False,False,,False,False,,,False,False,True,False
2026-02-25,2026-02-26,601872,招商轮船,2,2,航运,5,4,False,True,False,False,True,False,False,True,False,False,mid_2_3|legacy_near,False,False,True,True,False,False,False,,False,False,,,False,False,True,False
2026-02-25,2026-02-26,603077,和邦生物,2,2,化工,5,4,False,True,False,False,True,False,False,True,False,False,mid_2_3|legacy_near,False,False,True,True,False,False,False,,False,False,,,False,False,False,False
2026-02-25,2026-02-26,603601,再升科技,2,2,化工,5,4,False,True,False,False,True,False,False,True,False,False,mid_2_3|legacy_near,False,False,True,True,False,False,False,,False,False,,,False,False,False,False
2026-02-25,2026-02-26,605178,时空科技,2,2,芯片,5,4,False,True,False,False,True,False,False,True,False,False,mid_2_3|legacy_near,False,False,True,True,False,False,False,,False,False,,,False,False,False,False
2026-02-26,2026-02-27,001896,豫能控股,6,5+,算力,6,5,False,False,False,False,False,True,False,False,False,False,new_high,True,False,False,False,False,True,True,False,True,False,,7,False,False,False,False
2026-02-26,2026-02-27,000890,法尔胜,4,4,通信,6,5,False,False,False,False,False,True,False,False,False,False,h_minus_2|legacy_near,False,False,False,True,False,False,False,,False,False,,,True,False,False,False
2026-02-26,2026-02-27,002470,金正大,3,3,化工,6,5,False,False,False,False,False,True,False,False,False,False,mid_2_3|legacy_near,False,False,True,True,True,True,True,False,True,False,,4,False,False,False,False
2026-02-26,2026-02-27,600078,澄星股份,3,3,化工,6,5,False,False,False,False,False,True,False,False,False,False,mid_2_3|legacy_near,False,False,True,True,False,False,False,,False,False,,,False,False,False,False
2026-02-26,2026-02-27,000826,启迪环境,2,2,环保,6,5,False,False,False,False,False,True,False,False,False,False,mid_2_3,False,False,True,False,False,False,False,,False,True,1.444,,False,False,False,False
2026-02-26,2026-02-27,000899,赣能股份,2,2,电力,6,5,False,False,False,False,False,True,False,False,False,False,mid_2_3,False,False,True,False,False,True,True,False,True,False,,3,False,False,False,False
2026-02-26,2026-02-27,001209,洪兴股份,2,2,服装家纺,6,5,False,False,False,False,False,True,False,False,False,False,mid_2_3,False,False,True,False,False,True,True,False,True,False,,3,False,False,False,False
2026-02-26,2026-02-27,002378,章源钨业,2,2,有色金属,6,5,False,False,False,False,False,True,False,False,False,False,mid_2_3,False,False,True,False,False,True,True,False,True,False,,3,False,False,False,False
2026-02-26,2026-02-27,002428,云南锗业,2,2,有色金属,6,5,False,False,False,False,False,True,False,False,False,False,mid_2_3,False,False,True,False,False,False,False,,False,False,,,False,False,False,False
2026-02-27,2026-03-02,001896,豫能控股,7,5+,算力,7,6,False,False,False,False,False,False,False,False,False,False,new_high,True,False,False,False,False,False,False,,False,False,,,False,False,False,False
2026-02-27,2026-03-02,002470,金正大,4,4,化工,7,6,False,False,False,False,False,False,False,False,False,False,legacy_near,False,False,False,True,False,False,False,,False,True,-6.129,,False,False,False,False
2026-02-27,2026-03-02,000899,赣能股份,3,3,电力,7,6,False,False,False,False,False,False,False,False,False,False,mid_2_3,False,False,True,False,False,False,False,,False,True,0.3422,,False,False,False,False
2026-02-27,2026-03-02,001209,洪兴股份,3,3,服装家纺,7,6,False,False,False,False,False,False,False,False,False,False,mid_2_3,False,False,True,False,False,False,False,,False,False,,,False,False,False,False
2026-02-27,2026-03-02,002378,章源钨业,3,3,有色金属,7,6,False,False,False,False,False,False,False,False,False,False,mid_2_3,False,False,True,False,False,False,False,,False,True,8.2266,,False,False,False,False
2026-02-27,2026-03-02,002350,北京科锐,2,2,智能电网,7,6,False,False,False,False,False,False,False,False,False,False,mid_2_3,False,False,True,False,False,False,False,,False,False,,,True,False,False,False
2026-02-27,2026-03-02,002843,泰嘉股份,2,2,电源,7,6,False,False,False,False,False,False,False,False,False,False,mid_2_3,False,False,True,False,True,True,True,False,True,False,,3,False,False,False,False
2026-02-27,2026-03-02,600744,华银电力,2,2,电力,7,6,False,False,False,False,False,False,False,False,False,False,mid_2_3,False,False,True,False,False,False,False,,False,False,,,False,False,False,False
2026-02-27,2026-03-02,603530,神马电力,2,2,智能电网,7,6,False,False,False,False,False,False,False,False,False,False,mid_2_3,False,False,True,False,False,False,False,,False,False,,,False,False,True,False
2026-02-27,2026-03-02,603950,长源东谷,2,2,发电机,7,6,False,False,False,False,False,False,False,False,False,False,mid_2_3,False,False,True,False,False,True,True,False,True,False,,3,False,False,False,False
2026-03-02,2026-03-03,002843,泰嘉股份,3,3,电源,3,7,True,True,True,False,True,False,True,False,False,False,new_high|mid_2_3,True,False,True,False,False,False,False,,False,True,4.2806,,False,False,False,True
2026-03-02,2026-03-03,603950,长源东谷,3,3,发电机,3,7,True,True,True,False,True,False,True,False,False,False,new_high|mid_2_3,True,False,True,False,False,False,False,,False,False,,,False,False,False,True
2026-03-02,2026-03-03,000035,中国天楹,2,2,化工,3,7,True,True,True,False,True,False,True,False,False,False,sub_high|mid_2_3,False,True,True,False,False,False,False,,False,False,,,False,False,False,False
2026-03-02,2026-03-03,000510,新金路,2,2,有色金属,3,7,True,True,True,False,True,False,True,False,False,False,sub_high|mid_2_3,False,True,True,False,False,False,False,,False,False,,,False,False,False,False
2026-03-02,2026-03-03,000960,锡业股份,2,2,有色金属,3,7,True,True,True,False,True,False,True,False,False,False,sub_high|mid_2_3,False,True,True,False,False,False,False,,False,False,,,False,False,False,False
2026-03-02,2026-03-03,002155,湖南黄金,2,2,黄金,3,7,True,True,True,False,True,False,True,False,False,False,sub_high|mid_2_3,False,True,True,False,False,False,False,,False,False,,,False,False,False,False
2026-03-02,2026-03-03,002356,赫美集团,2,2,化工,3,7,True,True,True,False,True,False,True,False,False,False,sub_high|mid_2_3,False,True,True,False,False,False,False,,False,False,,,False,False,False,False
2026-03-02,2026-03-03,002842,翔鹭钨业,2,2,有色金属,3,7,True,True,True,False,True,False,True,False,False,False,sub_high|mid_2_3,False,True,True,False,False,False,False,,False,False,,,False,False,False,False
2026-03-02,2026-03-03,002980,华盛昌,2,2,并购重组,3,7,True,True,True,False,True,False,True,False,False,False,sub_high|mid_2_3,False,True,True,False,True,True,True,False,True,False,,3,False,False,False,False
2026-03-02,2026-03-03,600108,亚盛集团,2,2,有色金属,3,7,True,True,True,False,True,False,True,False,False,False,sub_high|mid_2_3,False,True,True,False,True,True,True,False,True,False,,3,True,True,False,False
2026-03-02,2026-03-03,600259,中稀有色,2,2,稀土永磁,3,7,True,True,True,False,True,False,True,False,False,False,sub_high|mid_2_3,False,True,True,False,False,False,False,,False,False,,,False,False,False,False
2026-03-02,2026-03-03,600301,华锡有色,2,2,有色金属,3,7,True,True,True,False,True,False,True,False,False,False,sub_high|mid_2_3,False,True,True,False,False,False,False,,False,False,,,False,False,False,False
2026-03-02,2026-03-03,600452,涪陵电力,2,2,电力,3,7,True,True,True,False,True,False,True,False,False,True,sub_high|mid_2_3,False,True,True,False,False,False,False,,False,False,,,False,False,False,False
2026-03-02,2026-03-03,600498,烽火通信,2,2,通信,3,7,True,True,True,False,True,False,True,False,False,False,sub_high|mid_2_3,False,True,True,False,False,False,False,,False,False,,,False,False,False,False
2026-03-02,2026-03-03,603257,中国瑞林,2,2,稀土永磁,3,7,True,True,True,False,True,False,True,False,False,False,sub_high|mid_2_3,False,True,True,False,False,False,False,,False,False,,,False,False,False,False
2026-03-02,2026-03-03,603318,水发燃气,2,2,天然气,3,7,True,True,True,False,True,False,True,False,False,False,sub_high|mid_2_3,False,True,True,False,False,True,True,True,False,False,,3,True,True,False,False
2026-03-02,2026-03-03,603353,和顺石油,2,2,石油石化,3,7,True,True,True,False,True,False,True,False,False,False,sub_high|mid_2_3,False,True,True,False,False,True,True,False,True,False,,3,False,False,False,False
2026-03-02,2026-03-03,603629,利通电子,2,2,算力,3,7,True,True,True,False,True,False,True,False,True,True,sub_high|mid_2_3,False,True,True,False,False,False,False,,False,False,,,False,False,False,False
2026-03-02,2026-03-03,603738,泰晶科技,2,2,元器件,3,7,True,True,True,False,True,False,True,False,False,False,sub_high|mid_2_3,False,True,True,False,False,False,False,,False,False,,,False,False,False,False
2026-03-02,2026-03-03,603897,长城科技,2,2,智能电网,3,7,True,True,True,False,True,False,True,False,False,False,sub_high|mid_2_3,False,True,True,False,False,False,False,,False,False,,,False,False,False,False
2026-03-03,2026-03-04,002980,华盛昌,3,3,并购重组,3,3,True,True,False,False,True,True,False,True,False,False,new_high|mid_2_3,True,False,True,False,False,False,False,,False,False,,,False,False,False,True
2026-03-03,2026-03-04,600108,亚盛集团,3,3,有色金属,3,3,True,True,False,False,True,True,False,True,False,False,new_high|mid_2_3,True,False,True,False,False,True,True,False,True,False,,4,False,False,True,True
2026-03-03,2026-03-04,603318,水发燃气,3,3,天然气,3,3,True,True,False,False,True,True,False,True,False,False,new_high|mid_2_3,True,False,True,False,True,True,True,False,True,False,,4,False,False,False,False
2026-03-03,2026-03-04,603353,和顺石油,3,3,石油石化,3,3,True,True,False,False,True,True,False,True,False,False,new_high|mid_2_3,True,False,True,False,False,False,False,,False,False,,,False,False,False,False
2026-03-03,2026-03-04,000096,广聚能源,2,2,石油石化,3,3,True,True,False,False,True,True,False,True,False,False,sub_high|mid_2_3|legacy_near,False,True,True,True,False,False,False,,False,False,,,False,False,False,False
2026-03-03,2026-03-04,000554,泰山石油,2,2,石油石化,3,3,True,True,False,False,True,True,False,True,False,False,sub_high|mid_2_3|legacy_near,False,True,True,True,False,False,False,,False,False,,,False,False,False,False
2026-03-03,2026-03-04,000968,蓝焰控股,2,2,天然气,3,3,True,True,False,False,True,True,False,True,False,False,sub_high|mid_2_3|legacy_near,False,True,True,True,False,False,False,,False,False,,,False,False,False,False
2026-03-03,2026-03-04,002040,南京港,2,2,港口,3,3,True,True,False,False,True,True,False,True,False,False,sub_high|mid_2_3|legacy_near,False,True,True,True,False,False,False,,False,False,,,False,False,False,False
2026-03-03,2026-03-04,002207,准油股份,2,2,石油石化,3,3,True,True,False,False,True,True,False,True,False,False,sub_high|mid_2_3|legacy_near,False,True,True,True,True,True,True,False,True,False,,3,False,False,False,False
2026-03-03,2026-03-04,002490,山东墨龙,2,2,石油石化,3,3,True,True,False,False,True,True,False,True,False,False,sub_high|mid_2_3|legacy_near,False,True,True,True,True,True,True,False,True,False,,3,False,False,False,False
2026-03-03,2026-03-04,002554,惠博普,2,2,石油石化,3,3,True,True,False,False,True,True,False,True,False,False,sub_high|mid_2_3|legacy_near,False,True,True,True,False,False,False,,False,False,,,False,False,False,False
2026-03-03,2026-03-04,002629,仁智股份,2,2,石油石化,3,3,True,True,False,False,True,True,False,True,False,False,sub_high|mid_2_3|legacy_near,False,True,True,True,False,False,False,,False,False,,,False,False,False,False
2026-03-03,2026-03-04,002828,贝肯能源,2,2,石油石化,3,3,True,True,False,False,True,True,False,True,False,False,sub_high|mid_2_3|legacy_near,False,True,True,True,False,False,False,,False,False,,,False,False,False,False
2026-03-03,2026-03-04,300157,新锦动力,2,2,石油石化,3,3,True,True,False,False,True,True,False,True,False,False,sub_high|mid_2_3|legacy_near,False,True,True,True,False,False,False,,False,False,,,False,False,False,False
2026-03-03,2026-03-04,300164,通源石油,2,2,石油石化,3,3,True,True,False,False,True,True,False,True,False,False,sub_high|mid_2_3|legacy_near,False,True,True,True,False,False,False,,False,False,,,False,False,False,False
2026-03-03,2026-03-04,300191,潜能恒信,2,2,石油石化,3,3,True,True,False,False,True,True,False,True,False,False,sub_high|mid_2_3|legacy_near,False,True,True,True,False,False,False,,False,False,,,False,False,False,False
2026-03-03,2026-03-04,301158,德石股份,2,2,石油石化,3,3,True,True,False,False,True,True,False,True,False,False,sub_high|mid_2_3|legacy_near,False,True,True,True,False,False,False,,False,False,,,False,False,False,False
2026-03-03,2026-03-04,301302,华如科技,2,2,军工,3,3,True,True,False,False,True,True,False,True,False,False,sub_high|mid_2_3|legacy_near,False,True,True,True,False,False,False,,False,False,,,False,False,False,False
2026-03-03,2026-03-04,600026,中远海能,2,2,航运,3,3,True,True,False,False,True,True,False,True,False,False,sub_high|mid_2_3|legacy_near,False,True,True,True,False,False,False,,False,False,,,False,False,False,False
2026-03-03,2026-03-04,600256,广汇能源,2,2,化工,3,3,True,True,False,False,True,True,False,True,False,False,sub_high|mid_2_3|legacy_near,False,True,True,True,False,False,False,,False,False,,,False,False,False,False
2026-03-03,2026-03-04,600339,中油工程,2,2,石油石化,3,3,True,True,False,False,True,True,False,True,False,False,sub_high|mid_2_3|legacy_near,False,True,True,True,False,False,False,,False,False,,,False,False,False,False
2026-03-03,2026-03-04,600367,红星发展,2,2,化工,3,3,True,True,False,False,True,True,False,True,False,False,sub_high|mid_2_3|legacy_near,False,True,True,True,False,False,False,,False,False,,,False,False,False,False
2026-03-03,2026-03-04,600583,海油工程,2,2,石油石化,3,3,True,True,False,False,True,True,False,True,False,False,sub_high|mid_2_3|legacy_near,False,True,True,True,False,False,False,,False,False,,,False,False,False,False
2026-03-03,2026-03-04,600688,上海石化,2,2,石油石化,3,3,True,True,False,False,True,True,False,True,False,False,sub_high|mid_2_3|legacy_near,False,True,True,True,False,False,False,,False,False,,,False,False,False,False
2026-03-03,2026-03-04,600714,金瑞矿业,2,2,化工,3,3,True,True,False,False,True,True,False,True,False,False,sub_high|mid_2_3|legacy_near,False,True,True,True,False,False,False,,False,False,,,False,False,False,False
2026-03-03,2026-03-04,600722,金牛化工,2,2,化工,3,3,True,True,False,False,True,True,False,True,False,False,sub_high|mid_2_3|legacy_near,False,True,True,True,True,False,False,,False,True,5.5507,,False,False,True,False
2026-03-03,2026-03-04,600759,洲际油气,2,2,石油石化,3,3,True,True,False,False,True,True,False,True,False,False,sub_high|mid_2_3|legacy_near,False,True,True,True,True,True,True,False,True,False,,3,False,False,False,False
2026-03-03,2026-03-04,600871,石化油服,2,2,石油石化,3,3,True,True,False,False,True,True,False,True,False,False,sub_high|mid_2_3|legacy_near,False,True,True,True,True,True,True,False,True,False,,3,False,False,False,False
2026-03-03,2026-03-04,600938,中国海油,2,2,石油石化,3,3,True,True,False,False,True,True,False,True,False,False,sub_high|mid_2_3|legacy_near,False,True,True,True,False,False,False,,False,False,,,False,False,False,False
2026-03-03,2026-03-04,600968,海油发展,2,2,石油石化,3,3,True,True,False,False,True,True,False,True,False,False,sub_high|mid_2_3|legacy_near,False,True,True,True,False,False,False,,False,False,,,False,False,False,False
2026-03-03,2026-03-04,601808,中海油服,2,2,石油石化,3,3,True,True,False,False,True,True,False,True,False,False,sub_high|mid_2_3|legacy_near,False,True,True,True,False,False,False,,False,False,,,False,False,False,False
2026-03-03,2026-03-04,601857,中国石油,2,2,石油石化,3,3,True,True,False,False,True,True,False,True,False,False,sub_high|mid_2_3|legacy_near,False,True,True,True,False,False,False,,False,False,,,False,False,False,False
2026-03-03,2026-03-04,601872,招商轮船,2,2,航运,3,3,True,True,False,False,True,True,False,True,False,False,sub_high|mid_2_3|legacy_near,False,True,True,True,False,False,False,,False,False,,,False,False,False,False
2026-03-03,2026-03-04,601975,招商南油,2,2,航运,3,3,True,True,False,False,True,True,False,True,False,False,sub_high|mid_2_3|legacy_near,False,True,True,True,False,False,False,,False,False,,,False,False,False,False
2026-03-03,2026-03-04,603619,中曼石油,2,2,石油石化,3,3,True,True,False,False,True,True,False,True,False,False,sub_high|mid_2_3|legacy_near,False,True,True,True,False,False,False,,False,False,,,False,False,False,False
2026-03-03,2026-03-04,603727,博迈科,2,2,石油石化,3,3,True,True,False,False,True,True,False,True,False,False,sub_high|mid_2_3|legacy_near,False,True,True,True,False,False,False,,False,False,,,False,False,False,False
2026-03-04,2026-03-05,600108,亚盛集团,4,4,农业,4,3,False,True,False,False,True,True,True,False,False,False,new_high,True,False,False,False,False,False,False,,False,False,,,True,False,False,False
2026-03-04,2026-03-05,603318,水发燃气,4,4,天然气,4,3,False,True,False,False,True,True,True,False,False,False,new_high,True,False,False,False,False,False,False,,False,False,,,False,False,False,True
2026-03-04,2026-03-05,002207,准油股份,3,3,石油石化,4,3,False,True,False,False,True,True,True,False,True,True,sub_high|mid_2_3,False,True,True,False,False,False,False,,False,False,,,False,False,False,False
2026-03-04,2026-03-05,002490,山东墨龙,3,3,石油石化,4,3,False,True,False,False,True,True,True,False,True,True,sub_high|mid_2_3,False,True,True,False,False,False,False,,False,True,8.3618,,False,False,False,False
2026-03-04,2026-03-05,600759,洲际油气,3,3,石油石化,4,3,False,True,False,False,True,True,True,False,True,True,sub_high|mid_2_3,False,True,True,False,False,False,False,,False,True,5.3269,,False,False,False,False
2026-03-04,2026-03-05,600871,石化油服,3,3,石油石化,4,3,False,True,False,False,True,True,True,False,True,True,sub_high|mid_2_3,False,True,True,False,False,False,False,,False,False,,,False,False,False,False
2026-03-05,2026-03-06,000533,顺钠股份,2,2,智能电网,2,4,True,True,True,False,True,True,False,True,False,False,new_high|mid_2_3|legacy_near,True,False,True,True,True,True,True,True,False,False,,3,True,True,False,True
2026-03-05,2026-03-06,002339,积成电子,2,2,智能电网,2,4,True,True,True,False,True,True,False,True,False,False,new_high|mid_2_3|legacy_near,True,False,True,True,False,False,False,,False,False,,,False,False,False,True
2026-03-05,2026-03-06,002498,汉缆股份,2,2,智能电网,2,4,True,True,True,False,True,True,False,True,False,False,new_high|mid_2_3|legacy_near,True,False,True,True,False,True,True,False,True,False,,3,False,False,False,True
2026-03-05,2026-03-06,002877,智能自控,2,2,人工智能,2,4,True,True,True,False,True,True,False,True,False,False,new_high|mid_2_3|legacy_near,True,False,True,True,False,False,False,,False,False,,,False,False,False,False
2026-03-05,2026-03-06,300265,通光线缆,2,2,智能电网,2,4,True,True,True,False,True,True,False,True,False,False,new_high|mid_2_3|legacy_near,True,False,True,True,False,False,False,,False,False,,,False,False,False,True
2026-03-05,2026-03-06,600545,卓郎智能,2,2,人工智能,2,4,True,True,True,False,True,True,False,True,False,False,new_high|mid_2_3|legacy_near,True,False,True,True,True,True,True,False,True,False,,3,False,False,False,False
2026-03-05,2026-03-06,605268,王力安防,2,2,地产链,2,4,True,True,True,False,True,True,False,True,False,False,new_high|mid_2_3|legacy_near,True,False,True,True,True,True,True,True,False,False,,3,True,True,True,False
2026-03-06,2026-03-09,000533,顺钠股份,3,3,智能电网,3,2,False,True,False,False,True,True,True,False,True,True,new_high|mid_2_3,True,False,True,False,True,True,True,False,True,False,,4,False,False,False,True
2026-03-06,2026-03-09,002498,汉缆股份,3,3,智能电网,3,2,False,True,False,False,True,True,True,False,True,True,new_high|mid_2_3,True,False,True,False,False,False,False,,False,False,,,False,False,False,True
2026-03-06,2026-03-09,600545,卓郎智能,3,3,人工智能,3,2,False,True,False,False,True,True,True,False,True,True,new_high|mid_2_3,True,False,True,False,False,False,False,,False,False,,,False,False,False,True
2026-03-06,2026-03-09,605268,王力安防,3,3,地产链,3,2,False,True,False,False,True,True,True,False,False,False,new_high|mid_2_3,True,False,True,False,True,True,True,True,False,False,,4,True,True,False,False
2026-03-06,2026-03-09,000509,华塑控股,2,2,面板,3,2,False,True,False,False,True,True,True,False,False,False,sub_high|mid_2_3,False,True,True,False,False,False,False,,False,False,,,False,False,False,False
2026-03-06,2026-03-09,000815,美利云,2,2,算力,3,2,False,True,False,False,True,True,True,False,False,False,sub_high|mid_2_3,False,True,True,False,False,True,True,False,True,False,,3,False,False,False,False
2026-03-06,2026-03-09,002913,奥士康,2,2,通信,3,2,False,True,False,False,True,True,True,False,False,True,sub_high|mid_2_3,False,True,True,False,False,False,False,,False,False,,,False,False,False,False
2026-03-06,2026-03-09,600590,泰豪科技,2,2,发电机,3,2,False,True,False,False,True,True,True,False,False,False,sub_high|mid_2_3,False,True,True,False,False,False,False,,False,False,,,False,False,False,False
2026-03-09,2026-03-10,000533,顺钠股份,4,4,智能电网,4,3,False,True,False,False,True,True,True,False,True,True,new_high,True,False,False,False,False,False,False,,False,True,7.8803,,False,False,False,True
2026-03-09,2026-03-10,605268,王力安防,4,4,地产链,4,3,False,True,False,False,True,True,True,False,False,False,new_high,True,False,False,False,True,True,True,True,False,False,,5,False,False,False,False
2026-03-09,2026-03-10,000815,美利云,3,3,算力,4,3,False,True,False,False,True,True,True,False,False,False,sub_high|mid_2_3,False,True,True,False,False,False,False,,False,True,-0.223,,False,False,False,False
2026-03-09,2026-03-10,000534,万泽股份,2,2,燃气轮机,4,3,False,True,False,False,True,True,True,False,False,False,h_minus_2|mid_2_3|legacy_near,False,False,True,True,False,False,False,,False,False,,,False,False,False,False
2026-03-09,2026-03-10,000601,韶能股份,2,2,电力,4,3,False,True,False,False,True,True,True,False,False,False,h_minus_2|mid_2_3|legacy_near,False,False,True,True,False,False,False,,False,False,,,False,False,False,False
2026-03-09,2026-03-10,002015,协鑫能科,2,2,电力,4,3,False,True,False,False,True,True,True,False,False,False,h_minus_2|mid_2_3|legacy_near,False,False,True,True,False,False,False,,False,False,,,False,False,True,False
2026-03-09,2026-03-10,002261,拓维信息,2,2,AI应用,4,3,False,True,False,False,True,True,True,False,False,False,h_minus_2|mid_2_3|legacy_near,False,False,True,True,False,False,False,,False,False,,,False,False,False,False
2026-03-09,2026-03-10,600227,赤天化,2,2,化工,4,3,False,True,False,False,True,True,True,False,False,False,h_minus_2|mid_2_3|legacy_near,False,False,True,True,False,False,False,,False,True,5.8011,,False,False,False,False
2026-03-09,2026-03-10,600821,金开新能,2,2,电力,4,3,False,True,False,False,True,True,True,False,False,False,h_minus_2|mid_2_3|legacy_near,False,False,True,True,True,False,False,,False,False,,,False,False,True,False
2026-03-09,2026-03-10,601567,三星医疗,2,2,智能电网,4,3,False,True,False,False,True,True,True,False,True,True,h_minus_2|mid_2_3|legacy_near,False,False,True,True,False,False,False,,False,False,,,False,False,False,True
2026-03-09,2026-03-10,601789,宁波建工,2,2,算力,4,3,False,True,False,False,True,True,True,False,False,False,h_minus_2|mid_2_3|legacy_near,False,False,True,True,True,True,True,True,False,False,,3,True,True,False,False
2026-03-10,2026-03-11,605268,王力安防,5,5+,地产链,5,4,False,True,False,False,False,True,True,False,False,False,new_high,True,False,False,False,True,False,False,,False,True,-4.6856,,False,False,False,False
2026-03-10,2026-03-11,601789,宁波建工,3,3,算力,5,4,False,True,False,False,False,True,True,False,False,False,h_minus_2|mid_2_3|legacy_near,False,False,True,True,True,True,True,False,True,False,,4,False,False,False,False
2026-03-10,2026-03-11,002445,中南文化,2,2,并购重组,5,4,False,True,False,False,False,True,True,False,False,False,mid_2_3|legacy_near,False,False,True,True,True,True,True,True,False,False,,3,True,True,True,False
2026-03-10,2026-03-11,002575,群兴玩具,2,2,算力,5,4,False,True,False,False,False,True,True,False,False,False,mid_2_3|legacy_near,False,False,True,True,False,False,False,,False,False,,,False,False,False,False
2026-03-10,2026-03-11,002903,宇环数控,2,2,消费电子,5,4,False,True,False,False,False,True,True,False,False,False,mid_2_3|legacy_near,False,False,True,True,False,False,False,,False,True,-4.0171,,False,False,True,False
2026-03-10,2026-03-11,600135,乐凯胶片,2,2,锂电池,5,4,False,True,False,False,False,True,True,False,False,False,mid_2_3|legacy_near,False,False,True,True,False,False,False,,False,False,,,False,False,False,False
2026-03-11,2026-03-12,601789,宁波建工,4,4,算力,4,5,True,True,True,False,True,False,False,True,False,False,new_high|legacy_near,True,False,False,True,False,False,False,,False,False,,,False,False,False,True
2026-03-11,2026-03-12,002445,中南文化,3,3,并购重组,4,5,True,True,True,False,True,False,False,True,False,False,sub_high|mid_2_3|legacy_near,False,True,True,True,True,True,True,True,False,False,,4,True,True,False,False
2026-03-11,2026-03-12,000537,绿发电力,2,2,电力,4,5,True,True,True,False,True,False,False,True,False,False,h_minus_2|mid_2_3,False,False,True,False,False,True,True,False,True,False,,3,False,False,False,False
2026-03-11,2026-03-12,000839,国安股份,2,2,AI应用,4,5,True,True,True,False,True,False,False,True,False,False,h_minus_2|mid_2_3,False,False,True,False,False,False,False,,False,False,,,False,False,False,False
2026-03-11,2026-03-12,600108,亚盛集团,2,2,农业,4,5,True,True,True,False,True,False,False,True,False,False,h_minus_2|mid_2_3,False,False,True,False,False,False,False,,False,False,,,False,False,False,False
2026-03-11,2026-03-12,600172,黄河旋风,2,2,金刚石概念,4,5,True,True,True,False,True,False,False,True,False,True,h_minus_2|mid_2_3,False,False,True,False,False,False,False,,False,False,,,False,False,False,False
2026-03-11,2026-03-12,600726,华电能源,2,2,电力,4,5,True,True,True,False,True,False,False,True,False,False,h_minus_2|mid_2_3,False,False,True,False,False,True,True,False,True,False,,3,True,True,False,False
2026-03-11,2026-03-12,600769,祥龙电业,2,2,水务,4,5,True,True,True,False,True,False,False,True,False,False,h_minus_2|mid_2_3,False,False,True,False,False,False,False,,False,False,,,False,False,False,False
2026-03-11,2026-03-12,603421,鼎信通讯,2,2,智能电网,4,5,True,True,True,False,True,False,False,True,False,False,h_minus_2|mid_2_3,False,False,True,False,False,False,False,,False,False,,,False,False,True,False
2026-03-11,2026-03-12,603803,瑞斯康达,2,2,通信,4,5,True,True,True,False,True,False,False,True,False,False,h_minus_2|mid_2_3,False,False,True,False,False,False,False,,False,True,3.3058,,True,False,False,False
2026-03-12,2026-03-13,002445,中南文化,4,4,电力,4,4,True,True,False,False,False,True,False,False,False,False,new_high,True,False,False,False,True,True,True,True,False,False,,5,False,False,False,False
2026-03-12,2026-03-13,000537,绿发电力,3,3,电力,4,4,True,True,False,False,False,True,False,False,False,False,sub_high|mid_2_3|legacy_near,False,True,True,True,False,False,False,,False,True,-0.9592,,False,False,False,False
2026-03-12,2026-03-13,600726,华电能源,3,3,电力,4,4,True,True,False,False,False,True,False,False,False,False,sub_high|mid_2_3|legacy_near,False,True,True,True,False,True,True,False,True,False,,4,False,False,False,False
2026-03-12,2026-03-13,002150,正泰电源,2,2,储能,4,4,True,True,False,False,False,True,False,False,False,False,h_minus_2|mid_2_3|legacy_near,False,False,True,True,False,False,False,,False,False,,,False,False,True,False
2026-03-12,2026-03-13,600722,金牛化工,2,2,化工,4,4,True,True,False,False,False,True,False,False,False,False,h_minus_2|mid_2_3|legacy_near,False,False,True,True,False,True,True,False,True,False,,3,False,False,False,False
2026-03-12,2026-03-13,601016,节能风电,2,2,储能,4,4,True,True,False,False,False,True,False,False,False,False,h_minus_2|mid_2_3|legacy_near,False,False,True,True,False,False,False,,False,False,,,False,False,True,False
2026-03-12,2026-03-13,601330,绿色动力,2,2,垃圾发电,4,4,True,True,False,False,False,True,False,False,False,False,h_minus_2|mid_2_3|legacy_near,False,False,True,True,False,False,False,,False,False,,,False,False,False,False
2026-03-12,2026-03-13,601868,中国能建,2,2,智能电网,4,4,True,True,False,False,False,True,False,False,False,True,h_minus_2|mid_2_3|legacy_near,False,False,True,True,False,False,False,,False,False,,,False,False,False,False
2026-03-13,2026-03-16,002445,中南文化,5,5+,电力,5,4,False,False,False,False,True,False,False,False,False,False,new_high,True,False,False,False,True,False,False,,False,False,,,False,False,True,True
2026-03-13,2026-03-16,600726,华电能源,4,4,电力,5,4,False,False,False,False,True,False,False,False,False,False,sub_high,False,True,False,False,False,False,False,,False,False,,,False,False,False,True
2026-03-13,2026-03-16,600722,金牛化工,3,3,化工,5,4,False,False,False,False,True,False,False,False,False,False,h_minus_2|mid_2_3|legacy_near,False,False,True,True,False,False,False,,False,True,8.6187,,False,False,False,False
2026-03-13,2026-03-16,000890,法尔胜,2,2,通信,5,4,False,False,False,False,True,False,False,False,False,False,mid_2_3|legacy_near,False,False,True,True,False,True,True,False,True,False,,3,True,True,False,False
2026-03-13,2026-03-16,002487,大金重工,2,2,风电,5,4,False,False,False,False,True,False,False,False,False,False,mid_2_3|legacy_near,False,False,True,True,False,False,False,,False,False,,,False,False,False,False
2026-03-13,2026-03-16,600121,郑州煤电,2,2,煤炭,5,4,False,False,False,False,True,False,False,False,False,False,mid_2_3|legacy_near,False,False,True,True,True,False,False,,False,False,,,False,False,False,False
2026-03-13,2026-03-16,600370,三房巷,2,2,化工,5,4,False,False,False,False,True,False,False,False,False,False,mid_2_3|legacy_near,False,False,True,True,False,True,True,False,True,False,,3,True,True,True,False
2026-03-13,2026-03-16,600691,潞化科技,2,2,化工,5,4,False,False,False,False,True,False,False,False,False,False,mid_2_3|legacy_near,False,False,True,True,False,False,False,,False,True,-3.1603,,True,False,False,False
2026-03-16,2026-03-17,000890,法尔胜,3,3,通信,3,5,True,True,True,False,True,True,False,True,False,False,new_high|mid_2_3|legacy_near,True,False,True,True,False,True,True,False,True,False,,4,False,False,False,True
2026-03-16,2026-03-17,600370,三房巷,3,3,化工,3,5,True,True,True,False,True,True,False,True,False,False,new_high|mid_2_3|legacy_near,True,False,True,True,False,True,True,False,True,False,,4,True,True,False,False
2026-03-16,2026-03-17,600227,赤天化,2,2,化工,3,5,True,True,True,False,True,True,False,True,False,False,sub_high|mid_2_3,False,True,True,False,False,True,True,False,True,False,,3,False,False,False,False
2026-03-16,2026-03-17,600683,京投发展,2,2,地产链,3,5,True,True,True,False,True,True,False,True,False,False,sub_high|mid_2_3,False,True,True,False,False,True,True,False,True,False,,3,False,False,False,False
2026-03-16,2026-03-17,603248,锡华科技,2,2,风电,3,5,True,True,True,False,True,True,False,True,False,False,sub_high|mid_2_3,False,True,True,False,False,True,True,False,True,False,,3,False,False,False,False
2026-03-16,2026-03-17,603929,亚翔集成,2,2,芯片,3,5,True,True,True,False,True,True,False,True,False,False,sub_high|mid_2_3,False,True,True,False,False,True,True,False,True,False,,3,False,False,False,False
2026-03-17,2026-03-18,000890,法尔胜,4,4,通信,4,3,False,False,False,False,False,True,False,False,False,False,new_high,True,False,False,False,False,False,False,,False,False,,,False,False,False,False
2026-03-17,2026-03-18,600370,三房巷,4,4,化工,4,3,False,False,False,False,False,True,False,False,False,False,new_high,True,False,False,False,False,True,True,False,True,False,,5,False,False,False,False
2026-03-17,2026-03-18,600227,赤天化,3,3,化工,4,3,False,False,False,False,False,True,False,False,False,False,sub_high|mid_2_3,False,True,True,False,False,False,False,,False,False,,,False,False,False,False
2026-03-17,2026-03-18,600683,京投发展,3,3,地产链,4,3,False,False,False,False,False,True,False,False,False,False,sub_high|mid_2_3,False,True,True,False,False,False,False,,False,False,,,False,False,True,False
2026-03-17,2026-03-18,603248,锡华科技,3,3,次新股,4,3,False,False,False,False,False,True,False,False,False,False,sub_high|mid_2_3,False,True,True,False,False,False,False,,False,False,,,False,False,False,False
2026-03-17,2026-03-18,603929,亚翔集成,3,3,芯片,4,3,False,False,False,False,False,True,False,False,False,False,sub_high|mid_2_3,False,True,True,False,False,False,False,,False,False,,,False,False,False,False
2026-03-17,2026-03-18,000020,深华发Ａ,2,2,地产链,4,3,False,False,False,False,False,True,False,False,False,False,h_minus_2|mid_2_3|legacy_near,False,False,True,True,True,True,True,True,False,False,,3,True,True,True,False
2026-03-17,2026-03-18,000533,顺钠股份,2,2,智能电网,4,3,False,False,False,False,False,True,False,False,False,False,h_minus_2|mid_2_3|legacy_near,False,False,True,True,False,False,False,,False,False,,,False,False,False,False
2026-03-17,2026-03-18,600396,华电辽能,2,2,风电,4,3,False,False,False,False,False,True,False,False,False,False,h_minus_2|mid_2_3|legacy_near,False,False,True,True,False,True,True,True,False,False,,3,True,True,True,False
2026-03-17,2026-03-18,600545,卓郎智能,2,2,化工,4,3,False,False,False,False,False,True,False,False,False,False,h_minus_2|mid_2_3|legacy_near,False,False,True,True,False,False,False,,False,False,,,False,False,False,False
2026-03-17,2026-03-18,603778,国晟科技,2,2,光伏,4,3,False,False,False,False,False,True,False,False,False,False,h_minus_2|mid_2_3|legacy_near,False,False,True,True,False,False,False,,False,False,,,False,False,True,False
2026-03-18,2026-03-19,600370,三房巷,5,5+,化工,5,4,False,True,False,False,False,False,True,False,False,False,new_high,True,False,False,False,False,False,False,,False,False,,,False,False,False,False
2026-03-18,2026-03-19,000020,深华发Ａ,3,3,地产链,5,4,False,True,False,False,False,False,True,False,False,False,h_minus_2|mid_2_3|legacy_near,False,False,True,True,True,True,True,True,False,False,,4,True,True,False,False
2026-03-18,2026-03-19,600396,华电辽能,3,3,风电,5,4,False,True,False,False,False,False,True,False,False,False,h_minus_2|mid_2_3|legacy_near,False,False,True,True,True,True,True,False,True,False,,4,True,True,True,False
2026-03-18,2026-03-19,002323,雅博股份,2,2,光伏,5,4,False,True,False,False,False,False,True,False,False,False,mid_2_3|legacy_near,False,False,True,True,False,False,False,,False,False,,,False,False,False,False
2026-03-18,2026-03-19,002565,顺灏股份,2,2,算力,5,4,False,True,False,False,False,False,True,False,False,False,mid_2_3|legacy_near,False,False,True,True,False,False,False,,False,False,,,False,False,True,False
2026-03-18,2026-03-19,600307,酒钢宏兴,2,2,钢铁,5,4,False,True,False,False,False,False,True,False,False,False,mid_2_3|legacy_near,False,False,True,True,False,False,False,,False,False,,,False,False,False,False
2026-03-18,2026-03-19,603387,基蛋生物,2,2,医疗器械,5,4,False,True,False,False,False,False,True,False,False,False,mid_2_3|legacy_near,False,False,True,True,False,False,False,,False,True,-1.7341,,False,False,False,False
2026-03-19,2026-03-20,000020,深华发Ａ,4,4,地产链,4,5,True,True,True,False,True,False,True,False,False,False,new_high|legacy_near,True,False,False,True,True,True,True,True,False,False,,5,False,False,False,False
2026-03-19,2026-03-20,600396,华电辽能,4,4,风电,4,5,True,True,True,False,True,False,True,False,False,False,new_high|legacy_near,True,False,False,True,False,True,True,False,True,False,,5,True,True,True,True
2026-03-19,2026-03-20,000539,粤电力Ａ,2,2,电力,4,5,True,True,True,False,True,False,True,False,False,False,h_minus_2|mid_2_3,False,False,True,False,False,False,False,,False,False,,,False,False,True,False
2026-03-19,2026-03-20,000601,韶能股份,2,2,电力,4,5,True,True,True,False,True,False,True,False,False,False,h_minus_2|mid_2_3,False,False,True,False,True,True,True,False,True,False,,3,False,False,True,False
2026-03-19,2026-03-20,000815,美利云,2,2,算力,4,5,True,True,True,False,True,False,True,False,False,False,h_minus_2|mid_2_3,False,False,True,False,False,False,False,,False,False,,,False,False,False,False
2026-03-19,2026-03-20,002432,九安医疗,2,2,AI应用,4,5,True,True,True,False,True,False,True,False,False,False,h_minus_2|mid_2_3,False,False,True,False,False,False,False,,False,False,,,False,False,False,False
2026-03-19,2026-03-20,600666,奥瑞德,2,2,算力,4,5,True,True,True,False,True,False,True,False,False,False,h_minus_2|mid_2_3,False,False,True,False,False,False,False,,False,False,,,False,False,True,False
2026-03-19,2026-03-20,603687,大胜达,2,2,并购重组,4,5,True,True,True,False,True,False,True,False,False,False,h_minus_2|mid_2_3,False,False,True,False,True,True,True,True,False,False,,3,True,True,False,False
2026-03-20,2026-03-23,000020,深华发Ａ,5,5+,地产链,5,4,False,False,False,False,True,True,False,False,False,False,new_high,True,False,False,False,True,False,False,,False,True,-9.9871,,False,False,False,False
2026-03-20,2026-03-23,600396,华电辽能,5,5+,风电,5,4,False,False,False,False,True,True,False,False,False,False,new_high,True,False,False,False,False,True,True,False,True,False,,6,True,True,True,True
2026-03-20,2026-03-23,000601,韶能股份,3,3,电力,5,4,False,False,False,False,True,True,False,False,False,False,h_minus_2|mid_2_3|legacy_near,False,False,True,True,False,False,False,,False,False,,,True,False,True,False
2026-03-20,2026-03-23,603687,大胜达,3,3,并购重组,5,4,False,False,False,False,True,True,False,False,False,False,h_minus_2|mid_2_3|legacy_near,False,False,True,True,True,True,True,False,True,False,,4,False,False,False,False
2026-03-20,2026-03-23,002310,东方新能,2,2,风电,5,4,False,False,False,False,True,True,False,False,False,False,mid_2_3|legacy_near,False,False,True,True,False,True,True,False,True,False,,3,False,False,False,True
2026-03-20,2026-03-23,600617,国新能源,2,2,天然气,5,4,False,False,False,False,True,True,False,False,False,False,mid_2_3|legacy_near,False,False,True,True,False,False,False,,False,True,3.0075,,False,False,False,False
2026-03-20,2026-03-23,600726,华电能源,2,2,电力,5,4,False,False,False,False,True,True,False,False,False,False,mid_2_3|legacy_near,False,False,True,True,False,False,False,,False,False,,,False,False,True,False
2026-03-23,2026-03-24,600396,华电辽能,6,5+,电力,6,5,False,True,False,False,False,True,False,True,False,False,new_high,True,False,False,False,False,True,True,False,True,False,,7,True,True,False,False
2026-03-23,2026-03-24,603687,大胜达,4,4,并购重组,6,5,False,True,False,False,False,True,False,True,False,False,h_minus_2|legacy_near,False,False,False,True,False,False,False,,False,False,,,False,False,True,False
2026-03-23,2026-03-24,002310,东方新能,3,3,风电,6,5,False,True,False,False,False,True,False,True,False,False,mid_2_3|legacy_near,False,False,True,True,False,False,False,,False,False,,,False,False,False,False
2026-03-23,2026-03-24,002150,正泰电源,2,2,储能,6,5,False,True,False,False,False,True,False,True,False,False,mid_2_3,False,False,True,False,False,False,False,,False,False,,,False,False,False,False
2026-03-23,2026-03-24,002309,中利集团,2,2,光伏,6,5,False,True,False,False,False,True,False,True,False,False,mid_2_3,False,False,True,False,True,True,True,True,False,False,,3,True,True,False,False
2026-03-24,2026-03-25,600396,华电辽能,7,5+,电力,7,6,False,False,False,False,False,False,False,False,False,False,new_high,True,False,False,False,False,True,True,False,True,False,,8,False,False,False,False
2026-03-24,2026-03-25,002309,中利集团,3,3,光伏,7,6,False,False,False,False,False,False,False,False,False,False,mid_2_3,False,False,True,False,True,True,True,False,True,False,,4,False,False,False,False
2026-03-24,2026-03-25,002218,拓日新能,2,2,光伏,7,6,False,False,False,False,False,False,False,False,False,False,mid_2_3,False,False,True,False,False,False,False,,False,False,,,False,False,False,False
2026-03-24,2026-03-25,300385,雪浪环境,2,2,实控人变更,7,6,False,False,False,False,False,False,False,False,False,False,mid_2_3,False,False,True,False,False,False,False,,False,False,,,False,False,False,False
2026-03-24,2026-03-25,600032,浙江新能,2,2,电力,7,6,False,False,False,False,False,False,False,False,False,False,mid_2_3,False,False,True,False,False,True,True,False,True,False,,3,False,False,False,False
2026-03-24,2026-03-25,600758,辽宁能源,2,2,电力,7,6,False,False,False,False,False,False,False,False,False,False,mid_2_3,False,False,True,False,False,True,True,False,True,False,,3,False,False,False,False
2026-03-25,2026-03-26,600396,华电辽能,8,5+,电力,8,7,False,False,False,True,False,False,False,False,False,False,new_high,True,False,False,False,False,False,False,,False,True,6.4748,,False,False,False,False
2026-03-25,2026-03-26,002309,中利集团,4,4,光伏,8,7,False,False,False,True,False,False,False,False,False,False,,False,False,False,False,False,False,False,,False,False,,,False,False,True,False
2026-03-25,2026-03-26,600032,浙江新能,3,3,电力,8,7,False,False,False,True,False,False,False,False,False,False,mid_2_3,False,False,True,False,False,False,False,,False,False,,,False,False,False,False
2026-03-25,2026-03-26,600758,辽宁能源,3,3,电力,8,7,False,False,False,True,False,False,False,False,False,False,mid_2_3,False,False,True,False,False,False,False,,False,True,7.3427,,False,False,False,False
2026-03-25,2026-03-26,000539,粤电力Ａ,2,2,电力,8,7,False,False,False,True,False,False,False,False,False,False,mid_2_3,False,False,True,False,False,False,False,,False,False,,,False,False,False,False
2026-03-25,2026-03-26,000601,韶能股份,2,2,电力,8,7,False,False,False,True,False,False,False,False,False,False,mid_2_3,False,False,True,False,False,False,False,,False,False,,,False,False,False,False
2026-03-25,2026-03-26,000720,新能泰山,2,2,智能电网,8,7,False,False,False,True,False,False,False,False,False,False,mid_2_3,False,False,True,False,True,True,True,True,False,False,,3,True,True,False,False
2026-03-25,2026-03-26,000722,湖南发展,2,2,电力,8,7,False,False,False,True,False,False,False,False,False,False,mid_2_3,False,False,True,False,True,True,True,False,True,False,,3,False,False,False,False
2026-03-25,2026-03-26,002192,融捷股份,2,2,年报增长,8,7,False,False,False,True,False,False,False,False,False,False,mid_2_3,False,False,True,False,False,True,True,False,True,False,,3,True,True,False,False
2026-03-25,2026-03-26,002491,通鼎互联,2,2,通信,8,7,False,False,False,True,False,False,False,False,False,False,mid_2_3,False,False,True,False,False,False,False,,False,False,,,False,False,False,False
2026-03-25,2026-03-26,002771,真视通,2,2,算力,8,7,False,False,False,True,False,False,False,False,False,False,mid_2_3,False,False,True,False,False,False,False,,False,False,,,False,False,False,False
2026-03-25,2026-03-26,600527,江南高纤,2,2,化工,8,7,False,False,False,True,False,False,False,False,False,False,mid_2_3,False,False,True,False,False,False,False,,False,False,,,False,False,False,False
2026-03-25,2026-03-26,600539,狮头股份,2,2,地产链,8,7,False,False,False,True,False,False,False,False,False,False,mid_2_3,False,False,True,False,False,False,False,,False,False,,,True,False,True,False
2026-03-25,2026-03-26,600666,奥瑞德,2,2,算力,8,7,False,False,False,True,False,False,False,False,False,False,mid_2_3,False,False,True,False,True,False,False,,False,True,4.7348,,True,False,False,False
2026-03-25,2026-03-26,600698,湖南天雁,2,2,汽车零部件,8,7,False,False,False,True,False,False,False,False,False,False,mid_2_3,False,False,True,False,False,False,False,,False,False,,,False,False,False,False
2026-03-25,2026-03-26,600982,宁波能源,2,2,电力,8,7,False,False,False,True,False,False,False,False,False,False,mid_2_3,False,False,True,False,False,False,False,,False,False,,,True,False,False,False
2026-03-25,2026-03-26,601016,节能风电,2,2,电力,8,7,False,False,False,True,False,False,False,False,False,False,mid_2_3,False,False,True,False,False,False,False,,False,False,,,False,False,False,False
2026-03-25,2026-03-26,601606,长城军工,2,2,军工,8,7,False,False,False,True,False,False,False,False,False,False,mid_2_3,False,False,True,False,False,False,False,,False,False,,,False,False,False,False
2026-03-25,2026-03-26,601869,长飞光纤,2,2,通信,8,7,False,False,False,True,False,False,False,False,False,False,mid_2_3,False,False,True,False,False,False,False,,False,False,,,False,False,True,False
2026-03-25,2026-03-26,603538,美诺华,2,2,医药,8,7,False,False,False,True,False,False,False,False,False,False,mid_2_3,False,False,True,False,False,True,True,False,True,False,,3,True,True,True,False
2026-03-25,2026-03-26,603808,歌力思,2,2,AI应用,8,7,False,False,False,True,False,False,False,False,False,False,mid_2_3,False,False,True,False,False,False,False,,False,False,,,False,False,False,False
2026-03-25,2026-03-26,605299,舒华体育,2,2,体育产业,8,7,False,False,False,True,False,False,False,False,False,False,mid_2_3,False,False,True,False,False,False,False,,False,True,-1.3529,,True,False,False,False
2026-03-25,2026-03-26,605366,宏柏新材,2,2,化工,8,7,False,False,False,True,False,False,False,False,False,False,mid_2_3,False,False,True,False,False,False,False,,False,False,,,False,False,False,False
2026-03-26,2026-03-27,000720,新能泰山,3,3,智能电网,3,8,True,True,True,False,True,False,True,False,False,True,new_high|mid_2_3,True,False,True,False,True,True,True,False,True,False,,4,False,False,True,False
2026-03-26,2026-03-27,000722,湖南发展,3,3,电力,3,8,True,True,True,False,True,False,True,False,True,True,new_high|mid_2_3,True,False,True,False,False,False,False,,False,False,,,False,False,False,True
2026-03-26,2026-03-27,002192,融捷股份,3,3,锂电池,3,8,True,True,True,False,True,False,True,False,False,False,new_high|mid_2_3,True,False,True,False,False,True,True,False,True,False,,4,False,False,False,False
2026-03-26,2026-03-27,603538,美诺华,3,3,医药,3,8,True,True,True,False,True,False,True,False,False,False,new_high|mid_2_3,True,False,True,False,False,True,True,False,True,False,,4,True,True,False,False
2026-03-26,2026-03-27,000927,中国铁物,2,2,基础建设,3,8,True,True,True,False,True,False,True,False,False,False,sub_high|mid_2_3,False,True,True,False,False,False,False,,False,False,,,False,False,True,False
2026-03-26,2026-03-27,002902,铭普光磁,2,2,通信,3,8,True,True,True,False,True,False,True,False,False,False,sub_high|mid_2_3,False,True,True,False,False,False,False,,False,False,,,False,False,False,False
2026-03-26,2026-03-27,600163,中闽能源,2,2,电力,3,8,True,True,True,False,True,False,True,False,True,True,sub_high|mid_2_3,False,True,True,False,False,False,False,,False,False,,,False,False,False,True
2026-03-26,2026-03-27,600726,华电能源,2,2,电力,3,8,True,True,True,False,True,False,True,False,True,True,sub_high|mid_2_3,False,True,True,False,False,False,False,,False,False,,,False,False,False,True
2026-03-26,2026-03-27,600800,渤海化学,2,2,化工,3,8,True,True,True,False,True,False,True,False,False,False,sub_high|mid_2_3,False,True,True,False,False,False,False,,False,False,,,False,False,False,False
2026-03-26,2026-03-27,603601,再升科技,2,2,商业航天,3,8,True,True,True,False,True,False,True,False,False,False,sub_high|mid_2_3,False,True,True,False,False,False,False,,False,False,,,True,False,False,False
2026-03-27,2026-03-30,000720,新能泰山,4,4,智能电网,4,3,False,True,False,False,True,True,True,False,False,False,new_high,True,False,False,False,False,False,False,,False,False,,,True,False,False,True
2026-03-27,2026-03-30,002192,融捷股份,4,4,锂电池,4,3,False,True,False,False,True,True,True,False,False,False,new_high,True,False,False,False,False,False,False,,False,False,,,False,False,False,False
2026-03-27,2026-03-30,603538,美诺华,4,4,医药,4,3,False,True,False,False,True,True,True,False,False,False,new_high,True,False,False,False,False,True,True,False,True,False,,5,False,False,False,False
2026-03-27,2026-03-30,000767,晋控电力,2,2,电力,4,3,False,True,False,False,True,True,True,False,True,True,h_minus_2|mid_2_3|legacy_near,False,False,True,True,False,False,False,,False,False,,,False,False,False,False
2026-03-27,2026-03-30,002082,万邦德,2,2,医药,4,3,False,True,False,False,True,True,True,False,False,False,h_minus_2|mid_2_3|legacy_near,False,False,True,True,False,False,False,,False,True,5.4147,,True,False,False,False
2026-03-27,2026-03-30,002263,大东南,2,2,智能电网,4,3,False,True,False,False,True,True,True,False,False,False,h_minus_2|mid_2_3|legacy_near,False,False,True,True,False,False,False,,False,False,,,True,False,False,True
2026-03-27,2026-03-30,002361,神剑股份,2,2,商业航天,4,3,False,True,False,False,True,True,True,False,False,False,h_minus_2|mid_2_3|legacy_near,False,False,True,True,False,True,True,False,True,False,,3,True,True,False,False
2026-03-27,2026-03-30,600310,广西能源,2,2,电力,4,3,False,True,False,False,True,True,True,False,True,True,h_minus_2|mid_2_3|legacy_near,False,False,True,True,True,False,False,,False,True,-4.2424,,False,False,False,False
2026-03-27,2026-03-30,600844,金煤科技,2,2,化工,4,3,False,True,False,False,True,True,True,False,False,False,h_minus_2|mid_2_3|legacy_near,False,False,True,True,False,False,False,,False,True,4.2084,,False,False,False,False
2026-03-27,2026-03-30,603026,石大胜华,2,2,锂电池,4,3,False,True,False,False,True,True,True,False,False,False,h_minus_2|mid_2_3|legacy_near,False,False,True,True,False,False,False,,False,False,,,False,False,False,False
2026-03-30,2026-03-31,603538,美诺华,5,5+,医药,5,4,False,True,False,False,False,True,False,False,False,False,new_high,True,False,False,False,False,False,False,,False,False,,,False,False,False,False
2026-03-30,2026-03-31,002361,神剑股份,3,3,商业航天,5,4,False,True,False,False,False,True,False,False,False,False,h_minus_2|mid_2_3|legacy_near,False,False,True,True,False,True,True,False,True,False,,4,False,False,False,False
2026-03-30,2026-03-31,000890,法尔胜,2,2,通信,5,4,False,True,False,False,False,True,False,False,False,False,mid_2_3|legacy_near,False,False,True,True,False,False,False,,False,False,,,False,False,False,False
2026-03-30,2026-03-31,002038,双鹭药业,2,2,医药,5,4,False,True,False,False,False,True,False,False,False,False,mid_2_3|legacy_near,False,False,True,True,False,False,False,,False,False,,,False,False,True,False
2026-03-30,2026-03-31,002432,九安医疗,2,2,人工智能,5,4,False,True,False,False,False,True,False,False,False,False,mid_2_3|legacy_near,False,False,True,True,False,False,False,,False,False,,,True,False,False,False
2026-03-30,2026-03-31,003042,中农联合,2,2,农业,5,4,False,True,False,False,False,True,False,False,False,False,mid_2_3|legacy_near,False,False,True,True,False,False,False,,False,False,,,False,False,False,False
2026-03-30,2026-03-31,600488,津药药业,2,2,医药,5,4,False,True,False,False,False,True,False,False,False,False,mid_2_3|legacy_near,False,False,True,True,False,True,True,False,True,False,,3,True,True,True,False
2026-03-30,2026-03-31,600513,联环药业,2,2,医药,5,4,False,True,False,False,False,True,False,False,False,False,mid_2_3|legacy_near,False,False,True,True,False,False,False,,False,False,,,False,False,False,False
2026-03-30,2026-03-31,600539,狮头股份,2,2,并购重组,5,4,False,True,False,False,False,True,False,False,False,False,mid_2_3|legacy_near,False,False,True,True,False,False,False,,False,False,,,False,False,False,False
2026-03-30,2026-03-31,600996,贵广网络,2,2,算力,5,4,False,True,False,False,False,True,False,False,False,False,mid_2_3|legacy_near,False,False,True,True,False,False,False,,False,False,,,False,False,False,False
2026-03-30,2026-03-31,603585,苏利股份,2,2,化工,5,4,False,True,False,False,False,True,False,False,False,False,mid_2_3|legacy_near,False,False,True,True,False,False,False,,False,False,,,False,False,False,False
2026-03-30,2026-03-31,603618,杭电股份,2,2,通信,5,4,False,True,False,False,False,True,False,False,False,True,mid_2_3|legacy_near,False,False,True,True,False,False,False,,False,True,6.6642,,False,False,False,False
2026-03-31,2026-04-01,002361,神剑股份,4,4,商业航天,4,5,True,True,True,False,False,False,True,False,False,False,new_high|legacy_near,True,False,False,True,False,False,False,,False,False,,,False,False,False,False
2026-03-31,2026-04-01,600488,津药药业,3,3,医药,4,5,True,True,True,False,False,False,True,False,True,True,sub_high|mid_2_3|legacy_near,False,True,True,True,False,True,True,False,True,False,,4,True,True,True,False
2026-03-31,2026-04-01,000008,神州高铁,2,2,轨道交通,4,5,True,True,True,False,False,False,True,False,False,False,h_minus_2|mid_2_3,False,False,True,False,False,False,False,,False,True,0.0,,False,False,False,False
2026-03-31,2026-04-01,000592,平潭发展,2,2,海峡两岸,4,5,True,True,True,False,False,False,True,False,False,False,h_minus_2|mid_2_3,False,False,True,False,False,False,False,,False,False,,,False,False,False,False
2026-03-31,2026-04-01,002578,闽发铝业,2,2,海峡两岸,4,5,True,True,True,False,False,False,True,False,False,False,h_minus_2|mid_2_3,False,False,True,False,False,False,False,,False,False,,,False,False,False,False
2026-03-31,2026-04-01,002634,棒杰股份,2,2,光伏,4,5,True,True,True,False,False,False,True,False,False,False,h_minus_2|mid_2_3,False,False,True,False,False,False,False,,False,False,,,False,False,False,False
2026-03-31,2026-04-01,301008,宏昌科技,2,2,两轮车,4,5,True,True,True,False,False,False,True,False,False,False,h_minus_2|mid_2_3,False,False,True,False,False,False,False,,False,False,,,False,False,False,False
2026-03-31,2026-04-01,600502,安徽建工,2,2,基础建设,4,5,True,True,True,False,False,False,True,False,False,False,h_minus_2|mid_2_3,False,False,True,False,False,False,False,,False,True,-1.421,,False,False,False,False
2026-04-01,2026-04-02,600488,津药药业,4,4,医药,4,4,True,True,False,False,False,False,False,True,False,False,new_high,True,False,False,False,False,True,True,True,False,False,,5,True,True,True,False
2026-04-01,2026-04-02,002560,通达股份,2,2,年报增长,4,4,True,True,False,False,False,False,False,True,False,False,h_minus_2|mid_2_3|legacy_near,False,False,True,True,False,True,True,False,True,False,,3,False,False,False,False
2026-04-01,2026-04-02,002821,凯莱英,2,2,医药,4,4,True,True,False,False,False,False,False,True,False,False,h_minus_2|mid_2_3|legacy_near,False,False,True,True,False,False,False,,False,False,,,False,False,False,False
2026-04-01,2026-04-02,300834,星辉环材,2,2,股权转让,4,4,True,True,False,False,False,False,False,True,False,False,h_minus_2|mid_2_3|legacy_near,False,False,True,True,False,True,True,False,True,False,,3,False,False,False,False
2026-04-01,2026-04-02,605162,新中港,2,2,电力,4,4,True,True,False,False,False,False,False,True,False,False,h_minus_2|mid_2_3|legacy_near,False,False,True,True,False,True,True,False,True,False,,3,False,False,True,False
2026-04-02,2026-04-03,600488,津药药业,5,5+,医药,5,4,False,False,False,False,False,False,False,False,False,False,new_high,True,False,False,False,True,True,True,False,True,False,,6,True,True,False,False
2026-04-02,2026-04-03,002560,通达股份,3,3,智能电网,5,4,False,False,False,False,False,False,False,False,False,False,h_minus_2|mid_2_3|legacy_near,False,False,True,True,False,False,False,,False,True,-3.3691,,False,False,False,False
2026-04-02,2026-04-03,300834,星辉环材,3,3,股权转让,5,4,False,False,False,False,False,False,False,False,False,False,h_minus_2|mid_2_3|legacy_near,False,False,True,True,False,False,False,,False,True,7.427,,False,False,False,False
2026-04-02,2026-04-03,605162,新中港,3,3,电力,5,4,False,False,False,False,False,False,False,False,False,False,h_minus_2|mid_2_3|legacy_near,False,False,True,True,False,False,False,,False,True,-8.968,,True,False,True,False
2026-04-02,2026-04-03,000788,北大医药,2,2,医药,5,4,False,False,False,False,False,False,False,False,False,False,mid_2_3|legacy_near,False,False,True,True,False,False,False,,False,False,,,False,False,False,False
2026-04-02,2026-04-03,600594,益佰制药,2,2,医药,5,4,False,False,False,False,False,False,False,False,False,False,mid_2_3|legacy_near,False,False,True,True,False,False,False,,False,False,,,False,False,False,False
2026-04-03,2026-04-07,600488,津药药业,6,5+,医药,6,5,False,False,False,False,True,False,False,False,False,False,new_high,True,False,False,False,False,True,True,False,True,False,,7,False,False,False,True
2026-04-03,2026-04-07,000586,汇源通信,2,2,通信,6,5,False,False,False,False,True,False,False,False,False,False,mid_2_3,False,False,True,False,True,True,True,True,False,False,,3,True,True,True,False
2026-04-03,2026-04-07,000720,新能泰山,2,2,通信,6,5,False,False,False,False,True,False,False,False,False,False,mid_2_3,False,False,True,False,False,True,True,False,True,False,,3,False,False,False,False
2026-04-03,2026-04-07,000950,重药控股,2,2,医药,6,5,False,False,False,False,True,False,False,False,False,False,mid_2_3,False,False,True,False,False,False,False,,False,False,,,False,False,False,True
2026-04-07,2026-04-08,600488,津药药业,7,5+,医药,7,6,False,False,False,False,True,True,False,False,False,False,new_high,True,False,False,False,False,False,False,,False,True,-4.0417,,False,False,False,True
2026-04-07,2026-04-08,000586,汇源通信,3,3,通信,7,6,False,False,False,False,True,True,False,False,False,False,mid_2_3,False,False,True,False,True,True,True,True,False,False,,4,True,True,False,False
2026-04-07,2026-04-08,000720,新能泰山,3,3,通信,7,6,False,False,False,False,True,True,False,False,False,False,mid_2_3,False,False,True,False,False,False,False,,False,True,2.6034,,False,False,False,False
2026-04-07,2026-04-08,002980,华盛昌,2,2,通信,7,6,False,False,False,False,True,True,False,False,False,False,mid_2_3,False,False,True,False,False,False,False,,False,False,,,False,False,False,False
2026-04-07,2026-04-08,600654,中安科,2,2,算力,7,6,False,False,False,False,True,True,False,False,False,False,mid_2_3,False,False,True,False,False,True,True,False,True,False,,3,False,False,False,False
2026-04-07,2026-04-08,603123,翠微股份,2,2,数字货币,7,6,False,False,False,False,True,True,False,False,False,False,mid_2_3,False,False,True,False,False,False,False,,False,False,,,False,False,False,False
2026-04-07,2026-04-08,605589,圣泉集团,2,2,通信,7,6,False,False,False,False,True,True,False,False,False,False,mid_2_3,False,False,True,False,False,False,False,,False,False,,,False,False,False,False
2026-04-08,2026-04-09,000586,汇源通信,4,4,通信,4,7,True,True,True,False,True,True,True,False,False,False,new_high,True,False,False,False,True,True,True,False,True,False,,5,False,False,False,True
2026-04-08,2026-04-09,600654,中安科,3,3,算力,4,7,True,True,True,False,True,True,True,False,False,False,sub_high|mid_2_3,False,True,True,False,False,False,False,,False,True,1.8182,,False,False,True,False
2026-04-08,2026-04-09,000919,金陵药业,2,2,医药,4,7,True,True,True,False,True,True,True,False,True,True,h_minus_2|mid_2_3,False,False,True,False,False,False,False,,False,True,-3.7037,,False,False,False,False
2026-04-08,2026-04-09,002051,中工国际,2,2,基础建设,4,7,True,True,True,False,True,True,True,False,False,False,h_minus_2|mid_2_3,False,False,True,False,False,False,False,,False,True,-0.2602,,False,False,False,False
2026-04-08,2026-04-09,002181,粤传媒,2,2,AI应用,4,7,True,True,True,False,True,True,True,False,False,False,h_minus_2|mid_2_3,False,False,True,False,False,False,False,,False,False,,,False,False,False,False
2026-04-08,2026-04-09,002348,高乐股份,2,2,芯片,4,7,True,True,True,False,True,True,True,False,False,False,h_minus_2|mid_2_3,False,False,True,False,False,False,False,,False,False,,,False,False,False,False
2026-04-08,2026-04-09,002491,通鼎互联,2,2,通信,4,7,True,True,True,False,True,True,True,False,False,False,h_minus_2|mid_2_3,False,False,True,False,False,False,False,,False,False,,,False,False,False,True
2026-04-08,2026-04-09,002663,普邦股份,2,2,环保,4,7,True,True,True,False,True,True,True,False,False,False,h_minus_2|mid_2_3,False,False,True,False,False,False,False,,False,False,,,False,False,False,False
2026-04-08,2026-04-09,002957,科瑞技术,2,2,通信,4,7,True,True,True,False,True,True,True,False,False,False,h_minus_2|mid_2_3,False,False,True,False,False,False,False,,False,False,,,False,False,True,True
2026-04-08,2026-04-09,600743,华远控股,2,2,地产链,4,7,True,True,True,False,True,True,True,False,False,False,h_minus_2|mid_2_3,False,False,True,False,False,True,True,False,True,False,,3,True,True,True,False
2026-04-08,2026-04-09,605162,新中港,2,2,电力,4,7,True,True,True,False,True,True,True,False,False,False,h_minus_2|mid_2_3,False,False,True,False,False,False,False,,False,False,,,False,False,False,False
2026-04-09,2026-04-10,000586,汇源通信,5,5+,通信,5,4,False,False,False,False,True,True,False,False,False,False,new_high,True,False,False,False,False,False,False,,False,False,,,False,False,False,True
2026-04-09,2026-04-10,600743,华远控股,3,3,地产链,5,4,False,False,False,False,True,True,False,False,False,False,h_minus_2|mid_2_3|legacy_near,False,False,True,True,False,True,True,False,True,False,,4,True,True,True,False
2026-04-09,2026-04-10,000889,中嘉博创,2,2,算力,5,4,False,False,False,False,True,True,False,False,False,False,mid_2_3|legacy_near,False,False,True,True,False,True,True,False,True,False,,3,False,False,True,False
2026-04-09,2026-04-10,002342,巨力索具,2,2,商业航天,5,4,False,False,False,False,True,True,False,False,False,False,mid_2_3|legacy_near,False,False,True,True,False,False,False,,False,False,,,False,False,False,False
2026-04-09,2026-04-10,002384,东山精密,2,2,消费电子,5,4,False,False,False,False,True,True,False,False,False,False,mid_2_3|legacy_near,False,False,True,True,False,False,False,,False,True,8.8324,,False,False,False,False
2026-04-09,2026-04-10,002536,飞龙股份,2,2,算力,5,4,False,False,False,False,True,True,False,False,False,False,mid_2_3|legacy_near,False,False,True,True,False,False,False,,False,False,,,False,False,False,False
2026-04-09,2026-04-10,002975,博杰股份,2,2,算力,5,4,False,False,False,False,True,True,False,False,False,False,mid_2_3|legacy_near,False,False,True,True,False,False,False,,False,False,,,False,False,False,False
2026-04-09,2026-04-10,603306,华懋科技,2,2,通信,5,4,False,False,False,False,True,True,False,False,False,False,mid_2_3|legacy_near,False,False,True,True,False,False,False,,False,False,,,False,False,False,True
2026-04-09,2026-04-10,603757,大元泵业,2,2,算力,5,4,False,False,False,False,True,True,False,False,False,False,mid_2_3|legacy_near,False,False,True,True,False,False,False,,False,False,,,False,False,False,False
2026-04-09,2026-04-10,603777,来伊份,2,2,股权转让,5,4,False,False,False,False,True,True,False,False,False,False,mid_2_3|legacy_near,False,False,True,True,True,True,True,False,True,False,,3,False,False,False,False
2026-04-09,2026-04-10,603950,长源东谷,2,2,并购重组,5,4,False,False,False,False,True,True,False,False,False,False,mid_2_3|legacy_near,False,False,True,True,True,True,True,True,False,False,,3,True,True,False,False
2026-04-09,2026-04-10,605318,法狮龙,2,2,人工智能,5,4,False,False,False,False,True,True,False,False,False,False,mid_2_3|legacy_near,False,False,True,True,False,False,False,,False,False,,,False,False,False,False
2026-04-10,2026-04-13,600743,华远控股,4,4,国有企业,4,5,True,True,True,False,False,True,True,False,False,False,new_high|legacy_near,True,False,False,True,False,True,True,False,True,False,,5,True,True,False,False
2026-04-10,2026-04-13,000889,中嘉博创,3,3,算力,4,5,True,True,True,False,False,True,True,False,False,True,sub_high|mid_2_3|legacy_near,False,True,True,True,False,False,False,,False,False,,,True,False,True,False
2026-04-10,2026-04-13,603777,来伊份,3,3,股权转让,4,5,True,True,True,False,False,True,True,False,False,False,sub_high|mid_2_3|legacy_near,False,True,True,True,False,False,False,,False,False,,,False,False,False,False
2026-04-10,2026-04-13,603950,长源东谷,3,3,并购重组,4,5,True,True,True,False,False,True,True,False,False,False,sub_high|mid_2_3|legacy_near,False,True,True,True,True,True,True,False,True,False,,4,False,False,True,False
2026-04-10,2026-04-13,002328,新朋股份,2,2,算力,4,5,True,True,True,False,False,True,True,False,False,False,h_minus_2|mid_2_3,False,False,True,False,False,False,False,,False,True,6.4293,,True,False,False,False
2026-04-10,2026-04-13,002364,中恒电气,2,2,算力,4,5,True,True,True,False,False,True,True,False,False,False,h_minus_2|mid_2_3,False,False,True,False,True,True,True,True,False,False,,3,True,True,False,False
2026-04-10,2026-04-13,002580,圣阳股份,2,2,锂电池,4,5,True,True,True,False,False,True,True,False,False,False,h_minus_2|mid_2_3,False,False,True,False,False,True,True,False,True,False,,3,True,True,True,False
2026-04-10,2026-04-13,002824,和胜股份,2,2,锂电池,4,5,True,True,True,False,False,True,True,False,False,False,h_minus_2|mid_2_3,False,False,True,False,False,False,False,,False,True,7.2418,,False,False,True,False
2026-04-10,2026-04-13,002962,五方光电,2,2,芯片,4,5,True,True,True,False,False,True,True,False,False,False,h_minus_2|mid_2_3,False,False,True,False,False,False,False,,False,False,,,False,False,False,False
2026-04-10,2026-04-13,600345,长江通信,2,2,通信,4,5,True,True,True,False,False,True,True,False,True,True,h_minus_2|mid_2_3,False,False,True,False,False,False,False,,False,False,,,False,False,False,False
2026-04-10,2026-04-13,600707,彩虹股份,2,2,芯片,4,5,True,True,True,False,False,True,True,False,False,False,h_minus_2|mid_2_3,False,False,True,False,False,False,False,,False,False,,,False,False,False,False
2026-04-10,2026-04-13,603773,沃格光电,2,2,芯片,4,5,True,True,True,False,False,True,True,False,False,False,h_minus_2|mid_2_3,False,False,True,False,False,False,False,,False,False,,,False,False,True,False
2026-04-10,2026-04-13,603933,睿能科技,2,2,并购重组,4,5,True,True,True,False,False,True,True,False,False,False,h_minus_2|mid_2_3,False,False,True,False,False,False,False,,False,False,,,False,False,False,False
2026-04-13,2026-04-14,600743,华远控股,5,5+,并购重组,5,4,False,False,False,False,False,False,False,False,False,False,new_high,True,False,False,False,False,True,True,False,True,False,,6,False,False,False,False
2026-04-13,2026-04-14,603950,长源东谷,4,4,并购重组,5,4,False,False,False,False,False,False,False,False,False,False,sub_high,False,True,False,False,False,False,False,,False,False,,,True,False,False,False
2026-04-13,2026-04-14,002364,中恒电气,3,3,算力,5,4,False,False,False,False,False,False,False,False,False,False,h_minus_2|mid_2_3|legacy_near,False,False,True,True,True,True,True,False,True,False,,4,False,False,False,False
2026-04-13,2026-04-14,002580,圣阳股份,3,3,算力,5,4,False,False,False,False,False,False,False,False,False,False,h_minus_2|mid_2_3|legacy_near,False,False,True,True,False,True,True,False,True,False,,4,True,True,True,False
2026-04-13,2026-04-14,000402,金融街,2,2,国有企业,5,4,False,False,False,False,False,False,False,False,False,False,mid_2_3|legacy_near,False,False,True,True,False,False,False,,False,False,,,False,False,False,False
2026-04-13,2026-04-14,001299,美能能源,2,2,天然气,5,4,False,False,False,False,False,False,False,False,False,False,mid_2_3|legacy_near,False,False,True,True,False,True,True,False,True,False,,3,False,False,False,False
2026-04-13,2026-04-14,002418,康盛股份,2,2,算力,5,4,False,False,False,False,False,False,False,False,False,False,mid_2_3|legacy_near,False,False,True,True,False,False,False,,False,False,,,False,False,False,False
2026-04-13,2026-04-14,605255,天普股份,2,2,芯片,5,4,False,False,False,False,False,False,False,False,False,False,mid_2_3|legacy_near,False,False,True,True,False,False,False,,False,False,,,False,False,False,False
2026-04-14,2026-04-15,600743,华远控股,6,5+,并购重组,6,5,False,False,False,False,False,False,False,False,False,False,new_high,True,False,False,False,False,False,False,,False,True,-9.9688,,False,False,False,False
2026-04-14,2026-04-15,002364,中恒电气,4,4,算力,6,5,False,False,False,False,False,False,False,False,False,False,h_minus_2|legacy_near,False,False,False,True,False,False,False,,False,False,,,False,False,False,False
2026-04-14,2026-04-15,002580,圣阳股份,4,4,算力,6,5,False,False,False,False,False,False,False,False,False,False,h_minus_2|legacy_near,False,False,False,True,False,True,True,False,True,False,,5,True,True,True,False
2026-04-14,2026-04-15,001299,美能能源,3,3,天然气,6,5,False,False,False,False,False,False,False,False,False,False,mid_2_3|legacy_near,False,False,True,True,False,False,False,,False,False,,,False,False,False,False
2026-04-14,2026-04-15,002124,天邦食品,2,2,农业,6,5,False,False,False,False,False,False,False,False,False,False,mid_2_3,False,False,True,False,False,True,True,False,True,False,,3,False,False,False,False
2026-04-14,2026-04-15,002297,博云新材,2,2,一季报增长,6,5,False,False,False,False,False,False,False,False,False,False,mid_2_3,False,False,True,False,True,True,True,True,False,False,,3,True,True,True,False
2026-04-14,2026-04-15,002980,华盛昌,2,2,通信,6,5,False,False,False,False,False,False,False,False,False,False,mid_2_3,False,False,True,False,False,False,False,,False,True,9.9782,,False,False,True,False
2026-04-14,2026-04-15,600152,维科技术,2,2,钠电池,6,5,False,False,False,False,False,False,False,False,False,False,mid_2_3,False,False,True,False,False,False,False,,False,True,1.5139,,False,False,True,False
2026-04-14,2026-04-15,600396,华电辽能,2,2,电力,6,5,False,False,False,False,False,False,False,False,False,False,mid_2_3,False,False,True,False,False,False,False,,False,False,,,False,False,False,False
2026-04-14,2026-04-15,688813,泰金新能,2,2,通信,6,5,False,False,False,False,False,False,False,False,False,False,mid_2_3,False,False,True,False,False,False,False,,False,False,,,False,False,False,False
2026-04-15,2026-04-16,002580,圣阳股份,5,5+,算力,5,6,True,True,True,False,False,False,True,False,False,False,new_high|legacy_near,True,False,False,True,False,True,True,False,True,False,,6,True,True,False,False
2026-04-15,2026-04-16,002124,天邦食品,3,3,农业,5,6,True,True,True,False,False,False,True,False,False,False,h_minus_2|mid_2_3,False,False,True,False,False,False,False,,False,False,,,False,False,False,False
2026-04-15,2026-04-16,002297,博云新材,3,3,商业航天,5,6,True,True,True,False,False,False,True,False,False,False,h_minus_2|mid_2_3,False,False,True,False,True,True,True,False,True,False,,4,True,True,True,False
2026-04-15,2026-04-16,000889,中嘉博创,2,2,算力,5,6,True,True,True,False,False,False,True,False,False,False,mid_2_3,False,False,True,False,False,False,False,,False,True,5.4852,,False,False,False,False
2026-04-15,2026-04-16,002051,中工国际,2,2,基础建设,5,6,True,True,True,False,False,False,True,False,False,False,mid_2_3,False,False,True,False,False,False,False,,False,False,,,False,False,False,False
2026-04-15,2026-04-16,002990,盛视科技,2,2,芯片,5,6,True,True,True,False,False,False,True,False,False,False,mid_2_3,False,False,True,False,False,True,True,False,True,False,,3,True,True,False,False
2026-04-15,2026-04-16,301189,奥尼电子,2,2,算力,5,6,True,True,True,False,False,False,True,False,False,False,mid_2_3,False,False,True,False,False,False,False,,False,False,,,False,False,False,False
2026-04-15,2026-04-16,600605,汇通能源,2,2,芯片,5,6,True,True,True,False,False,False,True,False,False,True,mid_2_3,False,False,True,False,False,False,False,,False,False,,,False,False,False,False
2026-04-15,2026-04-16,600664,哈药股份,2,2,医药,5,6,True,True,True,False,False,False,True,False,False,False,mid_2_3,False,False,True,False,False,False,False,,False,True,-0.9009,,False,False,False,False
2026-04-15,2026-04-16,603629,利通电子,2,2,算力,5,6,True,True,True,False,False,False,True,False,False,False,mid_2_3,False,False,True,False,False,False,False,,False,True,8.9824,,True,False,False,False
2026-04-15,2026-04-16,603698,航天工程,2,2,国有企业,5,6,True,True,True,False,False,False,True,False,False,False,mid_2_3,False,False,True,False,False,False,False,,False,False,,,False,False,False,False
2026-04-16,2026-04-17,002580,圣阳股份,6,5+,算力,6,5,False,False,False,False,False,False,False,False,False,False,new_high,True,False,False,False,False,True,True,False,True,False,,7,False,False,False,False
2026-04-16,2026-04-17,002297,博云新材,4,4,一季报增长,6,5,False,False,False,False,False,False,False,False,False,False,h_minus_2|legacy_near,False,False,False,True,False,True,True,False,True,False,,5,True,True,False,False
2026-04-16,2026-04-17,002990,盛视科技,3,3,算力,6,5,False,False,False,False,False,False,False,False,False,False,mid_2_3|legacy_near,False,False,True,True,False,True,True,False,True,False,,4,False,False,False,False
2026-04-16,2026-04-17,002033,丽江股份,2,2,旅游,6,5,False,False,False,False,False,False,False,False,False,False,mid_2_3,False,False,True,False,False,False,False,,False,False,,,False,False,False,False
2026-04-16,2026-04-17,002468,申通快递,2,2,一季报增长,6,5,False,False,False,False,False,False,False,False,False,False,mid_2_3,False,False,True,False,False,False,False,,False,False,,,False,False,False,False
2026-04-16,2026-04-17,600683,京投发展,2,2,地产链,6,5,False,False,False,False,False,False,False,False,False,False,mid_2_3,False,False,True,False,False,True,True,False,True,False,,3,False,False,False,False
2026-04-16,2026-04-17,603687,大胜达,2,2,并购重组,6,5,False,False,False,False,False,False,False,False,False,False,mid_2_3,False,False,True,False,False,False,False,,False,False,,,False,False,False,False
2026-04-16,2026-04-17,605388,均瑶健康,2,2,保健品,6,5,False,False,False,False,False,False,False,False,False,False,mid_2_3,False,False,True,False,False,True,True,False,True,False,,3,False,False,False,False
2026-04-17,2026-04-20,002580,圣阳股份,7,5+,算力,7,6,False,False,False,False,False,False,False,False,False,False,new_high,True,False,False,False,False,False,False,,False,True,7.9137,,False,False,False,False
2026-04-17,2026-04-20,002297,博云新材,5,5+,一季报增长,7,6,False,False,False,False,False,False,False,False,False,False,h_minus_2|legacy_near,False,False,False,True,False,True,True,False,True,False,,6,False,False,False,False
2026-04-17,2026-04-20,002990,盛视科技,4,4,算力,7,6,False,False,False,False,False,False,False,False,False,False,legacy_near,False,False,False,True,False,False,False,,False,False,,,False,False,False,False
2026-04-17,2026-04-20,600683,京投发展,3,3,地产链,7,6,False,False,False,False,False,False,False,False,False,False,mid_2_3,False,False,True,False,False,False,False,,False,False,,,False,False,True,False
2026-04-17,2026-04-20,605388,均瑶健康,3,3,保健品,7,6,False,False,False,False,False,False,False,False,False,False,mid_2_3,False,False,True,False,False,False,False,,False,False,,,False,False,False,False
2026-04-17,2026-04-20,002802,洪汇新材,2,2,化工,7,6,False,False,False,False,False,False,False,False,False,False,mid_2_3,False,False,True,False,False,False,False,,False,False,,,False,False,False,False
2026-04-17,2026-04-20,002940,昂利康,2,2,医药,7,6,False,False,False,False,False,False,False,False,False,False,mid_2_3,False,False,True,False,False,False,False,,False,True,1.6343,,False,False,False,False
2026-04-17,2026-04-20,300905,宝丽迪,2,2,化工,7,6,False,False,False,False,False,False,False,False,False,False,mid_2_3,False,False,True,False,False,False,False,,False,False,,,False,False,False,False
2026-04-17,2026-04-20,600156,华升股份,2,2,算力,7,6,False,False,False,False,False,False,False,False,False,False,mid_2_3,False,False,True,False,False,True,True,False,True,False,,3,False,False,False,False
2026-04-17,2026-04-20,600961,株冶集团,2,2,一季报增长,7,6,False,False,False,False,False,False,False,False,False,False,mid_2_3,False,False,True,False,True,True,True,True,False,False,,3,True,True,False,False
2026-04-17,2026-04-20,603052,可川科技,2,2,通信,7,6,False,False,False,False,False,False,False,False,False,False,mid_2_3,False,False,True,False,False,True,True,False,True,False,,3,False,False,False,False
2026-04-17,2026-04-20,603315,福鞍股份,2,2,燃气轮机,7,6,False,False,False,False,False,False,False,False,False,False,mid_2_3,False,False,True,False,False,False,False,,False,False,,,False,False,False,False
2026-04-17,2026-04-20,688227,品高股份,2,2,算力,7,6,False,False,False,False,False,False,False,False,False,False,mid_2_3,False,False,True,False,False,False,False,,False,True,15.0947,,False,False,False,False
2026-04-20,2026-04-21,002297,博云新材,6,5+,商业航天,6,7,True,True,True,False,False,False,True,False,False,False,new_high|legacy_near,True,False,False,True,False,False,False,,False,False,,,False,False,False,False
2026-04-20,2026-04-21,600156,华升股份,3,3,算力,6,7,True,True,True,False,False,False,True,False,True,True,mid_2_3,False,False,True,False,False,False,False,,False,True,-3.9254,,False,False,False,False
2026-04-20,2026-04-21,600961,株冶集团,3,3,一季报增长,6,7,True,True,True,False,False,False,True,False,False,False,mid_2_3,False,False,True,False,True,True,True,True,False,False,,4,False,False,False,False
2026-04-20,2026-04-21,603052,可川科技,3,3,通信,6,7,True,True,True,False,False,False,True,False,False,False,mid_2_3,False,False,True,False,False,False,False,,False,False,,,False,False,False,False
2026-04-20,2026-04-21,603268,松发股份,3,3,ST摘帽,6,7,True,True,True,False,False,False,True,False,False,False,mid_2_3,False,False,True,False,False,False,False,,False,False,,,False,False,False,False
2026-04-20,2026-04-21,001400,江顺科技,2,2,商业航天,6,7,True,True,True,False,False,False,True,False,False,True,mid_2_3,False,False,True,False,False,False,False,,False,False,,,False,False,False,False
2026-04-20,2026-04-21,002081,金螳螂,2,2,商业航天,6,7,True,True,True,False,False,False,True,False,False,False,mid_2_3,False,False,True,False,False,True,True,False,True,False,,3,True,True,True,False
2026-04-20,2026-04-21,002217,合力泰,2,2,算力,6,7,True,True,True,False,False,False,True,False,True,True,mid_2_3,False,False,True,False,False,False,False,,False,False,,,False,False,False,False
2026-04-20,2026-04-21,002418,康盛股份,2,2,算力,6,7,True,True,True,False,False,False,True,False,True,True,mid_2_3,False,False,True,False,False,False,False,,False,False,,,True,False,False,False
2026-04-20,2026-04-21,002428,云南锗业,2,2,芯片,6,7,True,True,True,False,False,False,True,False,False,False,mid_2_3,False,False,True,False,False,False,False,,False,False,,,True,False,False,False
2026-04-20,2026-04-21,003018,金富科技,2,2,算力,6,7,True,True,True,False,False,False,True,False,True,True,mid_2_3,False,False,True,False,False,True,True,False,True,False,,3,True,True,False,False
2026-04-20,2026-04-21,600234,科新发展,2,2,再融资,6,7,True,True,True,False,False,False,True,False,False,True,mid_2_3,False,False,True,False,False,False,False,,False,False,,,True,False,False,False
2026-04-20,2026-04-21,600330,天通股份,2,2,通信,6,7,True,True,True,False,False,False,True,False,False,False,mid_2_3,False,False,True,False,True,False,False,,False,False,,,True,False,False,False
2026-04-20,2026-04-21,600707,彩虹股份,2,2,芯片,6,7,True,True,True,False,False,False,True,False,False,False,mid_2_3,False,False,True,False,False,False,False,,False,False,,,False,False,False,False
2026-04-20,2026-04-21,603178,圣龙股份,2,2,汽车零部件,6,7,True,True,True,False,False,False,True,False,False,False,mid_2_3,False,False,True,False,False,True,True,False,True,False,,3,False,False,False,False
2026-04-20,2026-04-21,603773,沃格光电,2,2,芯片,6,7,True,True,True,False,False,False,True,False,False,False,mid_2_3,False,False,True,False,False,False,False,,False,False,,,True,False,False,False
2026-04-21,2026-04-22,600961,株冶集团,4,4,一季报增长,4,6,True,True,True,False,True,False,True,False,False,False,new_high|legacy_near,True,False,False,True,True,False,False,,False,True,9.1657,,False,False,False,True
2026-04-21,2026-04-22,002081,金螳螂,3,3,商业航天,4,6,True,True,True,False,True,False,True,False,True,True,sub_high|mid_2_3,False,True,True,False,False,True,True,True,False,False,,4,True,True,False,False
2026-04-21,2026-04-22,003018,金富科技,3,3,算力,4,6,True,True,True,False,True,False,True,False,False,False,sub_high|mid_2_3,False,True,True,False,False,True,True,False,True,False,,4,False,False,False,False
2026-04-21,2026-04-22,603178,圣龙股份,3,3,汽车零部件,4,6,True,True,True,False,True,False,True,False,False,False,sub_high|mid_2_3,False,True,True,False,False,False,False,,False,True,0.3795,,False,False,False,False
2026-04-21,2026-04-22,002361,神剑股份,2,2,商业航天,4,6,True,True,True,False,True,False,True,False,True,True,h_minus_2|mid_2_3,False,False,True,False,False,False,False,,False,False,,,False,False,False,False
2026-04-21,2026-04-22,600103,青山纸业,2,2,通信,4,6,True,True,True,False,True,False,True,False,False,False,h_minus_2|mid_2_3,False,False,True,False,False,False,False,,False,True,5.7692,,False,False,False,False
2026-04-21,2026-04-22,600979,广安爱众,2,2,电力,4,6,True,True,True,False,True,False,True,False,False,False,h_minus_2|mid_2_3,False,False,True,False,False,False,False,,False,False,,,False,False,False,False
2026-04-21,2026-04-22,603017,中衡设计,2,2,商业航天,4,6,True,True,True,False,True,False,True,False,True,True,h_minus_2|mid_2_3,False,False,True,False,False,False,False,,False,False,,,True,False,False,False
2026-04-22,2026-04-23,002081,金螳螂,4,4,商业航天,4,4,True,True,False,False,False,True,True,False,False,False,new_high,True,False,False,False,True,True,True,False,True,False,,5,False,False,False,False
2026-04-22,2026-04-23,003018,金富科技,4,4,算力,4,4,True,True,False,False,False,True,True,False,False,False,new_high,True,False,False,False,False,False,False,,False,True,4.9234,,False,False,False,False
2026-04-22,2026-04-23,002201,九鼎新材,2,2,商业航天,4,4,True,True,False,False,False,True,True,False,False,False,h_minus_2|mid_2_3|legacy_near,False,False,True,True,False,False,False,,False,True,-3.3943,,False,False,False,False
2026-04-22,2026-04-23,300067,安诺其,2,2,并购重组,4,4,True,True,False,False,False,True,True,False,False,False,h_minus_2|mid_2_3|legacy_near,False,False,True,True,True,True,True,True,False,False,,3,False,False,False,False
2026-04-22,2026-04-23,600396,华电辽能,2,2,电力,4,4,True,True,False,False,False,True,True,False,False,False,h_minus_2|mid_2_3|legacy_near,False,False,True,True,False,True,True,False,True,False,,3,False,False,True,False
2026-04-22,2026-04-23,600736,苏州高新,2,2,商业航天,4,4,True,True,False,False,False,True,True,False,False,False,h_minus_2|mid_2_3|legacy_near,False,False,True,True,False,True,True,True,False,False,,3,False,False,False,False
2026-04-22,2026-04-23,603115,海星股份,2,2,元器件,4,4,True,True,False,False,False,True,True,False,False,False,h_minus_2|mid_2_3|legacy_near,False,False,True,True,False,False,False,,False,True,9.3167,,False,False,False,False
2026-04-22,2026-04-23,605365,立达信,2,2,地产链,4,4,True,True,False,False,False,True,True,False,False,False,h_minus_2|mid_2_3|legacy_near,False,False,True,True,False,False,False,,False,True,5.194,,False,False,False,False
2026-04-23,2026-04-24,002081,金螳螂,5,5+,商业航天,5,4,False,True,False,False,True,False,True,False,False,False,new_high,True,False,False,False,False,False,False,,False,False,,,False,False,True,True
2026-04-23,2026-04-24,300067,安诺其,3,3,并购重组,5,4,False,True,False,False,True,False,True,False,False,False,h_minus_2|mid_2_3|legacy_near,False,False,True,True,True,False,False,,False,False,,,False,False,False,False
2026-04-23,2026-04-24,600396,华电辽能,3,3,绿色电力,5,4,False,True,False,False,True,False,True,False,False,False,h_minus_2|mid_2_3|legacy_near,False,False,True,True,False,False,False,,False,False,,,True,False,False,False
2026-04-23,2026-04-24,600736,苏州高新,3,3,商业航天,5,4,False,True,False,False,True,False,True,False,False,False,h_minus_2|mid_2_3|legacy_near,False,False,True,True,True,False,False,,False,True,1.5532,,False,False,False,True
2026-04-23,2026-04-24,001234,泰慕士,2,2,服装家纺,5,4,False,True,False,False,True,False,True,False,False,False,mid_2_3|legacy_near,False,False,True,True,False,True,True,False,True,False,,3,False,False,False,False
2026-04-23,2026-04-24,600052,东望时代,2,2,并购重组,5,4,False,True,False,False,True,False,True,False,False,False,mid_2_3|legacy_near,False,False,True,True,False,False,False,,False,False,,,False,False,False,False
2026-04-23,2026-04-24,601512,中新集团,2,2,创投,5,4,False,True,False,False,True,False,True,False,False,False,mid_2_3|legacy_near,False,False,True,True,False,False,False,,False,False,,,False,False,False,False
2026-04-23,2026-04-24,603318,水发燃气,2,2,燃气轮机,5,4,False,True,False,False,True,False,True,False,False,False,mid_2_3|legacy_near,False,False,True,True,True,True,True,True,False,False,,3,True,True,True,False
2026-04-23,2026-04-24,603618,杭电股份,2,2,通信,5,4,False,True,False,False,True,False,True,False,False,False,mid_2_3|legacy_near,False,False,True,True,False,False,False,,False,False,,,False,False,False,False
2026-04-24,2026-04-27,001234,泰慕士,3,3,服装家纺,3,5,True,True,True,False,False,True,True,False,False,False,new_high|mid_2_3|legacy_near,True,False,True,True,False,False,False,,False,False,,,False,False,False,False
2026-04-24,2026-04-27,603318,水发燃气,3,3,燃气轮机,3,5,True,True,True,False,False,True,True,False,False,False,new_high|mid_2_3|legacy_near,True,False,True,True,True,True,True,False,True,False,,4,True,True,False,False
2026-04-24,2026-04-27,000925,众合科技,2,2,商业航天,3,5,True,True,True,False,False,True,True,False,True,True,sub_high|mid_2_3,False,True,True,False,False,True,True,True,False,False,,3,False,False,False,False
2026-04-24,2026-04-27,002787,华源控股,2,2,芯片,3,5,True,True,True,False,False,True,True,False,False,False,sub_high|mid_2_3,False,True,True,False,False,False,False,,False,False,,,False,False,False,False
2026-04-24,2026-04-27,600726,华电能源,2,2,电力,3,5,True,True,True,False,False,True,True,False,False,False,sub_high|mid_2_3,False,True,True,False,False,True,True,False,True,False,,3,True,True,False,False
2026-04-24,2026-04-27,600770,综艺股份,2,2,芯片,3,5,True,True,True,False,False,True,True,False,False,False,sub_high|mid_2_3,False,True,True,False,False,False,False,,False,True,-0.1435,,True,False,False,False
2026-04-24,2026-04-27,603060,国检集团,2,2,商业航天,3,5,True,True,True,False,False,True,True,False,True,True,sub_high|mid_2_3,False,True,True,False,False,False,False,,False,False,,,False,False,False,False
2026-04-24,2026-04-27,603390,通达电气,2,2,一季报增长,3,5,True,True,True,False,False,True,True,False,False,False,sub_high|mid_2_3,False,True,True,False,False,False,False,,False,False,,,False,False,False,False
2026-04-27,2026-04-28,603318,水发燃气,4,4,芯片,4,3,False,True,False,False,True,False,False,True,False,False,new_high,True,False,False,False,False,True,True,False,True,False,,5,False,False,False,True
2026-04-27,2026-04-28,000925,众合科技,3,3,算力,4,3,False,True,False,False,True,False,False,True,False,False,sub_high|mid_2_3,False,True,True,False,True,False,False,,False,False,,,False,False,False,False
2026-04-27,2026-04-28,600726,华电能源,3,3,绿色电力,4,3,False,True,False,False,True,False,False,True,False,False,sub_high|mid_2_3,False,True,True,False,False,True,True,False,True,False,,4,False,False,False,False
2026-04-27,2026-04-28,000062,深圳华强,2,2,华为昇腾,4,3,False,True,False,False,True,False,False,True,False,False,h_minus_2|mid_2_3|legacy_near,False,False,True,True,False,False,False,,False,False,,,False,False,False,False
2026-04-27,2026-04-28,001211,双枪科技,2,2,零售,4,3,False,True,False,False,True,False,False,True,False,False,h_minus_2|mid_2_3|legacy_near,False,False,True,True,False,False,False,,False,False,,,False,False,False,False
2026-04-27,2026-04-28,003036,泰坦股份,2,2,通信,4,3,False,True,False,False,True,False,False,True,False,False,h_minus_2|mid_2_3|legacy_near,False,False,True,True,False,False,False,,False,False,,,False,False,False,False
2026-04-27,2026-04-28,600152,维科技术,2,2,钠电池,4,3,False,True,False,False,True,False,False,True,False,False,h_minus_2|mid_2_3|legacy_near,False,False,True,True,False,True,True,False,True,False,,3,False,False,False,False
2026-04-27,2026-04-28,600338,西藏珠峰,2,2,锂电池,4,3,False,True,False,False,True,False,False,True,False,False,h_minus_2|mid_2_3|legacy_near,False,False,True,True,False,False,False,,False,False,,,True,False,False,False
2026-04-27,2026-04-28,603272,联翔股份,2,2,股权转让,4,3,False,True,False,False,True,False,False,True,False,True,h_minus_2|mid_2_3|legacy_near,False,False,True,True,False,False,False,,False,False,,,False,False,False,False
2026-04-28,2026-04-29,603318,水发燃气,5,5+,芯片,5,4,False,False,False,False,False,True,False,False,False,False,new_high,True,False,False,False,False,False,False,,False,False,,,False,False,False,False
2026-04-28,2026-04-29,600726,华电能源,4,4,电力,5,4,False,False,False,False,False,True,False,False,False,False,sub_high,False,True,False,False,False,False,False,,False,False,,,False,False,False,False
2026-04-28,2026-04-29,600152,维科技术,3,3,钠电池,5,4,False,False,False,False,False,True,False,False,False,False,h_minus_2|mid_2_3|legacy_near,False,False,True,True,False,False,False,,False,False,,,False,False,False,False
2026-04-28,2026-04-29,000593,德龙汇能,2,2,实控人变更,5,4,False,False,False,False,False,True,False,False,False,False,mid_2_3|legacy_near,False,False,True,True,False,False,False,,False,False,,,False,False,False,False
2026-04-28,2026-04-29,002175,东方智造,2,2,新型工业化,5,4,False,False,False,False,False,True,False,False,False,False,mid_2_3|legacy_near,False,False,True,True,False,False,False,,False,False,,,False,False,False,False
2026-04-28,2026-04-29,002210,飞马国际,2,2,一季报增长,5,4,False,False,False,False,False,True,False,False,False,False,mid_2_3|legacy_near,False,False,True,True,False,True,True,False,True,False,,3,False,False,True,False
2026-04-28,2026-04-29,002902,铭普光磁,2,2,通信,5,4,False,False,False,False,False,True,False,False,False,False,mid_2_3|legacy_near,False,False,True,True,False,False,False,,False,False,,,False,False,False,False
2026-04-28,2026-04-29,603095,越剑智能,2,2,新型工业化,5,4,False,False,False,False,False,True,False,False,False,False,mid_2_3|legacy_near,False,False,True,True,False,True,True,False,True,False,,3,True,True,False,False
2026-04-28,2026-04-29,603931,格林达,2,2,芯片,5,4,False,False,False,False,False,True,False,False,False,False,mid_2_3|legacy_near,False,False,True,True,False,False,False,,False,False,,,False,False,False,False
2026-04-28,2026-04-29,605287,德才股份,2,2,AI视频,5,4,False,False,False,False,False,True,False,False,False,False,mid_2_3|legacy_near,False,False,True,True,False,False,False,,False,False,,,False,False,False,False
2026-04-28,2026-04-29,605289,罗曼股份,2,2,算力,5,4,False,False,False,False,False,True,False,False,False,False,mid_2_3|legacy_near,False,False,True,True,False,False,False,,False,False,,,False,False,False,False
2026-04-29,2026-04-30,002210,飞马国际,3,3,一季报增长,3,5,True,True,True,False,True,False,True,False,False,False,new_high|mid_2_3|legacy_near,True,False,True,True,False,False,False,,False,False,,,True,False,False,False
2026-04-29,2026-04-30,603095,越剑智能,3,3,专用设备,3,5,True,True,True,False,True,False,True,False,False,False,new_high|mid_2_3|legacy_near,True,False,True,True,False,True,True,True,False,False,,4,False,False,True,True
2026-04-29,2026-04-30,001266,宏英智能,2,2,一季报增长,3,5,True,True,True,False,True,False,True,False,False,False,sub_high|mid_2_3,False,True,True,False,True,False,False,,False,False,,,False,False,False,False
2026-04-29,2026-04-30,002081,金螳螂,2,2,芯片,3,5,True,True,True,False,True,False,True,False,True,True,sub_high|mid_2_3,False,True,True,False,False,True,True,False,True,False,,3,True,True,True,False
2026-04-29,2026-04-30,002652,扬子新材,2,2,芯片,3,5,True,True,True,False,True,False,True,False,True,True,sub_high|mid_2_3,False,True,True,False,False,False,False,,False,False,,,False,False,False,False
2026-04-29,2026-04-30,600156,华升股份,2,2,算力,3,5,True,True,True,False,True,False,True,False,False,False,sub_high|mid_2_3,False,True,True,False,False,False,False,,False,False,,,False,False,False,False
2026-04-29,2026-04-30,600379,宝光股份,2,2,芯片,3,5,True,True,True,False,True,False,True,False,True,True,sub_high|mid_2_3,False,True,True,False,False,True,True,False,True,False,,3,True,True,False,False
2026-04-29,2026-04-30,603317,天味食品,2,2,一季报增长,3,5,True,True,True,False,True,False,True,False,False,False,sub_high|mid_2_3,False,True,True,False,False,False,False,,False,False,,,False,False,False,False
2026-04-29,2026-04-30,603399,永杉锂业,2,2,锂电池,3,5,True,True,True,False,True,False,True,False,False,False,sub_high|mid_2_3,False,True,True,False,False,True,True,True,False,False,,3,True,True,False,False
2026-04-29,2026-04-30,603629,利通电子,2,2,算力,3,5,True,True,True,False,True,False,True,False,False,False,sub_high|mid_2_3,False,True,True,False,False,False,False,,False,True,9.9931,,True,False,False,False
2026-04-29,2026-04-30,605168,三人行,2,2,算力,3,5,True,True,True,False,True,False,True,False,False,False,sub_high|mid_2_3,False,True,True,False,False,False,False,,False,False,,,False,False,True,False
2026-04-30,2026-05-06,603095,越剑智能,4,4,新型工业化,4,3,False,True,False,False,False,True,True,False,False,False,new_high,True,False,False,False,True,False,False,,False,False,,,True,False,False,False
2026-04-30,2026-05-06,002081,金螳螂,3,3,商业航天,4,3,False,True,False,False,False,True,True,False,False,False,sub_high|mid_2_3,False,True,True,False,False,True,True,False,True,False,,4,True,True,False,False
2026-04-30,2026-05-06,600379,宝光股份,3,3,芯片,4,3,False,True,False,False,False,True,True,False,False,False,sub_high|mid_2_3,False,True,True,False,False,True,True,False,True,False,,4,False,False,False,False
2026-04-30,2026-05-06,603399,永杉锂业,3,3,锂电池,4,3,False,True,False,False,False,True,True,False,False,False,sub_high|mid_2_3,False,True,True,False,True,True,True,True,False,False,,4,False,False,False,False
2026-04-30,2026-05-06,000402,金融街,2,2,地产链,4,3,False,True,False,False,False,True,True,False,False,False,h_minus_2|mid_2_3|legacy_near,False,False,True,True,False,True,True,False,True,False,,3,False,False,False,False
2026-04-30,2026-05-06,000567,海德股份,2,2,一季报增长,4,3,False,True,False,False,False,True,True,False,True,True,h_minus_2|mid_2_3|legacy_near,False,False,True,True,False,False,False,,False,False,,,False,False,False,False
2026-04-30,2026-05-06,000980,众泰汽车,2,2,一季报增长,4,3,False,True,False,False,False,True,True,False,True,True,h_minus_2|mid_2_3|legacy_near,False,False,True,True,False,False,False,,False,False,,,False,False,False,False
2026-04-30,2026-05-06,002192,融捷股份,2,2,锂电池,4,3,False,True,False,False,False,True,True,False,False,False,h_minus_2|mid_2_3|legacy_near,False,False,True,True,False,False,False,,False,False,,,False,False,False,False
2026-04-30,2026-05-06,002645,华宏科技,2,2,一季报增长,4,3,False,True,False,False,False,True,True,False,True,True,h_minus_2|mid_2_3|legacy_near,False,False,True,True,False,False,False,,False,False,,,False,False,False,False
2026-04-30,2026-05-06,002805,丰元股份,2,2,锂电池,4,3,False,True,False,False,False,True,True,False,False,False,h_minus_2|mid_2_3|legacy_near,False,False,True,True,False,True,True,False,True,False,,3,False,False,False,False
2026-04-30,2026-05-06,002842,翔鹭钨业,2,2,一季报增长,4,3,False,True,False,False,False,True,True,False,True,True,h_minus_2|mid_2_3|legacy_near,False,False,True,True,False,False,False,,False,False,,,False,False,False,False
2026-04-30,2026-05-06,300632,光莆股份,2,2,通信,4,3,False,True,False,False,False,True,True,False,False,False,h_minus_2|mid_2_3|legacy_near,False,False,True,True,False,False,False,,False,False,,,False,False,False,False
2026-04-30,2026-05-06,600714,金瑞矿业,2,2,化工,4,3,False,True,False,False,False,True,True,False,False,False,h_minus_2|mid_2_3|legacy_near,False,False,True,True,False,False,False,,False,False,,,False,False,False,False
2026-04-30,2026-05-06,603937,丽岛新材,2,2,锂电池,4,3,False,True,False,False,False,True,True,False,False,False,h_minus_2|mid_2_3|legacy_near,False,False,True,True,False,True,True,False,True,False,,3,False,False,True,False
2026-04-30,2026-05-06,605099,共创草坪,2,2,体育产业,4,3,False,True,False,False,False,True,True,False,False,False,h_minus_2|mid_2_3|legacy_near,False,False,True,True,False,False,False,,False,False,,,False,False,False,False
2026-04-30,2026-05-06,605299,舒华体育,2,2,体育产业,4,3,False,True,False,False,False,True,True,False,False,False,h_minus_2|mid_2_3|legacy_near,False,False,True,True,False,False,False,,False,False,,,False,False,False,False
2026-04-30,2026-05-06,688531,日联科技,2,2,并购重组,4,3,False,True,False,False,False,True,True,False,False,False,h_minus_2|mid_2_3|legacy_near,False,False,True,True,False,False,False,,False,False,,,False,False,False,False
2026-05-06,2026-05-07,002081,金螳螂,4,4,商业航天,4,4,True,True,False,False,False,False,False,True,False,False,new_high,True,False,False,False,False,True,True,False,True,False,,5,False,False,False,False
2026-05-06,2026-05-07,600379,宝光股份,4,4,芯片,4,4,True,True,False,False,False,False,False,True,False,False,new_high,True,False,False,False,False,False,False,,False,True,-3.3044,,False,False,True,False
2026-05-06,2026-05-07,603399,永杉锂业,4,4,锂电池,4,4,True,True,False,False,False,False,False,True,False,False,new_high,True,False,False,False,True,False,False,,False,True,5.8603,,False,False,False,False
2026-05-06,2026-05-07,000402,金融街,3,3,一季报增长,4,4,True,True,False,False,False,False,False,True,False,False,sub_high|mid_2_3|legacy_near,False,True,True,True,False,False,False,,False,False,,,False,False,False,False
2026-05-06,2026-05-07,002805,丰元股份,3,3,锂电池,4,4,True,True,False,False,False,False,False,True,False,False,sub_high|mid_2_3|legacy_near,False,True,True,True,False,False,False,,False,False,,,False,False,False,False
2026-05-06,2026-05-07,603937,丽岛新材,3,3,锂电池,4,4,True,True,False,False,False,False,False,True,False,False,sub_high|mid_2_3|legacy_near,False,True,True,True,False,False,False,,False,True,2.2646,,True,False,False,False
2026-05-06,2026-05-07,000066,中国长城,2,2,芯片,4,4,True,True,False,False,False,False,False,True,False,False,h_minus_2|mid_2_3|legacy_near,False,False,True,True,True,True,True,False,True,False,,3,False,False,False,False
2026-05-06,2026-05-07,000553,安道麦A,2,2,一季报增长,4,4,True,True,False,False,False,False,False,True,False,False,h_minus_2|mid_2_3|legacy_near,False,False,True,True,False,False,False,,False,False,,,False,False,False,False
2026-05-06,2026-05-07,000783,长江证券,2,2,证券,4,4,True,True,False,False,False,False,False,True,False,False,h_minus_2|mid_2_3|legacy_near,False,False,True,True,False,False,False,,False,False,,,False,False,False,False
2026-05-06,2026-05-07,001316,润贝航科,2,2,一季报增长,4,4,True,True,False,False,False,False,False,True,False,False,h_minus_2|mid_2_3|legacy_near,False,False,True,True,False,False,False,,False,False,,,False,False,False,False
2026-05-06,2026-05-07,002149,西部材料,2,2,商业航天,4,4,True,True,False,False,False,False,False,True,False,False,h_minus_2|mid_2_3|legacy_near,False,False,True,True,False,False,False,,False,False,,,False,False,False,False
2026-05-06,2026-05-07,002158,汉钟精机,2,2,芯片,4,4,True,True,False,False,False,False,False,True,False,False,h_minus_2|mid_2_3|legacy_near,False,False,True,True,False,False,False,,False,False,,,False,False,False,False
2026-05-06,2026-05-07,002181,粤传媒,2,2,体育产业,4,4,True,True,False,False,False,False,False,True,False,True,h_minus_2|mid_2_3|legacy_near,False,False,True,True,False,False,False,,False,False,,,False,False,False,False
2026-05-06,2026-05-07,002453,华软科技,2,2,并购重组,4,4,True,True,False,False,False,False,False,True,False,False,h_minus_2|mid_2_3|legacy_near,False,False,True,True,False,False,False,,False,False,,,False,False,False,False
2026-05-06,2026-05-07,002640,跨境通,2,2,一季报增长,4,4,True,True,False,False,False,False,False,True,False,False,h_minus_2|mid_2_3|legacy_near,False,False,True,True,False,False,False,,False,False,,,False,False,True,False
2026-05-06,2026-05-07,002989,中天精装,2,2,芯片,4,4,True,True,False,False,False,False,False,True,False,False,h_minus_2|mid_2_3|legacy_near,False,False,True,True,False,False,False,,False,False,,,False,False,False,False
2026-05-06,2026-05-07,603045,福达合金,2,2,一季报增长,4,4,True,True,False,False,False,False,False,True,False,False,h_minus_2|mid_2_3|legacy_near,False,False,True,True,False,True,True,True,False,False,,3,True,True,True,False
2026-05-07,2026-05-08,002081,金螳螂,5,5+,商业航天,5,4,False,True,False,False,False,False,True,False,False,False,new_high,True,False,False,False,False,False,False,,False,False,,,False,False,True,False
2026-05-07,2026-05-08,000066,中国长城,3,3,芯片,5,4,False,True,False,False,False,False,True,False,True,True,h_minus_2|mid_2_3|legacy_near,False,False,True,True,False,False,False,,False,False,,,False,False,False,False
2026-05-07,2026-05-08,603045,福达合金,3,3,算力,5,4,False,True,False,False,False,False,True,False,False,False,h_minus_2|mid_2_3|legacy_near,False,False,True,True,True,True,True,True,False,False,,4,True,True,False,False
2026-05-07,2026-05-08,000818,航锦科技,2,2,算力,5,4,False,True,False,False,False,False,True,False,False,False,mid_2_3|legacy_near,False,False,True,True,False,False,False,,False,False,,,False,False,False,False
2026-05-07,2026-05-08,000889,中嘉博创,2,2,算力,5,4,False,True,False,False,False,False,True,False,False,False,mid_2_3|legacy_near,False,False,True,True,False,False,False,,False,False,,,False,False,False,False
2026-05-07,2026-05-08,002217,合力泰,2,2,算力,5,4,False,True,False,False,False,False,True,False,False,False,mid_2_3|legacy_near,False,False,True,True,False,False,False,,False,False,,,False,False,False,False
2026-05-07,2026-05-08,002903,宇环数控,2,2,新型工业化,5,4,False,True,False,False,False,False,True,False,False,False,mid_2_3|legacy_near,False,False,True,True,False,False,False,,False,False,,,False,False,False,False
2026-05-07,2026-05-08,003041,真爱美家,2,2,实控人变更,5,4,False,True,False,False,False,False,True,False,False,False,mid_2_3|legacy_near,False,False,True,True,False,False,False,,False,False,,,False,False,False,False
2026-05-07,2026-05-08,600130,波导股份,2,2,ST摘帽,5,4,False,True,False,False,False,False,True,False,False,False,mid_2_3|legacy_near,False,False,True,True,False,True,True,False,True,False,,3,False,False,False,False
2026-05-07,2026-05-08,600396,华电辽能,2,2,电力,5,4,False,True,False,False,False,False,True,False,False,False,mid_2_3|legacy_near,False,False,True,True,False,False,False,,False,True,3.6667,,True,False,True,False
2026-05-07,2026-05-08,600673,东阳光,2,2,算力,5,4,False,True,False,False,False,False,True,False,False,False,mid_2_3|legacy_near,False,False,True,True,True,False,False,,False,False,,,False,False,False,False
2026-05-07,2026-05-08,600719,大连热电,2,2,电力,5,4,False,True,False,False,False,False,True,False,False,True,mid_2_3|legacy_near,False,False,True,True,False,False,False,,False,False,,,False,False,True,False
2026-05-07,2026-05-08,601991,大唐发电,2,2,电力,5,4,False,True,False,False,False,False,True,False,False,False,mid_2_3|legacy_near,False,False,True,True,False,True,True,False,True,False,,3,True,True,True,False
2026-05-07,2026-05-08,603158,腾龙股份,2,2,算力,5,4,False,True,False,False,False,False,True,False,False,False,mid_2_3|legacy_near,False,False,True,True,False,False,False,,False,False,,,False,False,False,False
2026-05-07,2026-05-08,603256,宏和科技,2,2,通信,5,4,False,True,False,False,False,False,True,False,False,False,mid_2_3|legacy_near,False,False,True,True,False,False,False,,False,False,,,False,False,False,False
2026-05-07,2026-05-08,603278,大业股份,2,2,机器人概念,5,4,False,True,False,False,False,False,True,False,False,False,mid_2_3|legacy_near,False,False,True,True,False,True,True,False,True,False,,3,False,False,False,False
2026-05-07,2026-05-08,603316,诚邦股份,2,2,芯片,5,4,False,True,False,False,False,False,True,False,True,True,mid_2_3|legacy_near,False,False,True,True,False,False,False,,False,False,,,False,False,False,False
2026-05-07,2026-05-08,603618,杭电股份,2,2,通信,5,4,False,True,False,False,False,False,True,False,False,False,mid_2_3|legacy_near,False,False,True,True,False,True,True,False,True,False,,3,False,False,False,False
2026-05-07,2026-05-08,688069,德林海,2,2,股权转让,5,4,False,True,False,False,False,False,True,False,False,True,mid_2_3|legacy_near,False,False,True,True,False,False,False,,False,False,,,False,False,False,False
2026-05-08,2026-05-11,603045,福达合金,4,4,算力,4,5,True,True,True,False,False,False,True,False,False,False,new_high|legacy_near,True,False,False,True,True,True,True,True,False,False,,5,False,False,False,False
2026-05-08,2026-05-11,600130,波导股份,3,3,ST摘帽,4,5,True,True,True,False,False,False,True,False,False,False,sub_high|mid_2_3|legacy_near,False,True,True,True,False,False,False,,False,True,5.3659,,False,False,False,False
2026-05-08,2026-05-11,601991,大唐发电,3,3,电力,4,5,True,True,True,False,False,False,True,False,False,False,sub_high|mid_2_3|legacy_near,False,True,True,True,False,True,True,False,True,False,,4,True,True,True,False
2026-05-08,2026-05-11,603278,大业股份,3,3,机器人概念,4,5,True,True,True,False,False,False,True,False,False,False,sub_high|mid_2_3|legacy_near,False,True,True,True,False,False,False,,False,True,2.951,,False,False,False,False
2026-05-08,2026-05-11,603618,杭电股份,3,3,通信,4,5,True,True,True,False,False,False,True,False,False,False,sub_high|mid_2_3|legacy_near,False,True,True,True,False,False,False,,False,False,,,False,False,False,False
2026-05-08,2026-05-11,000720,新能泰山,2,2,通信,4,5,True,True,True,False,False,False,True,False,False,False,h_minus_2|mid_2_3,False,False,True,False,False,False,False,,False,False,,,False,False,True,False
2026-05-08,2026-05-11,002031,巨轮智能,2,2,机器人概念,4,5,True,True,True,False,False,False,True,False,False,False,h_minus_2|mid_2_3,False,False,True,False,False,False,False,,False,False,,,False,False,False,False
2026-05-08,2026-05-11,002317,众生药业,2,2,医药,4,5,True,True,True,False,False,False,True,False,False,False,h_minus_2|mid_2_3,False,False,True,False,False,False,False,,False,False,,,False,False,False,False
2026-05-08,2026-05-11,002491,通鼎互联,2,2,通信,4,5,True,True,True,False,False,False,True,False,False,False,h_minus_2|mid_2_3,False,False,True,False,False,True,True,False,True,False,,3,True,True,False,False
2026-05-08,2026-05-11,002552,宝鼎科技,2,2,通信,4,5,True,True,True,False,False,False,True,False,False,False,h_minus_2|mid_2_3,False,False,True,False,False,True,True,False,True,False,,3,True,True,False,False
2026-05-08,2026-05-11,002655,共达电声,2,2,股权转让,4,5,True,True,True,False,False,False,True,False,False,False,h_minus_2|mid_2_3,False,False,True,False,False,False,False,,False,False,,,False,False,False,False
2026-05-08,2026-05-11,002929,润建股份,2,2,算力,4,5,True,True,True,False,False,False,True,False,False,False,h_minus_2|mid_2_3,False,False,True,False,False,False,False,,False,False,,,False,False,True,False
2026-05-08,2026-05-11,002930,宏川智慧,2,2,算力,4,5,True,True,True,False,False,False,True,False,False,False,h_minus_2|mid_2_3,False,False,True,False,False,False,False,,False,False,,,False,False,False,False
2026-05-08,2026-05-11,600936,北投科技,2,2,机器人概念,4,5,True,True,True,False,False,False,True,False,False,False,h_minus_2|mid_2_3,False,False,True,False,False,False,False,,False,True,-1.354,,False,False,False,False
2026-05-08,2026-05-11,603459,红板科技,2,2,通信,4,5,True,True,True,False,False,False,True,False,False,False,h_minus_2|mid_2_3,False,False,True,False,False,True,True,True,False,False,,3,False,False,False,False
2026-05-08,2026-05-11,603636,南威软件,2,2,算力,4,5,True,True,True,False,False,False,True,False,False,False,h_minus_2|mid_2_3,False,False,True,False,True,False,False,,False,False,,,False,False,False,False
2026-05-08,2026-05-11,603738,泰晶科技,2,2,通信,4,5,True,True,True,False,False,False,True,False,False,False,h_minus_2|mid_2_3,False,False,True,False,False,True,True,False,True,False,,3,False,False,False,False
2026-05-08,2026-05-11,605006,山东玻纤,2,2,化工,4,5,True,True,True,False,False,False,True,False,False,False,h_minus_2|mid_2_3,False,False,True,False,False,True,True,False,True,False,,3,False,False,False,False
2026-05-11,2026-05-12,603045,福达合金,5,5+,算力,5,4,False,False,False,False,False,False,False,False,False,False,new_high,True,False,False,False,True,False,False,,False,False,,,False,False,False,False
2026-05-11,2026-05-12,601991,大唐发电,4,4,电力,5,4,False,False,False,False,False,False,False,False,False,False,sub_high,False,True,False,False,False,True,True,False,True,False,,5,True,True,False,False
2026-05-11,2026-05-12,002491,通鼎互联,3,3,通信,5,4,False,False,False,False,False,False,False,False,False,False,h_minus_2|mid_2_3|legacy_near,False,False,True,True,False,True,True,False,True,False,,4,False,False,False,False
2026-05-11,2026-05-12,002552,宝鼎科技,3,3,通信,5,4,False,False,False,False,False,False,False,False,False,False,h_minus_2|mid_2_3|legacy_near,False,False,True,True,False,True,True,False,True,False,,4,False,False,False,False
2026-05-11,2026-05-12,603459,红板科技,3,3,通信,5,4,False,False,False,False,False,False,False,False,False,False,h_minus_2|mid_2_3|legacy_near,False,False,True,True,True,False,False,,False,True,4.5312,,False,False,False,False
2026-05-11,2026-05-12,603738,泰晶科技,3,3,通信,5,4,False,False,False,False,False,False,False,False,False,False,h_minus_2|mid_2_3|legacy_near,False,False,True,True,False,False,False,,False,False,,,False,False,False,False
2026-05-11,2026-05-12,605006,山东玻纤,3,3,化工,5,4,False,False,False,False,False,False,False,False,False,False,h_minus_2|mid_2_3|legacy_near,False,False,True,True,False,False,False,,False,False,,,False,False,False,False
2026-05-11,2026-05-12,002030,达安基因,2,2,病毒防治,5,4,False,False,False,False,False,False,False,False,False,False,mid_2_3|legacy_near,False,False,True,True,False,False,False,,False,False,,,False,False,False,False
2026-05-11,2026-05-12,002281,光迅科技,2,2,通信,5,4,False,False,False,False,False,False,False,False,False,False,mid_2_3|legacy_near,False,False,True,True,False,False,False,,False,False,,,False,False,False,False
2026-05-11,2026-05-12,002865,钧达股份,2,2,光伏,5,4,False,False,False,False,False,False,False,False,False,False,mid_2_3|legacy_near,False,False,True,True,False,False,False,,False,False,,,False,False,False,False
2026-05-11,2026-05-12,002918,蒙娜丽莎,2,2,芯片,5,4,False,False,False,False,False,False,False,False,False,False,mid_2_3|legacy_near,False,False,True,True,True,True,True,True,False,False,,3,True,True,True,False
2026-05-11,2026-05-12,600076,康欣新材,2,2,并购重组,5,4,False,False,False,False,False,False,False,False,False,False,mid_2_3|legacy_near,False,False,True,True,False,True,True,False,True,False,,3,False,False,False,False
2026-05-11,2026-05-12,600078,澄星股份,2,2,化工,5,4,False,False,False,False,False,False,False,False,False,False,mid_2_3|legacy_near,False,False,True,True,False,False,False,,False,False,,,False,False,False,False
2026-05-11,2026-05-12,600234,科新发展,2,2,算力,5,4,False,False,False,False,False,False,False,False,False,False,mid_2_3|legacy_near,False,False,True,True,False,False,False,,False,False,,,False,False,False,False
2026-05-11,2026-05-12,600530,交大昂立,2,2,保健品,5,4,False,False,False,False,False,False,False,False,False,False,mid_2_3|legacy_near,False,False,True,True,False,True,True,False,True,False,,3,True,True,False,False
2026-05-11,2026-05-12,600545,卓郎智能,2,2,通信,5,4,False,False,False,False,False,False,False,False,False,False,mid_2_3|legacy_near,False,False,True,True,False,False,False,,False,False,,,False,False,False,False
2026-05-11,2026-05-12,600683,京投发展,2,2,地产链,5,4,False,False,False,False,False,False,False,False,False,False,mid_2_3|legacy_near,False,False,True,True,False,True,True,False,True,False,,3,False,False,False,False
2026-05-11,2026-05-12,600748,上实发展,2,2,地产链,5,4,False,False,False,False,False,False,False,False,False,False,mid_2_3|legacy_near,False,False,True,True,False,False,False,,False,False,,,False,False,False,False
2026-05-11,2026-05-12,605189,富春染织,2,2,机器人概念,5,4,False,False,False,False,False,False,False,False,False,False,mid_2_3|legacy_near,False,False,True,True,False,False,False,,False,False,,,False,False,False,False
2026-05-12,2026-05-13,601991,大唐发电,5,5+,电力,5,5,True,True,False,False,True,False,True,False,False,False,new_high,True,False,False,False,False,True,True,False,True,False,,6,False,False,True,True
2026-05-12,2026-05-13,002491,通鼎互联,4,4,通信,5,5,True,True,False,False,True,False,True,False,False,False,sub_high|legacy_near,False,True,False,True,False,False,False,,False,False,,,False,False,False,False
2026-05-12,2026-05-13,002552,宝鼎科技,4,4,通信,5,5,True,True,False,False,True,False,True,False,False,False,sub_high|legacy_near,False,True,False,True,False,False,False,,False,False,,,False,False,False,False
2026-05-12,2026-05-13,002918,蒙娜丽莎,3,3,芯片,5,5,True,True,False,False,True,False,True,False,False,False,h_minus_2|mid_2_3|legacy_near,False,False,True,True,True,True,True,False,True,False,,4,True,True,True,False
2026-05-12,2026-05-13,600076,康欣新材,3,3,并购重组,5,5,True,True,False,False,True,False,True,False,False,False,h_minus_2|mid_2_3|legacy_near,False,False,True,True,False,False,False,,False,False,,,False,False,False,False
2026-05-12,2026-05-13,600530,交大昂立,3,3,保健品,5,5,True,True,False,False,True,False,True,False,False,False,h_minus_2|mid_2_3|legacy_near,False,False,True,True,False,True,True,False,True,False,,4,False,False,False,False
2026-05-12,2026-05-13,600683,京投发展,3,3,并购重组,5,5,True,True,False,False,True,False,True,False,False,False,h_minus_2|mid_2_3|legacy_near,False,False,True,True,False,False,False,,False,False,,,False,False,False,False
2026-05-12,2026-05-13,000029,深深房Ａ,2,2,地产链,5,5,True,True,False,False,True,False,True,False,False,False,mid_2_3,False,False,True,False,False,False,False,,False,False,,,False,False,False,False
2026-05-12,2026-05-13,000672,上峰水泥,2,2,芯片,5,5,True,True,False,False,True,False,True,False,False,False,mid_2_3,False,False,True,False,False,False,False,,False,False,,,False,False,False,False
2026-05-12,2026-05-13,001211,双枪科技,2,2,零售,5,5,True,True,False,False,True,False,True,False,False,False,mid_2_3,False,False,True,False,False,False,False,,False,False,,,False,False,False,False
2026-05-12,2026-05-13,001259,利仁科技,2,2,股权转让,5,5,True,True,False,False,True,False,True,False,False,False,mid_2_3,False,False,True,False,True,True,True,True,False,False,,3,True,True,True,False
2026-05-12,2026-05-13,300449,汉邦高科,2,2,算力,5,5,True,True,False,False,True,False,True,False,True,True,mid_2_3,False,False,True,False,True,False,False,,False,False,,,False,False,False,False
2026-05-12,2026-05-13,600172,黄河旋风,2,2,金刚石概念,5,5,True,True,False,False,True,False,True,False,False,False,mid_2_3,False,False,True,False,False,True,True,False,True,False,,3,False,False,False,False
2026-05-12,2026-05-13,600396,华电辽能,2,2,电力,5,5,True,True,False,False,True,False,True,False,False,False,mid_2_3,False,False,True,False,False,True,True,False,True,False,,3,False,False,False,True
2026-05-12,2026-05-13,600488,津药药业,2,2,医药,5,5,True,True,False,False,True,False,True,False,False,False,mid_2_3,False,False,True,False,False,False,False,,False,False,,,False,False,False,False
2026-05-12,2026-05-13,600869,远东股份,2,2,通信,5,5,True,True,False,False,True,False,True,False,False,True,mid_2_3,False,False,True,False,False,False,False,,False,False,,,False,False,False,False
2026-05-12,2026-05-13,603269,海鸥股份,2,2,算力,5,5,True,True,False,False,True,False,True,False,True,True,mid_2_3,False,False,True,False,False,False,False,,False,False,,,False,False,False,False
2026-05-13,2026-05-14,601991,大唐发电,6,5+,电力,6,5,False,False,False,False,False,True,False,False,False,False,new_high,True,False,False,False,False,False,False,,False,True,-2.3066,,True,False,False,False
2026-05-13,2026-05-14,002918,蒙娜丽莎,4,4,芯片,6,5,False,False,False,False,False,True,False,False,False,False,h_minus_2|legacy_near,False,False,False,True,False,True,True,False,True,False,,5,True,True,False,False
2026-05-13,2026-05-14,600530,交大昂立,4,4,保健品,6,5,False,False,False,False,False,True,False,False,False,False,h_minus_2|legacy_near,False,False,False,True,False,False,False,,False,False,,,False,False,False,False
2026-05-13,2026-05-14,001259,利仁科技,3,3,股权转让,6,5,False,False,False,False,False,True,False,False,False,False,mid_2_3|legacy_near,False,False,True,True,True,True,True,True,False,False,,4,True,True,True,False
2026-05-13,2026-05-14,600172,黄河旋风,3,3,金刚石概念,6,5,False,False,False,False,False,True,False,False,False,False,mid_2_3|legacy_near,False,False,True,True,False,False,False,,False,False,,,False,False,False,False
2026-05-13,2026-05-14,600396,华电辽能,3,3,电力,6,5,False,False,False,False,False,True,False,False,False,False,mid_2_3|legacy_near,False,False,True,True,False,False,False,,False,False,,,False,False,False,False
2026-05-13,2026-05-14,000601,韶能股份,2,2,电力,6,5,False,False,False,False,False,True,False,False,False,False,mid_2_3,False,False,True,False,False,False,False,,False,True,-7.5281,,False,False,False,False
2026-05-13,2026-05-14,000767,晋控电力,2,2,电力,6,5,False,False,False,False,False,True,False,False,False,False,mid_2_3,False,False,True,False,False,False,False,,False,False,,,False,False,False,False
2026-05-13,2026-05-14,000925,众合科技,2,2,芯片,6,5,False,False,False,False,False,True,False,False,False,False,mid_2_3,False,False,True,False,False,False,False,,False,False,,,False,False,False,False
2026-05-13,2026-05-14,002208,合肥城建,2,2,芯片,6,5,False,False,False,False,False,True,False,False,False,False,mid_2_3,False,False,True,False,False,True,True,False,True,False,,3,False,False,True,False
2026-05-13,2026-05-14,002498,汉缆股份,2,2,智能电网,6,5,False,False,False,False,False,True,False,False,False,False,mid_2_3,False,False,True,False,False,False,False,,False,False,,,False,False,False,False
2026-05-13,2026-05-14,002560,通达股份,2,2,智能电网,6,5,False,False,False,False,False,True,False,False,False,False,mid_2_3,False,False,True,False,False,False,False,,False,False,,,False,False,False,False
2026-05-13,2026-05-14,300959,线上线下,2,2,股权转让,6,5,False,False,False,False,False,True,False,False,False,False,mid_2_3,False,False,True,False,False,False,False,,False,False,,,False,False,False,False
2026-05-13,2026-05-14,603007,花王股份,2,2,通信,6,5,False,False,False,False,False,True,False,False,False,False,mid_2_3,False,False,True,False,True,True,True,True,False,False,,3,False,False,False,False
2026-05-13,2026-05-14,603052,可川科技,2,2,举牌,6,5,False,False,False,False,False,True,False,False,False,False,mid_2_3,False,False,True,False,True,True,True,False,True,False,,3,False,False,False,False
2026-05-13,2026-05-14,603070,万控智造,2,2,智能电网,6,5,False,False,False,False,False,True,False,False,False,False,mid_2_3,False,False,True,False,True,False,False,,False,True,-2.2928,,False,False,False,False
2026-05-13,2026-05-14,603203,快克智能,2,2,芯片,6,5,False,False,False,False,False,True,False,False,False,False,mid_2_3,False,False,True,False,False,False,False,,False,False,,,False,False,False,False
2026-05-14,2026-05-15,002918,蒙娜丽莎,5,5+,芯片,5,6,True,True,True,False,False,False,False,True,False,False,new_high|legacy_near,True,False,False,True,False,True,True,False,True,False,,6,False,False,False,False
2026-05-14,2026-05-15,001259,利仁科技,4,4,股权转让,5,6,True,True,True,False,False,False,False,True,False,False,sub_high|legacy_near,False,True,False,True,True,True,True,True,False,False,,5,True,True,True,False
2026-05-14,2026-05-15,002208,合肥城建,3,3,芯片,5,6,True,True,True,False,False,False,False,True,False,False,h_minus_2|mid_2_3,False,False,True,False,False,False,False,,False,False,,,True,False,True,False
2026-05-14,2026-05-15,603007,花王股份,3,3,通信,5,6,True,True,True,False,False,False,False,True,False,False,h_minus_2|mid_2_3,False,False,True,False,True,False,False,,False,False,,,False,False,False,False
2026-05-14,2026-05-15,603052,可川科技,3,3,举牌,5,6,True,True,True,False,False,False,False,True,False,False,h_minus_2|mid_2_3,False,False,True,False,False,False,False,,False,False,,,False,False,False,False
2026-05-14,2026-05-15,001210,金房能源,2,2,算力,5,6,True,True,True,False,False,False,False,True,False,False,mid_2_3,False,False,True,False,False,False,False,,False,False,,,False,False,False,False
2026-05-14,2026-05-15,001223,欧克科技,2,2,锂电池,5,6,True,True,True,False,False,False,False,True,False,False,mid_2_3,False,False,True,False,False,False,False,,False,False,,,False,False,False,False
2026-05-14,2026-05-15,002782,可立克,2,2,智能电网,5,6,True,True,True,False,False,False,False,True,False,False,mid_2_3,False,False,True,False,False,False,False,,False,False,,,False,False,True,False
2026-05-14,2026-05-15,002940,昂利康,2,2,医药,5,6,True,True,True,False,False,False,False,True,False,False,mid_2_3,False,False,True,False,False,False,False,,False,False,,,False,False,False,False
2026-05-14,2026-05-15,600156,华升股份,2,2,算力,5,6,True,True,True,False,False,False,False,True,False,False,mid_2_3,False,False,True,False,True,False,False,,False,True,-7.6815,,False,False,False,False
2026-05-14,2026-05-15,600578,京能电力,2,2,绿色电力,5,6,True,True,True,False,False,False,False,True,False,False,mid_2_3,False,False,True,False,False,True,True,False,True,False,,3,True,True,False,False
2026-05-14,2026-05-15,600857,宁波中百,2,2,零售,5,6,True,True,True,False,False,False,False,True,False,False,mid_2_3,False,False,True,False,False,False,False,,False,False,,,False,False,False,False
2026-05-14,2026-05-15,600903,贵州燃气,2,2,天然气,5,6,True,True,True,False,False,False,False,True,False,False,mid_2_3,False,False,True,False,False,False,False,,False,False,,,True,False,True,False
2026-05-14,2026-05-15,603093,南华期货,2,2,金融概念,5,6,True,True,True,False,False,False,False,True,False,False,mid_2_3,False,False,True,False,False,False,False,,False,False,,,False,False,False,False
2026-05-14,2026-05-15,603779,威龙股份,2,2,实控人变更,5,6,True,True,True,False,False,False,False,True,False,False,mid_2_3,False,False,True,False,True,True,True,True,False,False,,3,True,True,True,False
2026-05-14,2026-05-15,688146,中船特气,2,2,芯片,5,6,True,True,True,False,False,False,False,True,False,False,mid_2_3,False,False,True,False,False,False,False,,False,False,,,False,False,False,False
2026-05-15,2026-05-18,002918,蒙娜丽莎,6,5+,芯片,6,5,False,False,False,False,False,False,False,False,False,False,new_high,True,False,False,False,False,False,False,,False,False,,,False,False,False,False
2026-05-15,2026-05-18,001259,利仁科技,5,5+,股权转让,6,5,False,False,False,False,False,False,False,False,False,False,sub_high,False,True,False,False,True,True,True,False,True,False,,6,True,True,True,False
2026-05-15,2026-05-18,600578,京能电力,3,3,电力,6,5,False,False,False,False,False,False,False,False,False,False,mid_2_3|legacy_near,False,False,True,True,False,True,True,False,True,False,,4,False,False,False,False
2026-05-15,2026-05-18,603779,威龙股份,3,3,实控人变更,6,5,False,False,False,False,False,False,False,False,False,False,mid_2_3|legacy_near,False,False,True,True,True,True,True,True,False,False,,4,True,True,True,False
2026-05-15,2026-05-18,002971,和远气体,2,2,芯片,6,5,False,False,False,False,False,False,False,False,False,False,mid_2_3,False,False,True,False,False,False,False,,False,True,-1.4074,,False,False,False,False
2026-05-15,2026-05-18,603082,北自科技,2,2,机器人概念,6,5,False,False,False,False,False,False,False,False,False,False,mid_2_3,False,False,True,False,False,True,True,False,True,False,,3,True,True,False,False
2026-05-18,2026-05-19,001259,利仁科技,6,5+,股权转让,6,6,True,True,False,False,True,False,True,False,False,False,new_high,True,False,False,False,False,True,True,False,True,False,,7,True,True,False,True
2026-05-18,2026-05-19,600578,京能电力,4,4,电力,6,6,True,True,False,False,True,False,True,False,False,False,h_minus_2|legacy_near,False,False,False,True,False,False,False,,False,True,7.2633,,False,False,True,False
2026-05-18,2026-05-19,603779,威龙股份,4,4,实控人变更,6,6,True,True,False,False,True,False,True,False,False,False,h_minus_2|legacy_near,False,False,False,True,True,True,True,True,False,False,,5,True,True,True,False
2026-05-18,2026-05-19,603082,北自科技,3,3,机器人概念,6,6,True,True,False,False,True,False,True,False,False,False,mid_2_3,False,False,True,False,False,True,True,False,True,False,,4,False,False,False,False
2026-05-18,2026-05-19,002374,中锐股份,2,2,酿酒,6,6,True,True,False,False,True,False,True,False,False,False,mid_2_3,False,False,True,False,False,False,False,,False,False,,,False,False,False,False
2026-05-18,2026-05-19,002421,达实智能,2,2,机器人概念,6,6,True,True,False,False,True,False,True,False,False,False,mid_2_3,False,False,True,False,False,True,True,True,False,False,,3,True,True,False,False
2026-05-18,2026-05-19,601133,柏诚股份,2,2,芯片,6,6,True,True,False,False,True,False,True,False,True,True,mid_2_3,False,False,True,False,False,False,False,,False,False,,,True,False,False,False
2026-05-18,2026-05-19,601678,滨化股份,2,2,化工,6,6,True,True,False,False,True,False,True,False,False,False,mid_2_3,False,False,True,False,False,False,False,,False,False,,,False,False,False,False
2026-05-18,2026-05-19,603311,金海高科,2,2,实控人变更,6,6,True,True,False,False,True,False,True,False,False,False,mid_2_3,False,False,True,False,False,True,True,False,True,False,,3,False,False,False,False
2026-05-19,2026-05-20,001259,利仁科技,7,5+,股权转让,7,6,False,False,False,False,False,True,False,False,False,False,new_high,True,False,False,False,False,True,True,False,True,False,,8,False,False,False,False
2026-05-19,2026-05-20,603779,威龙股份,5,5+,实控人变更,7,6,False,False,False,False,False,True,False,False,False,False,h_minus_2|legacy_near,False,False,False,True,True,True,True,True,False,False,,6,True,True,False,False
2026-05-19,2026-05-20,603082,北自科技,4,4,机器人概念,7,6,False,False,False,False,False,True,False,False,False,False,legacy_near,False,False,False,True,False,False,False,,False,False,,,False,False,False,False
2026-05-19,2026-05-20,002421,达实智能,3,3,AI应用,7,6,False,False,False,False,False,True,False,False,False,False,mid_2_3,False,False,True,False,True,True,True,False,True,False,,4,False,False,True,False
2026-05-19,2026-05-20,603311,金海高科,3,3,实控人变更,7,6,False,False,False,False,False,True,False,False,False,False,mid_2_3,False,False,True,False,False,False,False,,False,False,,,False,False,False,False
2026-05-19,2026-05-20,000417,合百集团,2,2,芯片,7,6,False,False,False,False,False,True,False,False,False,False,mid_2_3,False,False,True,False,True,True,True,False,True,False,,3,False,False,True,False
2026-05-19,2026-05-20,002208,合肥城建,2,2,芯片,7,6,False,False,False,False,False,True,False,False,False,False,mid_2_3,False,False,True,False,False,False,False,,False,False,,,False,False,False,False
2026-05-19,2026-05-20,002272,川润股份,2,2,算力,7,6,False,False,False,False,False,True,False,False,False,False,mid_2_3,False,False,True,False,False,True,True,False,True,False,,3,False,False,True,False
2026-05-19,2026-05-20,002552,宝鼎科技,2,2,通信,7,6,False,False,False,False,False,True,False,False,False,False,mid_2_3,False,False,True,False,False,False,False,,False,False,,,False,False,True,False
2026-05-19,2026-05-20,300657,弘信电子,2,2,算力,7,6,False,False,False,False,False,True,False,False,False,False,mid_2_3,False,False,True,False,False,False,False,,False,False,,,False,False,False,False
2026-05-19,2026-05-20,600758,辽宁能源,2,2,电力,7,6,False,False,False,False,False,True,False,False,False,False,mid_2_3,False,False,True,False,False,False,False,,False,False,,,False,False,False,False
2026-05-19,2026-05-20,600850,电科数字,2,2,算力,7,6,False,False,False,False,False,True,False,False,False,False,mid_2_3,False,False,True,False,False,False,False,,False,False,,,False,False,False,False
2026-05-19,2026-05-20,600903,贵州燃气,2,2,天然气,7,6,False,False,False,False,False,True,False,False,False,False,mid_2_3,False,False,True,False,False,False,False,,False,True,1.4448,,False,False,False,False
2026-05-19,2026-05-20,603115,海星股份,2,2,元器件,7,6,False,False,False,False,False,True,False,False,False,False,mid_2_3,False,False,True,False,False,False,False,,False,False,,,False,False,True,False
2026-05-19,2026-05-20,603206,嘉环科技,2,2,算力,7,6,False,False,False,False,False,True,False,False,False,False,mid_2_3,False,False,True,False,False,False,False,,False,True,-4.66,,False,False,False,False
2026-05-19,2026-05-20,603316,诚邦股份,2,2,芯片,7,6,False,False,False,False,False,True,False,False,False,False,mid_2_3,False,False,True,False,False,True,True,False,True,False,,3,True,True,False,False
2026-05-19,2026-05-20,603938,三孚股份,2,2,芯片,7,6,False,False,False,False,False,True,False,False,False,False,mid_2_3,False,False,True,False,False,True,True,False,True,False,,3,False,False,False,False
2026-05-19,2026-05-20,603989,艾华集团,2,2,元器件,7,6,False,False,False,False,False,True,False,False,False,False,mid_2_3,False,False,True,False,False,False,False,,False,False,,,False,False,True,False
2026-05-19,2026-05-20,605218,伟时电子,2,2,VR/AR/MR,7,6,False,False,False,False,False,True,False,False,False,False,mid_2_3,False,False,True,False,False,False,False,,False,False,,,False,False,False,False
2026-05-20,2026-05-21,001259,利仁科技,8,5+,股权转让,8,7,False,False,False,True,True,False,False,False,False,False,new_high,True,False,False,False,False,False,False,,False,True,9.276,,False,False,False,True
2026-05-20,2026-05-21,603779,威龙股份,6,5+,实控人变更,8,7,False,False,False,True,True,False,False,False,False,False,h_minus_2|legacy_near,False,False,False,True,True,True,True,False,True,False,,7,False,False,False,False
2026-05-20,2026-05-21,002421,达实智能,4,4,芯片,8,7,False,False,False,True,True,False,False,False,False,False,,False,False,False,False,False,False,False,,False,False,,,True,False,True,False
2026-05-20,2026-05-21,000417,合百集团,3,3,芯片,8,7,False,False,False,True,True,False,False,False,False,False,mid_2_3,False,False,True,False,False,False,False,,False,True,-2.3085,,True,False,False,False
2026-05-20,2026-05-21,002272,川润股份,3,3,算力,8,7,False,False,False,True,True,False,False,False,False,False,mid_2_3,False,False,True,False,False,False,False,,False,False,,,True,False,False,False
2026-05-20,2026-05-21,603316,诚邦股份,3,3,芯片,8,7,False,False,False,True,True,False,False,False,False,False,mid_2_3,False,False,True,False,False,True,True,False,True,False,,4,False,False,False,False
2026-05-20,2026-05-21,603938,三孚股份,3,3,芯片,8,7,False,False,False,True,True,False,False,False,False,False,mid_2_3,False,False,True,False,False,False,False,,False,False,,,False,False,False,False
2026-05-20,2026-05-21,002782,可立克,2,2,智能电网,8,7,False,False,False,True,True,False,False,False,False,False,mid_2_3,False,False,True,False,False,False,False,,False,False,,,False,False,False,False
2026-05-20,2026-05-21,003004,声迅股份,2,2,ST摘帽,8,7,False,False,False,True,True,False,False,False,False,False,mid_2_3,False,False,True,False,False,False,False,,False,True,9.9934,,False,False,False,False
2026-05-20,2026-05-21,600563,法拉电子,2,2,元器件,8,7,False,False,False,True,True,False,False,False,False,False,mid_2_3,False,False,True,False,False,False,False,,False,False,,,True,False,False,False
2026-05-20,2026-05-21,605288,凯迪股份,2,2,机器人概念,8,7,False,False,False,True,True,False,False,False,False,False,mid_2_3,False,False,True,False,False,False,False,,False,False,,,False,False,False,False
2026-05-21,2026-05-22,603779,威龙股份,7,5+,实控人变更,7,8,True,True,True,False,True,True,False,True,False,False,new_high|legacy_near,True,False,False,True,False,False,False,,False,False,,,False,False,False,True
2026-05-21,2026-05-22,603316,诚邦股份,4,4,芯片,7,8,True,True,True,False,True,True,False,True,False,False,,False,False,False,False,False,False,False,,False,False,,,False,False,False,False
2026-05-21,2026-05-22,000518,四环生物,2,2,ST摘帽,7,8,True,True,True,False,True,True,False,True,False,False,mid_2_3,False,False,True,False,False,True,True,False,True,False,,3,True,True,False,False
2026-05-21,2026-05-22,002442,龙星科技,2,2,化工,7,8,True,True,True,False,True,True,False,True,False,False,mid_2_3,False,False,True,False,False,True,True,False,True,False,,3,False,False,False,False
2026-05-21,2026-05-22,300069,金利华电,2,2,并购重组,7,8,True,True,True,False,True,True,False,True,False,False,mid_2_3,False,False,True,False,True,True,True,True,False,False,,3,False,False,False,False
2026-05-21,2026-05-22,600611,大众交通,2,2,芯片,7,8,True,True,True,False,True,True,False,True,False,False,mid_2_3,False,False,True,False,False,True,True,True,False,False,,3,False,False,False,False
2026-05-22,2026-05-25,000518,四环生物,3,3,ST摘帽,3,7,True,True,True,False,True,True,False,False,False,False,new_high|mid_2_3,True,False,True,False,False,True,True,False,True,False,,4,False,False,False,False
2026-05-22,2026-05-25,002442,龙星科技,3,3,化工,3,7,True,True,True,False,True,True,False,False,False,False,new_high|mid_2_3,True,False,True,False,False,False,False,,False,True,-3.2059,,False,False,False,False
2026-05-22,2026-05-25,300069,金利华电,3,3,并购重组,3,7,True,True,True,False,True,True,False,False,False,False,new_high|mid_2_3,True,False,True,False,True,False,False,,False,False,,,False,False,False,True
2026-05-22,2026-05-25,600611,大众交通,3,3,芯片,3,7,True,True,True,False,True,True,False,False,False,False,new_high|mid_2_3,True,False,True,False,True,False,False,,False,False,,,False,False,False,False
2026-05-22,2026-05-25,000012,南玻Ａ,2,2,芯片,3,7,True,True,True,False,True,True,False,False,False,False,sub_high|mid_2_3,False,True,True,False,False,False,False,,False,False,,,False,False,False,False
2026-05-22,2026-05-25,000725,京东方Ａ,2,2,芯片,3,7,True,True,True,False,True,True,False,False,False,False,sub_high|mid_2_3,False,True,True,False,False,False,False,,False,False,,,False,False,False,False
2026-05-22,2026-05-25,001225,和泰机电,2,2,新型工业化,3,7,True,True,True,False,True,True,False,False,False,False,sub_high|mid_2_3,False,True,True,False,False,False,False,,False,True,-1.9276,,False,False,False,False
2026-05-22,2026-05-25,002036,联创电子,2,2,智能驾驶,3,7,True,True,True,False,True,True,False,False,False,False,sub_high|mid_2_3,False,True,True,False,False,False,False,,False,False,,,False,False,False,False
2026-05-22,2026-05-25,002931,锋龙股份,2,2,机器人概念,3,7,True,True,True,False,True,True,False,False,False,False,sub_high|mid_2_3,False,True,True,False,False,False,False,,False,False,,,False,False,False,False
2026-05-22,2026-05-25,600303,曙光股份,2,2,汽车零部件,3,7,True,True,True,False,True,True,False,False,False,False,sub_high|mid_2_3,False,True,True,False,False,False,False,,False,False,,,False,False,False,False
2026-05-22,2026-05-25,603661,恒林股份,2,2,金刚石概念,3,7,True,True,True,False,True,True,False,False,False,False,sub_high|mid_2_3,False,True,True,False,True,True,True,True,False,False,,3,False,False,False,False
2026-05-25,2026-05-26,000518,四环生物,4,4,医药,4,3,False,True,False,False,False,True,True,False,False,False,new_high,True,False,False,False,False,False,False,,False,False,,,False,False,False,False
2026-05-25,2026-05-26,603661,恒林股份,3,3,金刚石概念,4,3,False,True,False,False,False,True,True,False,False,False,sub_high|mid_2_3,False,True,True,False,True,False,False,,False,True,4.7233,,False,False,False,False
2026-05-25,2026-05-26,000510,新金路,2,2,有色金属,4,3,False,True,False,False,False,True,True,False,False,True,h_minus_2|mid_2_3|legacy_near,False,False,True,True,False,True,True,False,True,False,,3,False,False,False,False
2026-05-25,2026-05-26,000636,风华高科,2,2,元器件,4,3,False,True,False,False,False,True,True,False,False,False,h_minus_2|mid_2_3|legacy_near,False,False,True,True,True,False,False,,False,False,,,False,False,True,False
2026-05-25,2026-05-26,002421,达实智能,2,2,芯片,4,3,False,True,False,False,False,True,True,False,True,True,h_minus_2|mid_2_3|legacy_near,False,False,True,True,False,False,False,,False,False,,,False,False,False,False
2026-05-25,2026-05-26,002432,九安医疗,2,2,创投,4,3,False,True,False,False,False,True,True,False,False,False,h_minus_2|mid_2_3|legacy_near,False,False,True,True,False,False,False,,False,False,,,False,False,False,False
2026-05-25,2026-05-26,002552,宝鼎科技,2,2,通信,4,3,False,True,False,False,False,True,True,False,False,False,h_minus_2|mid_2_3|legacy_near,False,False,True,True,False,True,True,False,True,False,,3,False,False,True,False
2026-05-25,2026-05-26,002585,双星新材,2,2,元器件,4,3,False,True,False,False,False,True,True,False,False,False,h_minus_2|mid_2_3|legacy_near,False,False,True,True,False,True,True,False,True,False,,3,False,False,False,False
2026-05-25,2026-05-26,002741,光华科技,2,2,通信,4,3,False,True,False,False,False,True,True,False,False,False,h_minus_2|mid_2_3|legacy_near,False,False,True,True,False,False,False,,False,False,,,False,False,False,False
2026-05-25,2026-05-26,002897,意华股份,2,2,通信,4,3,False,True,False,False,False,True,True,False,False,False,h_minus_2|mid_2_3|legacy_near,False,False,True,True,False,False,False,,False,True,2.4833,,False,False,False,False
2026-05-25,2026-05-26,002938,鹏鼎控股,2,2,通信,4,3,False,True,False,False,False,True,True,False,False,False,h_minus_2|mid_2_3|legacy_near,False,False,True,True,True,False,False,,False,False,,,False,False,False,False
2026-05-25,2026-05-26,002975,博杰股份,2,2,元器件,4,3,False,True,False,False,False,True,True,False,False,False,h_minus_2|mid_2_3|legacy_near,False,False,True,True,False,False,False,,False,False,,,False,False,True,False
2026-05-25,2026-05-26,002980,华盛昌,2,2,通信,4,3,False,True,False,False,False,True,True,False,False,False,h_minus_2|mid_2_3|legacy_near,False,False,True,True,False,False,False,,False,False,,,False,False,False,False
2026-05-25,2026-05-26,600172,黄河旋风,2,2,金刚石概念,4,3,False,True,False,False,False,True,True,False,False,False,h_minus_2|mid_2_3|legacy_near,False,False,True,True,False,True,True,False,True,False,,3,False,False,True,False
2026-05-25,2026-05-26,600186,莲花控股,2,2,通信,4,3,False,True,False,False,False,True,True,False,False,False,h_minus_2|mid_2_3|legacy_near,False,False,True,True,False,False,False,,False,False,,,False,False,False,False
2026-05-25,2026-05-26,600234,科新发展,2,2,算力,4,3,False,True,False,False,False,True,True,False,False,False,h_minus_2|mid_2_3|legacy_near,False,False,True,True,False,False,False,,False,False,,,False,False,False,False
2026-05-25,2026-05-26,600503,华丽家族,2,2,机器人概念,4,3,False,True,False,False,False,True,True,False,False,False,h_minus_2|mid_2_3|legacy_near,False,False,True,True,False,False,False,,False,False,,,False,False,False,False
2026-05-25,2026-05-26,600539,狮头股份,2,2,机器视觉,4,3,False,True,False,False,False,True,True,False,False,False,h_minus_2|mid_2_3|legacy_near,False,False,True,True,False,False,False,,False,False,,,False,False,False,False
2026-05-25,2026-05-26,603001,奥康国际,2,2,服装家纺,4,3,False,True,False,False,False,True,True,False,False,False,h_minus_2|mid_2_3|legacy_near,False,False,True,True,False,False,False,,False,True,1.2195,,False,False,False,False
2026-05-25,2026-05-26,603256,宏和科技,2,2,通信,4,3,False,True,False,False,False,True,True,False,False,False,h_minus_2|mid_2_3|legacy_near,False,False,True,True,False,False,False,,False,False,,,False,False,True,False
2026-05-25,2026-05-26,603663,三祥新材,2,2,芯片,4,3,False,True,False,False,False,True,True,False,True,True,h_minus_2|mid_2_3|legacy_near,False,False,True,True,False,False,False,,False,False,,,True,False,False,False
2026-05-25,2026-05-26,603936,博敏电子,2,2,芯片,4,3,False,True,False,False,False,True,True,False,True,True,h_minus_2|mid_2_3|legacy_near,False,False,True,True,False,False,False,,False,False,,,False,False,False,False
2026-05-25,2026-05-26,605580,恒盛能源,2,2,金刚石概念,4,3,False,True,False,False,False,True,True,False,False,False,h_minus_2|mid_2_3|legacy_near,False,False,True,True,False,False,False,,False,False,,,False,False,True,False
2026-05-26,2026-05-27,000510,新金路,3,3,有色金属,3,4,True,True,True,False,True,False,False,True,False,False,new_high|mid_2_3|legacy_near,True,False,True,True,False,False,False,,False,False,,,False,False,False,False
2026-05-26,2026-05-27,002552,宝鼎科技,3,3,通信,3,4,True,True,True,False,True,False,False,True,False,False,new_high|mid_2_3|legacy_near,True,False,True,True,False,False,False,,False,False,,,True,False,False,False
2026-05-26,2026-05-27,002585,双星新材,3,3,元器件,3,4,True,True,True,False,True,False,False,True,False,False,new_high|mid_2_3|legacy_near,True,False,True,True,False,False,False,,False,False,,,False,False,False,True
2026-05-26,2026-05-27,600172,黄河旋风,3,3,金刚石概念,3,4,True,True,True,False,True,False,False,True,False,False,new_high|mid_2_3|legacy_near,True,False,True,True,False,False,False,,False,False,,,True,False,False,False
2026-05-26,2026-05-27,000509,华塑控股,2,2,新型工业化,3,4,True,True,True,False,True,False,False,True,False,False,sub_high|mid_2_3|legacy_near,False,True,True,True,False,True,True,False,True,False,,3,True,True,False,False
2026-05-26,2026-05-27,002185,华天科技,2,2,芯片,3,4,True,True,True,False,True,False,False,True,False,False,sub_high|mid_2_3|legacy_near,False,True,True,True,False,False,False,,False,True,7.9272,,False,False,False,False
2026-05-26,2026-05-27,002388,新亚制程,2,2,华为概念,3,4,True,True,True,False,True,False,False,True,False,False,sub_high|mid_2_3|legacy_near,False,True,True,True,True,False,False,,False,False,,,False,False,False,False
2026-05-26,2026-05-27,003036,泰坦股份,2,2,通信,3,4,True,True,True,False,True,False,False,True,False,False,sub_high|mid_2_3|legacy_near,False,True,True,True,False,False,False,,False,False,,,True,False,False,False
2026-05-26,2026-05-27,600162,香江控股,2,2,地产链,3,4,True,True,True,False,True,False,False,True,False,False,sub_high|mid_2_3|legacy_near,False,True,True,True,True,True,True,False,True,False,,3,True,True,True,False
2026-05-26,2026-05-27,600520,三佳科技,2,2,芯片,3,4,True,True,True,False,True,False,False,True,False,False,sub_high|mid_2_3|legacy_near,False,True,True,True,True,False,False,,False,False,,,False,False,False,False
2026-05-26,2026-05-27,600584,长电科技,2,2,芯片,3,4,True,True,True,False,True,False,False,True,False,False,sub_high|mid_2_3|legacy_near,False,True,True,True,False,False,False,,False,False,,,False,False,False,False
2026-05-26,2026-05-27,600726,华电能源,2,2,电力,3,4,True,True,True,False,True,False,False,True,False,False,sub_high|mid_2_3|legacy_near,False,True,True,True,False,True,True,False,True,False,,3,True,True,True,False
2026-05-27,2026-05-28,000509,华塑控股,3,3,新型工业化,3,3,True,True,False,False,True,True,True,False,False,False,new_high|mid_2_3,True,False,True,False,False,True,True,False,True,False,,4,False,False,False,True
2026-05-27,2026-05-28,600162,香江控股,3,3,地产链,3,3,True,True,False,False,True,True,True,False,False,False,new_high|mid_2_3,True,False,True,False,False,True,True,False,True,False,,4,True,True,False,True
2026-05-27,2026-05-28,600726,华电能源,3,3,电力,3,3,True,True,False,False,True,True,True,False,False,False,new_high|mid_2_3,True,False,True,False,False,True,True,False,True,False,,4,True,True,False,False
2026-05-27,2026-05-28,000759,中百集团,2,2,零售,3,3,True,True,False,False,True,True,True,False,False,False,sub_high|mid_2_3|legacy_near,False,True,True,True,False,False,False,,False,False,,,False,False,False,False
2026-05-27,2026-05-28,001257,盛龙股份,2,2,有色金属,3,3,True,True,False,False,True,True,True,False,True,True,sub_high|mid_2_3|legacy_near,False,True,True,True,False,False,False,,False,False,,,False,False,False,False
2026-05-27,2026-05-28,002251,步步高,2,2,零售,3,3,True,True,False,False,True,True,True,False,False,False,sub_high|mid_2_3|legacy_near,False,True,True,True,False,False,False,,False,False,,,True,False,False,False
2026-05-27,2026-05-28,002579,中京电子,2,2,通信,3,3,True,True,False,False,True,True,True,False,True,True,sub_high|mid_2_3|legacy_near,False,True,True,True,False,True,True,False,True,False,,3,False,False,True,False
2026-05-27,2026-05-28,002771,真视通,2,2,算力,3,3,True,True,False,False,True,True,True,False,False,False,sub_high|mid_2_3|legacy_near,False,True,True,True,False,False,False,,False,False,,,False,False,False,False
2026-05-28,2026-05-29,000509,华塑控股,4,4,新型工业化,4,3,False,False,False,False,True,True,False,False,False,False,new_high,True,False,False,False,False,False,False,,False,True,-9.9476,,False,False,False,False
2026-05-28,2026-05-29,600162,香江控股,4,4,地产链,4,3,False,False,False,False,True,True,False,False,False,False,new_high,True,False,False,False,False,True,True,False,True,False,,5,False,False,True,False
2026-05-28,2026-05-29,600726,华电能源,4,4,电力,4,3,False,False,False,False,True,True,False,False,False,False,new_high,True,False,False,False,False,True,True,False,True,False,,5,False,False,False,True
2026-05-28,2026-05-29,002579,中京电子,3,3,通信,4,3,False,False,False,False,True,True,False,False,False,False,sub_high|mid_2_3,False,True,True,False,False,False,False,,False,False,,,True,False,True,False
2026-05-28,2026-05-29,000539,粤电力Ａ,2,2,电力,4,3,False,False,False,False,True,True,False,False,False,False,h_minus_2|mid_2_3|legacy_near,False,False,True,True,False,True,True,False,True,False,,3,True,True,False,True
2026-05-28,2026-05-29,002484,江海股份,2,2,元器件,4,3,False,False,False,False,True,True,False,False,False,False,h_minus_2|mid_2_3|legacy_near,False,False,True,True,False,False,False,,False,False,,,False,False,False,False
2026-05-28,2026-05-29,603011,合锻智能,2,2,通信,4,3,False,False,False,False,True,True,False,False,False,False,h_minus_2|mid_2_3|legacy_near,False,False,True,True,False,True,True,False,True,False,,3,True,True,False,False
2026-05-28,2026-05-29,603032,德新科技,2,2,锂电池,4,3,False,False,False,False,True,True,False,False,False,False,h_minus_2|mid_2_3|legacy_near,False,False,True,True,False,False,False,,False,False,,,False,False,False,False
2026-05-28,2026-05-29,603989,艾华集团,2,2,元器件,4,3,False,False,False,False,True,True,False,False,False,False,h_minus_2|mid_2_3|legacy_near,False,False,True,True,False,False,False,,False,False,,,False,False,False,False
2026-05-29,2026-06-01,600162,香江控股,5,5+,地产链,5,4,False,True,False,False,False,True,False,True,False,False,new_high,True,False,False,False,False,False,False,,False,False,,,True,False,False,False
2026-05-29,2026-06-01,600726,华电能源,5,5+,电力,5,4,False,True,False,False,False,True,False,True,False,True,new_high,True,False,False,False,False,False,False,,False,False,,,False,False,False,False
2026-05-29,2026-06-01,000539,粤电力Ａ,3,3,电力,5,4,False,True,False,False,False,True,False,True,False,True,h_minus_2|mid_2_3|legacy_near,False,False,True,True,False,True,True,False,True,False,,4,False,False,False,False
2026-05-29,2026-06-01,603011,合锻智能,3,3,通信,5,4,False,True,False,False,False,True,False,True,False,False,h_minus_2|mid_2_3|legacy_near,False,False,True,True,False,True,True,False,True,False,,4,False,False,False,False
2026-05-29,2026-06-01,000090,天健集团,2,2,地产链,5,4,False,True,False,False,False,True,False,True,False,False,mid_2_3|legacy_near,False,False,True,True,False,False,False,,False,False,,,False,False,False,False
2026-05-29,2026-06-01,002806,华锋股份,2,2,元器件,5,4,False,True,False,False,False,True,False,True,False,False,mid_2_3|legacy_near,False,False,True,True,False,False,False,,False,True,-0.0541,,True,False,False,False
2026-05-29,2026-06-01,002995,天地在线,2,2,AI应用,5,4,False,True,False,False,False,True,False,True,False,False,mid_2_3|legacy_near,False,False,True,True,False,True,True,False,True,False,,3,False,False,False,False
2026-05-29,2026-06-01,600110,诺德股份,2,2,通信,5,4,False,True,False,False,False,True,False,True,False,False,mid_2_3|legacy_near,False,False,True,True,False,False,False,,False,False,,,False,False,False,False
2026-05-29,2026-06-01,603324,盛剑科技,2,2,芯片,5,4,False,True,False,False,False,True,False,True,False,False,mid_2_3|legacy_near,False,False,True,True,False,False,False,,False,False,,,False,False,False,False
2026-06-01,2026-06-02,000539,粤电力Ａ,4,4,电力,4,5,True,True,True,False,True,False,True,False,True,True,new_high|legacy_near,True,False,False,True,False,False,False,,False,False,,,False,False,False,True
2026-06-01,2026-06-02,603011,合锻智能,4,4,通信,4,5,True,True,True,False,True,False,True,False,False,False,new_high|legacy_near,True,False,False,True,False,False,False,,False,False,,,False,False,False,False
2026-06-01,2026-06-02,002995,天地在线,3,3,AI应用,4,5,True,True,True,False,True,False,True,False,False,False,sub_high|mid_2_3|legacy_near,False,True,True,True,False,False,False,,False,False,,,False,False,False,False
2026-06-01,2026-06-02,000037,深南电A,2,2,电力,4,5,True,True,True,False,True,False,True,False,True,True,h_minus_2|mid_2_3,False,False,True,False,False,False,False,,False,False,,,False,False,False,True
2026-06-01,2026-06-02,000767,晋控电力,2,2,电力,4,5,True,True,True,False,True,False,True,False,True,True,h_minus_2|mid_2_3,False,False,True,False,False,False,False,,False,False,,,False,False,False,True
2026-06-01,2026-06-02,002081,金螳螂,2,2,地产链,4,5,True,True,True,False,True,False,True,False,True,True,h_minus_2|mid_2_3,False,False,True,False,False,False,False,,False,False,,,False,False,False,False
2026-06-01,2026-06-02,002608,江苏国信,2,2,电力,4,5,True,True,True,False,True,False,True,False,True,True,h_minus_2|mid_2_3,False,False,True,False,False,False,False,,False,False,,,False,False,False,True
2026-06-01,2026-06-02,301439,泓淋电力,2,2,通信,4,5,True,True,True,False,True,False,True,False,False,False,h_minus_2|mid_2_3,False,False,True,False,False,False,False,,False,False,,,False,False,False,False
2026-06-01,2026-06-02,600011,华能国际,2,2,电力,4,5,True,True,True,False,True,False,True,False,True,True,h_minus_2|mid_2_3,False,False,True,False,False,False,False,,False,False,,,False,False,False,True
2026-06-01,2026-06-02,600280,中央商场,2,2,零售,4,5,True,True,True,False,True,False,True,False,False,True,h_minus_2|mid_2_3,False,False,True,False,False,True,True,False,True,False,,3,False,False,False,False
2026-06-01,2026-06-02,603890,春秋电子,2,2,AI PC,4,5,True,True,True,False,True,False,True,False,False,False,h_minus_2|mid_2_3,False,False,True,False,True,True,True,True,False,False,,3,False,False,False,False
2026-06-02,2026-06-03,600280,中央商场,3,3,零售,3,4,True,True,True,False,False,True,True,False,False,False,new_high|mid_2_3|legacy_near,True,False,True,True,False,False,False,,False,False,,,False,False,False,False
2026-06-02,2026-06-03,603890,春秋电子,3,3,AI PC,3,4,True,True,True,False,False,True,True,False,False,False,new_high|mid_2_3|legacy_near,True,False,True,True,True,False,False,,False,False,,,False,False,False,False
2026-06-02,2026-06-03,000055,方大集团,2,2,AI应用,3,4,True,True,True,False,False,True,True,False,False,False,sub_high|mid_2_3|legacy_near,False,True,True,True,False,False,False,,False,False,,,False,False,False,False
2026-06-02,2026-06-03,001210,金房能源,2,2,算力,3,4,True,True,True,False,False,True,True,False,False,False,sub_high|mid_2_3|legacy_near,False,True,True,True,False,False,False,,False,False,,,False,False,False,False
2026-06-02,2026-06-03,002404,嘉欣丝绸,2,2,服装家纺,3,4,True,True,True,False,False,True,True,False,False,False,sub_high|mid_2_3|legacy_near,False,True,True,True,False,False,False,,False,False,,,False,False,False,False
2026-06-02,2026-06-03,002421,达实智能,2,2,AI应用,3,4,True,True,True,False,False,True,True,False,False,False,sub_high|mid_2_3|legacy_near,False,True,True,True,False,False,False,,False,False,,,False,False,True,False
2026-06-02,2026-06-03,002579,中京电子,2,2,AI PC,3,4,True,True,True,False,False,True,True,False,False,False,sub_high|mid_2_3|legacy_near,False,True,True,True,False,False,False,,False,False,,,False,False,False,False
2026-06-02,2026-06-03,002951,金时科技,2,2,元器件,3,4,True,True,True,False,False,True,True,False,False,False,sub_high|mid_2_3|legacy_near,False,True,True,True,False,False,False,,False,True,5.6232,,True,False,False,False
2026-06-02,2026-06-03,300197,节能铁汉,2,2,并购重组,3,4,True,True,True,False,False,True,True,False,False,False,sub_high|mid_2_3|legacy_near,False,True,True,True,False,True,True,False,True,False,,3,False,False,False,False
2026-06-02,2026-06-03,600121,郑州煤电,2,2,煤炭,3,4,True,True,True,False,False,True,True,False,False,False,sub_high|mid_2_3|legacy_near,False,True,True,True,False,True,True,False,True,False,,3,False,False,False,False
2026-06-02,2026-06-03,600301,华锡有色,2,2,有色金属,3,4,True,True,True,False,False,True,True,False,False,False,sub_high|mid_2_3|legacy_near,False,True,True,True,False,False,False,,False,False,,,False,False,False,False
2026-06-02,2026-06-03,600367,红星发展,2,2,元器件,3,4,True,True,True,False,False,True,True,False,False,False,sub_high|mid_2_3|legacy_near,False,True,True,True,False,True,True,False,True,False,,3,True,True,False,False
2026-06-02,2026-06-03,600403,大有能源,2,2,煤炭,3,4,True,True,True,False,False,True,True,False,False,False,sub_high|mid_2_3|legacy_near,False,True,True,True,False,True,True,False,True,False,,3,True,True,True,False
2026-06-02,2026-06-03,603045,福达合金,2,2,算力,3,4,True,True,True,False,False,True,True,False,False,False,sub_high|mid_2_3|legacy_near,False,True,True,True,False,False,False,,False,False,,,False,False,False,False
2026-06-02,2026-06-03,603330,天洋新材,2,2,通信,3,4,True,True,True,False,False,True,True,False,True,True,sub_high|mid_2_3|legacy_near,False,True,True,True,False,True,True,True,False,False,,3,True,True,False,False
2026-06-02,2026-06-03,603678,火炬电子,2,2,元器件,3,4,True,True,True,False,False,True,True,False,False,False,sub_high|mid_2_3|legacy_near,False,True,True,True,False,False,False,,False,True,9.0769,,False,False,False,False
2026-06-03,2026-06-04,300197,节能铁汉,3,3,并购重组,3,3,True,True,False,False,True,False,False,True,False,False,new_high|mid_2_3,True,False,True,False,False,False,False,,False,False,,,False,False,True,False
2026-06-03,2026-06-04,600121,郑州煤电,3,3,煤炭,3,3,True,True,False,False,True,False,False,True,False,False,new_high|mid_2_3,True,False,True,False,False,False,False,,False,False,,,False,False,False,True
2026-06-03,2026-06-04,600367,红星发展,3,3,元器件,3,3,True,True,False,False,True,False,False,True,False,False,new_high|mid_2_3,True,False,True,False,False,True,True,False,True,False,,4,False,False,False,False
2026-06-03,2026-06-04,600403,大有能源,3,3,煤炭,3,3,True,True,False,False,True,False,False,True,False,False,new_high|mid_2_3,True,False,True,False,False,True,True,True,False,False,,4,True,True,True,True
2026-06-03,2026-06-04,603330,天洋新材,3,3,通信,3,3,True,True,False,False,True,False,False,True,False,False,new_high|mid_2_3,True,False,True,False,True,True,True,False,True,False,,4,False,False,False,False
2026-06-03,2026-06-04,000700,模塑科技,2,2,机器人概念,3,3,True,True,False,False,True,False,False,True,False,False,sub_high|mid_2_3|legacy_near,False,True,True,True,False,False,False,,False,True,7.3583,,False,False,False,False
2026-06-03,2026-06-04,002137,实益达,2,2,腾讯概念,3,3,True,True,False,False,True,False,False,True,False,False,sub_high|mid_2_3|legacy_near,False,True,True,True,False,False,False,,False,False,,,False,False,False,False
2026-06-03,2026-06-04,600255,鑫科材料,2,2,通信,3,3,True,True,False,False,True,False,False,True,False,False,sub_high|mid_2_3|legacy_near,False,True,True,True,True,True,True,False,True,False,,3,False,False,False,False
2026-06-03,2026-06-04,600487,亨通光电,2,2,通信,3,3,True,True,False,False,True,False,False,True,False,False,sub_high|mid_2_3|legacy_near,False,True,True,True,False,False,False,,False,False,,,False,False,False,False
2026-06-03,2026-06-04,600936,北投科技,2,2,机器人概念,3,3,True,True,False,False,True,False,False,True,False,False,sub_high|mid_2_3|legacy_near,False,True,True,True,False,False,False,,False,False,,,False,False,False,False
2026-06-03,2026-06-04,603311,金海高科,2,2,实控人变更,3,3,True,True,False,False,True,False,False,True,False,False,sub_high|mid_2_3|legacy_near,False,True,True,True,False,False,False,,False,False,,,False,False,False,False
2026-06-04,2026-06-05,600367,XD红星发,4,4,元器件,4,3,False,True,False,False,True,True,True,False,False,False,new_high,True,False,False,False,False,False,False,,False,True,5.364,,False,False,False,True
2026-06-04,2026-06-05,600403,大有能源,4,4,煤炭,4,3,False,True,False,False,True,True,True,False,True,True,new_high,True,False,False,False,True,True,True,False,True,False,,5,True,True,False,False
2026-06-04,2026-06-05,603330,天洋新材,4,4,通信,4,3,False,True,False,False,True,True,True,False,False,False,new_high,True,False,False,False,False,False,False,,False,True,-8.5016,,False,False,True,True
2026-06-04,2026-06-05,600255,鑫科材料,3,3,通信,4,3,False,True,False,False,True,True,True,False,False,False,sub_high|mid_2_3,False,True,True,False,False,False,False,,False,False,,,False,False,False,True
2026-06-04,2026-06-05,001896,豫能控股,2,2,电力,4,3,False,True,False,False,True,True,True,False,False,False,h_minus_2|mid_2_3|legacy_near,False,False,True,True,False,False,False,,False,False,,,False,False,True,False
2026-06-04,2026-06-05,002787,华源控股,2,2,芯片,4,3,False,True,False,False,True,True,True,False,False,False,h_minus_2|mid_2_3|legacy_near,False,False,True,True,False,False,False,,False,False,,,False,False,False,False
2026-06-04,2026-06-05,600439,瑞贝卡,2,2,机器人概念,4,3,False,True,False,False,True,True,True,False,False,False,h_minus_2|mid_2_3|legacy_near,False,False,True,True,False,False,False,,False,False,,,False,False,False,False
2026-06-04,2026-06-05,600688,上海石化,2,2,碳纤维,4,3,False,True,False,False,True,True,True,False,False,False,h_minus_2|mid_2_3|legacy_near,False,False,True,True,False,False,False,,False,True,3.2544,,False,False,False,False
2026-06-04,2026-06-05,603135,中重科技,2,2,机器人概念,4,3,False,True,False,False,True,True,True,False,False,False,h_minus_2|mid_2_3|legacy_near,False,False,True,True,False,True,True,False,True,False,,3,True,True,False,False
2026-06-04,2026-06-05,605162,新中港,2,2,电力,4,3,False,True,False,False,True,True,True,False,False,False,h_minus_2|mid_2_3|legacy_near,False,False,True,True,False,False,False,,False,False,,,False,False,False,False
2026-06-05,2026-06-08,600403,大有能源,5,5+,煤炭,5,4,False,True,False,False,True,True,True,False,False,False,new_high,True,False,False,False,False,True,True,False,True,False,,6,False,False,False,True
2026-06-05,2026-06-08,603135,中重科技,3,3,机器人概念,5,4,False,True,False,False,True,True,True,False,False,False,h_minus_2|mid_2_3|legacy_near,False,False,True,True,False,True,True,False,True,False,,4,False,False,False,False
2026-06-05,2026-06-08,000520,凤凰航运,2,2,航运,5,4,False,True,False,False,True,True,True,False,False,False,mid_2_3|legacy_near,False,False,True,True,False,False,False,,False,False,,,False,False,False,False
2026-06-05,2026-06-08,003036,泰坦股份,2,2,通信,5,4,False,True,False,False,True,True,True,False,True,True,mid_2_3|legacy_near,False,False,True,True,False,False,False,,False,False,,,True,False,False,False
2026-06-05,2026-06-08,600293,三峡新材,2,2,玻璃,5,4,False,True,False,False,True,True,True,False,False,False,mid_2_3|legacy_near,False,False,True,True,False,False,False,,False,False,,,False,False,False,False
2026-06-05,2026-06-08,603500,祥和实业,2,2,元器件,5,4,False,True,False,False,True,True,True,False,True,True,mid_2_3|legacy_near,False,False,True,True,True,True,True,False,True,False,,3,False,False,False,False
2026-06-08,2026-06-09,600403,大有能源,6,5+,煤炭,6,5,False,False,False,False,False,True,False,False,False,False,new_high,True,False,False,False,False,False,False,,False,False,,,False,False,False,False
2026-06-08,2026-06-09,603135,中重科技,4,4,机器人概念,6,5,False,False,False,False,False,True,False,False,False,False,h_minus_2|legacy_near,False,False,False,True,False,False,False,,False,False,,,False,False,False,False
2026-06-08,2026-06-09,603500,祥和实业,3,3,元器件,6,5,False,False,False,False,False,True,False,False,False,False,mid_2_3|legacy_near,False,False,True,True,False,False,False,,False,False,,,False,False,False,False
2026-06-08,2026-06-09,000517,荣安地产,2,2,地产链,6,5,False,False,False,False,False,True,False,False,False,False,mid_2_3,False,False,True,False,False,False,False,,False,False,,,False,False,False,False
2026-06-08,2026-06-09,000759,中百集团,2,2,零售,6,5,False,False,False,False,False,True,False,False,False,False,mid_2_3,False,False,True,False,False,False,False,,False,False,,,False,False,False,False
2026-06-08,2026-06-09,002254,泰和新材,2,2,通信,6,5,False,False,False,False,False,True,False,False,False,False,mid_2_3,False,False,True,False,False,True,True,False,True,False,,3,False,False,True,False
2026-06-08,2026-06-09,002354,天娱数科,2,2,物理AI,6,5,False,False,False,False,False,True,False,False,False,False,mid_2_3,False,False,True,False,False,True,True,False,True,False,,3,True,True,False,False
2026-06-08,2026-06-09,002361,神剑股份,2,2,商业航天,6,5,False,False,False,False,False,True,False,False,False,False,mid_2_3,False,False,True,False,False,False,False,,False,False,,,False,False,False,False
2026-06-08,2026-06-09,002421,达实智能,2,2,物理AI,6,5,False,False,False,False,False,True,False,False,False,False,mid_2_3,False,False,True,False,False,False,False,,False,False,,,False,False,False,False
2026-06-08,2026-06-09,002613,北玻股份,2,2,玻璃,6,5,False,False,False,False,False,True,False,False,False,False,mid_2_3,False,False,True,False,False,False,False,,False,False,,,False,False,False,False
2026-06-08,2026-06-09,003009,中天火箭,2,2,商业航天,6,5,False,False,False,False,False,True,False,False,False,False,mid_2_3,False,False,True,False,False,False,False,,False,False,,,False,False,False,False
2026-06-08,2026-06-09,603823,百合花,2,2,新材料概念,6,5,False,False,False,False,False,True,False,False,False,False,mid_2_3,False,False,True,False,False,False,False,,False,False,,,True,False,False,False
2026-06-08,2026-06-09,603859,能科科技,2,2,物理AI,6,5,False,False,False,False,False,True,False,False,False,False,mid_2_3,False,False,True,False,False,False,False,,False,False,,,False,False,False,False
2026-06-09,2026-06-10,002254,泰和新材,3,3,通信,3,6,True,True,True,False,True,False,False,False,False,False,new_high|mid_2_3,True,False,True,False,False,False,False,,False,False,,,True,False,False,True
2026-06-09,2026-06-10,002354,天娱数科,3,3,物理AI,3,6,True,True,True,False,True,False,False,False,False,False,new_high|mid_2_3,True,False,True,False,False,True,True,False,True,False,,4,False,False,False,True
2026-06-09,2026-06-10,001696,宗申动力,2,2,低空经济,3,6,True,True,True,False,True,False,False,False,False,False,sub_high|mid_2_3,False,True,True,False,False,False,False,,False,True,8.547,,True,False,True,False
2026-06-09,2026-06-10,002362,汉王科技,2,2,物理AI,3,6,True,True,True,False,True,False,False,False,False,False,sub_high|mid_2_3,False,True,True,False,False,False,False,,False,False,,,False,False,False,True
2026-06-09,2026-06-10,002636,金安国纪,2,2,通信,3,6,True,True,True,False,True,False,False,False,False,False,sub_high|mid_2_3,False,True,True,False,False,True,True,False,True,False,,3,False,False,False,True
2026-06-09,2026-06-10,002747,埃斯顿,2,2,机器人概念,3,6,True,True,True,False,True,False,False,False,False,False,sub_high|mid_2_3,False,True,True,False,False,False,False,,False,False,,,False,False,False,False
2026-06-09,2026-06-10,603186,华正新材,2,2,通信,3,6,True,True,True,False,True,False,False,False,False,False,sub_high|mid_2_3,False,True,True,False,False,False,False,,False,True,9.1492,,False,False,False,True
2026-06-09,2026-06-10,603616,韩建河山,2,2,并购重组,3,6,True,True,True,False,True,False,False,False,False,False,sub_high|mid_2_3,False,True,True,False,True,False,False,,False,True,0.0,,False,False,False,False
2026-06-09,2026-06-10,603929,亚翔集成,2,2,芯片,3,6,True,True,True,False,True,False,False,False,False,False,sub_high|mid_2_3,False,True,True,False,False,False,False,,False,True,7.8956,,False,False,False,False
2026-06-09,2026-06-10,688207,格灵深瞳,2,2,物理AI,3,6,True,True,True,False,True,False,False,False,False,False,sub_high|mid_2_3,False,True,True,False,False,False,False,,False,False,,,False,False,False,True
2026-06-10,2026-06-11,002354,天娱数科,4,4,AI应用,4,3,False,True,False,False,False,True,True,False,False,False,new_high,True,False,False,False,False,False,False,,False,False,,,False,False,False,False
2026-06-10,2026-06-11,002636,金安国纪,3,3,通信,4,3,False,True,False,False,False,True,True,False,True,True,sub_high|mid_2_3,False,True,True,False,False,False,False,,False,True,9.5324,,False,False,False,False
2026-06-10,2026-06-11,000029,深深房Ａ,2,2,地产链,4,3,False,True,False,False,False,True,True,False,False,False,h_minus_2|mid_2_3|legacy_near,False,False,True,True,False,False,False,,False,False,,,False,False,False,False
2026-06-10,2026-06-11,000048,京基智农,2,2,股权转让,4,3,False,True,False,False,False,True,True,False,False,False,h_minus_2|mid_2_3|legacy_near,False,False,True,True,False,True,True,False,True,False,,3,False,False,False,False
2026-06-10,2026-06-11,002585,双星新材,2,2,元器件,4,3,False,True,False,False,False,True,True,False,False,False,h_minus_2|mid_2_3|legacy_near,False,False,True,True,False,False,False,,False,False,,,False,False,True,False
2026-06-10,2026-06-11,002669,康达新材,2,2,通信,4,3,False,True,False,False,False,True,True,False,True,True,h_minus_2|mid_2_3|legacy_near,False,False,True,True,False,False,False,,False,False,,,False,False,False,False
2026-06-10,2026-06-11,002971,和远气体,2,2,芯片,4,3,False,True,False,False,False,True,True,False,False,False,h_minus_2|mid_2_3|legacy_near,False,False,True,True,False,True,True,False,True,False,,3,True,True,False,False
2026-06-10,2026-06-11,003026,中晶科技,2,2,芯片,4,3,False,True,False,False,False,True,True,False,False,False,h_minus_2|mid_2_3|legacy_near,False,False,True,True,False,False,False,,False,False,,,False,False,False,False
2026-06-10,2026-06-11,003043,华亚智能,2,2,芯片,4,3,False,True,False,False,False,True,True,False,False,False,h_minus_2|mid_2_3|legacy_near,False,False,True,True,False,False,False,,False,False,,,False,False,False,False
2026-06-10,2026-06-11,600500,中化国际,2,2,通信,4,3,False,True,False,False,False,True,True,False,True,True,h_minus_2|mid_2_3|legacy_near,False,False,True,True,True,True,True,True,False,False,,3,False,False,False,False
2026-06-10,2026-06-11,603002,宏昌电子,2,2,通信,4,3,False,True,False,False,False,True,True,False,True,True,h_minus_2|mid_2_3|legacy_near,False,False,True,True,False,False,False,,False,False,,,False,False,True,False
2026-06-10,2026-06-11,603065,宿迁联盛,2,2,芯片,4,3,False,True,False,False,False,True,True,False,False,False,h_minus_2|mid_2_3|legacy_near,False,False,True,True,True,True,True,True,False,False,,3,True,True,False,False
2026-06-10,2026-06-11,605006,山东玻纤,2,2,化工,4,3,False,True,False,False,False,True,True,False,False,False,h_minus_2|mid_2_3|legacy_near,False,False,True,True,False,False,False,,False,False,,,False,False,False,False
2026-06-10,2026-06-11,605318,法狮龙,2,2,算力,4,3,False,True,False,False,False,True,True,False,False,False,h_minus_2|mid_2_3|legacy_near,False,False,True,True,False,False,False,,False,True,8.9482,,False,False,False,False
2026-06-10,2026-06-11,605589,圣泉集团,2,2,通信,4,3,False,True,False,False,False,True,True,False,True,True,h_minus_2|mid_2_3|legacy_near,False,False,True,True,True,False,False,,False,False,,,False,False,True,False
2026-06-11,2026-06-12,000048,京基智农,3,3,股权转让,3,4,True,True,True,False,True,False,False,True,False,False,new_high|mid_2_3|legacy_near,True,False,True,True,False,False,False,,False,False,,,False,False,True,False
2026-06-11,2026-06-12,002971,和远气体,3,3,芯片,3,4,True,True,True,False,True,False,False,True,False,False,new_high|mid_2_3|legacy_near,True,False,True,True,False,True,True,False,True,False,,4,False,False,False,True
2026-06-11,2026-06-12,600500,中化国际,3,3,通信,3,4,True,True,True,False,True,False,False,True,False,False,new_high|mid_2_3|legacy_near,True,False,True,True,True,False,False,,False,True,9.9861,,False,False,True,False
2026-06-11,2026-06-12,603065,XD宿迁联,3,3,芯片,3,4,True,True,True,False,True,False,False,True,False,False,new_high|mid_2_3|legacy_near,True,False,True,True,True,True,True,True,False,False,,4,False,False,False,True
2026-06-11,2026-06-12,002119,康强电子,2,2,芯片,3,4,True,True,True,False,True,False,False,True,False,False,sub_high|mid_2_3|legacy_near,False,True,True,True,False,False,False,,False,True,2.4359,,False,False,False,True
2026-06-11,2026-06-12,002165,红宝丽,2,2,化工,3,4,True,True,True,False,True,False,False,True,False,False,sub_high|mid_2_3|legacy_near,False,True,True,True,False,False,False,,False,False,,,False,False,False,False
2026-06-11,2026-06-12,002409,雅克科技,2,2,芯片,3,4,True,True,True,False,True,False,False,True,False,False,sub_high|mid_2_3|legacy_near,False,True,True,True,False,False,False,,False,False,,,False,False,False,True
2026-06-11,2026-06-12,600178,东安动力,2,2,低空经济,3,4,True,True,True,False,True,False,False,True,False,False,sub_high|mid_2_3|legacy_near,False,True,True,True,False,False,False,,False,False,,,False,False,False,False
2026-06-11,2026-06-12,600378,昊华科技,2,2,芯片,3,4,True,True,True,False,True,False,False,True,False,False,sub_high|mid_2_3|legacy_near,False,True,True,True,False,False,False,,False,False,,,False,False,False,True
2026-06-11,2026-06-12,600665,天地源,2,2,地产链,3,4,True,True,True,False,True,False,False,True,False,False,sub_high|mid_2_3|legacy_near,False,True,True,True,False,False,False,,False,False,,,False,False,False,False
2026-06-11,2026-06-12,603155,新亚强,2,2,化工,3,4,True,True,True,False,True,False,False,True,False,False,sub_high|mid_2_3|legacy_near,False,True,True,True,False,False,False,,False,False,,,False,False,False,False
2026-06-12,2026-06-15,002971,和远气体,4,4,芯片,4,3,False,True,False,False,True,True,True,False,False,False,new_high,True,False,False,False,False,False,False,,False,False,,,False,False,False,True
2026-06-12,2026-06-15,603065,宿迁联盛,4,4,芯片,4,3,False,True,False,False,True,True,True,False,False,False,new_high,True,False,False,False,True,False,False,,False,False,,,False,False,False,True
2026-06-12,2026-06-15,000032,深桑达Ａ,2,2,芯片,4,3,False,True,False,False,True,True,True,False,False,False,h_minus_2|mid_2_3|legacy_near,False,False,True,True,False,True,True,False,True,False,,3,True,True,False,True
2026-06-12,2026-06-15,000510,新金路,2,2,有色金属,4,3,False,True,False,False,True,True,True,False,False,False,h_minus_2|mid_2_3|legacy_near,False,False,True,True,False,True,True,False,True,False,,3,False,False,False,False
2026-06-12,2026-06-15,001257,盛龙股份,2,2,有色金属,4,3,False,True,False,False,True,True,True,False,False,False,h_minus_2|mid_2_3|legacy_near,False,False,True,True,True,True,True,False,True,False,,3,True,True,False,False
2026-06-12,2026-06-15,001696,宗申动力,2,2,低空经济,4,3,False,True,False,False,True,True,True,False,False,False,h_minus_2|mid_2_3|legacy_near,False,False,True,True,False,False,False,,False,False,,,False,False,False,False
2026-06-12,2026-06-15,002203,海亮股份,2,2,通信,4,3,False,True,False,False,True,True,True,False,True,True,h_minus_2|mid_2_3|legacy_near,False,False,True,True,False,False,False,,False,False,,,False,False,False,False
2026-06-12,2026-06-15,600067,冠城新材,2,2,锂电池,4,3,False,True,False,False,True,True,True,False,False,False,h_minus_2|mid_2_3|legacy_near,False,False,True,True,False,False,False,,False,False,,,False,False,False,False
2026-06-12,2026-06-15,601958,金钼股份,2,2,有色金属,4,3,False,True,False,False,True,True,True,False,False,False,h_minus_2|mid_2_3|legacy_near,False,False,True,True,True,True,True,False,True,False,,3,False,False,False,False
2026-06-12,2026-06-15,603014,威高血净,2,2,并购重组,4,3,False,True,False,False,True,True,True,False,False,False,h_minus_2|mid_2_3|legacy_near,False,False,True,True,False,False,False,,False,False,,,False,False,False,False
2026-06-15,2026-06-16,000032,深桑达Ａ,3,3,芯片,3,4,True,True,True,False,True,True,True,False,True,True,new_high|mid_2_3|legacy_near,True,False,True,True,False,True,True,False,True,False,,4,False,False,False,False
2026-06-15,2026-06-16,000510,新金路,3,3,有色金属,3,4,True,True,True,False,True,True,True,False,False,True,new_high|mid_2_3|legacy_near,True,False,True,True,False,False,False,,False,False,,,False,False,False,True
2026-06-15,2026-06-16,001257,盛龙股份,3,3,有色金属,3,4,True,True,True,False,True,True,True,False,False,False,new_high|mid_2_3|legacy_near,True,False,True,True,False,True,True,False,True,False,,4,False,False,False,True
2026-06-15,2026-06-16,601958,金钼股份,3,3,有色金属,3,4,True,True,True,False,True,True,True,False,False,False,new_high|mid_2_3|legacy_near,True,False,True,True,False,False,False,,False,False,,,False,False,False,True
2026-06-15,2026-06-16,000506,招金黄金,2,2,黄金,3,4,True,True,True,False,True,True,True,False,False,False,sub_high|mid_2_3|legacy_near,False,True,True,True,False,False,False,,False,False,,,False,False,False,False
2026-06-15,2026-06-16,001359,平安电工,2,2,化工,3,4,True,True,True,False,True,True,True,False,False,True,sub_high|mid_2_3|legacy_near,False,True,True,True,False,False,False,,False,False,,,False,False,False,False
2026-06-15,2026-06-16,301176,逸豪新材,2,2,通信,3,4,True,True,True,False,True,True,True,False,False,False,sub_high|mid_2_3|legacy_near,False,True,True,True,False,True,True,False,True,False,,3,False,False,False,False
2026-06-15,2026-06-16,601696,中银证券,2,2,证券,3,4,True,True,True,False,True,True,True,False,False,False,sub_high|mid_2_3|legacy_near,False,True,True,True,False,False,False,,False,False,,,False,False,False,False
2026-06-15,2026-06-16,603335,迪生力,2,2,并购重组,3,4,True,True,True,False,True,True,True,False,False,False,sub_high|mid_2_3|legacy_near,False,True,True,True,True,False,False,,False,True,-0.5643,,False,False,False,False
2026-06-15,2026-06-16,603738,泰晶科技,2,2,通信,3,4,True,True,True,False,True,True,True,False,False,False,sub_high|mid_2_3|legacy_near,False,True,True,True,False,False,False,,False,False,,,False,False,False,False
2026-06-15,2026-06-16,605198,安德利,2,2,食品饮料,3,4,True,True,True,False,True,True,True,False,False,False,sub_high|mid_2_3|legacy_near,False,True,True,True,False,True,True,False,True,False,,3,False,False,False,False
2026-06-16,2026-06-17,000032,深桑达Ａ,4,4,芯片,4,3,False,True,False,False,False,True,True,False,False,False,new_high,True,False,False,False,False,False,False,,False,False,,,False,False,False,False
2026-06-16,2026-06-17,001257,盛龙股份,4,4,有色金属,4,3,False,True,False,False,False,True,True,False,True,True,new_high,True,False,False,False,False,False,False,,False,True,-2.503,,False,False,False,False
2026-06-16,2026-06-17,301176,逸豪新材,3,3,通信,4,3,False,True,False,False,False,True,True,False,False,False,sub_high|mid_2_3,False,True,True,False,False,False,False,,False,False,,,False,False,False,False
2026-06-16,2026-06-17,605198,安德利,3,3,并购重组,4,3,False,True,False,False,False,True,True,False,False,False,sub_high|mid_2_3,False,True,True,False,False,False,False,,False,True,9.8074,,False,False,False,False
2026-06-16,2026-06-17,000777,中核科技,2,2,核电,4,3,False,True,False,False,False,True,True,False,False,False,h_minus_2|mid_2_3|legacy_near,False,False,True,True,True,True,True,False,True,False,,3,False,False,False,False
2026-06-16,2026-06-17,002080,中材科技,2,2,通信,4,3,False,True,False,False,False,True,True,False,False,False,h_minus_2|mid_2_3|legacy_near,False,False,True,True,False,True,True,False,True,False,,3,False,False,False,False
2026-06-16,2026-06-17,002515,金字火腿,2,2,芯片,4,3,False,True,False,False,False,True,True,False,False,False,h_minus_2|mid_2_3|legacy_near,False,False,True,True,False,False,False,,False,False,,,False,False,False,False
2026-06-16,2026-06-17,002552,宝鼎科技,2,2,通信,4,3,False,True,False,False,False,True,True,False,False,False,h_minus_2|mid_2_3|legacy_near,False,False,True,True,False,False,False,,False,False,,,False,False,False,False
2026-06-16,2026-06-17,002585,双星新材,2,2,电阻电容,4,3,False,True,False,False,False,True,True,False,False,False,h_minus_2|mid_2_3|legacy_near,False,False,True,True,False,False,False,,False,False,,,False,False,False,False
2026-06-16,2026-06-17,002741,光华科技,2,2,通信,4,3,False,True,False,False,False,True,True,False,False,False,h_minus_2|mid_2_3|legacy_near,False,False,True,True,True,True,True,False,True,False,,3,False,False,False,False
2026-06-16,2026-06-17,002806,华锋股份,2,2,电阻电容,4,3,False,True,False,False,False,True,True,False,False,False,h_minus_2|mid_2_3|legacy_near,False,False,True,True,False,False,False,,False,False,,,False,False,False,False
2026-06-16,2026-06-17,002824,和胜股份,2,2,消费电子,4,3,False,True,False,False,False,True,True,False,False,False,h_minus_2|mid_2_3|legacy_near,False,False,True,True,False,False,False,,False,False,,,False,False,False,False
2026-06-16,2026-06-17,002851,麦格米特,2,2,电源,4,3,False,True,False,False,False,True,True,False,False,False,h_minus_2|mid_2_3|legacy_near,False,False,True,True,False,False,False,,False,False,,,False,False,False,False
2026-06-16,2026-06-17,002990,盛视科技,2,2,算力,4,3,False,True,False,False,False,True,True,False,False,False,h_minus_2|mid_2_3|legacy_near,False,False,True,True,False,False,False,,False,False,,,False,False,False,False
2026-06-16,2026-06-17,600110,诺德股份,2,2,通信,4,3,False,True,False,False,False,True,True,False,False,False,h_minus_2|mid_2_3|legacy_near,False,False,True,True,True,True,True,True,False,False,,3,False,False,False,False
2026-06-16,2026-06-17,600353,旭光电子,2,2,芯片,4,3,False,True,False,False,False,True,True,False,False,False,h_minus_2|mid_2_3|legacy_near,False,False,True,True,True,True,True,False,True,False,,3,True,True,True,False
2026-06-16,2026-06-17,600545,卓郎智能,2,2,通信,4,3,False,True,False,False,False,True,True,False,False,False,h_minus_2|mid_2_3|legacy_near,False,False,True,True,False,False,False,,False,False,,,True,False,False,False
2026-06-16,2026-06-17,600549,厦门钨业,2,2,有色金属,4,3,False,True,False,False,False,True,True,False,True,True,h_minus_2|mid_2_3|legacy_near,False,False,True,True,False,False,False,,False,False,,,False,False,True,False
2026-06-16,2026-06-17,601179,中国西电,2,2,智能电网,4,3,False,True,False,False,False,True,True,False,False,False,h_minus_2|mid_2_3|legacy_near,False,False,True,True,False,False,False,,False,False,,,False,False,True,False
2026-06-16,2026-06-17,601636,旗滨集团,2,2,芯片,4,3,False,True,False,False,False,True,True,False,False,False,h_minus_2|mid_2_3|legacy_near,False,False,True,True,False,True,True,True,False,False,,3,False,False,False,False
2026-06-16,2026-06-17,603002,宏昌电子,2,2,通信,4,3,False,True,False,False,False,True,True,False,False,False,h_minus_2|mid_2_3|legacy_near,False,False,True,True,False,True,True,False,True,False,,3,False,False,True,False
2026-06-16,2026-06-17,603045,福达合金,2,2,算力,4,3,False,True,False,False,False,True,True,False,False,False,h_minus_2|mid_2_3|legacy_near,False,False,True,True,False,False,False,,False,False,,,False,False,False,False
2026-06-16,2026-06-17,603115,海星股份,2,2,电阻电容,4,3,False,True,False,False,False,True,True,False,False,False,h_minus_2|mid_2_3|legacy_near,False,False,True,True,False,True,True,False,True,False,,3,False,False,False,False
2026-06-16,2026-06-17,603186,华正新材,2,2,通信,4,3,False,True,False,False,False,True,True,False,False,False,h_minus_2|mid_2_3|legacy_near,False,False,True,True,False,True,True,False,True,False,,3,False,False,False,False
2026-06-16,2026-06-17,603256,宏和科技,2,2,通信,4,3,False,True,False,False,False,True,True,False,False,False,h_minus_2|mid_2_3|legacy_near,False,False,True,True,False,False,False,,False,False,,,False,False,False,False
2026-06-16,2026-06-17,603407,长裕集团,2,2,机器人概念,4,3,False,True,False,False,False,True,True,False,False,False,h_minus_2|mid_2_3|legacy_near,False,False,True,True,False,False,False,,False,False,,,True,False,True,False
2026-06-16,2026-06-17,603516,淳中科技,2,2,芯片,4,3,False,True,False,False,False,True,True,False,False,False,h_minus_2|mid_2_3|legacy_near,False,False,True,True,False,False,False,,False,False,,,False,False,False,False
2026-06-16,2026-06-17,603618,杭电股份,2,2,通信,4,3,False,True,False,False,False,True,True,False,False,False,h_minus_2|mid_2_3|legacy_near,False,False,True,True,False,True,True,False,True,False,,3,False,False,False,False
2026-06-16,2026-06-17,605289,罗曼股份,2,2,算力,4,3,False,True,False,False,False,True,True,False,False,False,h_minus_2|mid_2_3|legacy_near,False,False,True,True,False,False,False,,False,False,,,False,False,False,False
2026-06-17,2026-06-18,000777,中核科技,3,3,中字头,3,4,True,True,True,False,True,False,True,False,False,False,new_high|mid_2_3|legacy_near,True,False,True,True,False,False,False,,False,False,,,False,False,False,True
2026-06-17,2026-06-18,002080,中材科技,3,3,通信,3,4,True,True,True,False,True,False,True,False,False,False,new_high|mid_2_3|legacy_near,True,False,True,True,False,False,False,,False,False,,,False,False,False,True
2026-06-17,2026-06-18,002741,光华科技,3,3,通信,3,4,True,True,True,False,True,False,True,False,False,False,new_high|mid_2_3|legacy_near,True,False,True,True,False,False,False,,False,False,,,False,False,False,True
2026-06-17,2026-06-18,600110,诺德股份,3,3,通信,3,4,True,True,True,False,True,False,True,False,False,False,new_high|mid_2_3|legacy_near,True,False,True,True,True,False,False,,False,False,,,False,False,False,True
2026-06-17,2026-06-18,600353,旭光电子,3,3,通信,3,4,True,True,True,False,True,False,True,False,False,False,new_high|mid_2_3|legacy_near,True,False,True,True,False,True,True,False,True,False,,4,True,True,False,True
2026-06-17,2026-06-18,601636,旗滨集团,3,3,芯片,3,4,True,True,True,False,True,False,True,False,True,True,new_high|mid_2_3|legacy_near,True,False,True,True,True,False,False,,False,False,,,False,False,False,False
2026-06-17,2026-06-18,603002,宏昌电子,3,3,通信,3,4,True,True,True,False,True,False,True,False,False,False,new_high|mid_2_3|legacy_near,True,False,True,True,False,False,False,,False,False,,,True,False,False,True
2026-06-17,2026-06-18,603115,海星股份,3,3,电阻电容,3,4,True,True,True,False,True,False,True,False,False,False,new_high|mid_2_3|legacy_near,True,False,True,True,False,False,False,,False,False,,,False,False,False,False
2026-06-17,2026-06-18,603186,华正新材,3,3,通信,3,4,True,True,True,False,True,False,True,False,False,False,new_high|mid_2_3|legacy_near,True,False,True,True,False,False,False,,False,False,,,False,False,False,True
2026-06-17,2026-06-18,603618,杭电股份,3,3,通信,3,4,True,True,True,False,True,False,True,False,False,False,new_high|mid_2_3|legacy_near,True,False,True,True,False,False,False,,False,False,,,False,False,False,True
2026-06-17,2026-06-18,000679,大连友谊,2,2,零售,3,4,True,True,True,False,True,False,True,False,False,False,sub_high|mid_2_3|legacy_near,False,True,True,True,False,False,False,,False,True,3.1293,,False,False,False,False
2026-06-17,2026-06-18,002141,贤丰控股,2,2,通信,3,4,True,True,True,False,True,False,True,False,False,False,sub_high|mid_2_3|legacy_near,False,True,True,True,False,True,True,False,True,False,,3,False,False,True,True
2026-06-17,2026-06-18,002989,中天精装,2,2,芯片,3,4,True,True,True,False,True,False,True,False,True,True,sub_high|mid_2_3|legacy_near,False,True,True,True,False,True,True,False,True,False,,3,False,False,False,False
2026-06-17,2026-06-18,600186,莲花控股,2,2,算力,3,4,True,True,True,False,True,False,True,False,False,True,sub_high|mid_2_3|legacy_near,False,True,True,True,False,False,False,,False,False,,,False,False,False,False
2026-06-17,2026-06-18,600192,长城电工,2,2,智能电网,3,4,True,True,True,False,True,False,True,False,False,False,sub_high|mid_2_3|legacy_near,False,True,True,True,False,False,False,,False,False,,,False,False,False,False
2026-06-17,2026-06-18,600397,江钨装备,2,2,有色金属,3,4,True,True,True,False,True,False,True,False,True,True,sub_high|mid_2_3|legacy_near,False,True,True,True,False,True,True,False,True,False,,3,True,True,True,False
2026-06-17,2026-06-18,600615,鑫源智造,2,2,机器人概念,3,4,True,True,True,False,True,False,True,False,False,False,sub_high|mid_2_3|legacy_near,False,True,True,True,False,False,False,,False,False,,,False,False,False,False
2026-06-17,2026-06-18,603773,沃格光电,2,2,芯片,3,4,True,True,True,False,True,False,True,False,True,True,sub_high|mid_2_3|legacy_near,False,True,True,True,False,False,False,,False,False,,,False,False,False,False
2026-06-17,2026-06-18,603989,艾华集团,2,2,电阻电容,3,4,True,True,True,False,True,False,True,False,False,True,sub_high|mid_2_3|legacy_near,False,True,True,True,False,True,True,False,True,False,,3,True,True,False,False
2026-06-18,2026-06-22,600353,旭光电子,4,4,非金属材料,4,3,False,True,False,False,False,True,True,False,False,False,new_high,True,False,False,False,False,True,True,True,False,False,,5,False,False,False,False
2026-06-18,2026-06-22,002141,贤丰控股,3,3,通信,4,3,False,True,False,False,False,True,True,False,True,True,sub_high|mid_2_3,False,True,True,False,False,False,False,,False,True,-4.4586,,True,False,False,False
2026-06-18,2026-06-22,002989,中天精装,3,3,芯片,4,3,False,True,False,False,False,True,True,False,True,True,sub_high|mid_2_3,False,True,True,False,False,False,False,,False,False,,,False,False,False,False
2026-06-18,2026-06-22,600397,江钨装备,3,3,有色金属,4,3,False,True,False,False,False,True,True,False,False,False,sub_high|mid_2_3,False,True,True,False,False,True,True,False,True,False,,4,True,True,False,False
2026-06-18,2026-06-22,603989,艾华集团,3,3,元器件,4,3,False,True,False,False,False,True,True,False,False,True,sub_high|mid_2_3,False,True,True,False,False,True,True,False,True,False,,4,False,False,True,False
2026-06-18,2026-06-22,000811,冰轮环境,2,2,算力,4,3,False,True,False,False,False,True,True,False,False,False,h_minus_2|mid_2_3|legacy_near,False,False,True,True,True,True,True,False,True,False,,3,False,False,False,False
2026-06-18,2026-06-22,001339,智微智能,2,2,算力,4,3,False,True,False,False,False,True,True,False,False,False,h_minus_2|mid_2_3|legacy_near,False,False,True,True,False,False,False,,False,False,,,False,False,True,False
2026-06-18,2026-06-22,002491,通鼎互联,2,2,通信,4,3,False,True,False,False,False,True,True,False,True,True,h_minus_2|mid_2_3|legacy_near,False,False,True,True,False,False,False,,False,True,7.6631,,False,False,True,False
2026-06-18,2026-06-22,002579,中京电子,2,2,通信,4,3,False,True,False,False,False,True,True,False,True,True,h_minus_2|mid_2_3|legacy_near,False,False,True,True,False,False,False,,False,False,,,False,False,False,False
2026-06-18,2026-06-22,603261,立航科技,2,2,ST摘帽,4,3,False,True,False,False,False,True,True,False,False,False,h_minus_2|mid_2_3|legacy_near,False,False,True,True,False,False,False,,False,False,,,False,False,False,False
2026-06-18,2026-06-22,603324,盛剑科技,2,2,芯片,4,3,False,True,False,False,False,True,True,False,True,True,h_minus_2|mid_2_3|legacy_near,False,False,True,True,False,False,False,,False,False,,,False,False,True,False
2026-06-18,2026-06-22,688598,金博股份,2,2,非金属材料,4,3,False,True,False,False,False,True,True,False,False,False,h_minus_2|mid_2_3|legacy_near,False,False,True,True,False,False,False,,False,False,,,False,False,False,False
2026-06-22,2026-06-23,600353,旭光电子,5,5+,非金属材料,5,4,False,False,False,False,False,False,False,False,False,False,new_high,True,False,False,False,True,False,False,,False,False,,,False,False,False,False
2026-06-22,2026-06-23,600397,江钨装备,4,4,有色金属,5,4,False,False,False,False,False,False,False,False,False,False,sub_high,False,True,False,False,False,True,True,False,True,False,,5,False,False,False,False
2026-06-22,2026-06-23,603989,艾华集团,4,4,元器件,5,4,False,False,False,False,False,False,False,False,False,False,sub_high,False,True,False,False,False,False,False,,False,False,,,True,False,True,False
2026-06-22,2026-06-23,000811,冰轮环境,3,3,算力,5,4,False,False,False,False,False,False,False,False,False,False,h_minus_2|mid_2_3|legacy_near,False,False,True,True,False,False,False,,False,False,,,False,False,True,False
2026-06-22,2026-06-23,000657,中钨高新,2,2,有色金属,5,4,False,False,False,False,False,False,False,False,False,False,mid_2_3|legacy_near,False,False,True,True,False,False,False,,False,False,,,False,False,False,False
2026-06-22,2026-06-23,001296,长江材料,2,2,非金属材料,5,4,False,False,False,False,False,False,False,False,False,False,mid_2_3|legacy_near,False,False,True,True,False,False,False,,False,False,,,False,False,False,False
2026-06-22,2026-06-23,002068,黑猫股份,2,2,元器件,5,4,False,False,False,False,False,False,False,False,False,False,mid_2_3|legacy_near,False,False,True,True,False,True,True,False,True,False,,3,False,False,True,False
2026-06-22,2026-06-23,002167,东方锆业,2,2,非金属材料,5,4,False,False,False,False,False,False,False,False,False,False,mid_2_3|legacy_near,False,False,True,True,True,True,True,True,False,False,,3,True,True,False,False
2026-06-22,2026-06-23,002297,博云新材,2,2,有色金属,5,4,False,False,False,False,False,False,False,False,False,False,mid_2_3|legacy_near,False,False,True,True,False,False,False,,False,True,5.1923,,False,False,False,False
2026-06-22,2026-06-23,002354,天娱数科,2,2,机器人概念,5,4,False,False,False,False,False,False,False,False,False,False,mid_2_3|legacy_near,False,False,True,True,False,False,False,,False,False,,,True,False,False,False
2026-06-22,2026-06-23,002655,共达电声,2,2,金刚石概念,5,4,False,False,False,False,False,False,False,False,False,False,mid_2_3|legacy_near,False,False,True,True,False,False,False,,False,True,-0.1707,,False,False,False,False
2026-06-22,2026-06-23,002674,兴业科技,2,2,芯片,5,4,False,False,False,False,False,False,False,False,False,False,mid_2_3|legacy_near,False,False,True,True,True,True,True,True,False,False,,3,True,True,True,False
2026-06-22,2026-06-23,002805,丰元股份,2,2,锂电池,5,4,False,False,False,False,False,False,False,False,False,False,mid_2_3|legacy_near,False,False,True,True,False,False,False,,False,False,,,False,False,False,False
2026-06-22,2026-06-23,002842,翔鹭钨业,2,2,有色金属,5,4,False,False,False,False,False,False,False,False,False,False,mid_2_3|legacy_near,False,False,True,True,False,False,False,,False,False,,,False,False,True,False
2026-06-22,2026-06-23,003031,中瓷电子,2,2,非金属材料,5,4,False,False,False,False,False,False,False,False,False,False,mid_2_3|legacy_near,False,False,True,True,False,False,False,,False,False,,,False,False,False,False
2026-06-22,2026-06-23,300522,世名科技,2,2,通信,5,4,False,False,False,False,False,False,False,False,False,False,mid_2_3|legacy_near,False,False,True,True,False,False,False,,False,False,,,False,False,False,False
2026-06-22,2026-06-23,301580,爱迪特,2,2,非金属材料,5,4,False,False,False,False,False,False,False,False,False,False,mid_2_3|legacy_near,False,False,True,True,False,False,False,,False,False,,,False,False,False,False
2026-06-22,2026-06-23,600162,香江控股,2,2,地产链,5,4,False,False,False,False,False,False,False,False,False,False,mid_2_3|legacy_near,False,False,True,True,False,False,False,,False,False,,,False,False,False,False
2026-06-22,2026-06-23,600769,祥龙电业,2,2,国有企业,5,4,False,False,False,False,False,False,False,False,False,False,mid_2_3|legacy_near,False,False,True,True,False,False,False,,False,False,,,False,False,False,False
2026-06-22,2026-06-23,600851,海欣股份,2,2,医药,5,4,False,False,False,False,False,False,False,False,False,False,mid_2_3|legacy_near,False,False,True,True,False,True,True,False,True,False,,3,False,False,False,False
2026-06-22,2026-06-23,603082,北自科技,2,2,机器人概念,5,4,False,False,False,False,False,False,False,False,False,False,mid_2_3|legacy_near,False,False,True,True,False,False,False,,False,False,,,False,False,False,False
2026-06-22,2026-06-23,603407,长裕集团,2,2,非金属材料,5,4,False,False,False,False,False,False,False,False,False,False,mid_2_3|legacy_near,False,False,True,True,True,True,True,False,True,False,,3,True,True,False,False
2026-06-22,2026-06-23,603663,三祥新材,2,2,非金属材料,5,4,False,False,False,False,False,False,False,False,False,False,mid_2_3|legacy_near,False,False,True,True,False,False,False,,False,True,5.0187,,False,False,False,False
2026-06-23,2026-06-24,600397,江钨装备,5,5+,有色金属,5,5,True,True,False,False,True,False,True,False,False,False,new_high,True,False,False,False,False,False,False,,False,False,,,False,False,False,True
2026-06-23,2026-06-24,002068,黑猫股份,3,3,元器件,5,5,True,True,False,False,True,False,True,False,False,False,h_minus_2|mid_2_3|legacy_near,False,False,True,True,False,False,False,,False,False,,,True,False,False,False
2026-06-23,2026-06-24,002167,东方锆业,3,3,非金属材料,5,5,True,True,False,False,True,False,True,False,True,True,h_minus_2|mid_2_3|legacy_near,False,False,True,True,True,True,True,False,True,False,,4,False,False,False,False
2026-06-23,2026-06-24,002674,兴业科技,3,3,芯片,5,5,True,True,False,False,True,False,True,False,False,False,h_minus_2|mid_2_3|legacy_near,False,False,True,True,True,True,True,True,False,False,,4,True,True,True,False
2026-06-23,2026-06-24,600851,海欣股份,3,3,医药,5,5,True,True,False,False,True,False,True,False,False,False,h_minus_2|mid_2_3|legacy_near,False,False,True,True,False,False,False,,False,True,3.8066,,False,False,False,False
2026-06-23,2026-06-24,603407,长裕集团,3,3,非金属材料,5,5,True,True,False,False,True,False,True,False,True,True,h_minus_2|mid_2_3|legacy_near,False,False,True,True,False,True,True,False,True,False,,4,False,False,False,False
2026-06-23,2026-06-24,000070,特发信息,2,2,通信,5,5,True,True,False,False,True,False,True,False,False,False,mid_2_3,False,False,True,False,False,False,False,,False,False,,,False,False,False,False
2026-06-23,2026-06-24,000571,新大洲A,2,2,煤炭,5,5,True,True,False,False,True,False,True,False,False,False,mid_2_3,False,False,True,False,False,False,False,,False,False,,,False,False,False,False
2026-06-23,2026-06-24,000783,长江证券,2,2,证券,5,5,True,True,False,False,True,False,True,False,False,False,mid_2_3,False,False,True,False,False,False,False,,False,False,,,True,False,False,False
2026-06-23,2026-06-24,002672,东江环保,2,2,通信,5,5,True,True,False,False,True,False,True,False,False,False,mid_2_3,False,False,True,False,False,False,False,,False,False,,,False,False,False,False
2026-06-23,2026-06-24,002830,名雕股份,2,2,AI应用,5,5,True,True,False,False,True,False,True,False,False,False,mid_2_3,False,False,True,False,False,False,False,,False,False,,,False,False,False,False
2026-06-23,2026-06-24,300085,银之杰,2,2,金融概念,5,5,True,True,False,False,True,False,True,False,False,False,mid_2_3,False,False,True,False,False,False,False,,False,False,,,False,False,False,False
2026-06-23,2026-06-24,600172,黄河旋风,2,2,金刚石概念,5,5,True,True,False,False,True,False,True,False,False,False,mid_2_3,False,False,True,False,False,False,False,,False,False,,,False,False,False,False
2026-06-23,2026-06-24,600400,红豆股份,2,2,机器人概念,5,5,True,True,False,False,True,False,True,False,False,False,mid_2_3,False,False,True,False,False,False,False,,False,False,,,False,False,False,False
2026-06-23,2026-06-24,600470,六国化工,2,2,化工,5,5,True,True,False,False,True,False,True,False,False,False,mid_2_3,False,False,True,False,False,False,False,,False,False,,,False,False,False,False
2026-06-23,2026-06-24,601869,长飞光纤,2,2,通信,5,5,True,True,False,False,True,False,True,False,False,False,mid_2_3,False,False,True,False,False,False,False,,False,False,,,False,False,False,False
2026-06-23,2026-06-24,603938,三孚股份,2,2,芯片,5,5,True,True,False,False,True,False,True,False,False,False,mid_2_3,False,False,True,False,False,True,True,False,True,False,,3,False,False,False,False
2026-06-23,2026-06-24,605069,正和生态,2,2,人工智能,5,5,True,True,False,False,True,False,True,False,False,False,mid_2_3,False,False,True,False,False,True,True,False,True,False,,3,False,False,False,False
2026-06-23,2026-06-24,605377,华旺科技,2,2,造纸,5,5,True,True,False,False,True,False,True,False,False,False,mid_2_3,False,False,True,False,False,False,False,,False,False,,,False,False,False,False
2026-06-23,2026-06-24,605580,恒盛能源,2,2,金刚石概念,5,5,True,True,False,False,True,False,True,False,False,False,mid_2_3,False,False,True,False,False,False,False,,False,False,,,False,False,False,False
2026-06-24,2026-06-25,002167,东方锆业,4,4,非金属材料,4,5,True,True,True,False,True,True,False,False,False,False,new_high|legacy_near,True,False,False,True,False,False,False,,False,False,,,False,False,False,True
2026-06-24,2026-06-25,002674,兴业科技,4,4,芯片,4,5,True,True,True,False,True,True,False,False,False,False,new_high|legacy_near,True,False,False,True,True,True,True,True,False,False,,5,True,True,False,True
2026-06-24,2026-06-25,603407,长裕集团,4,4,非金属材料,4,5,True,True,True,False,True,True,False,False,False,False,new_high|legacy_near,True,False,False,True,False,False,False,,False,True,1.4578,,False,False,False,True
2026-06-24,2026-06-25,603938,三孚股份,3,3,芯片,4,5,True,True,True,False,True,True,False,False,False,False,sub_high|mid_2_3|legacy_near,False,True,True,True,False,False,False,,False,False,,,False,False,False,True
2026-06-24,2026-06-25,605069,正和生态,3,3,人工智能,4,5,True,True,True,False,True,True,False,False,False,False,sub_high|mid_2_3|legacy_near,False,True,True,True,False,False,False,,False,False,,,False,False,False,False
2026-06-24,2026-06-25,000566,海南海药,2,2,医药,4,5,True,True,True,False,True,True,False,False,False,False,h_minus_2|mid_2_3,False,False,True,False,False,False,False,,False,False,,,False,False,True,False
2026-06-24,2026-06-25,002580,圣阳股份,2,2,算力,4,5,True,True,True,False,True,True,False,False,False,False,h_minus_2|mid_2_3,False,False,True,False,False,False,False,,False,False,,,False,False,False,False
2026-06-24,2026-06-25,002584,西陇科学,2,2,非金属材料,4,5,True,True,True,False,True,True,False,False,False,False,h_minus_2|mid_2_3,False,False,True,False,True,False,False,,False,False,,,False,False,False,True
2026-06-24,2026-06-25,002631,德尔未来,2,2,石墨化,4,5,True,True,True,False,True,True,False,False,False,False,h_minus_2|mid_2_3,False,False,True,False,False,False,False,,False,False,,,False,False,False,False
2026-06-24,2026-06-25,002687,乔治白,2,2,服装家纺,4,5,True,True,True,False,True,True,False,False,False,False,h_minus_2|mid_2_3,False,False,True,False,False,False,False,,False,False,,,False,False,True,False
2026-06-24,2026-06-25,600379,宝光股份,2,2,芯片,4,5,True,True,True,False,True,True,False,False,False,False,h_minus_2|mid_2_3,False,False,True,False,False,False,False,,False,False,,,False,False,False,True
2026-06-24,2026-06-25,605366,宏柏新材,2,2,化工,4,5,True,True,True,False,True,True,False,False,False,False,h_minus_2|mid_2_3,False,False,True,False,False,True,True,True,False,False,,3,True,True,False,False
2026-06-25,2026-06-26,002674,兴业科技,5,5+,芯片,5,4,False,True,False,False,False,True,False,True,False,False,new_high,True,False,False,False,True,True,True,True,False,False,,6,False,False,False,False
2026-06-25,2026-06-26,605366,宏柏新材,3,3,通信,5,4,False,True,False,False,False,True,False,True,False,False,h_minus_2|mid_2_3|legacy_near,False,False,True,True,True,True,True,False,True,False,,4,False,False,False,False
2026-06-25,2026-06-26,000818,航锦科技,2,2,算力,5,4,False,True,False,False,False,True,False,True,False,False,mid_2_3|legacy_near,False,False,True,True,False,False,False,,False,False,,,False,False,True,False
2026-06-25,2026-06-26,000823,超声电子,2,2,通信,5,4,False,True,False,False,False,True,False,True,False,False,mid_2_3|legacy_near,False,False,True,True,False,True,True,False,True,False,,3,False,False,False,False
2026-06-25,2026-06-26,002025,航天电器,2,2,通信,5,4,False,True,False,False,False,True,False,True,False,False,mid_2_3|legacy_near,False,False,True,True,False,False,False,,False,False,,,False,False,False,False
2026-06-25,2026-06-26,002080,中材科技,2,2,通信,5,4,False,True,False,False,False,True,False,True,False,False,mid_2_3|legacy_near,False,False,True,True,False,False,False,,False,True,5.1006,,False,False,False,False
2026-06-25,2026-06-26,002254,泰和新材,2,2,通信,5,4,False,True,False,False,False,True,False,True,False,False,mid_2_3|legacy_near,False,False,True,True,False,False,False,,False,False,,,False,False,False,False
2026-06-25,2026-06-26,002303,美盈森,2,2,食品饮料,5,4,False,True,False,False,False,True,False,True,False,False,mid_2_3|legacy_near,False,False,True,True,False,False,False,,False,False,,,False,False,False,False
2026-06-25,2026-06-26,002990,盛视科技,2,2,算力,5,4,False,True,False,False,False,True,False,True,False,False,mid_2_3|legacy_near,False,False,True,True,False,False,False,,False,False,,,False,False,False,False
2026-06-25,2026-06-26,600141,兴发集团,2,2,芯片,5,4,False,True,False,False,False,True,False,True,False,False,mid_2_3|legacy_near,False,False,True,True,False,False,False,,False,False,,,False,False,False,False
2026-06-25,2026-06-26,600228,返利科技,2,2,实控人变更,5,4,False,True,False,False,False,True,False,True,False,False,mid_2_3|legacy_near,False,False,True,True,True,True,True,True,False,False,,3,False,False,False,False
2026-06-25,2026-06-26,600584,长电科技,2,2,芯片,5,4,False,True,False,False,False,True,False,True,False,False,mid_2_3|legacy_near,False,False,True,True,False,False,False,,False,False,,,False,False,False,False
2026-06-25,2026-06-26,600667,太极实业,2,2,芯片,5,4,False,True,False,False,False,True,False,True,False,False,mid_2_3|legacy_near,False,False,True,True,True,False,False,,False,True,6.2031,,False,False,False,False
2026-06-25,2026-06-26,603678,火炬电子,2,2,元器件,5,4,False,True,False,False,False,True,False,True,False,False,mid_2_3|legacy_near,False,False,True,True,False,False,False,,False,False,,,False,False,False,False
2026-06-25,2026-06-26,603929,亚翔集成,2,2,芯片,5,4,False,True,False,False,False,True,False,True,False,False,mid_2_3|legacy_near,False,False,True,True,False,False,False,,False,False,,,False,False,False,False
2026-06-25,2026-06-26,603989,艾华集团,2,2,元器件,5,4,False,True,False,False,False,True,False,True,False,False,mid_2_3|legacy_near,False,False,True,True,False,False,False,,False,False,,,False,False,False,False
2026-06-26,2026-06-29,002674,兴业科技,6,5+,芯片,6,5,False,False,False,False,True,False,False,False,False,False,new_high,True,False,False,False,True,False,False,,False,True,9.9549,,False,False,False,True
2026-06-26,2026-06-29,605366,宏柏新材,4,4,通信,6,5,False,False,False,False,True,False,False,False,False,False,h_minus_2|legacy_near,False,False,False,True,False,False,False,,False,False,,,False,False,False,False
2026-06-26,2026-06-29,000823,超声电子,3,3,通信,6,5,False,False,False,False,True,False,False,False,False,False,mid_2_3|legacy_near,False,False,True,True,False,False,False,,False,False,,,False,False,False,False
2026-06-26,2026-06-29,600228,返利科技,3,3,实控人变更,6,5,False,False,False,False,True,False,False,False,False,False,mid_2_3|legacy_near,False,False,True,True,True,False,False,,False,False,,,False,False,False,False
2026-06-26,2026-06-29,002141,贤丰控股,2,2,通信,6,5,False,False,False,False,True,False,False,False,False,False,mid_2_3,False,False,True,False,False,False,False,,False,False,,,False,False,False,False
2026-06-26,2026-06-29,002965,祥鑫科技,2,2,并购重组,6,5,False,False,False,False,True,False,False,False,False,False,mid_2_3,False,False,True,False,False,False,False,,False,False,,,False,False,False,False
2026-06-26,2026-06-29,600962,国投中鲁,2,2,芯片,6,5,False,False,False,False,True,False,False,False,False,False,mid_2_3,False,False,True,False,False,False,False,,False,True,0.069,,False,False,False,True
2026-06-26,2026-06-29,603956,威派格,2,2,机器人概念,6,5,False,False,False,False,True,False,False,False,False,False,mid_2_3,False,False,True,False,True,True,True,False,True,False,,3,False,False,False,False
2026-06-29,2026-06-30,603956,威派格,3,3,机器人概念,3,6,True,True,True,False,True,True,True,False,False,False,new_high|mid_2_3,True,False,True,False,False,False,False,,False,False,,,False,False,False,True
2026-06-29,2026-06-30,002180,奔图科技,2,2,芯片,3,6,True,True,True,False,True,True,True,False,True,True,sub_high|mid_2_3,False,True,True,False,False,False,False,,False,False,,,False,False,False,False
2026-06-29,2026-06-30,002568,百润股份,2,2,酿酒,3,6,True,True,True,False,True,True,True,False,False,False,sub_high|mid_2_3,False,True,True,False,False,False,False,,False,False,,,False,False,False,False
2026-06-29,2026-06-30,601133,柏诚股份,2,2,芯片,3,6,True,True,True,False,True,True,True,False,True,True,sub_high|mid_2_3,False,True,True,False,False,False,False,,False,False,,,False,False,False,False
2026-06-29,2026-06-30,603155,新亚强,2,2,芯片,3,6,True,True,True,False,True,True,True,False,True,True,sub_high|mid_2_3,False,True,True,False,False,False,False,,False,False,,,False,False,False,False
2026-06-29,2026-06-30,603163,圣晖集成,2,2,芯片,3,6,True,True,True,False,True,True,True,False,True,True,sub_high|mid_2_3,False,True,True,False,False,False,False,,False,False,,,False,False,False,False
2026-06-29,2026-06-30,603650,彤程新材,2,2,芯片,3,6,True,True,True,False,True,True,True,False,True,True,sub_high|mid_2_3,False,True,True,False,False,False,False,,False,False,,,False,False,False,False
2026-06-29,2026-06-30,603928,兴业股份,2,2,芯片,3,6,True,True,True,False,True,True,True,False,True,True,sub_high|mid_2_3,False,True,True,False,False,True,True,False,True,False,,3,False,False,True,False
2026-06-29,2026-06-30,688432,有研硅,2,2,光伏,3,6,True,True,True,False,True,True,True,False,False,True,sub_high|mid_2_3,False,True,True,False,False,False,False,,False,False,,,False,False,False,False
2026-06-30,2026-07-01,603928,兴业股份,3,3,芯片,3,3,True,True,False,False,False,True,True,False,False,False,new_high|mid_2_3,True,False,True,False,False,False,False,,False,True,-2.7027,,True,False,False,False
2026-06-30,2026-07-01,000017,深中华A,2,2,黄金,3,3,True,True,False,False,False,True,True,False,False,False,sub_high|mid_2_3|legacy_near,False,True,True,True,False,False,False,,False,False,,,False,False,False,False
2026-06-30,2026-07-01,000566,海南海药,2,2,医药,3,3,True,True,False,False,False,True,True,False,False,False,sub_high|mid_2_3|legacy_near,False,True,True,True,False,True,True,False,True,False,,3,True,True,False,False
2026-06-30,2026-07-01,001229,魅视科技,2,2,物理AI,3,3,True,True,False,False,False,True,True,False,False,False,sub_high|mid_2_3|legacy_near,False,True,True,True,False,False,False,,False,False,,,False,False,False,False
2026-06-30,2026-07-01,001237,惠康科技,2,2,家电,3,3,True,True,False,False,False,True,True,False,False,False,sub_high|mid_2_3|legacy_near,False,True,True,True,False,False,False,,False,False,,,False,False,False,False
2026-06-30,2026-07-01,002208,合肥城建,2,2,芯片,3,3,True,True,False,False,False,True,True,False,False,False,sub_high|mid_2_3|legacy_near,False,True,True,True,False,False,False,,False,False,,,False,False,False,False
2026-06-30,2026-07-01,002407,多氟多,2,2,芯片,3,3,True,True,False,False,False,True,True,False,False,False,sub_high|mid_2_3|legacy_near,False,True,True,True,False,True,True,False,True,False,,3,False,False,False,False
2026-06-30,2026-07-01,002628,成都路桥,2,2,机器人概念,3,3,True,True,False,False,False,True,True,False,True,True,sub_high|mid_2_3|legacy_near,False,True,True,True,False,False,False,,False,False,,,False,False,False,False
2026-06-30,2026-07-01,002638,勤上股份,2,2,LED,3,3,True,True,False,False,False,True,True,False,False,False,sub_high|mid_2_3|legacy_near,False,True,True,True,False,False,False,,False,False,,,False,False,False,False
2026-06-30,2026-07-01,003043,华亚智能,2,2,芯片,3,3,True,True,False,False,False,True,True,False,False,False,sub_high|mid_2_3|legacy_near,False,True,True,True,False,False,False,,False,False,,,False,False,False,False
2026-06-30,2026-07-01,600113,浙江东日,2,2,零售,3,3,True,True,False,False,False,True,True,False,False,False,sub_high|mid_2_3|legacy_near,False,True,True,True,False,True,True,False,True,False,,3,False,False,False,False
2026-06-30,2026-07-01,600363,联创光电,2,2,核电,3,3,True,True,False,False,False,True,True,False,False,False,sub_high|mid_2_3|legacy_near,False,True,True,True,False,False,False,,False,False,,,False,False,False,False
2026-06-30,2026-07-01,600378,昊华科技,2,2,芯片,3,3,True,True,False,False,False,True,True,False,False,False,sub_high|mid_2_3|legacy_near,False,True,True,True,False,False,False,,False,True,7.4556,,False,False,False,False
2026-06-30,2026-07-01,603033,三维股份,2,2,化工,3,3,True,True,False,False,False,True,True,False,False,False,sub_high|mid_2_3|legacy_near,False,True,True,True,False,False,False,,False,False,,,False,False,False,False
2026-06-30,2026-07-01,603061,金海通,2,2,芯片,3,3,True,True,False,False,False,True,True,False,False,False,sub_high|mid_2_3|legacy_near,False,True,True,True,False,False,False,,False,False,,,False,False,False,False
2026-06-30,2026-07-01,603222,济民健康,2,2,医药,3,3,True,True,False,False,False,True,True,False,False,False,sub_high|mid_2_3|legacy_near,False,True,True,True,False,False,False,,False,False,,,False,False,False,False
2026-06-30,2026-07-01,603459,红板科技,2,2,通信,3,3,True,True,False,False,False,True,True,False,False,False,sub_high|mid_2_3|legacy_near,False,True,True,True,False,False,False,,False,False,,,False,False,False,False
2026-06-30,2026-07-01,603950,长源东谷,2,2,发电机,3,3,True,True,False,False,False,True,True,False,False,False,sub_high|mid_2_3|legacy_near,False,True,True,True,False,False,False,,False,True,3.3993,,False,False,False,False
2026-06-30,2026-07-01,603983,丸美生物,2,2,美容护理,3,3,True,True,False,False,False,True,True,False,False,False,sub_high|mid_2_3|legacy_near,False,True,True,True,False,False,False,,False,False,,,False,False,False,False
2026-07-01,2026-07-02,000566,海南海药,3,3,医药,3,3,True,True,False,False,False,False,True,False,False,False,new_high|mid_2_3,True,False,True,False,False,True,True,False,True,False,,4,False,False,False,False
2026-07-01,2026-07-02,002407,多氟多,3,3,芯片,3,3,True,True,False,False,False,False,True,False,True,True,new_high|mid_2_3,True,False,True,False,False,False,False,,False,False,,,False,False,False,False
2026-07-01,2026-07-02,600113,浙江东日,3,3,零售,3,3,True,True,False,False,False,False,True,False,False,False,new_high|mid_2_3,True,False,True,False,False,False,False,,False,False,,,False,False,False,False
2026-07-01,2026-07-02,000603,盛达资源,2,2,中报增长,3,3,True,True,False,False,False,False,True,False,False,False,sub_high|mid_2_3|legacy_near,False,True,True,True,False,False,False,,False,False,,,False,False,False,False
2026-07-01,2026-07-02,001331,胜通能源,2,2,机器人概念,3,3,True,True,False,False,False,False,True,False,False,False,sub_high|mid_2_3|legacy_near,False,True,True,True,False,False,False,,False,False,,,False,False,False,False
2026-07-01,2026-07-02,002053,云南能投,2,2,电力,3,3,True,True,False,False,False,False,True,False,False,False,sub_high|mid_2_3|legacy_near,False,True,True,True,False,False,False,,False,False,,,False,False,False,False
2026-07-01,2026-07-02,002167,东方锆业,2,2,非金属材料,3,3,True,True,False,False,False,False,True,False,False,False,sub_high|mid_2_3|legacy_near,False,True,True,True,False,False,False,,False,True,7.29,,False,False,False,False
2026-07-01,2026-07-02,002273,水晶光电,2,2,芯片,3,3,True,True,False,False,False,False,True,False,True,True,sub_high|mid_2_3|legacy_near,False,True,True,True,True,False,False,,False,False,,,False,False,False,False
2026-07-01,2026-07-02,002396,星网锐捷,2,2,通信,3,3,True,True,False,False,False,False,True,False,False,True,sub_high|mid_2_3|legacy_near,False,True,True,True,False,False,False,,False,False,,,True,False,True,False
2026-07-01,2026-07-02,002738,中矿资源,2,2,锂电池,3,3,True,True,False,False,False,False,True,False,False,False,sub_high|mid_2_3|legacy_near,False,True,True,True,False,False,False,,False,False,,,False,False,False,False
2026-07-01,2026-07-02,002747,埃斯顿,2,2,机器人概念,3,3,True,True,False,False,False,False,True,False,False,False,sub_high|mid_2_3|legacy_near,False,True,True,True,False,False,False,,False,False,,,True,False,False,False
2026-07-01,2026-07-02,002929,润建股份,2,2,算力,3,3,True,True,False,False,False,False,True,False,False,False,sub_high|mid_2_3|legacy_near,False,True,True,True,False,False,False,,False,False,,,False,False,False,False
2026-07-01,2026-07-02,300518,新迅达,2,2,锂电池,3,3,True,True,False,False,False,False,True,False,False,False,sub_high|mid_2_3|legacy_near,False,True,True,True,False,False,False,,False,False,,,False,False,False,False
2026-07-01,2026-07-02,600076,康欣新材,2,2,芯片,3,3,True,True,False,False,False,False,True,False,True,True,sub_high|mid_2_3|legacy_near,False,True,True,True,False,False,False,,False,False,,,False,False,False,False
2026-07-01,2026-07-02,600641,先导基电,2,2,芯片,3,3,True,True,False,False,False,False,True,False,True,True,sub_high|mid_2_3|legacy_near,False,True,True,True,False,True,True,False,True,False,,3,False,False,False,False
2026-07-01,2026-07-02,600783,鲁信创投,2,2,商业航天,3,3,True,True,False,False,False,False,True,False,False,False,sub_high|mid_2_3|legacy_near,False,True,True,True,False,False,False,,False,False,,,False,False,False,False
2026-07-01,2026-07-02,603120,肯特催化,2,2,化工,3,3,True,True,False,False,False,False,True,False,False,False,sub_high|mid_2_3|legacy_near,False,True,True,True,False,False,False,,False,False,,,False,False,False,False
2026-07-01,2026-07-02,603137,恒尚节能,2,2,并购重组,3,3,True,True,False,False,False,False,True,False,False,False,sub_high|mid_2_3|legacy_near,False,True,True,True,True,True,True,True,False,False,,3,True,True,True,False
2026-07-01,2026-07-02,603212,赛伍技术,2,2,光伏,3,3,True,True,False,False,False,False,True,False,False,False,sub_high|mid_2_3|legacy_near,False,True,True,True,False,False,False,,False,False,,,False,False,False,False
2026-07-01,2026-07-02,603379,三美股份,2,2,化工,3,3,True,True,False,False,False,False,True,False,False,False,sub_high|mid_2_3|legacy_near,False,True,True,True,False,False,False,,False,False,,,False,False,False,False
2026-07-01,2026-07-02,603991,领先股份,2,2,芯片,3,3,True,True,False,False,False,False,True,False,True,True,sub_high|mid_2_3|legacy_near,False,True,True,True,False,False,False,,False,False,,,False,False,False,False
2026-07-01,2026-07-02,688728,格科微,2,2,芯片,3,3,True,True,False,False,False,False,True,False,True,True,sub_high|mid_2_3|legacy_near,False,True,True,True,False,False,False,,False,False,,,False,False,False,False
2026-07-02,2026-07-03,000566,海南海药,4,4,医药,4,3,False,True,False,False,False,False,True,False,False,False,new_high,True,False,False,False,False,False,False,,False,False,,,False,False,False,False
2026-07-02,2026-07-03,600641,先导基电,3,3,并购重组,4,3,False,True,False,False,False,False,True,False,False,False,sub_high|mid_2_3,False,True,True,False,False,False,False,,False,False,,,False,False,False,False
2026-07-02,2026-07-03,603137,恒尚节能,3,3,并购重组,4,3,False,True,False,False,False,False,True,False,False,False,sub_high|mid_2_3,False,True,True,False,True,True,True,True,False,False,,4,True,True,True,False
2026-07-02,2026-07-03,000520,凤凰航运,2,2,航运,4,3,False,True,False,False,False,False,True,False,False,False,h_minus_2|mid_2_3|legacy_near,False,False,True,True,False,False,False,,False,False,,,False,False,False,False
2026-07-02,2026-07-03,000536,华映科技,2,2,面板,4,3,False,True,False,False,False,False,True,False,False,False,h_minus_2|mid_2_3|legacy_near,False,False,True,True,False,False,False,,False,False,,,False,False,False,False
2026-07-02,2026-07-03,000601,韶能股份,2,2,中报增长,4,3,False,True,False,False,False,False,True,False,False,False,h_minus_2|mid_2_3|legacy_near,False,False,True,True,False,False,False,,False,False,,,False,False,False,False
2026-07-02,2026-07-03,001313,粤海饲料,2,2,农业,4,3,False,True,False,False,False,False,True,False,False,False,h_minus_2|mid_2_3|legacy_near,False,False,True,True,False,False,False,,False,False,,,False,False,False,False
2026-07-02,2026-07-03,002458,益生股份,2,2,中报增长,4,3,False,True,False,False,False,False,True,False,False,False,h_minus_2|mid_2_3|legacy_near,False,False,True,True,False,False,False,,False,False,,,False,False,False,False
2026-07-02,2026-07-03,002559,亚威股份,2,2,芯片,4,3,False,True,False,False,False,False,True,False,True,True,h_minus_2|mid_2_3|legacy_near,False,False,True,True,False,False,False,,False,False,,,False,False,False,False
2026-07-02,2026-07-03,002826,易明医药,2,2,医药,4,3,False,True,False,False,False,False,True,False,False,False,h_minus_2|mid_2_3|legacy_near,False,False,True,True,False,False,False,,False,False,,,False,False,False,False
2026-07-02,2026-07-03,002971,和远气体,2,2,芯片,4,3,False,True,False,False,False,False,True,False,True,True,h_minus_2|mid_2_3|legacy_near,False,False,True,True,False,False,False,,False,False,,,False,False,False,False
2026-07-02,2026-07-03,301092,争光股份,2,2,电子树脂,4,3,False,True,False,False,False,False,True,False,False,False,h_minus_2|mid_2_3|legacy_near,False,False,True,True,False,False,False,,False,False,,,False,False,False,False
2026-07-02,2026-07-03,600182,S佳通,2,2,汽车零部件,4,3,False,True,False,False,False,False,True,False,False,False,h_minus_2|mid_2_3|legacy_near,False,False,True,True,False,False,False,,False,True,3.9576,,False,False,False,False
2026-07-02,2026-07-03,600793,宜宾纸业,2,2,造纸,4,3,False,True,False,False,False,False,True,False,False,False,h_minus_2|mid_2_3|legacy_near,False,False,True,True,False,True,True,False,True,False,,3,True,True,True,False
2026-07-02,2026-07-03,603505,金石资源,2,2,化工,4,3,False,True,False,False,False,False,True,False,False,False,h_minus_2|mid_2_3|legacy_near,False,False,True,True,False,False,False,,False,False,,,False,False,False,False
2026-07-02,2026-07-03,603538,美诺华,2,2,医药,4,3,False,True,False,False,False,False,True,False,False,False,h_minus_2|mid_2_3|legacy_near,False,False,True,True,False,False,False,,False,False,,,False,False,False,False
2026-07-02,2026-07-03,603559,中通国脉,2,2,ST摘帽,4,3,False,True,False,False,False,False,True,False,False,False,h_minus_2|mid_2_3|legacy_near,False,False,True,True,False,True,True,False,True,False,,3,False,False,False,False
2026-07-02,2026-07-03,605189,富春染织,2,2,机器人概念,4,3,False,True,False,False,False,False,True,False,False,False,h_minus_2|mid_2_3|legacy_near,False,False,True,True,False,True,True,False,True,False,,3,False,False,False,False
2026-07-02,2026-07-03,605488,福莱新材,2,2,机器人概念,4,3,False,True,False,False,False,False,True,False,False,False,h_minus_2|mid_2_3|legacy_near,False,False,True,True,False,False,False,,False,False,,,False,False,False,False
2026-07-03,2026-07-06,603137,恒尚节能,4,4,并购重组,4,4,True,True,False,False,False,False,True,False,False,False,new_high,True,False,False,False,True,True,True,True,False,False,,5,True,True,True,False
2026-07-03,2026-07-06,600793,宜宾纸业,3,3,造纸,4,4,True,True,False,False,False,False,True,False,False,False,sub_high|mid_2_3|legacy_near,False,True,True,True,False,True,True,False,True,False,,4,True,True,False,False
2026-07-03,2026-07-06,603559,中通国脉,3,3,ST摘帽,4,4,True,True,False,False,False,False,True,False,False,False,sub_high|mid_2_3|legacy_near,False,True,True,True,False,False,False,,False,False,,,False,False,False,False
2026-07-03,2026-07-06,605189,富春染织,3,3,机器人概念,4,4,True,True,False,False,False,False,True,False,False,False,sub_high|mid_2_3|legacy_near,False,True,True,True,False,False,False,,False,False,,,False,False,False,False
2026-07-03,2026-07-06,000506,招金黄金,2,2,黄金,4,4,True,True,False,False,False,False,True,False,False,False,h_minus_2|mid_2_3|legacy_near,False,False,True,True,False,False,False,,False,False,,,False,False,True,False
2026-07-03,2026-07-06,000576,甘化科工,2,2,有色金属,4,4,True,True,False,False,False,False,True,False,False,False,h_minus_2|mid_2_3|legacy_near,False,False,True,True,False,False,False,,False,False,,,False,False,False,False
2026-07-03,2026-07-06,000595,宝塔实业,2,2,ST摘帽,4,4,True,True,False,False,False,False,True,False,False,False,h_minus_2|mid_2_3|legacy_near,False,False,True,True,True,False,False,,False,False,,,False,False,False,False
2026-07-03,2026-07-06,000656,金科股份,2,2,ST摘帽,4,4,True,True,False,False,False,False,True,False,False,False,h_minus_2|mid_2_3|legacy_near,False,False,True,True,True,True,True,False,True,False,,3,False,False,False,False
2026-07-03,2026-07-06,000908,石药景峰,2,2,医药,4,4,True,True,False,False,False,False,True,False,True,True,h_minus_2|mid_2_3|legacy_near,False,False,True,True,False,False,False,,False,False,,,False,False,False,False
2026-07-03,2026-07-06,001317,三羊马,2,2,物流,4,4,True,True,False,False,False,False,True,False,False,False,h_minus_2|mid_2_3|legacy_near,False,False,True,True,False,False,False,,False,False,,,False,False,False,False
2026-07-03,2026-07-06,002979,雷赛智能,2,2,中报增长,4,4,True,True,False,False,False,False,True,False,False,False,h_minus_2|mid_2_3|legacy_near,False,False,True,True,True,False,False,,False,True,5.3487,,False,False,False,False
2026-07-03,2026-07-06,600988,赤峰黄金,2,2,黄金,4,4,True,True,False,False,False,False,True,False,False,False,h_minus_2|mid_2_3|legacy_near,False,False,True,True,False,False,False,,False,False,,,False,False,False,False
2026-07-03,2026-07-06,603286,日盈电子,2,2,机器人概念,4,4,True,True,False,False,False,False,True,False,False,False,h_minus_2|mid_2_3|legacy_near,False,False,True,True,False,False,False,,False,False,,,False,False,False,False
2026-07-03,2026-07-06,603338,浙江鼎力,2,2,基础建设,4,4,True,True,False,False,False,False,True,False,False,False,h_minus_2|mid_2_3|legacy_near,False,False,True,True,False,False,False,,False,False,,,False,False,False,False
2026-07-03,2026-07-06,603580,艾艾精工,2,2,ST摘帽,4,4,True,True,False,False,False,False,True,False,False,False,h_minus_2|mid_2_3|legacy_near,False,False,True,True,False,False,False,,False,True,1.8254,,False,False,False,False
2026-07-03,2026-07-06,603717,天域生物,2,2,农业,4,4,True,True,False,False,False,False,True,False,False,False,h_minus_2|mid_2_3|legacy_near,False,False,True,True,False,False,False,,False,False,,,False,False,False,False
2026-07-06,2026-07-07,603137,恒尚节能,5,5+,并购重组,5,4,False,False,False,False,False,False,False,False,False,False,new_high,True,False,False,False,True,True,True,True,False,False,,6,True,True,True,False
2026-07-06,2026-07-07,600793,宜宾纸业,4,4,造纸,5,4,False,False,False,False,False,False,False,False,False,False,sub_high,False,True,False,False,False,True,True,False,True,False,,5,False,False,False,False
2026-07-06,2026-07-07,000656,金科股份,3,3,ST摘帽,5,4,False,False,False,False,False,False,False,False,False,False,h_minus_2|mid_2_3|legacy_near,False,False,True,True,False,False,False,,False,False,,,False,False,False,False
2026-07-06,2026-07-07,002141,贤丰控股,2,2,通信,5,4,False,False,False,False,False,False,False,False,False,False,mid_2_3|legacy_near,False,False,True,True,False,False,False,,False,False,,,False,False,False,False
2026-07-06,2026-07-07,002396,星网锐捷,2,2,中报增长,5,4,False,False,False,False,False,False,False,False,False,False,mid_2_3|legacy_near,False,False,True,True,False,False,False,,False,False,,,True,False,False,False
2026-07-06,2026-07-07,002767,先锋电子,2,2,机器人概念,5,4,False,False,False,False,False,False,False,False,False,False,mid_2_3|legacy_near,False,False,True,True,False,False,False,,False,False,,,False,False,False,False
2026-07-06,2026-07-07,603211,晋拓股份,2,2,机器人概念,5,4,False,False,False,False,False,False,False,False,False,False,mid_2_3|legacy_near,False,False,True,True,False,False,False,,False,False,,,False,False,False,False
2026-07-06,2026-07-07,603722,阿科力,2,2,实控人变更,5,4,False,False,False,False,False,False,False,False,False,False,mid_2_3|legacy_near,False,False,True,True,True,False,False,,False,True,1.584,,False,False,False,False
2026-07-07,2026-07-08,603137,恒尚节能,6,5+,并购重组,6,5,False,False,False,False,False,False,False,False,False,False,new_high,True,False,False,False,True,True,True,False,True,False,,7,True,True,False,False
2026-07-07,2026-07-08,600793,宜宾纸业,5,5+,造纸,6,5,False,False,False,False,False,False,False,False,False,False,sub_high,False,True,False,False,False,False,False,,False,False,,,False,False,False,False
2026-07-07,2026-07-08,600246,万通发展,2,2,芯片,6,5,False,False,False,False,False,False,False,False,False,False,mid_2_3,False,False,True,False,False,False,False,,False,False,,,False,False,False,False
2026-07-07,2026-07-08,600288,大恒科技,2,2,物理AI,6,5,False,False,False,False,False,False,False,False,False,False,mid_2_3,False,False,True,False,False,True,True,False,True,False,,3,False,False,False,False
2026-07-07,2026-07-08,603861,白云电器,2,2,智能电网,6,5,False,False,False,False,False,False,False,False,False,False,mid_2_3,False,False,True,False,False,False,False,,False,False,,,False,False,False,False
2026-07-08,2026-07-09,603137,恒尚节能,7,5+,并购重组,7,6,False,False,False,True,True,False,False,False,False,False,new_high,True,False,False,False,False,True,True,False,True,False,,8,False,False,True,True
2026-07-08,2026-07-09,600288,大恒科技,3,3,物理AI,7,6,False,False,False,True,True,False,False,False,False,False,mid_2_3,False,False,True,False,False,False,False,,False,False,,,False,False,False,False
2026-07-08,2026-07-09,001229,魅视科技,2,2,物理AI,7,6,False,False,False,True,True,False,False,False,False,False,mid_2_3,False,False,True,False,True,False,False,,False,False,,,False,False,False,False
2026-07-08,2026-07-09,001365,天海电子,2,2,机器人概念,7,6,False,False,False,True,True,False,False,False,False,False,mid_2_3,False,False,True,False,False,False,False,,False,False,,,False,False,False,False
2026-07-08,2026-07-09,002841,视源股份,2,2,中报增长,7,6,False,False,False,True,True,False,False,False,False,False,mid_2_3,False,False,True,False,False,True,True,False,True,False,,3,False,False,False,False
2026-07-08,2026-07-09,002951,金时科技,2,2,元器件,7,6,False,False,False,True,True,False,False,False,False,False,mid_2_3,False,False,True,False,False,False,False,,False,False,,,False,False,False,False
2026-07-08,2026-07-09,301251,威尔高,2,2,电源,7,6,False,False,False,True,True,False,False,False,False,False,mid_2_3,False,False,True,False,False,False,False,,False,False,,,False,False,False,False
2026-07-08,2026-07-09,600094,大名城,2,2,算力,7,6,False,False,False,True,True,False,False,False,False,False,mid_2_3,False,False,True,False,False,False,False,,False,False,,,False,False,False,False
2026-07-09,2026-07-10,603137,恒尚节能,8,5+,并购重组,8,7,False,False,False,True,False,True,False,False,False,False,new_high,True,False,False,False,False,False,False,,False,True,6.1508,,True,False,True,False
2026-07-09,2026-07-10,002841,视源股份,3,3,中报增长,8,7,False,False,False,True,False,True,False,False,False,False,mid_2_3,False,False,True,False,False,False,False,,False,False,,,False,False,False,False
2026-07-09,2026-07-10,000977,浪潮信息,2,2,中报增长,8,7,False,False,False,True,False,True,False,False,False,False,mid_2_3,False,False,True,False,False,False,False,,False,False,,,False,False,False,False
2026-07-09,2026-07-10,002490,山东墨龙,2,2,石油石化,8,7,False,False,False,True,False,True,False,False,False,False,mid_2_3,False,False,True,False,False,False,False,,False,False,,,False,False,False,False
2026-07-09,2026-07-10,002677,浙江美大,2,2,家电,8,7,False,False,False,True,False,True,False,False,False,False,mid_2_3,False,False,True,False,False,False,False,,False,False,,,False,False,False,False
2026-07-09,2026-07-10,603928,兴业股份,2,2,芯片,8,7,False,False,False,True,False,True,False,False,False,False,mid_2_3,False,False,True,False,False,False,False,,False,False,,,False,False,False,False
2026-07-10,2026-07-13,000887,中鼎股份,2,2,机器人概念,2,8,True,True,True,False,True,False,False,False,False,False,new_high|mid_2_3,True,False,True,False,False,False,False,,False,False,,,False,False,False,True
2026-07-10,2026-07-13,000892,欢瑞世纪,2,2,AI应用,2,8,True,True,True,False,True,False,False,False,False,False,new_high|mid_2_3,True,False,True,False,False,False,False,,False,False,,,False,False,False,False
2026-07-10,2026-07-13,001395,亚联机械,2,2,中报增长,2,8,True,True,True,False,True,False,False,False,False,False,new_high|mid_2_3,True,False,True,False,False,True,True,False,True,False,,3,False,False,False,True
2026-07-10,2026-07-13,002346,柘中股份,2,2,智能电网,2,8,True,True,True,False,True,False,False,False,False,False,new_high|mid_2_3,True,False,True,False,False,False,False,,False,False,,,False,False,False,True
2026-07-10,2026-07-13,002414,高德红外,2,2,中报增长,2,8,True,True,True,False,True,False,False,False,False,False,new_high|mid_2_3,True,False,True,False,False,False,False,,False,False,,,False,False,False,True
2026-07-10,2026-07-13,002829,星网宇达,2,2,中报增长,2,8,True,True,True,False,True,False,False,False,False,False,new_high|mid_2_3,True,False,True,False,False,False,False,,False,False,,,False,False,False,True
2026-07-10,2026-07-13,003020,立方制药,2,2,医药,2,8,True,True,True,False,True,False,False,False,False,False,new_high|mid_2_3,True,False,True,False,False,True,True,False,True,False,,3,False,False,False,False
2026-07-10,2026-07-13,600992,贵绳股份,2,2,商业航天,2,8,True,True,True,False,True,False,False,False,False,False,new_high|mid_2_3,True,False,True,False,False,True,True,True,False,False,,3,False,False,False,True
2026-07-10,2026-07-13,603898,好莱客,2,2,AI应用,2,8,True,True,True,False,True,False,False,False,False,False,new_high|mid_2_3,True,False,True,False,False,False,False,,False,False,,,False,False,False,False
2026-07-13,2026-07-14,001395,亚联机械,3,3,中报增长,3,2,False,True,False,False,True,True,True,False,True,True,new_high|mid_2_3,True,False,True,False,False,False,False,,False,False,,,False,False,False,True
2026-07-13,2026-07-14,003020,立方制药,3,3,医药,3,2,False,True,False,False,True,True,True,False,False,False,new_high|mid_2_3,True,False,True,False,False,False,False,,False,False,,,False,False,False,False
2026-07-13,2026-07-14,600992,贵绳股份,3,3,商业航天,3,2,False,True,False,False,True,True,True,False,False,True,new_high|mid_2_3,True,False,True,False,True,False,False,,False,False,,,False,False,False,False
2026-07-13,2026-07-14,000920,沃顿科技,2,2,芯片,3,2,False,True,False,False,True,True,True,False,False,False,sub_high|mid_2_3,False,True,True,False,False,False,False,,False,False,,,False,False,True,False
2026-07-13,2026-07-14,600513,联环药业,2,2,医药,3,2,False,True,False,False,True,True,True,False,False,False,sub_high|mid_2_3,False,True,True,False,False,False,False,,False,False,,,False,False,False,False
2026-07-13,2026-07-14,600629,华建集团,2,2,并购重组,3,2,False,True,False,False,True,True,True,False,False,False,sub_high|mid_2_3,False,True,True,False,False,False,False,,False,False,,,False,False,False,False
2026-07-13,2026-07-14,600664,哈药股份,2,2,中报增长,3,2,False,True,False,False,True,True,True,False,True,True,sub_high|mid_2_3,False,True,True,False,False,True,True,False,True,False,,3,True,True,True,True
2026-07-13,2026-07-14,601608,中信重工,2,2,商业航天,3,2,False,True,False,False,True,True,True,False,False,True,sub_high|mid_2_3,False,True,True,False,False,False,False,,False,False,,,False,False,False,False
2026-07-13,2026-07-14,605090,九丰能源,2,2,商业航天,3,2,False,True,False,False,True,True,True,False,False,True,sub_high|mid_2_3,False,True,True,False,False,False,False,,False,False,,,False,False,False,False
2026-07-14,2026-07-15,600664,哈药股份,3,3,医药,3,3,True,True,False,False,True,True,True,False,True,True,new_high|mid_2_3,True,False,True,False,False,True,True,False,True,False,,4,True,True,False,True
2026-07-14,2026-07-15,001388,信通电子,2,2,机器人概念,3,3,True,True,False,False,True,True,True,False,False,False,sub_high|mid_2_3|legacy_near,False,True,True,True,False,True,True,False,True,False,,3,False,False,True,False
2026-07-14,2026-07-15,002379,宏桥控股,2,2,中报增长,3,3,True,True,False,False,True,True,True,False,True,True,sub_high|mid_2_3|legacy_near,False,True,True,True,False,False,False,,False,False,,,False,False,False,False
2026-07-14,2026-07-15,603065,宿迁联盛,2,2,芯片,3,3,True,True,False,False,True,True,True,False,False,False,sub_high|mid_2_3|legacy_near,False,True,True,True,False,False,False,,False,False,,,False,False,False,False
2026-07-14,2026-07-15,603137,恒尚节能,2,2,并购重组,3,3,True,True,False,False,True,True,True,False,False,False,sub_high|mid_2_3|legacy_near,False,True,True,True,False,True,True,False,True,False,,3,False,False,False,False
2026-07-15,2026-07-16,600664,哈药股份,4,4,医药,4,3,False,False,False,False,False,True,False,False,False,False,new_high,True,False,False,False,False,True,True,False,True,False,,5,False,False,False,False
2026-07-15,2026-07-16,001388,信通电子,3,3,机器人概念,4,3,False,False,False,False,False,True,False,False,False,False,sub_high|mid_2_3,False,True,True,False,False,False,False,,False,False,,,True,False,False,False
2026-07-15,2026-07-16,603137,恒尚节能,3,3,并购重组,4,3,False,False,False,False,False,True,False,False,False,False,sub_high|mid_2_3,False,True,True,False,False,False,False,,False,False,,,False,False,False,False
2026-07-15,2026-07-16,002141,贤丰控股,2,2,通信,4,3,False,False,False,False,False,True,False,False,False,False,h_minus_2|mid_2_3|legacy_near,False,False,True,True,False,False,False,,False,True,5.3476,,False,False,False,False
2026-07-15,2026-07-16,002432,九安医疗,2,2,中报增长,4,3,False,False,False,False,False,True,False,False,False,False,h_minus_2|mid_2_3|legacy_near,False,False,True,True,True,False,False,,False,True,7.4787,,True,False,False,False
2026-07-15,2026-07-16,600227,赤天化,2,2,中报增长,4,3,False,False,False,False,False,True,False,False,False,False,h_minus_2|mid_2_3|legacy_near,False,False,True,True,False,False,False,,False,False,,,True,False,False,False
2026-07-15,2026-07-16,600403,大有能源,2,2,煤炭,4,3,False,False,False,False,False,True,False,False,False,False,h_minus_2|mid_2_3|legacy_near,False,False,True,True,False,False,False,,False,False,,,False,False,True,False
2026-07-15,2026-07-16,600746,江苏索普,2,2,中报增长,4,3,False,False,False,False,False,True,False,False,False,False,h_minus_2|mid_2_3|legacy_near,False,False,True,True,False,False,False,,False,False,,,False,False,True,False
2026-07-15,2026-07-16,600829,人民同泰,2,2,医药,4,3,False,False,False,False,False,True,False,False,False,False,h_minus_2|mid_2_3|legacy_near,False,False,True,True,False,False,False,,False,False,,,False,False,False,False
2026-07-15,2026-07-16,600844,金煤科技,2,2,中报增长,4,3,False,False,False,False,False,True,False,False,False,False,h_minus_2|mid_2_3|legacy_near,False,False,True,True,False,False,False,,False,False,,,False,False,False,False
2026-07-15,2026-07-16,603580,艾艾精工,2,2,实控人变更,4,3,False,False,False,False,False,True,False,False,False,False,h_minus_2|mid_2_3|legacy_near,False,False,True,True,True,True,True,True,False,False,,3,True,True,False,False
2026-07-15,2026-07-16,605028,世茂能源,2,2,中报增长,4,3,False,False,False,False,False,True,False,False,False,False,h_minus_2|mid_2_3|legacy_near,False,False,True,True,False,False,False,,False,False,,,False,False,False,False
2026-07-15,2026-07-16,605189,富春染织,2,2,中报增长,4,3,False,False,False,False,False,True,False,False,False,False,h_minus_2|mid_2_3|legacy_near,False,False,True,True,False,False,False,,False,False,,,False,False,False,False
2026-07-15,2026-07-16,605255,天普股份,2,2,芯片,4,3,False,False,False,False,False,True,False,False,False,False,h_minus_2|mid_2_3|legacy_near,False,False,True,True,False,False,False,,False,False,,,False,False,False,False
2026-07-15,2026-07-16,688192,迪哲医药,2,2,医药,4,3,False,False,False,False,False,True,False,False,False,False,h_minus_2|mid_2_3|legacy_near,False,False,True,True,False,False,False,,False,False,,,False,False,False,False
2026-07-16,2026-07-17,600664,哈药股份,5,5+,医药,5,4,False,False,False,False,True,False,False,False,False,False,new_high,True,False,False,False,False,False,False,,False,True,7.8947,,False,False,True,True
2026-07-16,2026-07-17,603580,艾艾精工,3,3,实控人变更,5,4,False,False,False,False,True,False,False,False,False,False,h_minus_2|mid_2_3|legacy_near,False,False,True,True,True,True,True,True,False,False,,4,False,False,False,False
2026-07-16,2026-07-17,000504,南华生物,2,2,医药,5,4,False,False,False,False,True,False,False,False,False,False,mid_2_3|legacy_near,False,False,True,True,False,False,False,,False,False,,,False,False,False,True
2026-07-16,2026-07-17,000566,海南海药,2,2,脑机接口,5,4,False,False,False,False,True,False,False,False,False,False,mid_2_3|legacy_near,False,False,True,True,False,False,False,,False,False,,,False,False,False,False
2026-07-16,2026-07-17,000676,智度股份,2,2,端侧AI,5,4,False,False,False,False,True,False,False,False,False,False,mid_2_3|legacy_near,False,False,True,True,False,True,True,False,True,False,,3,False,False,False,False
2026-07-16,2026-07-17,002365,永安药业,2,2,医药,5,4,False,False,False,False,True,False,False,False,False,False,mid_2_3|legacy_near,False,False,True,True,False,False,False,,False,False,,,False,False,False,True
2026-07-16,2026-07-17,002739,儒意电影,2,2,文化传媒,5,4,False,False,False,False,True,False,False,False,False,False,mid_2_3|legacy_near,False,False,True,True,False,False,False,,False,False,,,False,False,False,False
2026-07-16,2026-07-17,600162,香江控股,2,2,地产链,5,4,False,False,False,False,True,False,False,False,False,False,mid_2_3|legacy_near,False,False,True,True,False,True,True,False,True,False,,3,False,False,False,False
2026-07-16,2026-07-17,600785,新华百货,2,2,零售,5,4,False,False,False,False,True,False,False,False,False,False,mid_2_3|legacy_near,False,False,True,True,False,False,False,,False,False,,,False,False,False,False
2026-07-17,2026-07-20,603580,艾艾精工,4,4,实控人变更,4,5,True,True,True,False,True,True,True,False,False,False,new_high|legacy_near,True,False,False,True,True,False,False,,False,True,-9.9955,,False,False,True,True
2026-07-17,2026-07-20,000676,智度股份,3,3,端侧AI,4,5,True,True,True,False,True,True,True,False,False,False,sub_high|mid_2_3|legacy_near,False,True,True,True,False,False,False,,False,False,,,False,False,False,False
2026-07-17,2026-07-20,002677,浙江美大,3,3,实控人变更,4,5,True,True,True,False,True,True,True,False,False,False,sub_high|mid_2_3|legacy_near,False,True,True,True,True,False,False,,False,False,,,False,False,False,True
2026-07-17,2026-07-20,600162,香江控股,3,3,算力,4,5,True,True,True,False,True,True,True,False,False,False,sub_high|mid_2_3|legacy_near,False,True,True,True,False,False,False,,False,False,,,False,False,False,False
2026-07-17,2026-07-20,001258,立新能源,2,2,电力,4,5,True,True,True,False,True,True,True,False,False,False,h_minus_2|mid_2_3,False,False,True,False,False,True,True,False,True,False,,3,True,True,True,False
2026-07-17,2026-07-20,002632,道明光学,2,2,端侧AI,4,5,True,True,True,False,True,True,True,False,False,False,h_minus_2|mid_2_3,False,False,True,False,False,False,False,,False,False,,,False,False,False,False
2026-07-17,2026-07-20,002829,星网宇达,2,2,中报增长,4,5,True,True,True,False,True,True,True,False,False,False,h_minus_2|mid_2_3,False,False,True,False,False,False,False,,False,False,,,False,False,False,False
2026-07-17,2026-07-20,603567,珍宝岛,2,2,医药,4,5,True,True,True,False,True,True,True,False,True,True,h_minus_2|mid_2_3,False,False,True,False,False,False,False,,False,False,,,False,False,False,False
2026-07-20,2026-07-21,001258,立新能源,3,3,电力,3,4,True,True,True,False,False,True,False,False,False,False,new_high|mid_2_3|legacy_near,True,False,True,True,False,True,True,False,True,False,,4,True,True,True,False
2026-07-20,2026-07-21,000037,深南电A,2,2,电力,3,4,True,True,True,False,False,True,False,False,False,False,sub_high|mid_2_3|legacy_near,False,True,True,True,False,False,False,,False,False,,,False,False,False,False
2026-07-20,2026-07-21,000722,湖南发展,2,2,电力,3,4,True,True,True,False,False,True,False,False,False,False,sub_high|mid_2_3|legacy_near,False,True,True,True,False,False,False,,False,False,,,False,False,False,False
2026-07-20,2026-07-21,600236,桂冠电力,2,2,电力,3,4,True,True,True,False,False,True,False,False,False,False,sub_high|mid_2_3|legacy_near,False,True,True,True,False,False,False,,False,False,,,False,False,False,False
2026-07-20,2026-07-21,600644,乐山电力,2,2,电力,3,4,True,True,True,False,False,True,False,False,False,False,sub_high|mid_2_3|legacy_near,False,True,True,True,False,False,False,,False,False,,,True,False,False,False
2026-07-20,2026-07-21,600722,金牛化工,2,2,化工,3,4,True,True,True,False,False,True,False,False,False,False,sub_high|mid_2_3|legacy_near,False,True,True,True,False,False,False,,False,False,,,True,False,True,False
2026-07-20,2026-07-21,600744,华银电力,2,2,电力,3,4,True,True,True,False,False,True,False,False,False,False,sub_high|mid_2_3|legacy_near,False,True,True,True,False,True,True,False,True,False,,3,True,True,False,False
2026-07-21,2026-07-22,001258,立新能源,4,4,电力,4,3,False,False,False,False,True,False,False,False,False,False,new_high,True,False,False,False,False,True,True,False,True,False,,5,True,True,False,True
2026-07-21,2026-07-22,600744,华银电力,3,3,电力,4,3,False,False,False,False,True,False,False,False,False,False,sub_high|mid_2_3,False,True,True,False,False,True,True,False,True,False,,4,False,False,False,True
2026-07-21,2026-07-22,000815,美利云,2,2,算力,4,3,False,False,False,False,True,False,False,False,False,False,h_minus_2|mid_2_3|legacy_near,False,False,True,True,False,True,True,False,True,False,,3,True,True,False,False
2026-07-21,2026-07-22,000889,中嘉博创,2,2,算力,4,3,False,False,False,False,True,False,False,False,False,False,h_minus_2|mid_2_3|legacy_near,False,False,True,True,False,False,False,,False,False,,,False,False,False,False
2026-07-21,2026-07-22,002036,联创电子,2,2,通信,4,3,False,False,False,False,True,False,False,False,False,False,h_minus_2|mid_2_3|legacy_near,False,False,True,True,False,False,False,,False,False,,,False,False,False,False
2026-07-22,2026-07-23,001258,立新能源,5,5+,电力,5,4,False,False,False,False,False,True,False,False,False,False,new_high,True,False,False,False,False,True,True,False,True,False,,6,False,False,True,False
2026-07-22,2026-07-23,600744,华银电力,4,4,电力,5,4,False,False,False,False,False,True,False,False,False,False,sub_high,False,True,False,False,False,False,False,,False,False,,,False,False,False,False
2026-07-22,2026-07-23,000815,美利云,3,3,算力,5,4,False,False,False,False,False,True,False,False,False,False,h_minus_2|mid_2_3|legacy_near,False,False,True,True,False,True,True,False,True,False,,4,False,False,False,False
2026-07-22,2026-07-23,000603,盛达资源,2,2,黄金,5,4,False,False,False,False,False,True,False,False,False,False,mid_2_3|legacy_near,False,False,True,True,False,True,True,False,True,False,,3,False,False,False,False
2026-07-22,2026-07-23,002197,证通电子,2,2,算力,5,4,False,False,False,False,False,True,False,False,False,False,mid_2_3|legacy_near,False,False,True,True,False,True,True,False,True,False,,3,False,False,False,False
2026-07-22,2026-07-23,002213,大为股份,2,2,芯片,5,4,False,False,False,False,False,True,False,False,False,False,mid_2_3|legacy_near,False,False,True,True,False,False,False,,False,False,,,False,False,False,False
2026-07-22,2026-07-23,002879,长缆科技,2,2,智能电网,5,4,False,False,False,False,False,True,False,False,False,False,mid_2_3|legacy_near,False,False,True,True,False,True,True,False,True,False,,3,True,True,True,False
2026-07-22,2026-07-23,301583,托伦斯,2,2,芯片,5,4,False,False,False,False,False,True,False,False,False,False,mid_2_3|legacy_near,False,False,True,True,False,False,False,,False,False,,,True,False,False,False
2026-07-22,2026-07-23,603118,共进股份,2,2,通信,5,4,False,False,False,False,False,True,False,False,False,False,mid_2_3|legacy_near,False,False,True,True,False,False,False,,False,False,,,False,False,False,False
2026-07-22,2026-07-23,603221,爱丽家居,2,2,并购重组,5,4,False,False,False,False,False,True,False,False,False,False,mid_2_3|legacy_near,False,False,True,True,True,True,True,True,False,False,,3,True,True,True,False
2026-07-22,2026-07-23,603407,长裕集团,2,2,非金属材料,5,4,False,False,False,False,False,True,False,False,False,False,mid_2_3|legacy_near,False,False,True,True,True,False,False,,False,False,,,False,False,False,False
2026-07-22,2026-07-23,603629,利通电子,2,2,人工智能,5,4,False,False,False,False,False,True,False,False,False,False,mid_2_3|legacy_near,False,False,True,True,False,False,False,,False,True,1.9774,,False,False,False,False
2026-07-23,2026-07-24,001258,立新能源,6,5+,绿色电力,6,5,False,False,False,False,False,False,False,False,False,False,new_high,True,False,False,False,False,False,False,,False,True,7.597,,True,False,False,False
2026-07-23,2026-07-24,000815,美利云,4,4,算力,6,5,False,False,False,False,False,False,False,False,False,False,h_minus_2|legacy_near,False,False,False,True,False,False,False,,False,False,,,False,False,False,False
2026-07-23,2026-07-24,000603,盛达资源,3,3,黄金,6,5,False,False,False,False,False,False,False,False,False,False,mid_2_3|legacy_near,False,False,True,True,False,False,False,,False,False,,,False,False,False,False
2026-07-23,2026-07-24,002197,证通电子,3,3,算力,6,5,False,False,False,False,False,False,False,False,False,False,mid_2_3|legacy_near,False,False,True,True,False,False,False,,False,False,,,False,False,False,False
2026-07-23,2026-07-24,002879,长缆科技,3,3,智能电网,6,5,False,False,False,False,False,False,False,False,False,False,mid_2_3|legacy_near,False,False,True,True,False,True,True,False,True,False,,4,True,True,False,False
2026-07-23,2026-07-24,603221,爱丽家居,3,3,并购重组,6,5,False,False,False,False,False,False,False,False,False,False,mid_2_3|legacy_near,False,False,True,True,True,True,True,True,False,False,,4,True,True,True,False
2026-07-23,2026-07-24,000595,新能股份,2,2,绿色电力,6,5,False,False,False,False,False,False,False,False,False,False,mid_2_3,False,False,True,False,True,True,True,False,True,False,,3,False,False,False,False
2026-07-23,2026-07-24,002412,汉森制药,2,2,医药,6,5,False,False,False,False,False,False,False,False,False,False,mid_2_3,False,False,True,False,False,False,False,,False,True,-3.9295,,False,False,False,False
2026-07-23,2026-07-24,002900,哈三联,2,2,医药,6,5,False,False,False,False,False,False,False,False,False,False,mid_2_3,False,False,True,False,False,False,False,,False,False,,,True,False,False,False
2026-07-23,2026-07-24,301234,五洲医疗,2,2,并购重组,6,5,False,False,False,False,False,False,False,False,False,False,mid_2_3,False,False,True,False,True,True,True,True,False,False,,3,True,True,False,False
2026-07-23,2026-07-24,600396,华电辽能,2,2,绿色电力,6,5,False,False,False,False,False,False,False,False,False,False,mid_2_3,False,False,True,False,False,False,False,,False,False,,,False,False,False,False
2026-07-23,2026-07-24,600722,金牛化工,2,2,化工,6,5,False,False,False,False,False,False,False,False,False,False,mid_2_3,False,False,True,False,False,False,False,,False,False,,,False,False,False,False
2026-07-23,2026-07-24,603619,中曼石油,2,2,石油石化,6,5,False,False,False,False,False,False,False,False,False,False,mid_2_3,False,False,True,False,False,False,False,,False,False,,,False,False,False,False
2026-07-23,2026-07-24,603988,中电电机,2,2,黄金,6,5,False,False,False,False,False,False,False,False,False,False,mid_2_3,False,False,True,False,False,False,False,,False,False,,,True,False,False,False
2026-07-23,2026-07-24,605162,新中港,2,2,绿色电力,6,5,False,False,False,False,False,False,False,False,False,False,mid_2_3,False,False,True,False,False,False,False,,False,False,,,False,False,True,False
2026-07-24,2026-07-27,002879,长缆科技,4,4,智能电网,4,6,True,True,True,False,True,False,True,False,False,False,new_high|legacy_near,True,False,False,True,False,True,True,False,True,False,,5,False,False,False,False
2026-07-24,2026-07-27,603221,爱丽家居,4,4,并购重组,4,6,True,True,True,False,True,False,True,False,False,False,new_high|legacy_near,True,False,False,True,True,True,True,True,False,False,,5,True,True,True,True
2026-07-24,2026-07-27,000595,新能股份,3,3,绿色电力,4,6,True,True,True,False,True,False,True,False,True,True,sub_high|mid_2_3,False,True,True,False,False,False,False,,False,False,,,False,False,False,False
2026-07-24,2026-07-27,301234,五洲医疗,3,3,并购重组,4,6,True,True,True,False,True,False,True,False,False,False,sub_high|mid_2_3,False,True,True,False,True,True,True,False,True,False,,4,False,False,False,True
2026-07-24,2026-07-27,000011,深物业A,2,2,地产链,4,6,True,True,True,False,True,False,True,False,False,False,h_minus_2|mid_2_3,False,False,True,False,False,False,False,,False,True,-1.3317,,False,False,False,False
2026-07-24,2026-07-27,000533,顺钠股份,2,2,智能电网,4,6,True,True,True,False,True,False,True,False,False,False,h_minus_2|mid_2_3,False,False,True,False,True,True,True,False,True,False,,3,True,True,False,False
2026-07-24,2026-07-27,000668,荣丰控股,2,2,ST摘帽,4,6,True,True,True,False,True,False,True,False,False,False,h_minus_2|mid_2_3,False,False,True,False,False,False,False,,False,True,7.6401,,False,False,True,False
2026-07-24,2026-07-27,002083,孚日股份,2,2,电解液,4,6,True,True,True,False,True,False,True,False,False,False,h_minus_2|mid_2_3,False,False,True,False,False,False,False,,False,True,4.1667,,False,False,True,False
2026-07-24,2026-07-27,002199,东晶电子,2,2,ST摘帽,4,6,True,True,True,False,True,False,True,False,False,False,h_minus_2|mid_2_3,False,False,True,False,False,False,False,,False,False,,,True,False,True,False
2026-07-24,2026-07-27,002298,中电鑫龙,2,2,智能电网,4,6,True,True,True,False,True,False,True,False,False,False,h_minus_2|mid_2_3,False,False,True,False,False,False,False,,False,False,,,False,False,True,False
2026-07-24,2026-07-27,002300,太阳电缆,2,2,智能电网,4,6,True,True,True,False,True,False,True,False,False,False,h_minus_2|mid_2_3,False,False,True,False,False,False,False,,False,False,,,False,False,False,False
2026-07-24,2026-07-27,002498,汉缆股份,2,2,智能电网,4,6,True,True,True,False,True,False,True,False,False,False,h_minus_2|mid_2_3,False,False,True,False,False,False,False,,False,False,,,False,False,True,False
2026-07-24,2026-07-27,003001,中岩大地,2,2,并购重组,4,6,True,True,True,False,True,False,True,False,False,False,h_minus_2|mid_2_3,False,False,True,False,False,False,False,,False,False,,,False,False,True,True
2026-07-24,2026-07-27,600698,湖南天雁,2,2,并购重组,4,6,True,True,True,False,True,False,True,False,False,False,h_minus_2|mid_2_3,False,False,True,False,False,False,False,,False,False,,,False,False,False,True
2026-07-24,2026-07-27,600984,建设机械,2,2,新型工业化,4,6,True,True,True,False,True,False,True,False,False,False,h_minus_2|mid_2_3,False,False,True,False,False,False,False,,False,False,,,False,False,False,False
2026-07-24,2026-07-27,601606,长城军工,2,2,军工,4,6,True,True,True,False,True,False,True,False,False,False,h_minus_2|mid_2_3,False,False,True,False,False,True,True,False,True,False,,3,False,False,False,False
2026-07-24,2026-07-27,603956,威派格,2,2,机器人概念,4,6,True,True,True,False,True,False,True,False,False,False,h_minus_2|mid_2_3,False,False,True,False,False,False,False,,False,False,,,False,False,False,False
2026-07-27,2026-07-28,002879,长缆科技,5,5+,智能电网,5,4,False,False,False,False,True,True,False,False,False,False,new_high,True,False,False,False,False,False,False,,False,False,,,False,False,False,True
2026-07-27,2026-07-28,603221,爱丽家居,5,5+,并购重组,5,4,False,False,False,False,True,True,False,False,False,False,new_high,True,False,False,False,True,True,True,True,False,False,,6,True,True,True,False
2026-07-27,2026-07-28,301234,五洲医疗,4,4,并购重组,5,4,False,False,False,False,True,True,False,False,False,False,sub_high,False,True,False,False,False,False,False,,False,False,,,False,False,False,False
2026-07-27,2026-07-28,000533,顺钠股份,3,3,智能电网,5,4,False,False,False,False,True,True,False,False,False,False,h_minus_2|mid_2_3|legacy_near,False,False,True,True,False,True,True,False,True,False,,4,False,False,False,True
2026-07-27,2026-07-28,601606,长城军工,3,3,军工,5,4,False,False,False,False,True,True,False,False,False,False,h_minus_2|mid_2_3|legacy_near,False,False,True,True,False,False,False,,False,False,,,False,False,False,False
2026-07-27,2026-07-28,002388,新亚制程,2,2,锂电池,5,4,False,False,False,False,True,True,False,False,False,False,mid_2_3|legacy_near,False,False,True,True,False,True,True,False,True,False,,3,False,False,False,False
2026-07-27,2026-07-28,600617,国新能源,2,2,电力,5,4,False,False,False,False,True,True,False,False,False,False,mid_2_3|legacy_near,False,False,True,True,False,False,False,,False,True,-1.8767,,False,False,False,False
2026-07-27,2026-07-28,603690,至纯科技,2,2,芯片,5,4,False,False,False,False,True,True,False,False,False,False,mid_2_3|legacy_near,False,False,True,True,False,False,False,,False,True,4.5016,,False,False,False,False
2026-07-28,2026-07-29,603221,爱丽家居,6,5+,并购重组,6,5,False,True,False,False,False,True,True,False,False,False,new_high,True,False,False,False,True,True,True,True,False,False,,7,True,True,True,False
2026-07-28,2026-07-29,000533,顺钠股份,4,4,智能电网,6,5,False,True,False,False,False,True,True,False,True,True,h_minus_2|legacy_near,False,False,False,True,False,False,False,,False,False,,,False,False,False,False
2026-07-28,2026-07-29,002388,新亚制程,3,3,锂电池,6,5,False,True,False,False,False,True,True,False,False,False,mid_2_3|legacy_near,False,False,True,True,False,False,False,,False,False,,,False,False,False,False
2026-07-28,2026-07-29,000428,华天酒店,2,2,旅游,6,5,False,True,False,False,False,True,True,False,False,False,mid_2_3,False,False,True,False,False,True,True,False,True,False,,3,False,False,True,False
2026-07-28,2026-07-29,000566,海南海药,2,2,脑机接口,6,5,False,True,False,False,False,True,True,False,False,False,mid_2_3,False,False,True,False,False,False,False,,False,False,,,True,False,False,False
2026-07-28,2026-07-29,001358,兴欣新材,2,2,芯片,6,5,False,True,False,False,False,True,True,False,False,False,mid_2_3,False,False,True,False,False,True,True,False,True,False,,3,False,False,False,False
2026-07-28,2026-07-29,002173,创新医疗,2,2,脑机接口,6,5,False,True,False,False,False,True,True,False,False,False,mid_2_3,False,False,True,False,False,False,False,,False,False,,,False,False,False,False
2026-07-28,2026-07-29,002309,中利集团,2,2,智能电网,6,5,False,True,False,False,False,True,True,False,True,True,mid_2_3,False,False,True,False,False,False,False,,False,False,,,False,False,False,False
2026-07-28,2026-07-29,002310,东方新能,2,2,电力,6,5,False,True,False,False,False,True,True,False,False,False,mid_2_3,False,False,True,False,False,False,False,,False,False,,,False,False,False,False
2026-07-28,2026-07-29,002969,嘉美包装,2,2,实控人变更,6,5,False,True,False,False,False,True,True,False,False,False,mid_2_3,False,False,True,False,False,False,False,,False,False,,,False,False,False,False
2026-07-28,2026-07-29,003032,传智教育,2,2,AI应用,6,5,False,True,False,False,False,True,True,False,False,False,mid_2_3,False,False,True,False,False,True,True,True,False,False,,3,True,True,True,False
2026-07-28,2026-07-29,600775,南京熊猫,2,2,脑机接口,6,5,False,True,False,False,False,True,True,False,False,False,mid_2_3,False,False,True,False,False,False,False,,False,False,,,False,False,False,False
2026-07-28,2026-07-29,603358,华达科技,2,2,机器人概念,6,5,False,True,False,False,False,True,True,False,False,False,mid_2_3,False,False,True,False,False,False,False,,False,False,,,False,False,False,False
2026-07-28,2026-07-29,603389,亚振家居,2,2,ST摘帽,6,5,False,True,False,False,False,True,True,False,False,False,mid_2_3,False,False,True,False,False,False,False,,False,False,,,False,False,False,False
2026-07-28,2026-07-29,603716,塞力医疗,2,2,脑机接口,6,5,False,True,False,False,False,True,True,False,False,False,mid_2_3,False,False,True,False,False,False,False,,False,False,,,False,False,False,False
2026-07-28,2026-07-29,605068,明新旭腾,2,2,机器人概念,6,5,False,True,False,False,False,True,True,False,False,False,mid_2_3,False,False,True,False,False,True,True,False,True,False,,3,True,True,False,False
2026-07-29,2026-07-30,603221,爱丽家居,7,5+,并购重组,7,6,False,False,False,False,False,False,False,False,False,False,new_high,True,False,False,False,True,True,True,True,False,False,,8,True,True,False,False
2026-07-29,2026-07-30,000428,华天酒店,3,3,旅游,7,6,False,False,False,False,False,False,False,False,False,False,mid_2_3,False,False,True,False,False,False,False,,False,True,-5.198,,True,False,False,False
2026-07-29,2026-07-30,001358,兴欣新材,3,3,芯片,7,6,False,False,False,False,False,False,False,False,False,False,mid_2_3,False,False,True,False,False,False,False,,False,False,,,False,False,False,False
2026-07-29,2026-07-30,003032,传智教育,3,3,AI应用,7,6,False,False,False,False,False,False,False,False,False,False,mid_2_3,False,False,True,False,True,True,True,False,True,False,,4,True,True,True,False
2026-07-29,2026-07-30,605068,明新旭腾,3,3,机器人概念,7,6,False,False,False,False,False,False,False,False,False,False,mid_2_3,False,False,True,False,False,True,True,False,True,False,,4,False,False,False,False
2026-07-29,2026-07-30,002199,东晶电子,2,2,ST摘帽,7,6,False,False,False,False,False,False,False,False,False,False,mid_2_3,False,False,True,False,False,False,False,,False,True,6.348,,False,False,False,False
2026-07-29,2026-07-30,002212,天融信,2,2,AI应用,7,6,False,False,False,False,False,False,False,False,False,False,mid_2_3,False,False,True,False,False,False,False,,False,False,,,False,False,False,False
2026-07-29,2026-07-30,600693,东百集团,2,2,零售,7,6,False,False,False,False,False,False,False,False,False,False,mid_2_3,False,False,True,False,False,False,False,,False,False,,,False,False,False,False
2026-07-29,2026-07-30,603400,华之杰,2,2,机器人概念,7,6,False,False,False,False,False,False,False,False,False,False,mid_2_3,False,False,True,False,False,False,False,,False,False,,,False,False,False,False
2026-07-29,2026-07-30,603580,艾艾精工,2,2,实控人变更,7,6,False,False,False,False,False,False,False,False,False,False,mid_2_3,False,False,True,False,False,False,False,,False,False,,,False,False,False,False
2026-07-29,2026-07-30,605179,一鸣食品,2,2,食品饮料,7,6,False,False,False,False,False,False,False,False,False,False,mid_2_3,False,False,True,False,False,True,True,True,False,False,,3,True,True,True,False
2026-07-30,2026-07-31,603221,爱丽家居,8,5+,并购重组,8,7,False,False,False,False,True,False,False,False,False,False,new_high,True,False,False,False,True,True,True,True,False,False,,9,False,False,False,True
2026-07-30,2026-07-31,003032,传智教育,4,4,AI应用,8,7,False,False,False,False,True,False,False,False,False,False,,False,False,False,False,False,True,True,False,True,False,,5,True,True,True,False
2026-07-30,2026-07-31,605068,明新旭腾,4,4,汽车零部件,8,7,False,False,False,False,True,False,False,False,False,False,,False,False,False,False,False,False,False,,False,True,5.3424,,False,False,True,False
2026-07-30,2026-07-31,605179,一鸣食品,3,3,食品饮料,8,7,False,False,False,False,True,False,False,False,False,False,mid_2_3,False,False,True,False,True,True,True,False,True,False,,4,True,True,False,False
2026-07-30,2026-07-31,002827,高争民爆,2,2,实控人变更,8,7,False,False,False,False,True,False,False,False,False,False,mid_2_3,False,False,True,False,True,True,True,False,True,False,,3,True,True,False,False
2026-07-30,2026-07-31,002882,金龙羽,2,2,锂电池,8,7,False,False,False,False,True,False,False,False,False,False,mid_2_3,False,False,True,False,False,False,False,,False,False,,,False,False,False,False
2026-07-30,2026-07-31,600228,返利科技,2,2,AI应用,8,7,False,False,False,False,True,False,False,False,False,False,mid_2_3,False,False,True,False,False,False,False,,False,True,5.5935,,False,False,True,False
2026-07-30,2026-07-31,601003,柳钢股份,2,2,钢铁,8,7,False,False,False,False,True,False,False,False,False,False,mid_2_3,False,False,True,False,False,False,False,,False,False,,,False,False,False,False
2026-07-30,2026-07-31,603556,海兴电力,2,2,智能电网,8,7,False,False,False,False,True,False,False,False,False,False,mid_2_3,False,False,True,False,False,False,False,,False,False,,,False,False,False,False
2026-07-30,2026-07-31,605388,均瑶健康,2,2,食品饮料,8,7,False,False,False,False,True,False,False,False,False,False,mid_2_3,False,False,True,False,False,False,False,,False,False,,,False,False,False,False
2026-07-31,2026-08-03,603221,爱丽家居,9,5+,并购重组,9,8,False,False,False,True,True,True,False,False,False,False,new_high,True,False,False,False,True,False,False,,False,False,,,False,False,False,True
2026-07-31,2026-08-03,003032,传智教育,5,5+,AI应用,9,8,False,False,False,True,True,True,False,False,False,False,,False,False,False,False,False,True,True,True,False,False,,6,True,True,True,False
2026-07-31,2026-08-03,605179,一鸣食品,4,4,食品饮料,9,8,False,False,False,True,True,True,False,False,False,False,,False,False,False,False,False,True,True,False,True,False,,5,False,False,False,False
2026-07-31,2026-08-03,002827,高争民爆,3,3,实控人变更,9,8,False,False,False,True,True,True,False,False,False,False,mid_2_3,False,False,True,False,False,True,True,False,True,False,,4,False,False,False,False
2026-07-31,2026-08-03,000009,中国宝安,2,2,锂电池,9,8,False,False,False,True,True,True,False,False,False,False,mid_2_3,False,False,True,False,False,False,False,,False,False,,,False,False,False,False
2026-07-31,2026-08-03,000820,神雾节能,2,2,ST摘帽,9,8,False,False,False,True,True,True,False,False,False,False,mid_2_3,False,False,True,False,True,True,True,False,True,False,,3,True,True,False,False
2026-07-31,2026-08-03,300996,普联软件,2,2,AI应用,9,8,False,False,False,True,True,True,False,False,False,False,mid_2_3,False,False,True,False,False,False,False,,False,False,,,False,False,False,False
2026-07-31,2026-08-03,600162,香江控股,2,2,算力,9,8,False,False,False,True,True,True,False,False,False,False,mid_2_3,False,False,True,False,False,False,False,,False,False,,,False,False,False,False
2026-07-31,2026-08-03,603039,泛微网络,2,2,AI应用,9,8,False,False,False,True,True,True,False,False,False,False,mid_2_3,False,False,True,False,False,False,False,,False,True,6.0663,,False,False,False,False
2026-07-31,2026-08-03,603171,税友股份,2,2,AI应用,9,8,False,False,False,True,True,True,False,False,False,False,mid_2_3,False,False,True,False,False,False,False,,False,False,,,False,False,False,False
2026-08-03,2026-08-04,003032,传智教育,6,5+,AI应用,6,9,True,True,True,False,False,True,True,False,False,False,new_high,True,False,False,False,True,True,True,False,True,False,,7,True,True,False,False
2026-08-03,2026-08-04,605179,一鸣食品,5,5+,食品饮料,6,9,True,True,True,False,False,True,True,False,False,False,sub_high,False,True,False,False,False,False,False,,False,False,,,False,False,False,False
2026-08-03,2026-08-04,002827,高争民爆,4,4,实控人变更,6,9,True,True,True,False,False,True,True,False,False,False,h_minus_2,False,False,False,False,False,False,False,,False,True,10.0105,,False,False,True,False
2026-08-03,2026-08-04,000820,神雾节能,3,3,ST摘帽,6,9,True,True,True,False,False,True,True,False,False,False,mid_2_3,False,False,True,False,False,True,True,False,True,False,,4,False,False,False,False
2026-08-03,2026-08-04,000593,德龙汇能,2,2,举牌,6,9,True,True,True,False,False,True,True,False,False,False,mid_2_3,False,False,True,False,True,True,True,True,False,False,,3,True,True,False,False
2026-08-03,2026-08-04,000595,新能股份,2,2,电力,6,9,True,True,True,False,False,True,True,False,False,False,mid_2_3,False,False,True,False,False,True,True,False,True,False,,3,False,False,False,False
2026-08-03,2026-08-04,000815,美利云,2,2,算力,6,9,True,True,True,False,False,True,True,False,False,False,mid_2_3,False,False,True,False,False,True,True,False,True,False,,3,False,False,False,False
2026-08-03,2026-08-04,000967,盈峰环境,2,2,算力,6,9,True,True,True,False,False,True,True,False,False,False,mid_2_3,False,False,True,False,False,False,False,,False,False,,,False,False,False,False
2026-08-03,2026-08-04,001223,欧克科技,2,2,通信,6,9,True,True,True,False,False,True,True,False,False,False,mid_2_3,False,False,True,False,False,False,False,,False,True,9.0959,,False,False,False,False
2026-08-03,2026-08-04,002131,利欧股份,2,2,AI应用,6,9,True,True,True,False,False,True,True,False,False,False,mid_2_3,False,False,True,False,False,False,False,,False,False,,,False,False,False,False
2026-08-03,2026-08-04,002354,天娱数科,2,2,机器人概念,6,9,True,True,True,False,False,True,True,False,False,False,mid_2_3,False,False,True,False,False,True,True,False,True,False,,3,False,False,False,False
2026-08-03,2026-08-04,002896,中大力德,2,2,机器人概念,6,9,True,True,True,False,False,True,True,False,False,False,mid_2_3,False,False,True,False,False,False,False,,False,False,,,False,False,False,False
2026-08-03,2026-08-04,002963,豪尔赛,2,2,旅游,6,9,True,True,True,False,False,True,True,False,False,False,mid_2_3,False,False,True,False,False,True,True,False,True,False,,3,True,True,True,False
2026-08-03,2026-08-04,003001,中岩大地,2,2,核电,6,9,True,True,True,False,False,True,True,False,False,False,mid_2_3,False,False,True,False,False,False,False,,False,False,,,False,False,False,False
2026-08-03,2026-08-04,603106,恒银科技,2,2,AI应用,6,9,True,True,True,False,False,True,True,False,False,False,mid_2_3,False,False,True,False,True,True,True,False,True,False,,3,False,False,True,False
2026-08-03,2026-08-04,603261,立航科技,2,2,ST摘帽,6,9,True,True,True,False,False,True,True,False,False,False,mid_2_3,False,False,True,False,False,False,False,,False,False,,,False,False,False,False
2026-08-03,2026-08-04,603682,锦和商管,2,2,地产链,6,9,True,True,True,False,False,True,True,False,False,True,mid_2_3,False,False,True,False,False,False,False,,False,False,,,False,False,False,False
2026-08-04,2026-08-05,003032,传智教育,7,5+,AI应用,7,6,False,False,False,False,True,False,False,False,False,False,new_high,True,False,False,False,False,True,True,False,True,False,,8,False,False,False,True
2026-08-04,2026-08-05,000820,神雾节能,4,4,ST摘帽,7,6,False,False,False,False,True,False,False,False,False,False,legacy_near,False,False,False,True,False,False,False,,False,False,,,False,False,False,False
2026-08-04,2026-08-05,000593,德龙汇能,3,3,举牌,7,6,False,False,False,False,True,False,False,False,False,False,mid_2_3,False,False,True,False,True,True,True,False,True,False,,4,False,False,False,False
2026-08-04,2026-08-05,000595,新能股份,3,3,电力,7,6,False,False,False,False,True,False,False,False,False,False,mid_2_3,False,False,True,False,False,False,False,,False,True,1.6768,,False,False,False,False
2026-08-04,2026-08-05,000815,美利云,3,3,算力,7,6,False,False,False,False,True,False,False,False,False,False,mid_2_3,False,False,True,False,False,False,False,,False,False,,,False,False,False,False
2026-08-04,2026-08-05,002354,天娱数科,3,3,虚拟人,7,6,False,False,False,False,True,False,False,False,False,False,mid_2_3,False,False,True,False,False,False,False,,False,False,,,False,False,False,False
2026-08-04,2026-08-05,002963,豪尔赛,3,3,旅游,7,6,False,False,False,False,True,False,False,False,False,False,mid_2_3,False,False,True,False,False,True,True,False,True,False,,4,True,True,False,False
2026-08-04,2026-08-05,603106,恒银科技,3,3,AI应用,7,6,False,False,False,False,True,False,False,False,False,False,mid_2_3,False,False,True,False,False,False,False,,False,True,0.9956,,True,False,False,True
2026-08-04,2026-08-05,000533,顺钠股份,2,2,核电,7,6,False,False,False,False,True,False,False,False,False,False,mid_2_3,False,False,True,False,False,False,False,,False,False,,,False,False,False,False
2026-08-04,2026-08-05,001229,魅视科技,2,2,物理AI,7,6,False,False,False,False,True,False,False,False,False,False,mid_2_3,False,False,True,False,False,False,False,,False,True,9.9792,,False,False,False,False
2026-08-04,2026-08-05,001331,胜通能源,2,2,机器人概念,7,6,False,False,False,False,True,False,False,False,False,False,mid_2_3,False,False,True,False,False,False,False,,False,False,,,False,False,False,False
2026-08-04,2026-08-05,002361,神剑股份,2,2,商业航天,7,6,False,False,False,False,True,False,False,False,False,False,mid_2_3,False,False,True,False,False,False,False,,False,False,,,False,False,False,False
2026-08-04,2026-08-05,002421,达实智能,2,2,AI应用,7,6,False,False,False,False,True,False,False,False,False,False,mid_2_3,False,False,True,False,False,False,False,,False,False,,,False,False,False,True
2026-08-04,2026-08-05,002792,通宇通讯,2,2,商业航天,7,6,False,False,False,False,True,False,False,False,False,False,mid_2_3,False,False,True,False,False,False,False,,False,True,6.9217,,True,False,True,False
2026-08-04,2026-08-05,300615,欣天科技,2,2,实控人变更,7,6,False,False,False,False,True,False,False,False,False,False,mid_2_3,False,False,True,False,True,True,True,True,False,False,,3,True,True,False,False
2026-08-04,2026-08-05,601700,风范股份,2,2,智能电网,7,6,False,False,False,False,True,False,False,False,False,False,mid_2_3,False,False,True,False,False,True,True,False,True,False,,3,True,True,False,False
2026-08-04,2026-08-05,601858,中国科传,2,2,文化传媒,7,6,False,False,False,False,True,False,False,False,False,False,mid_2_3,False,False,True,False,False,False,False,,False,False,,,False,False,False,False
2026-08-04,2026-08-05,603222,济民健康,2,2,医药,7,6,False,False,False,False,True,False,False,False,False,False,mid_2_3,False,False,True,False,False,False,False,,False,False,,,False,False,False,False
2026-08-04,2026-08-05,605167,利柏特,2,2,核电,7,6,False,False,False,False,True,False,False,False,False,False,mid_2_3,False,False,True,False,True,False,False,,False,False,,,False,False,False,False
2026-08-05,2026-08-06,003032,传智教育,8,5+,AI应用,8,7,False,False,False,False,False,True,False,False,False,False,new_high,True,False,False,False,False,False,False,,False,False,,,False,False,False,False
2026-08-05,2026-08-06,000593,德龙汇能,4,4,举牌,8,7,False,False,False,False,False,True,False,False,False,False,,False,False,False,False,False,False,False,,False,False,,,False,False,False,False
2026-08-05,2026-08-06,002963,豪尔赛,4,4,旅游,8,7,False,False,False,False,False,True,False,False,False,False,,False,False,False,False,False,True,True,False,True,False,,5,False,False,False,False
2026-08-05,2026-08-06,300615,欣天科技,3,3,实控人变更,8,7,False,False,False,False,False,True,False,False,False,False,mid_2_3,False,False,True,False,True,True,True,False,True,False,,4,False,False,False,False
2026-08-05,2026-08-06,601700,风范股份,3,3,智能电网,8,7,False,False,False,False,False,True,False,False,False,False,mid_2_3,False,False,True,False,False,True,True,False,True,False,,4,False,False,True,False
2026-08-05,2026-08-06,000510,新金路,2,2,有色金属,8,7,False,False,False,False,False,True,False,False,False,False,mid_2_3,False,False,True,False,False,False,False,,False,False,,,False,False,False,False
2026-08-05,2026-08-06,000811,冰轮环境,2,2,算力,8,7,False,False,False,False,False,True,False,False,False,False,mid_2_3,False,False,True,False,False,False,False,,False,False,,,False,False,False,False
2026-08-05,2026-08-06,000962,东方钽业,2,2,有色金属,8,7,False,False,False,False,False,True,False,False,False,False,mid_2_3,False,False,True,False,False,False,False,,False,False,,,False,False,False,False
2026-08-05,2026-08-06,001267,汇绿生态,2,2,通信,8,7,False,False,False,False,False,True,False,False,False,False,mid_2_3,False,False,True,False,False,True,True,False,True,False,,3,True,True,False,False
2026-08-05,2026-08-06,002080,中材科技,2,2,通信,8,7,False,False,False,False,False,True,False,False,False,False,mid_2_3,False,False,True,False,False,False,False,,False,False,,,False,False,False,False
2026-08-05,2026-08-06,002348,高乐股份,2,2,算力,8,7,False,False,False,False,False,True,False,False,False,False,mid_2_3,False,False,True,False,False,False,False,,False,False,,,False,False,False,False
2026-08-05,2026-08-06,002425,凯撒文化,2,2,游戏,8,7,False,False,False,False,False,True,False,False,False,False,mid_2_3,False,False,True,False,True,True,True,False,True,False,,3,False,False,False,False
2026-08-05,2026-08-06,002428,云南锗业,2,2,芯片,8,7,False,False,False,False,False,True,False,False,False,False,mid_2_3,False,False,True,False,False,True,True,False,True,False,,3,True,True,False,False
2026-08-05,2026-08-06,002552,宝鼎科技,2,2,通信,8,7,False,False,False,False,False,True,False,False,False,False,mid_2_3,False,False,True,False,False,True,True,False,True,False,,3,True,True,True,False
2026-08-05,2026-08-06,002579,中京电子,2,2,通信,8,7,False,False,False,False,False,True,False,False,False,False,mid_2_3,False,False,True,False,False,False,False,,False,False,,,False,False,False,False
2026-08-05,2026-08-06,002655,共达电声,2,2,金刚石概念,8,7,False,False,False,False,False,True,False,False,False,False,mid_2_3,False,False,True,False,False,False,False,,False,False,,,False,False,False,False
2026-08-05,2026-08-06,002674,兴业科技,2,2,芯片,8,7,False,False,False,False,False,True,False,False,False,False,mid_2_3,False,False,True,False,False,False,False,,False,False,,,False,False,False,False
2026-08-05,2026-08-06,002957,科瑞技术,2,2,通信,8,7,False,False,False,False,False,True,False,False,False,False,mid_2_3,False,False,True,False,False,False,False,,False,False,,,False,False,False,False
2026-08-05,2026-08-06,002975,博杰股份,2,2,芯片,8,7,False,False,False,False,False,True,False,False,False,False,mid_2_3,False,False,True,False,False,True,True,False,True,False,,3,False,False,False,False
2026-08-05,2026-08-06,002980,华盛昌,2,2,通信,8,7,False,False,False,False,False,True,False,False,False,False,mid_2_3,False,False,True,False,False,False,False,,False,False,,,False,False,False,False
2026-08-05,2026-08-06,002990,盛视科技,2,2,算力,8,7,False,False,False,False,False,True,False,False,False,False,mid_2_3,False,False,True,False,False,False,False,,False,False,,,False,False,False,False
2026-08-05,2026-08-06,003018,金富科技,2,2,算力,8,7,False,False,False,False,False,True,False,False,False,False,mid_2_3,False,False,True,False,False,False,False,,False,False,,,False,False,False,False
2026-08-05,2026-08-06,600397,江钨装备,2,2,有色金属,8,7,False,False,False,False,False,True,False,False,False,False,mid_2_3,False,False,True,False,False,True,True,False,True,False,,3,False,False,False,False
2026-08-05,2026-08-06,600721,百花医药,2,2,医药,8,7,False,False,False,False,False,True,False,False,False,False,mid_2_3,False,False,True,False,False,True,True,False,True,False,,3,True,True,True,False
2026-08-05,2026-08-06,600892,大晟文化,2,2,AI应用,8,7,False,False,False,False,False,True,False,False,False,False,mid_2_3,False,False,True,False,False,True,True,False,True,False,,3,False,False,False,False
2026-08-05,2026-08-06,601208,东材科技,2,2,通信,8,7,False,False,False,False,False,True,False,False,False,False,mid_2_3,False,False,True,False,False,False,False,,False,False,,,True,False,False,False
2026-08-05,2026-08-06,603061,金海通,2,2,芯片,8,7,False,False,False,False,False,True,False,False,False,False,mid_2_3,False,False,True,False,False,False,False,,False,False,,,False,False,False,False
2026-08-05,2026-08-06,603115,海星股份,2,2,元器件,8,7,False,False,False,False,False,True,False,False,False,False,mid_2_3,False,False,True,False,False,False,False,,False,False,,,False,False,False,False
2026-08-05,2026-08-06,603186,华正新材,2,2,通信,8,7,False,False,False,False,False,True,False,False,False,False,mid_2_3,False,False,True,False,False,False,False,,False,True,8.9599,,True,False,False,False
2026-08-05,2026-08-06,603306,华懋科技,2,2,通信,8,7,False,False,False,False,False,True,False,False,False,False,mid_2_3,False,False,True,False,False,False,False,,False,False,,,False,False,False,False
2026-08-05,2026-08-06,603629,利通电子,2,2,算力,8,7,False,False,False,False,False,True,False,False,False,False,mid_2_3,False,False,True,False,False,False,False,,False,True,8.7617,,False,False,False,False
2026-08-05,2026-08-06,603773,沃格光电,2,2,芯片,8,7,False,False,False,False,False,True,False,False,False,False,mid_2_3,False,False,True,False,False,True,True,False,True,False,,3,True,True,False,False
2026-08-06,2026-08-07,603221,爱丽家居,10,5+,并购重组,10,8,True,True,False,True,False,False,True,False,False,False,new_high,True,False,False,False,False,False,False,,False,False,,,True,False,False,False
2026-08-06,2026-08-07,002963,豪尔赛,5,5+,旅游,10,8,True,True,False,True,False,False,True,False,False,False,,False,False,False,False,False,False,False,,False,False,,,False,False,True,False
2026-08-06,2026-08-07,300615,欣天科技,4,4,实控人变更,10,8,True,True,False,True,False,False,True,False,False,False,,False,False,False,False,False,False,False,,False,False,,,False,False,False,False
2026-08-06,2026-08-07,601700,风范股份,4,4,智能电网,10,8,True,True,False,True,False,False,True,False,False,False,,False,False,False,False,False,False,False,,False,False,,,True,False,False,False
2026-08-06,2026-08-07,001267,汇绿生态,3,3,通信,10,8,True,True,False,True,False,False,True,False,False,False,mid_2_3,False,False,True,False,False,True,True,False,True,False,,4,False,False,False,False
2026-08-06,2026-08-07,002425,凯撒文化,3,3,游戏,10,8,True,True,False,True,False,False,True,False,False,False,mid_2_3,False,False,True,False,False,False,False,,False,False,,,False,False,False,False
2026-08-06,2026-08-07,002428,云南锗业,3,3,芯片,10,8,True,True,False,True,False,False,True,False,False,False,mid_2_3,False,False,True,False,False,True,True,False,True,False,,4,False,False,False,False
2026-08-06,2026-08-07,002552,宝鼎科技,3,3,通信,10,8,True,True,False,True,False,False,True,False,False,False,mid_2_3,False,False,True,False,False,True,True,False,True,False,,4,True,True,False,False
2026-08-06,2026-08-07,002975,博杰股份,3,3,芯片,10,8,True,True,False,True,False,False,True,False,False,False,mid_2_3,False,False,True,False,False,False,False,,False,False,,,False,False,False,False
2026-08-06,2026-08-07,600397,江钨装备,3,3,有色金属,10,8,True,True,False,True,False,False,True,False,False,False,mid_2_3,False,False,True,False,False,False,False,,False,True,8.9994,,False,False,False,False
2026-08-06,2026-08-07,600721,百花医药,3,3,医药,10,8,True,True,False,True,False,False,True,False,False,False,mid_2_3,False,False,True,False,False,True,True,False,True,False,,4,True,True,True,False
2026-08-06,2026-08-07,600892,大晟文化,3,3,AI应用,10,8,True,True,False,True,False,False,True,False,True,True,mid_2_3,False,False,True,False,False,False,False,,False,False,,,False,False,False,False
2026-08-06,2026-08-07,603773,沃格光电,3,3,芯片,10,8,True,True,False,True,False,False,True,False,False,False,mid_2_3,False,False,True,False,False,True,True,False,True,False,,4,False,False,False,False
2026-08-06,2026-08-07,002214,大立科技,2,2,ST摘帽,10,8,True,True,False,True,False,False,True,False,False,False,mid_2_3,False,False,True,False,True,False,False,,False,False,,,False,False,False,False
2026-08-06,2026-08-07,002649,博彦科技,2,2,AI应用,10,8,True,True,False,True,False,False,True,False,True,True,mid_2_3,False,False,True,False,False,False,False,,False,False,,,False,False,False,False
2026-08-06,2026-08-07,002721,金一文化,2,2,黄金,10,8,True,True,False,True,False,False,True,False,False,False,mid_2_3,False,False,True,False,True,False,False,,False,True,4.7619,,False,False,True,False
2026-08-06,2026-08-07,002971,和远气体,2,2,芯片,10,8,True,True,False,True,False,False,True,False,False,False,mid_2_3,False,False,True,False,False,True,True,False,True,False,,3,False,False,False,False
2026-08-06,2026-08-07,600206,有研新材,2,2,芯片,10,8,True,True,False,True,False,False,True,False,False,False,mid_2_3,False,False,True,False,False,True,True,False,True,False,,3,False,False,False,False
2026-08-06,2026-08-07,603078,江化微,2,2,实控人变更,10,8,True,True,False,True,False,False,True,False,False,False,mid_2_3,False,False,True,False,False,False,False,,False,False,,,False,False,False,False
2026-08-06,2026-08-07,603823,百合花,2,2,芯片,10,8,True,True,False,True,False,False,True,False,False,False,mid_2_3,False,False,True,False,False,False,False,,False,False,,,False,False,True,False
2026-08-06,2026-08-07,603988,中电电机,2,2,黄金,10,8,True,True,False,True,False,False,True,False,False,False,mid_2_3,False,False,True,False,False,False,False,,False,False,,,False,False,False,False
2026-08-06,2026-08-07,688549,中巨芯,2,2,芯片,10,8,True,True,False,True,False,False,True,False,False,False,mid_2_3,False,False,True,False,False,False,False,,False,False,,,False,False,False,False
2026-08-07,2026-08-10,001267,汇绿生态,4,4,通信,4,10,True,True,True,False,False,False,True,False,False,False,new_high,True,False,False,False,False,False,False,,False,False,,,False,False,False,False
2026-08-07,2026-08-10,002428,云南锗业,4,4,芯片,4,10,True,True,True,False,False,False,True,False,False,False,new_high,True,False,False,False,False,False,False,,False,False,,,False,False,False,False
2026-08-07,2026-08-10,002552,宝鼎科技,4,4,通信,4,10,True,True,True,False,False,False,True,False,False,False,new_high,True,False,False,False,False,True,True,False,True,False,,5,False,False,True,False
2026-08-07,2026-08-10,600721,百花医药,4,4,医药,4,10,True,True,True,False,False,False,True,False,False,False,new_high,True,False,False,False,False,True,True,True,False,False,,5,True,True,True,False
2026-08-07,2026-08-10,603773,沃格光电,4,4,芯片,4,10,True,True,True,False,False,False,True,False,False,False,new_high,True,False,False,False,False,False,False,,False,False,,,False,False,False,False
2026-08-07,2026-08-10,002971,和远气体,3,3,芯片,4,10,True,True,True,False,False,False,True,False,False,False,sub_high|mid_2_3,False,True,True,False,False,False,False,,False,False,,,False,False,False,False
2026-08-07,2026-08-10,600206,有研新材,3,3,芯片,4,10,True,True,True,False,False,False,True,False,False,False,sub_high|mid_2_3,False,True,True,False,False,False,False,,False,False,,,False,False,False,False
2026-08-07,2026-08-10,002194,武汉凡谷,2,2,通信,4,10,True,True,True,False,False,False,True,False,False,False,h_minus_2|mid_2_3,False,False,True,False,False,False,False,,False,False,,,True,False,False,False
2026-08-07,2026-08-10,002792,通宇通讯,2,2,通信,4,10,True,True,True,False,False,False,True,False,False,False,h_minus_2|mid_2_3,False,False,True,False,True,False,False,,False,False,,,False,False,True,False
2026-08-07,2026-08-10,600272,开开实业,2,2,医药,4,10,True,True,True,False,False,False,True,False,False,False,h_minus_2|mid_2_3,False,False,True,False,False,True,True,True,False,False,,3,True,True,False,False
2026-08-07,2026-08-10,600601,方正科技,2,2,通信,4,10,True,True,True,False,False,False,True,False,False,False,h_minus_2|mid_2_3,False,False,True,False,False,False,False,,False,False,,,False,False,False,False
2026-08-07,2026-08-10,603228,景旺电子,2,2,通信,4,10,True,True,True,False,False,False,True,False,False,False,h_minus_2|mid_2_3,False,False,True,False,False,False,False,,False,False,,,False,False,True,False
2026-08-07,2026-08-10,688693,锴威特,2,2,并购重组,4,10,True,True,True,False,False,False,True,False,True,True,h_minus_2|mid_2_3,False,False,True,False,True,False,False,,False,False,,,False,False,False,False
2026-08-10,2026-08-11,002552,宝鼎科技,5,5+,通信,5,4,False,True,False,False,True,False,True,False,True,True,new_high,True,False,False,False,False,False,False,,False,True,4.2972,,True,False,False,True
2026-08-10,2026-08-11,600721,百花医药,5,5+,医药,5,4,False,True,False,False,True,False,True,False,False,False,new_high,True,False,False,False,True,True,True,False,True,False,,6,True,True,False,False
2026-08-10,2026-08-11,600272,开开实业,3,3,医药,5,4,False,True,False,False,True,False,True,False,False,False,h_minus_2|mid_2_3|legacy_near,False,False,True,True,True,True,True,False,True,False,,4,False,False,False,False
2026-08-10,2026-08-11,000506,招金黄金,2,2,黄金,5,4,False,True,False,False,True,False,True,False,False,False,mid_2_3|legacy_near,False,False,True,True,False,False,False,,False,False,,,False,False,False,False
2026-08-10,2026-08-11,002437,誉衡药业,2,2,医药,5,4,False,True,False,False,True,False,True,False,False,False,mid_2_3|legacy_near,False,False,True,True,False,False,False,,False,False,,,True,False,True,False
2026-08-10,2026-08-11,002589,瑞康医药,2,2,医药,5,4,False,True,False,False,True,False,True,False,False,False,mid_2_3|legacy_near,False,False,True,True,False,False,False,,False,False,,,True,False,False,False
2026-08-10,2026-08-11,002900,哈三联,2,2,医药,5,4,False,True,False,False,True,False,True,False,False,False,mid_2_3|legacy_near,False,False,True,True,False,False,False,,False,False,,,False,False,False,False
2026-08-10,2026-08-11,301080,百普赛斯,2,2,医药,5,4,False,True,False,False,True,False,True,False,False,False,mid_2_3|legacy_near,False,False,True,True,False,False,False,,False,False,,,False,False,False,False
2026-08-10,2026-08-11,600641,先导基电,2,2,芯片,5,4,False,True,False,False,True,False,True,False,True,True,mid_2_3|legacy_near,False,False,True,True,False,False,False,,False,False,,,True,False,False,False
2026-08-10,2026-08-11,600664,哈药股份,2,2,医药,5,4,False,True,False,False,True,False,True,False,False,False,mid_2_3|legacy_near,False,False,True,True,False,True,True,False,True,False,,3,False,False,False,False
2026-08-10,2026-08-11,603758,秦安股份,2,2,机器人概念,5,4,False,True,False,False,True,False,True,False,False,False,mid_2_3|legacy_near,False,False,True,True,False,True,True,True,False,False,,3,True,True,True,False
2026-08-10,2026-08-11,688073,毕得医药,2,2,医药,5,4,False,True,False,False,True,False,True,False,False,False,mid_2_3|legacy_near,False,False,True,True,False,False,False,,False,False,,,False,False,False,False
2026-08-11,2026-08-12,600721,百花医药,6,5+,医药,6,5,False,True,False,False,True,True,False,False,False,False,new_high,True,False,False,False,False,True,True,False,True,False,,7,False,False,,True
2026-08-11,2026-08-12,600272,开开实业,4,4,医药,6,5,False,True,False,False,True,True,False,False,False,False,h_minus_2|legacy_near,False,False,False,True,False,False,False,,False,False,,,False,False,,True
2026-08-11,2026-08-12,600664,哈药股份,3,3,医药,6,5,False,True,False,False,True,True,False,False,False,False,mid_2_3|legacy_near,False,False,True,True,False,False,False,,False,False,,,False,False,,True
2026-08-11,2026-08-12,603758,秦安股份,3,3,机器人概念,6,5,False,True,False,False,True,True,False,False,False,False,mid_2_3|legacy_near,False,False,True,True,True,True,True,True,False,False,,4,True,True,,False
2026-08-11,2026-08-12,000802,北京文化,2,2,文化传媒,6,5,False,True,False,False,True,True,False,False,False,False,mid_2_3,False,False,True,False,True,True,True,False,True,False,,3,True,True,,False
2026-08-11,2026-08-12,000859,国风新材,2,2,芯片,6,5,False,True,False,False,True,True,False,False,False,False,mid_2_3,False,False,True,False,False,False,False,,False,False,,,False,False,,False
2026-08-11,2026-08-12,001258,立新能源,2,2,绿色电力,6,5,False,True,False,False,True,True,False,False,False,False,mid_2_3,False,False,True,False,False,False,False,,False,False,,,False,False,,False
2026-08-11,2026-08-12,002248,华东数控,2,2,新型工业化,6,5,False,True,False,False,True,True,False,False,False,False,mid_2_3,False,False,True,False,False,True,True,False,True,False,,3,False,False,,False
2026-08-11,2026-08-12,002329,皇氏集团,2,2,食品饮料,6,5,False,True,False,False,True,True,False,False,False,False,mid_2_3,False,False,True,False,False,True,True,False,True,False,,3,True,True,,False
2026-08-11,2026-08-12,300862,蓝盾光电,2,2,并购重组,6,5,False,True,False,False,True,True,False,False,False,False,mid_2_3,False,False,True,False,True,True,True,True,False,False,,3,True,True,,False
2026-08-11,2026-08-12,600683,京投发展,2,2,股权转让,6,5,False,True,False,False,True,True,False,False,False,False,mid_2_3,False,False,True,False,True,True,True,True,False,False,,3,True,True,,False
2026-08-11,2026-08-12,600833,第一医药,2,2,医药,6,5,False,True,False,False,True,True,False,False,False,False,mid_2_3,False,False,True,False,False,False,False,,False,False,,,False,False,,True
2026-08-11,2026-08-12,603188,亚邦股份,2,2,化工,6,5,False,True,False,False,True,True,False,False,False,False,mid_2_3,False,False,True,False,False,False,False,,False,False,,,False,False,,False
2026-08-11,2026-08-12,603797,联泰环保,2,2,环保,6,5,False,True,False,False,True,True,False,False,False,False,mid_2_3,False,False,True,False,False,False,False,,False,False,,,False,False,,False
2026-08-11,2026-08-12,605179,一鸣食品,2,2,食品饮料,6,5,False,True,False,False,True,True,False,False,False,False,mid_2_3,False,False,True,False,False,True,True,False,True,False,,3,True,True,,False
2026-08-11,2026-08-12,605286,同力天启,2,2,绿色电力,6,5,False,True,False,False,True,True,False,False,False,False,mid_2_3,False,False,True,False,False,True,True,True,False,False,,3,True,True,,False
2026-08-12,2026-08-13,600721,百花医药,7,5+,医药,7,6,False,False,False,False,True,True,False,False,False,False,new_high,True,False,False,False,False,False,False,,False,False,,,,,,True
2026-08-12,2026-08-13,603758,秦安股份,4,4,机器人概念,7,6,False,False,False,False,True,True,False,False,False,False,legacy_near,False,False,False,True,True,True,True,True,False,False,,5,,,,False
2026-08-12,2026-08-13,000802,北京文化,3,3,文化传媒,7,6,False,False,False,False,True,True,False,False,False,False,mid_2_3,False,False,True,False,False,True,True,False,True,False,,4,,,,False
2026-08-12,2026-08-13,002248,华东数控,3,3,新型工业化,7,6,False,False,False,False,True,True,False,False,False,False,mid_2_3,False,False,True,False,False,False,False,,False,False,,,,,,False
2026-08-12,2026-08-13,002329,皇氏集团,3,3,食品饮料,7,6,False,False,False,False,True,True,False,False,False,False,mid_2_3,False,False,True,False,False,True,True,False,True,False,,4,,,,False
2026-08-12,2026-08-13,300862,蓝盾光电,3,3,并购重组,7,6,False,False,False,False,True,True,False,False,False,False,mid_2_3,False,False,True,False,True,True,True,True,False,False,,4,,,,False
2026-08-12,2026-08-13,600683,京投发展,3,3,股权转让,7,6,False,False,False,False,True,True,False,False,False,False,mid_2_3,False,False,True,False,True,True,True,True,False,False,,4,,,,False
2026-08-12,2026-08-13,605179,一鸣食品,3,3,食品饮料,7,6,False,False,False,False,True,True,False,False,False,False,mid_2_3,False,False,True,False,False,True,True,False,True,False,,4,,,,False
2026-08-12,2026-08-13,605286,同力天启,3,3,电力,7,6,False,False,False,False,True,True,False,False,False,False,mid_2_3,False,False,True,False,True,True,True,True,False,False,,4,,,,False
2026-08-12,2026-08-13,002031,巨轮智能,2,2,机器人概念,7,6,False,False,False,False,True,True,False,False,False,False,mid_2_3,False,False,True,False,False,False,False,,False,False,,,,,,False
2026-08-12,2026-08-13,002047,宝鹰股份,2,2,ST摘帽,7,6,False,False,False,False,True,True,False,False,False,False,mid_2_3,False,False,True,False,False,False,False,,False,True,7.1429,,,,,False
2026-08-12,2026-08-13,002229,鸿博股份,2,2,算力,7,6,False,False,False,False,True,True,False,False,False,False,mid_2_3,False,False,True,False,False,False,False,,False,True,5.732,,,,,False
2026-08-12,2026-08-13,600162,香江控股,2,2,地产链,7,6,False,False,False,False,True,True,False,False,False,False,mid_2_3,False,False,True,False,False,False,False,,False,False,,,,,,False
2026-08-12,2026-08-13,600881,亚泰集团,2,2,医药,7,6,False,False,False,False,True,True,False,False,False,False,mid_2_3,False,False,True,False,False,True,True,False,True,False,,3,,,,True
2026-08-12,2026-08-13,603887,城地香江,2,2,算力,7,6,False,False,False,False,True,True,False,False,False,False,mid_2_3,False,False,True,False,True,True,True,True,False,False,,3,,,,False
2026-08-12,2026-08-13,603897,长城科技,2,2,机器人概念,7,6,False,False,False,False,True,True,False,False,False,False,mid_2_3,False,False,True,False,False,False,False,,False,False,,,,,,False
