mode,theme_n_min,selector,outcome,n,wins,rate,h1_n,h1_w,h1,h2_n,h2_w,h2,claim
per_day,5,earliest_seal,hold_close,200,126,0.6300,97,60,0.6186,103,66,0.6408,False
per_day,5,earliest_seal,hold_flat,200,127,0.6350,97,60,0.6186,103,67,0.6505,False
per_day,5,earliest_seal,hold_touch3,200,123,0.6150,97,61,0.6289,103,62,0.6019,False
per_day,5,earliest_seal,maxc3,200,146,0.7300,97,68,0.7010,103,78,0.7573,False
per_day,5,earliest_seal,open_up,185,79,0.4270,86,37,0.4302,99,42,0.4242,False
per_day,5,earliest_seal,open_flat,185,99,0.5351,86,47,0.5465,99,52,0.5253,False
per_day,5,earliest_seal,touch3,185,112,0.6054,86,53,0.6163,99,59,0.5960,False
per_day,5,earliest_seal,open_zt3,185,92,0.4973,86,41,0.4767,99,51,0.5152,False
per_day,5,earliest_seal,hold_zt3,200,107,0.5350,97,52,0.5361,103,55,0.5340,False
per_day,5,latest_seal,hold_close,200,112,0.5600,97,48,0.4948,103,64,0.6214,False
per_day,5,latest_seal,hold_flat,200,114,0.5700,97,48,0.4948,103,66,0.6408,False
per_day,5,latest_seal,hold_touch3,200,92,0.4600,97,47,0.4845,103,45,0.4369,False
per_day,5,latest_seal,maxc3,200,139,0.6950,97,65,0.6701,103,74,0.7184,False
per_day,5,latest_seal,open_up,193,105,0.5440,92,38,0.4130,101,67,0.6634,False
per_day,5,latest_seal,open_flat,193,110,0.5699,92,42,0.4565,101,68,0.6733,False
per_day,5,latest_seal,touch3,193,85,0.4404,92,42,0.4565,101,43,0.4257,False
per_day,5,latest_seal,open_zt3,193,69,0.3575,92,34,0.3696,101,35,0.3465,False
per_day,5,latest_seal,hold_zt3,200,76,0.3800,97,39,0.4021,103,37,0.3592,False
per_day,5,strongest_seal,hold_close,200,124,0.6200,97,59,0.6082,103,65,0.6311,False
per_day,5,strongest_seal,hold_flat,200,125,0.6250,97,59,0.6082,103,66,0.6408,False
per_day,5,strongest_seal,hold_touch3,200,128,0.6400,97,61,0.6289,103,67,0.6505,False
per_day,5,strongest_seal,maxc3,200,144,0.7200,97,68,0.7010,103,76,0.7379,False
per_day,5,strongest_seal,open_up,182,65,0.3571,86,30,0.3488,96,35,0.3646,False
per_day,5,strongest_seal,open_flat,182,87,0.4780,86,39,0.4535,96,48,0.5000,False
per_day,5,strongest_seal,touch3,182,112,0.6154,86,51,0.5930,96,61,0.6354,False
per_day,5,strongest_seal,open_zt3,182,93,0.5110,86,42,0.4884,96,51,0.5312,False
per_day,5,strongest_seal,hold_zt3,200,111,0.5550,97,53,0.5464,103,58,0.5631,False
per_day,5,weakest_seal,hold_close,200,93,0.4650,97,45,0.4639,103,48,0.4660,False
per_day,5,weakest_seal,hold_flat,200,94,0.4700,97,45,0.4639,103,49,0.4757,False
per_day,5,weakest_seal,hold_touch3,200,79,0.3950,97,41,0.4227,103,38,0.3689,False
per_day,5,weakest_seal,maxc3,200,128,0.6400,97,61,0.6289,103,67,0.6505,False
per_day,5,weakest_seal,open_up,195,103,0.5282,93,48,0.5161,102,55,0.5392,False
per_day,5,weakest_seal,open_flat,195,111,0.5692,93,53,0.5699,102,58,0.5686,False
per_day,5,weakest_seal,touch3,195,75,0.3846,93,38,0.4086,102,37,0.3627,False
per_day,5,weakest_seal,open_zt3,195,62,0.3179,93,35,0.3763,102,27,0.2647,False
per_day,5,weakest_seal,hold_zt3,200,67,0.3350,97,39,0.4021,103,28,0.2718,False
per_day,5,fewest_opens,hold_close,200,120,0.6000,97,58,0.5979,103,62,0.6019,False
per_day,5,fewest_opens,hold_flat,200,121,0.6050,97,58,0.5979,103,63,0.6117,False
per_day,5,fewest_opens,hold_touch3,200,129,0.6450,97,60,0.6186,103,69,0.6699,False
per_day,5,fewest_opens,maxc3,200,143,0.7150,97,70,0.7216,103,73,0.7087,False
per_day,5,fewest_opens,open_up,181,73,0.4033,86,33,0.3837,95,40,0.4211,False
per_day,5,fewest_opens,open_flat,181,90,0.4972,86,42,0.4884,95,48,0.5053,False
per_day,5,fewest_opens,touch3,181,111,0.6133,86,49,0.5698,95,62,0.6526,False
per_day,5,fewest_opens,open_zt3,181,81,0.4475,86,34,0.3953,95,47,0.4947,False
per_day,5,fewest_opens,hold_zt3,200,100,0.5000,97,45,0.4639,103,55,0.5340,False
per_day,5,unopened_strongest,hold_close,159,93,0.5849,76,48,0.6316,83,45,0.5422,False
per_day,5,unopened_strongest,hold_flat,159,94,0.5912,76,48,0.6316,83,46,0.5542,False
per_day,5,unopened_strongest,hold_touch3,159,105,0.6604,76,46,0.6053,83,59,0.7108,False
per_day,5,unopened_strongest,maxc3,159,111,0.6981,76,55,0.7237,83,56,0.6747,False
per_day,5,unopened_strongest,open_up,142,52,0.3662,65,25,0.3846,77,27,0.3506,False
per_day,5,unopened_strongest,open_flat,142,66,0.4648,65,32,0.4923,77,34,0.4416,False
per_day,5,unopened_strongest,touch3,142,88,0.6197,65,35,0.5385,77,53,0.6883,False
per_day,5,unopened_strongest,open_zt3,142,60,0.4225,65,23,0.3538,77,37,0.4805,False
per_day,5,unopened_strongest,hold_zt3,159,77,0.4843,76,34,0.4474,83,43,0.5181,False
per_day,5,unopened_earliest,hold_close,159,94,0.5912,76,50,0.6579,83,44,0.5301,False
per_day,5,unopened_earliest,hold_flat,159,96,0.6038,76,51,0.6711,83,45,0.5422,False
per_day,5,unopened_earliest,hold_touch3,159,101,0.6352,76,45,0.5921,83,56,0.6747,False
per_day,5,unopened_earliest,maxc3,159,110,0.6918,76,56,0.7368,83,54,0.6506,False
per_day,5,unopened_earliest,open_up,147,52,0.3537,67,25,0.3731,80,27,0.3375,False
per_day,5,unopened_earliest,open_flat,147,70,0.4762,67,35,0.5224,80,35,0.4375,False
per_day,5,unopened_earliest,touch3,147,89,0.6054,67,36,0.5373,80,53,0.6625,False
per_day,5,unopened_earliest,open_zt3,147,63,0.4286,67,25,0.3731,80,38,0.4750,False
per_day,5,unopened_earliest,hold_zt3,159,75,0.4717,76,34,0.4474,83,41,0.4940,False
per_day,5,opened_strongest,hold_close,192,123,0.6406,92,57,0.6196,100,66,0.6600,False
per_day,5,opened_strongest,hold_flat,192,123,0.6406,92,57,0.6196,100,66,0.6600,False
per_day,5,opened_strongest,hold_touch3,192,103,0.5365,92,53,0.5761,100,50,0.5000,False
per_day,5,opened_strongest,maxc3,192,143,0.7448,92,68,0.7391,100,75,0.7500,False
per_day,5,opened_strongest,open_up,178,79,0.4438,84,36,0.4286,94,43,0.4574,False
per_day,5,opened_strongest,open_flat,178,96,0.5393,84,45,0.5357,94,51,0.5426,False
per_day,5,opened_strongest,touch3,178,92,0.5169,84,47,0.5595,94,45,0.4787,False
per_day,5,opened_strongest,open_zt3,178,84,0.4719,84,42,0.5000,94,42,0.4468,False
per_day,5,opened_strongest,hold_zt3,192,98,0.5104,92,50,0.5435,100,48,0.4800,False
per_day,5,fanbao_strongest,hold_close,50,33,0.6600,3,0,0.0000,47,33,0.7021,False
per_day,5,fanbao_strongest,hold_flat,50,33,0.6600,3,0,0.0000,47,33,0.7021,False
per_day,5,fanbao_strongest,hold_touch3,50,21,0.4200,3,0,0.0000,47,21,0.4468,False
per_day,5,fanbao_strongest,maxc3,50,33,0.6600,3,0,0.0000,47,33,0.7021,False
per_day,5,fanbao_strongest,open_up,49,25,0.5102,3,0,0.0000,46,25,0.5435,False
per_day,5,fanbao_strongest,open_flat,49,29,0.5918,3,1,0.3333,46,28,0.6087,False
per_day,5,fanbao_strongest,touch3,49,20,0.4082,3,0,0.0000,46,20,0.4348,False
per_day,5,fanbao_strongest,open_zt3,49,13,0.2653,3,0,0.0000,46,13,0.2826,False
per_day,5,fanbao_strongest,hold_zt3,50,14,0.2800,3,0,0.0000,47,14,0.2979,False
per_day,5,earliest_final,hold_close,200,126,0.6300,97,62,0.6392,103,64,0.6214,False
per_day,5,earliest_final,hold_flat,200,128,0.6400,97,63,0.6495,103,65,0.6311,False
per_day,5,earliest_final,hold_touch3,200,132,0.6600,97,66,0.6804,103,66,0.6408,False
per_day,5,earliest_final,maxc3,200,146,0.7300,97,71,0.7320,103,75,0.7282,False
per_day,5,earliest_final,open_up,187,68,0.3636,88,31,0.3523,99,37,0.3737,False
per_day,5,earliest_final,open_flat,187,94,0.5027,88,45,0.5114,99,49,0.4949,False
per_day,5,earliest_final,touch3,187,121,0.6471,88,58,0.6591,99,63,0.6364,False
per_day,5,earliest_final,open_zt3,187,95,0.5080,88,45,0.5114,99,50,0.5051,False
per_day,5,earliest_final,hold_zt3,200,108,0.5400,97,54,0.5567,103,54,0.5243,False
per_day,5,highest_board,hold_close,199,124,0.6231,96,61,0.6354,103,63,0.6117,False
per_day,5,highest_board,hold_flat,199,124,0.6231,96,61,0.6354,103,63,0.6117,False
per_day,5,highest_board,hold_touch3,199,131,0.6583,96,63,0.6562,103,68,0.6602,False
per_day,5,highest_board,maxc3,199,144,0.7236,96,67,0.6979,103,77,0.7476,False
per_day,5,highest_board,open_up,187,80,0.4278,90,38,0.4222,97,42,0.4330,False
per_day,5,highest_board,open_flat,187,103,0.5508,90,50,0.5556,97,53,0.5464,False
per_day,5,highest_board,touch3,187,120,0.6417,90,58,0.6444,97,62,0.6392,False
per_day,5,highest_board,open_zt3,187,106,0.5668,90,51,0.5667,97,55,0.5670,False
per_day,5,highest_board,hold_zt3,200,118,0.5900,97,57,0.5876,103,61,0.5922,False
per_day,5,lowest_board,hold_close,200,120,0.6000,97,60,0.6186,103,60,0.5825,False
per_day,5,lowest_board,hold_flat,200,122,0.6100,97,61,0.6289,103,61,0.5922,False
per_day,5,lowest_board,hold_touch3,200,108,0.5400,97,57,0.5876,103,51,0.4951,False
per_day,5,lowest_board,maxc3,200,141,0.7050,97,73,0.7526,103,68,0.6602,False
per_day,5,lowest_board,open_up,182,80,0.4396,86,36,0.4186,96,44,0.4583,False
per_day,5,lowest_board,open_flat,182,93,0.5110,86,43,0.5000,96,50,0.5208,False
per_day,5,lowest_board,touch3,182,92,0.5055,86,47,0.5465,96,45,0.4688,False
per_day,5,lowest_board,open_zt3,182,74,0.4066,86,39,0.4535,96,35,0.3646,False
per_day,5,lowest_board,hold_zt3,200,92,0.4600,97,50,0.5155,103,42,0.4078,False
per_day,5,board2_strongest,hold_close,187,114,0.6096,89,56,0.6292,98,58,0.5918,False
per_day,5,board2_strongest,hold_flat,187,116,0.6203,89,57,0.6404,98,59,0.6020,False
per_day,5,board2_strongest,hold_touch3,187,101,0.5401,89,53,0.5955,98,48,0.4898,False
per_day,5,board2_strongest,maxc3,187,133,0.7112,89,68,0.7640,98,65,0.6633,False
per_day,5,board2_strongest,open_up,169,76,0.4497,78,34,0.4359,91,42,0.4615,False
per_day,5,board2_strongest,open_flat,169,86,0.5089,78,39,0.5000,91,47,0.5165,False
per_day,5,board2_strongest,touch3,169,85,0.5030,78,43,0.5513,91,42,0.4615,False
per_day,5,board2_strongest,open_zt3,169,66,0.3905,78,34,0.4359,91,32,0.3516,False
per_day,5,board2_strongest,hold_zt3,187,84,0.4492,89,45,0.5056,98,39,0.3980,False
per_day,5,board3_strongest,hold_close,112,67,0.5982,52,31,0.5962,60,36,0.6000,False
per_day,5,board3_strongest,hold_flat,112,67,0.5982,52,31,0.5962,60,36,0.6000,False
per_day,5,board3_strongest,hold_touch3,112,70,0.6250,52,28,0.5385,60,42,0.7000,False
per_day,5,board3_strongest,maxc3,112,83,0.7411,52,37,0.7115,60,46,0.7667,False
per_day,5,board3_strongest,open_up,107,42,0.3925,48,23,0.4792,59,19,0.3220,False
per_day,5,board3_strongest,open_flat,107,54,0.5047,48,28,0.5833,59,26,0.4407,False
per_day,5,board3_strongest,touch3,107,67,0.6262,48,26,0.5417,59,41,0.6949,False
per_day,5,board3_strongest,open_zt3,107,53,0.4953,48,20,0.4167,59,33,0.5593,False
per_day,5,board3_strongest,hold_zt3,112,58,0.5179,52,24,0.4615,60,34,0.5667,False
per_day,5,board4_strongest,hold_close,66,40,0.6061,33,20,0.6061,33,20,0.6061,False
per_day,5,board4_strongest,hold_flat,66,40,0.6061,33,20,0.6061,33,20,0.6061,False
per_day,5,board4_strongest,hold_touch3,66,39,0.5909,33,21,0.6364,33,18,0.5455,False
per_day,5,board4_strongest,maxc3,66,45,0.6818,33,22,0.6667,33,23,0.6970,False
per_day,5,board4_strongest,open_up,61,23,0.3770,31,8,0.2581,30,15,0.5000,False
per_day,5,board4_strongest,open_flat,61,35,0.5738,31,14,0.4516,30,21,0.7000,False
per_day,5,board4_strongest,touch3,61,34,0.5574,31,19,0.6129,30,15,0.5000,False
per_day,5,board4_strongest,open_zt3,61,29,0.4754,31,14,0.4516,30,15,0.5000,False
per_day,5,board4_strongest,hold_zt3,66,34,0.5152,33,16,0.4848,33,18,0.5455,False
per_day,5,board5p_strongest,hold_close,62,39,0.6290,37,23,0.6216,25,16,0.6400,False
per_day,5,board5p_strongest,hold_flat,62,39,0.6290,37,23,0.6216,25,16,0.6400,False
per_day,5,board5p_strongest,hold_touch3,62,42,0.6774,37,25,0.6757,25,17,0.6800,False
per_day,5,board5p_strongest,maxc3,62,43,0.6935,37,24,0.6486,25,19,0.7600,False
per_day,5,board5p_strongest,open_up,59,26,0.4407,35,14,0.4000,24,12,0.5000,False
per_day,5,board5p_strongest,open_flat,59,35,0.5932,35,22,0.6286,24,13,0.5417,False
per_day,5,board5p_strongest,touch3,59,39,0.6610,35,23,0.6571,24,16,0.6667,False
per_day,5,board5p_strongest,open_zt3,59,35,0.5932,35,22,0.6286,24,13,0.5417,False
per_day,5,board5p_strongest,hold_zt3,62,38,0.6129,37,24,0.6486,25,14,0.5600,False
per_day,5,board2_earliest,hold_close,187,111,0.5936,89,61,0.6854,98,50,0.5102,False
per_day,5,board2_earliest,hold_flat,187,113,0.6043,89,61,0.6854,98,52,0.5306,False
per_day,5,board2_earliest,hold_touch3,187,102,0.5455,89,56,0.6292,98,46,0.4694,False
per_day,5,board2_earliest,maxc3,187,135,0.7219,89,70,0.7865,98,65,0.6633,False
per_day,5,board2_earliest,open_up,177,84,0.4746,81,43,0.5309,96,41,0.4271,False
per_day,5,board2_earliest,open_flat,177,96,0.5424,81,52,0.6420,96,44,0.4583,False
per_day,5,board2_earliest,touch3,177,94,0.5311,81,49,0.6049,96,45,0.4688,False
per_day,5,board2_earliest,open_zt3,177,76,0.4294,81,41,0.5062,96,35,0.3646,False
per_day,5,board2_earliest,hold_zt3,187,86,0.4599,89,49,0.5506,98,37,0.3776,False
per_day,5,board3_earliest,hold_close,112,64,0.5714,52,29,0.5577,60,35,0.5833,False
per_day,5,board3_earliest,hold_flat,112,64,0.5714,52,29,0.5577,60,35,0.5833,False
per_day,5,board3_earliest,hold_touch3,112,68,0.6071,52,29,0.5577,60,39,0.6500,False
per_day,5,board3_earliest,maxc3,112,79,0.7054,52,34,0.6538,60,45,0.7500,False
per_day,5,board3_earliest,open_up,106,36,0.3396,47,19,0.4043,59,17,0.2881,False
per_day,5,board3_earliest,open_flat,106,52,0.4906,47,27,0.5745,59,25,0.4237,False
per_day,5,board3_earliest,touch3,106,64,0.6038,47,26,0.5532,59,38,0.6441,False
per_day,5,board3_earliest,open_zt3,106,52,0.4906,47,21,0.4468,59,31,0.5254,False
per_day,5,board3_earliest,hold_zt3,112,58,0.5179,52,26,0.5000,60,32,0.5333,False
per_day,5,cihigh_strongest,hold_close,67,40,0.5970,27,17,0.6296,40,23,0.5750,False
per_day,5,cihigh_strongest,hold_flat,67,40,0.5970,27,17,0.6296,40,23,0.5750,False
per_day,5,cihigh_strongest,hold_touch3,67,36,0.5373,27,16,0.5926,40,20,0.5000,False
per_day,5,cihigh_strongest,maxc3,67,47,0.7015,27,19,0.7037,40,28,0.7000,False
per_day,5,cihigh_strongest,open_up,63,28,0.4444,24,8,0.3333,39,20,0.5128,False
per_day,5,cihigh_strongest,open_flat,63,30,0.4762,24,8,0.3333,39,22,0.5641,False
per_day,5,cihigh_strongest,touch3,63,33,0.5238,24,14,0.5833,39,19,0.4872,False
per_day,5,cihigh_strongest,open_zt3,63,26,0.4127,24,10,0.4167,39,16,0.4103,False
per_day,5,cihigh_strongest,hold_zt3,67,30,0.4478,27,13,0.4815,40,17,0.4250,False
per_day,5,mid_strongest,hold_close,193,118,0.6114,93,56,0.6022,100,62,0.6200,False
per_day,5,mid_strongest,hold_flat,193,120,0.6218,93,57,0.6129,100,63,0.6300,False
per_day,5,mid_strongest,hold_touch3,193,114,0.5907,93,56,0.6022,100,58,0.5800,False
per_day,5,mid_strongest,maxc3,193,140,0.7254,93,67,0.7204,100,73,0.7300,False
per_day,5,mid_strongest,open_up,175,67,0.3829,81,32,0.3951,94,35,0.3723,False
per_day,5,mid_strongest,open_flat,175,84,0.4800,81,39,0.4815,94,45,0.4787,False
per_day,5,mid_strongest,touch3,175,98,0.5600,81,45,0.5556,94,53,0.5638,False
per_day,5,mid_strongest,open_zt3,175,80,0.4571,81,38,0.4691,94,42,0.4468,False
per_day,5,mid_strongest,hold_zt3,193,98,0.5078,93,50,0.5376,100,48,0.4800,False
per_day,5,newh_strongest,hold_close,88,50,0.5682,31,16,0.5161,57,34,0.5965,False
per_day,5,newh_strongest,hold_flat,88,50,0.5682,31,16,0.5161,57,34,0.5965,False
per_day,5,newh_strongest,hold_touch3,88,52,0.5909,31,15,0.4839,57,37,0.6491,False
per_day,5,newh_strongest,maxc3,88,58,0.6591,31,17,0.5484,57,41,0.7193,False
per_day,5,newh_strongest,open_up,84,36,0.4286,31,14,0.4516,53,22,0.4151,False
per_day,5,newh_strongest,open_flat,84,47,0.5595,31,19,0.6129,53,28,0.5283,False
per_day,5,newh_strongest,touch3,84,48,0.5714,31,15,0.4839,53,33,0.6226,False
per_day,5,newh_strongest,open_zt3,84,44,0.5238,31,13,0.4194,53,31,0.5849,False
per_day,5,newh_strongest,hold_zt3,89,48,0.5393,32,13,0.4062,57,35,0.6140,False
per_day,5,mid_earliest,hold_close,193,117,0.6062,93,58,0.6237,100,59,0.5900,False
per_day,5,mid_earliest,hold_flat,193,118,0.6114,93,58,0.6237,100,60,0.6000,False
per_day,5,mid_earliest,hold_touch3,193,114,0.5907,93,59,0.6344,100,55,0.5500,False
per_day,5,mid_earliest,maxc3,193,141,0.7306,93,68,0.7312,100,73,0.7300,False
per_day,5,mid_earliest,open_up,180,75,0.4167,82,36,0.4390,98,39,0.3980,False
per_day,5,mid_earliest,open_flat,180,94,0.5222,82,46,0.5610,98,48,0.4898,False
per_day,5,mid_earliest,touch3,180,104,0.5778,82,50,0.6098,98,54,0.5510,False
per_day,5,mid_earliest,open_zt3,180,82,0.4556,82,37,0.4512,98,45,0.4592,False
per_day,5,mid_earliest,hold_zt3,193,95,0.4922,93,48,0.5161,100,47,0.4700,False
per_day,5,cihigh_earliest,hold_close,67,36,0.5373,27,16,0.5926,40,20,0.5000,False
per_day,5,cihigh_earliest,hold_flat,67,37,0.5522,27,16,0.5926,40,21,0.5250,False
per_day,5,cihigh_earliest,hold_touch3,67,38,0.5672,27,15,0.5556,40,23,0.5750,False
per_day,5,cihigh_earliest,maxc3,67,47,0.7015,27,18,0.6667,40,29,0.7250,False
per_day,5,cihigh_earliest,open_up,62,24,0.3871,23,7,0.3043,39,17,0.4359,False
per_day,5,cihigh_earliest,open_flat,62,26,0.4194,23,7,0.3043,39,19,0.4872,False
per_day,5,cihigh_earliest,touch3,62,34,0.5484,23,12,0.5217,39,22,0.5641,False
per_day,5,cihigh_earliest,open_zt3,62,27,0.4355,23,9,0.3913,39,18,0.4615,False
per_day,5,cihigh_earliest,hold_zt3,67,32,0.4776,27,13,0.4815,40,19,0.4750,False
per_day,5,max_amount,hold_close,200,114,0.5700,97,56,0.5773,103,58,0.5631,False
per_day,5,max_amount,hold_flat,200,115,0.5750,97,56,0.5773,103,59,0.5728,False
per_day,5,max_amount,hold_touch3,200,96,0.4800,97,54,0.5567,103,42,0.4078,False
per_day,5,max_amount,maxc3,200,147,0.7350,97,73,0.7526,103,74,0.7184,False
per_day,5,max_amount,open_up,194,99,0.5103,91,44,0.4835,103,55,0.5340,False
per_day,5,max_amount,open_flat,194,112,0.5773,91,53,0.5824,103,59,0.5728,False
per_day,5,max_amount,touch3,194,90,0.4639,91,48,0.5275,103,42,0.4078,False
per_day,5,max_amount,open_zt3,194,72,0.3711,91,39,0.4286,103,33,0.3204,False
per_day,5,max_amount,hold_zt3,200,78,0.3900,97,45,0.4639,103,33,0.3204,False
per_day,5,min_amount,hold_close,200,115,0.5750,97,55,0.5670,103,60,0.5825,False
per_day,5,min_amount,hold_flat,200,115,0.5750,97,55,0.5670,103,60,0.5825,False
per_day,5,min_amount,hold_touch3,200,124,0.6200,97,63,0.6495,103,61,0.5922,False
per_day,5,min_amount,maxc3,200,138,0.6900,97,66,0.6804,103,72,0.6990,False
per_day,5,min_amount,open_up,183,63,0.3443,87,28,0.3218,96,35,0.3646,False
per_day,5,min_amount,open_flat,183,83,0.4536,87,40,0.4598,96,43,0.4479,False
per_day,5,min_amount,touch3,183,108,0.5902,87,53,0.6092,96,55,0.5729,False
per_day,5,min_amount,open_zt3,183,88,0.4809,87,44,0.5057,96,44,0.4583,False
per_day,5,min_amount,hold_zt3,200,105,0.5250,97,54,0.5567,103,51,0.4951,False
per_day,5,max_turn,hold_close,200,102,0.5100,97,48,0.4948,103,54,0.5243,False
per_day,5,max_turn,hold_flat,200,105,0.5250,97,48,0.4948,103,57,0.5534,False
per_day,5,max_turn,hold_touch3,200,93,0.4650,97,48,0.4948,103,45,0.4369,False
per_day,5,max_turn,maxc3,200,131,0.6550,97,60,0.6186,103,71,0.6893,False
per_day,5,max_turn,open_up,194,98,0.5052,92,40,0.4348,102,58,0.5686,False
per_day,5,max_turn,open_flat,194,107,0.5515,92,46,0.5000,102,61,0.5980,False
per_day,5,max_turn,touch3,194,87,0.4485,92,43,0.4674,102,44,0.4314,False
per_day,5,max_turn,open_zt3,194,68,0.3505,92,32,0.3478,102,36,0.3529,False
per_day,5,max_turn,hold_zt3,200,74,0.3700,97,37,0.3814,103,37,0.3592,False
per_day,5,min_turn,hold_close,200,128,0.6400,97,61,0.6289,103,67,0.6505,False
per_day,5,min_turn,hold_flat,200,131,0.6550,97,63,0.6495,103,68,0.6602,False
per_day,5,min_turn,hold_touch3,200,112,0.5600,97,55,0.5670,103,57,0.5534,False
per_day,5,min_turn,maxc3,200,151,0.7550,97,71,0.7320,103,80,0.7767,False
per_day,5,min_turn,open_up,184,81,0.4402,87,37,0.4253,97,44,0.4536,False
per_day,5,min_turn,open_flat,184,95,0.5163,87,46,0.5287,97,49,0.5052,False
per_day,5,min_turn,touch3,184,99,0.5380,87,47,0.5402,97,52,0.5361,False
per_day,5,min_turn,open_zt3,184,79,0.4293,87,41,0.4713,97,38,0.3918,False
per_day,5,min_turn,hold_zt3,200,95,0.4750,97,51,0.5258,103,44,0.4272,False
per_day,5,intact_strongest,hold_close,118,75,0.6356,58,35,0.6034,60,40,0.6667,False
per_day,5,intact_strongest,hold_flat,118,75,0.6356,58,35,0.6034,60,40,0.6667,False
per_day,5,intact_strongest,hold_touch3,118,78,0.6610,58,36,0.6207,60,42,0.7000,False
per_day,5,intact_strongest,maxc3,118,88,0.7458,58,40,0.6897,60,48,0.8000,False
per_day,5,intact_strongest,open_up,110,40,0.3636,52,20,0.3846,58,20,0.3448,False
per_day,5,intact_strongest,open_flat,110,55,0.5000,52,26,0.5000,58,29,0.5000,False
per_day,5,intact_strongest,touch3,110,70,0.6364,52,30,0.5769,58,40,0.6897,False
per_day,5,intact_strongest,open_zt3,110,56,0.5091,52,25,0.4808,58,31,0.5345,False
per_day,5,intact_strongest,hold_zt3,118,64,0.5424,58,31,0.5345,60,33,0.5500,False
per_day,5,intact_earliest,hold_close,118,77,0.6525,58,36,0.6207,60,41,0.6833,False
per_day,5,intact_earliest,hold_flat,118,77,0.6525,58,36,0.6207,60,41,0.6833,False
per_day,5,intact_earliest,hold_touch3,118,75,0.6356,58,37,0.6379,60,38,0.6333,False
per_day,5,intact_earliest,maxc3,118,85,0.7203,58,40,0.6897,60,45,0.7500,False
per_day,5,intact_earliest,open_up,111,50,0.4505,52,26,0.5000,59,24,0.4068,False
per_day,5,intact_earliest,open_flat,111,61,0.5495,52,32,0.6154,59,29,0.4915,False
per_day,5,intact_earliest,touch3,111,70,0.6306,52,33,0.6346,59,37,0.6271,False
per_day,5,intact_earliest,open_zt3,111,52,0.4685,52,24,0.4615,59,28,0.4746,False
per_day,5,intact_earliest,hold_zt3,118,59,0.5000,58,30,0.5172,60,29,0.4833,False
per_day,5,break_strongest,hold_close,77,43,0.5584,33,21,0.6364,44,22,0.5000,False
per_day,5,break_strongest,hold_flat,77,45,0.5844,33,21,0.6364,44,24,0.5455,False
per_day,5,break_strongest,hold_touch3,77,44,0.5714,33,21,0.6364,44,23,0.5227,False
per_day,5,break_strongest,maxc3,77,54,0.7013,33,25,0.7576,44,29,0.6591,False
per_day,5,break_strongest,open_up,70,25,0.3571,30,11,0.3667,40,14,0.3500,False
per_day,5,break_strongest,open_flat,70,29,0.4143,30,13,0.4333,40,16,0.4000,False
per_day,5,break_strongest,touch3,70,38,0.5429,30,18,0.6000,40,20,0.5000,False
per_day,5,break_strongest,open_zt3,70,31,0.4429,30,14,0.4667,40,17,0.4250,False
per_day,5,break_strongest,hold_zt3,77,38,0.4935,33,17,0.5152,44,21,0.4773,False
per_day,5,stock_unbroken_strongest,hold_close,197,122,0.6193,95,60,0.6316,102,62,0.6078,False
per_day,5,stock_unbroken_strongest,hold_flat,197,123,0.6244,95,60,0.6316,102,63,0.6176,False
per_day,5,stock_unbroken_strongest,hold_touch3,197,122,0.6193,95,58,0.6105,102,64,0.6275,False
per_day,5,stock_unbroken_strongest,maxc3,197,141,0.7157,95,68,0.7158,102,73,0.7157,False
per_day,5,stock_unbroken_strongest,open_up,177,64,0.3616,83,29,0.3494,94,35,0.3723,False
per_day,5,stock_unbroken_strongest,open_flat,177,86,0.4859,83,39,0.4699,94,47,0.5000,False
per_day,5,stock_unbroken_strongest,touch3,177,104,0.5876,83,47,0.5663,94,57,0.6064,False
per_day,5,stock_unbroken_strongest,open_zt3,177,88,0.4972,83,40,0.4819,94,48,0.5106,False
per_day,5,stock_unbroken_strongest,hold_zt3,197,108,0.5482,95,52,0.5474,102,56,0.5490,False
per_day,5,stock_broken_strongest,hold_close,104,64,0.6154,48,27,0.5625,56,37,0.6607,False
per_day,5,stock_broken_strongest,hold_flat,104,65,0.6250,48,27,0.5625,56,38,0.6786,False
per_day,5,stock_broken_strongest,hold_touch3,104,49,0.4712,48,25,0.5208,56,24,0.4286,False
per_day,5,stock_broken_strongest,maxc3,104,68,0.6538,48,30,0.6250,56,38,0.6786,False
per_day,5,stock_broken_strongest,open_up,102,50,0.4902,47,21,0.4468,55,29,0.5273,False
per_day,5,stock_broken_strongest,open_flat,102,56,0.5490,47,24,0.5106,55,32,0.5818,False
per_day,5,stock_broken_strongest,touch3,102,47,0.4608,47,24,0.5106,55,23,0.4182,False
per_day,5,stock_broken_strongest,open_zt3,102,34,0.3333,47,19,0.4043,55,15,0.2727,False
per_day,5,stock_broken_strongest,hold_zt3,104,36,0.3462,48,20,0.4167,56,16,0.2857,False
per_day,5,stock_unbroken_earliest,hold_close,197,120,0.6091,95,59,0.6211,102,61,0.5980,False
per_day,5,stock_unbroken_earliest,hold_flat,197,121,0.6142,95,59,0.6211,102,62,0.6078,False
per_day,5,stock_unbroken_earliest,hold_touch3,197,118,0.5990,95,57,0.6000,102,61,0.5980,False
per_day,5,stock_unbroken_earliest,maxc3,197,141,0.7157,95,68,0.7158,102,73,0.7157,False
per_day,5,stock_unbroken_earliest,open_up,181,77,0.4254,85,37,0.4353,96,40,0.4167,False
per_day,5,stock_unbroken_earliest,open_flat,181,95,0.5249,85,47,0.5529,96,48,0.5000,False
per_day,5,stock_unbroken_earliest,touch3,181,106,0.5856,85,50,0.5882,96,56,0.5833,False
per_day,5,stock_unbroken_earliest,open_zt3,181,88,0.4862,85,41,0.4824,96,47,0.4896,False
per_day,5,stock_unbroken_earliest,hold_zt3,197,104,0.5279,95,51,0.5368,102,53,0.5196,False
per_day,5,H_strongest,hold_close,88,50,0.5682,31,16,0.5161,57,34,0.5965,False
per_day,5,H_strongest,hold_flat,88,50,0.5682,31,16,0.5161,57,34,0.5965,False
per_day,5,H_strongest,hold_touch3,88,52,0.5909,31,15,0.4839,57,37,0.6491,False
per_day,5,H_strongest,maxc3,88,58,0.6591,31,17,0.5484,57,41,0.7193,False
per_day,5,H_strongest,open_up,84,36,0.4286,31,14,0.4516,53,22,0.4151,False
per_day,5,H_strongest,open_flat,84,47,0.5595,31,19,0.6129,53,28,0.5283,False
per_day,5,H_strongest,touch3,84,48,0.5714,31,15,0.4839,53,33,0.6226,False
per_day,5,H_strongest,open_zt3,84,44,0.5238,31,13,0.4194,53,31,0.5849,False
per_day,5,H_strongest,hold_zt3,89,48,0.5393,32,13,0.4062,57,35,0.6140,False
per_day,5,Hm1_strongest,hold_close,67,40,0.5970,27,17,0.6296,40,23,0.5750,False
per_day,5,Hm1_strongest,hold_flat,67,40,0.5970,27,17,0.6296,40,23,0.5750,False
per_day,5,Hm1_strongest,hold_touch3,67,36,0.5373,27,16,0.5926,40,20,0.5000,False
per_day,5,Hm1_strongest,maxc3,67,47,0.7015,27,19,0.7037,40,28,0.7000,False
per_day,5,Hm1_strongest,open_up,63,28,0.4444,24,8,0.3333,39,20,0.5128,False
per_day,5,Hm1_strongest,open_flat,63,30,0.4762,24,8,0.3333,39,22,0.5641,False
per_day,5,Hm1_strongest,touch3,63,33,0.5238,24,14,0.5833,39,19,0.4872,False
per_day,5,Hm1_strongest,open_zt3,63,26,0.4127,24,10,0.4167,39,16,0.4103,False
per_day,5,Hm1_strongest,hold_zt3,67,30,0.4478,27,13,0.4815,40,17,0.4250,False
per_day,5,belowH_strongest,hold_close,194,124,0.6392,94,59,0.6277,100,65,0.6500,False
per_day,5,belowH_strongest,hold_flat,194,125,0.6443,94,59,0.6277,100,66,0.6600,False
per_day,5,belowH_strongest,hold_touch3,194,117,0.6031,94,60,0.6383,100,57,0.5700,False
per_day,5,belowH_strongest,maxc3,194,144,0.7423,94,70,0.7447,100,74,0.7400,False
per_day,5,belowH_strongest,open_up,176,72,0.4091,82,30,0.3659,94,42,0.4468,False
per_day,5,belowH_strongest,open_flat,176,91,0.5170,82,39,0.4756,94,52,0.5532,False
per_day,5,belowH_strongest,touch3,176,101,0.5739,82,49,0.5976,94,52,0.5532,False
per_day,5,belowH_strongest,open_zt3,176,81,0.4602,82,41,0.5000,94,40,0.4255,False
per_day,5,belowH_strongest,hold_zt3,194,99,0.5103,94,53,0.5638,100,46,0.4600,False
per_day,5,ge3_strongest,hold_close,156,99,0.6346,72,46,0.6389,84,53,0.6310,False
per_day,5,ge3_strongest,hold_flat,156,99,0.6346,72,46,0.6389,84,53,0.6310,False
per_day,5,ge3_strongest,hold_touch3,156,107,0.6859,72,48,0.6667,84,59,0.7024,False
per_day,5,ge3_strongest,maxc3,156,113,0.7244,72,48,0.6667,84,65,0.7738,False
per_day,5,ge3_strongest,open_up,146,57,0.3904,66,26,0.3939,80,31,0.3875,False
per_day,5,ge3_strongest,open_flat,146,81,0.5548,66,37,0.5606,80,44,0.5500,False
per_day,5,ge3_strongest,touch3,146,98,0.6712,66,43,0.6515,80,55,0.6875,False
per_day,5,ge3_strongest,open_zt3,146,82,0.5616,66,35,0.5303,80,47,0.5875,False
per_day,5,ge3_strongest,hold_zt3,156,92,0.5897,72,41,0.5694,84,51,0.6071,False
per_day,5,ge3_earliest,hold_close,156,95,0.6090,72,45,0.6250,84,50,0.5952,False
per_day,5,ge3_earliest,hold_flat,156,95,0.6090,72,45,0.6250,84,50,0.5952,False
per_day,5,ge3_earliest,hold_touch3,156,100,0.6410,72,45,0.6250,84,55,0.6548,False
per_day,5,ge3_earliest,maxc3,156,111,0.7115,72,48,0.6667,84,63,0.7500,False
per_day,5,ge3_earliest,open_up,146,58,0.3973,65,27,0.4154,81,31,0.3827,False
per_day,5,ge3_earliest,open_flat,146,76,0.5205,65,35,0.5385,81,41,0.5062,False
per_day,5,ge3_earliest,touch3,146,93,0.6370,65,41,0.6308,81,52,0.6420,False
per_day,5,ge3_earliest,open_zt3,146,76,0.5205,65,33,0.5077,81,43,0.5309,False
per_day,5,ge3_earliest,hold_zt3,156,86,0.5513,72,40,0.5556,84,46,0.5476,False
per_day,5,ge4_strongest,hold_close,105,69,0.6571,54,37,0.6852,51,32,0.6275,False
per_day,5,ge4_strongest,hold_flat,105,69,0.6571,54,37,0.6852,51,32,0.6275,False
per_day,5,ge4_strongest,hold_touch3,105,72,0.6857,54,40,0.7407,51,32,0.6275,False
per_day,5,ge4_strongest,maxc3,105,75,0.7143,54,38,0.7037,51,37,0.7255,False
per_day,5,ge4_strongest,open_up,97,41,0.4227,50,19,0.3800,47,22,0.4681,False
per_day,5,ge4_strongest,open_flat,97,60,0.6186,50,31,0.6200,47,29,0.6170,False
per_day,5,ge4_strongest,touch3,97,64,0.6598,50,36,0.7200,47,28,0.5957,False
per_day,5,ge4_strongest,open_zt3,97,55,0.5670,50,29,0.5800,47,26,0.5532,False
per_day,5,ge4_strongest,hold_zt3,105,63,0.6000,54,33,0.6111,51,30,0.5882,False
per_day,5,ge4_earliest,hold_close,105,69,0.6571,54,36,0.6667,51,33,0.6471,False
per_day,5,ge4_earliest,hold_flat,105,69,0.6571,54,36,0.6667,51,33,0.6471,False
per_day,5,ge4_earliest,hold_touch3,105,70,0.6667,54,39,0.7222,51,31,0.6078,False
per_day,5,ge4_earliest,maxc3,105,76,0.7238,54,37,0.6852,51,39,0.7647,False
per_day,5,ge4_earliest,open_up,97,42,0.4330,49,19,0.3878,48,23,0.4792,False
per_day,5,ge4_earliest,open_flat,97,59,0.6082,49,29,0.5918,48,30,0.6250,False
per_day,5,ge4_earliest,touch3,97,63,0.6495,49,35,0.7143,48,28,0.5833,False
per_day,5,ge4_earliest,open_zt3,97,53,0.5464,49,28,0.5714,48,25,0.5208,False
per_day,5,ge4_earliest,hold_zt3,105,61,0.5810,54,33,0.6111,51,28,0.5490,False
per_day,5,ge4_unopened,hold_close,38,28,0.7368,23,17,0.7391,15,11,0.7333,False
per_day,5,ge4_unopened,hold_flat,38,28,0.7368,23,17,0.7391,15,11,0.7333,False
per_day,5,ge4_unopened,hold_touch3,38,28,0.7368,23,17,0.7391,15,11,0.7333,False
per_day,5,ge4_unopened,maxc3,38,31,0.8158,23,19,0.8261,15,12,0.8000,False
per_day,5,ge4_unopened,open_up,35,14,0.4000,22,9,0.4091,13,5,0.3846,False
per_day,5,ge4_unopened,open_flat,35,21,0.6000,22,12,0.5455,13,9,0.6923,False
per_day,5,ge4_unopened,touch3,35,25,0.7143,22,16,0.7273,13,9,0.6923,False
per_day,5,ge4_unopened,open_zt3,35,20,0.5714,22,12,0.5455,13,8,0.6154,False
per_day,5,ge4_unopened,hold_zt3,38,23,0.6053,23,13,0.5652,15,10,0.6667,False
per_day,5,ge3_unopened,hold_close,70,43,0.6143,34,21,0.6176,36,22,0.6111,False
per_day,5,ge3_unopened,hold_flat,70,43,0.6143,34,21,0.6176,36,22,0.6111,False
per_day,5,ge3_unopened,hold_touch3,70,51,0.7286,34,21,0.6176,36,30,0.8333,False
per_day,5,ge3_unopened,maxc3,70,54,0.7714,34,23,0.6765,36,31,0.8611,False
per_day,5,ge3_unopened,open_up,67,25,0.3731,33,14,0.4242,34,11,0.3235,False
per_day,5,ge3_unopened,open_flat,67,33,0.4925,33,17,0.5152,34,16,0.4706,False
per_day,5,ge3_unopened,touch3,67,48,0.7164,33,20,0.6061,34,28,0.8235,False
per_day,5,ge3_unopened,open_zt3,67,38,0.5672,33,15,0.4545,34,23,0.6765,False
per_day,5,ge3_unopened,hold_zt3,70,41,0.5857,34,16,0.4706,36,25,0.6944,False
per_day,5,suc_strongest,hold_close,199,109,0.5477,96,53,0.5521,103,56,0.5437,False
per_day,5,suc_strongest,hold_flat,199,111,0.5578,96,53,0.5521,103,58,0.5631,False
per_day,5,suc_strongest,hold_touch3,199,91,0.4573,96,50,0.5208,103,41,0.3981,False
per_day,5,suc_strongest,maxc3,199,135,0.6784,96,66,0.6875,103,69,0.6699,False
per_day,5,suc_strongest,open_up,188,84,0.4468,89,36,0.4045,99,48,0.4848,False
per_day,5,suc_strongest,open_flat,188,97,0.5160,89,44,0.4944,99,53,0.5354,False
per_day,5,suc_strongest,touch3,188,80,0.4255,89,43,0.4831,99,37,0.3737,False
per_day,5,suc_strongest,open_zt3,188,71,0.3777,89,40,0.4494,99,31,0.3131,False
per_day,5,suc_strongest,hold_zt3,199,82,0.4121,96,47,0.4896,103,35,0.3398,False
per_day,5,early_strongest,hold_close,194,123,0.6340,94,60,0.6383,100,63,0.6300,False
per_day,5,early_strongest,hold_flat,194,124,0.6392,94,60,0.6383,100,64,0.6400,False
per_day,5,early_strongest,hold_touch3,194,126,0.6495,94,63,0.6702,100,63,0.6300,False
per_day,5,early_strongest,maxc3,194,141,0.7268,94,68,0.7234,100,73,0.7300,False
per_day,5,early_strongest,open_up,175,62,0.3543,82,28,0.3415,93,34,0.3656,False
per_day,5,early_strongest,open_flat,175,85,0.4857,82,38,0.4634,93,47,0.5054,False
per_day,5,early_strongest,touch3,175,109,0.6229,82,52,0.6341,93,57,0.6129,False
per_day,5,early_strongest,open_zt3,175,90,0.5143,82,42,0.5122,93,48,0.5161,False
per_day,5,early_strongest,hold_zt3,194,109,0.5619,94,54,0.5745,100,55,0.5500,False
per_day,5,huanshou_strongest,hold_close,200,119,0.5950,97,59,0.6082,103,60,0.5825,False
per_day,5,huanshou_strongest,hold_flat,200,121,0.6050,97,60,0.6186,103,61,0.5922,False
per_day,5,huanshou_strongest,hold_touch3,200,124,0.6200,97,62,0.6392,103,62,0.6019,False
per_day,5,huanshou_strongest,maxc3,200,141,0.7050,97,69,0.7113,103,72,0.6990,False
per_day,5,huanshou_strongest,open_up,182,66,0.3626,85,32,0.3765,97,34,0.3505,False
per_day,5,huanshou_strongest,open_flat,182,87,0.4780,85,42,0.4941,97,45,0.4639,False
per_day,5,huanshou_strongest,touch3,182,108,0.5934,85,51,0.6000,97,57,0.5876,False
per_day,5,huanshou_strongest,open_zt3,182,85,0.4670,85,40,0.4706,97,45,0.4639,False
per_day,5,huanshou_strongest,hold_zt3,200,103,0.5150,97,52,0.5361,103,51,0.4951,False
per_day,5,tzi_strongest,hold_close,89,56,0.6292,47,30,0.6383,42,26,0.6190,False
per_day,5,tzi_strongest,hold_flat,89,56,0.6292,47,30,0.6383,42,26,0.6190,False
per_day,5,tzi_strongest,hold_touch3,89,52,0.5843,47,25,0.5319,42,27,0.6429,False
per_day,5,tzi_strongest,maxc3,89,65,0.7303,47,33,0.7021,42,32,0.7619,False
per_day,5,tzi_strongest,open_up,82,36,0.4390,43,19,0.4419,39,17,0.4359,False
per_day,5,tzi_strongest,open_flat,82,44,0.5366,43,23,0.5349,39,21,0.5385,False
per_day,5,tzi_strongest,touch3,82,45,0.5488,43,21,0.4884,39,24,0.6154,False
per_day,5,tzi_strongest,open_zt3,82,42,0.5122,43,18,0.4186,39,24,0.6154,False
per_day,5,tzi_strongest,hold_zt3,89,49,0.5506,47,22,0.4681,42,27,0.6429,False
per_theme_day,5,earliest_seal,hold_close,516,313,0.6066,233,144,0.6180,283,169,0.5972,False
per_theme_day,5,earliest_seal,hold_flat,516,318,0.6163,233,144,0.6180,283,174,0.6148,False
per_theme_day,5,earliest_seal,hold_touch3,516,295,0.5717,233,142,0.6094,283,153,0.5406,False
per_theme_day,5,earliest_seal,maxc3,516,378,0.7326,233,171,0.7339,283,207,0.7314,False
per_theme_day,5,earliest_seal,open_up,482,207,0.4295,211,88,0.4171,271,119,0.4391,False
per_theme_day,5,earliest_seal,open_flat,482,256,0.5311,211,115,0.5450,271,141,0.5203,False
per_theme_day,5,earliest_seal,touch3,482,266,0.5519,211,124,0.5877,271,142,0.5240,False
per_theme_day,5,earliest_seal,open_zt3,482,210,0.4357,211,99,0.4692,271,111,0.4096,False
per_theme_day,5,earliest_seal,hold_zt3,517,244,0.4720,234,121,0.5171,283,123,0.4346,False
per_theme_day,5,latest_seal,hold_close,515,285,0.5534,232,117,0.5043,283,168,0.5936,False
per_theme_day,5,latest_seal,hold_flat,515,289,0.5612,232,117,0.5043,283,172,0.6078,False
per_theme_day,5,latest_seal,hold_touch3,515,254,0.4932,232,117,0.5043,283,137,0.4841,False
per_theme_day,5,latest_seal,maxc3,515,355,0.6893,232,155,0.6681,283,200,0.7067,False
per_theme_day,5,latest_seal,open_up,493,246,0.4990,218,97,0.4450,275,149,0.5418,False
per_theme_day,5,latest_seal,open_flat,493,266,0.5396,218,109,0.5000,275,157,0.5709,False
per_theme_day,5,latest_seal,touch3,493,233,0.4726,218,104,0.4771,275,129,0.4691,False
per_theme_day,5,latest_seal,open_zt3,493,184,0.3732,218,86,0.3945,275,98,0.3564,False
per_theme_day,5,latest_seal,hold_zt3,517,206,0.3985,234,100,0.4274,283,106,0.3746,False
per_theme_day,5,strongest_seal,hold_close,516,308,0.5969,233,143,0.6137,283,165,0.5830,False
per_theme_day,5,strongest_seal,hold_flat,516,313,0.6066,233,143,0.6137,283,170,0.6007,False
per_theme_day,5,strongest_seal,hold_touch3,516,298,0.5775,233,141,0.6052,283,157,0.5548,False
per_theme_day,5,strongest_seal,maxc3,516,374,0.7248,233,174,0.7468,283,200,0.7067,False
per_theme_day,5,strongest_seal,open_up,476,203,0.4265,207,85,0.4106,269,118,0.4387,False
per_theme_day,5,strongest_seal,open_flat,476,244,0.5126,207,106,0.5121,269,138,0.5130,False
per_theme_day,5,strongest_seal,touch3,476,261,0.5483,207,117,0.5652,269,144,0.5353,False
per_theme_day,5,strongest_seal,open_zt3,476,210,0.4412,207,98,0.4734,269,112,0.4164,False
per_theme_day,5,strongest_seal,hold_zt3,517,250,0.4836,234,124,0.5299,283,126,0.4452,False
per_theme_day,5,weakest_seal,hold_close,515,283,0.5495,232,125,0.5388,283,158,0.5583,False
per_theme_day,5,weakest_seal,hold_flat,515,287,0.5573,232,125,0.5388,283,162,0.5724,False
per_theme_day,5,weakest_seal,hold_touch3,515,251,0.4874,232,113,0.4871,283,138,0.4876,False
per_theme_day,5,weakest_seal,maxc3,515,360,0.6990,232,158,0.6810,283,202,0.7138,False
per_theme_day,5,weakest_seal,open_up,492,246,0.5000,217,103,0.4747,275,143,0.5200,False
per_theme_day,5,weakest_seal,open_flat,492,274,0.5569,217,122,0.5622,275,152,0.5527,False
per_theme_day,5,weakest_seal,touch3,492,230,0.4675,217,100,0.4608,275,130,0.4727,False
per_theme_day,5,weakest_seal,open_zt3,492,191,0.3882,217,89,0.4101,275,102,0.3709,False
per_theme_day,5,weakest_seal,hold_zt3,517,214,0.4139,234,104,0.4444,283,110,0.3887,False
per_theme_day,5,fewest_opens,hold_close,516,310,0.6008,233,140,0.6009,283,170,0.6007,False
per_theme_day,5,fewest_opens,hold_flat,516,315,0.6105,233,140,0.6009,283,175,0.6184,False
per_theme_day,5,fewest_opens,hold_touch3,516,297,0.5756,233,135,0.5794,283,162,0.5724,False
per_theme_day,5,fewest_opens,maxc3,516,372,0.7209,233,167,0.7167,283,205,0.7244,False
per_theme_day,5,fewest_opens,open_up,480,217,0.4521,211,90,0.4265,269,127,0.4721,False
per_theme_day,5,fewest_opens,open_flat,480,256,0.5333,211,112,0.5308,269,144,0.5353,False
per_theme_day,5,fewest_opens,touch3,480,264,0.5500,211,115,0.5450,269,149,0.5539,False
per_theme_day,5,fewest_opens,open_zt3,480,203,0.4229,211,88,0.4171,269,115,0.4275,False
per_theme_day,5,fewest_opens,hold_zt3,517,239,0.4623,234,110,0.4701,283,129,0.4558,False
per_theme_day,5,unopened_strongest,hold_close,276,166,0.6014,124,80,0.6452,152,86,0.5658,False
per_theme_day,5,unopened_strongest,hold_flat,276,169,0.6123,124,80,0.6452,152,89,0.5855,False
per_theme_day,5,unopened_strongest,hold_touch3,276,178,0.6449,124,79,0.6371,152,99,0.6513,False
per_theme_day,5,unopened_strongest,maxc3,276,202,0.7319,124,93,0.7500,152,109,0.7171,False
per_theme_day,5,unopened_strongest,open_up,251,106,0.4223,108,42,0.3889,143,64,0.4476,False
per_theme_day,5,unopened_strongest,open_flat,251,127,0.5060,108,54,0.5000,143,73,0.5105,False
per_theme_day,5,unopened_strongest,touch3,251,153,0.6096,108,63,0.5833,143,90,0.6294,False
per_theme_day,5,unopened_strongest,open_zt3,251,110,0.4382,108,43,0.3981,143,67,0.4685,False
per_theme_day,5,unopened_strongest,hold_zt3,277,135,0.4874,125,59,0.4720,152,76,0.5000,False
per_theme_day,5,unopened_earliest,hold_close,276,166,0.6014,124,80,0.6452,152,86,0.5658,False
per_theme_day,5,unopened_earliest,hold_flat,276,170,0.6159,124,81,0.6532,152,89,0.5855,False
per_theme_day,5,unopened_earliest,hold_touch3,276,173,0.6268,124,77,0.6210,152,96,0.6316,False
per_theme_day,5,unopened_earliest,maxc3,276,201,0.7283,124,92,0.7419,152,109,0.7171,False
per_theme_day,5,unopened_earliest,open_up,253,107,0.4229,110,44,0.4000,143,63,0.4406,False
per_theme_day,5,unopened_earliest,open_flat,253,130,0.5138,110,57,0.5182,143,73,0.5105,False
per_theme_day,5,unopened_earliest,touch3,253,150,0.5929,110,63,0.5727,143,87,0.6084,False
per_theme_day,5,unopened_earliest,open_zt3,253,109,0.4308,110,44,0.4000,143,65,0.4545,False
per_theme_day,5,unopened_earliest,hold_zt3,277,132,0.4765,125,58,0.4640,152,74,0.4868,False
per_theme_day,5,opened_strongest,hold_close,420,257,0.6119,193,113,0.5855,227,144,0.6344,False
per_theme_day,5,opened_strongest,hold_flat,420,259,0.6167,193,113,0.5855,227,146,0.6432,False
per_theme_day,5,opened_strongest,hold_touch3,420,218,0.5190,193,106,0.5492,227,112,0.4934,False
per_theme_day,5,opened_strongest,maxc3,420,308,0.7333,193,142,0.7358,227,166,0.7313,False
per_theme_day,5,opened_strongest,open_up,396,189,0.4773,177,78,0.4407,219,111,0.5068,False
per_theme_day,5,opened_strongest,open_flat,396,217,0.5480,177,93,0.5254,219,124,0.5662,False
per_theme_day,5,opened_strongest,touch3,396,198,0.5000,177,93,0.5254,219,105,0.4795,False
per_theme_day,5,opened_strongest,open_zt3,396,166,0.4192,177,80,0.4520,219,86,0.3927,False
per_theme_day,5,opened_strongest,hold_zt3,420,190,0.4524,193,96,0.4974,227,94,0.4141,False
per_theme_day,5,fanbao_strongest,hold_close,64,39,0.6094,3,0,0.0000,61,39,0.6393,False
per_theme_day,5,fanbao_strongest,hold_flat,64,39,0.6094,3,0,0.0000,61,39,0.6393,False
per_theme_day,5,fanbao_strongest,hold_touch3,64,26,0.4062,3,0,0.0000,61,26,0.4262,False
per_theme_day,5,fanbao_strongest,maxc3,64,43,0.6719,3,0,0.0000,61,43,0.7049,False
per_theme_day,5,fanbao_strongest,open_up,63,31,0.4921,3,0,0.0000,60,31,0.5167,False
per_theme_day,5,fanbao_strongest,open_flat,63,36,0.5714,3,1,0.3333,60,35,0.5833,False
per_theme_day,5,fanbao_strongest,touch3,63,25,0.3968,3,0,0.0000,60,25,0.4167,False
per_theme_day,5,fanbao_strongest,open_zt3,63,18,0.2857,3,0,0.0000,60,18,0.3000,False
per_theme_day,5,fanbao_strongest,hold_zt3,64,19,0.2969,3,0,0.0000,61,19,0.3115,False
per_theme_day,5,earliest_final,hold_close,516,319,0.6182,233,145,0.6223,283,174,0.6148,False
per_theme_day,5,earliest_final,hold_flat,516,323,0.6260,233,146,0.6266,283,177,0.6254,False
per_theme_day,5,earliest_final,hold_touch3,516,301,0.5833,233,141,0.6052,283,160,0.5654,False
per_theme_day,5,earliest_final,maxc3,516,380,0.7364,233,173,0.7425,283,207,0.7314,False
per_theme_day,5,earliest_final,open_up,482,211,0.4378,212,89,0.4198,270,122,0.4519,False
per_theme_day,5,earliest_final,open_flat,482,260,0.5394,212,116,0.5472,270,144,0.5333,False
per_theme_day,5,earliest_final,touch3,482,269,0.5581,212,121,0.5708,270,148,0.5481,False
per_theme_day,5,earliest_final,open_zt3,482,214,0.4440,212,100,0.4717,270,114,0.4222,False
per_theme_day,5,earliest_final,hold_zt3,517,248,0.4797,234,121,0.5171,283,127,0.4488,False
per_theme_day,5,highest_board,hold_close,515,298,0.5786,232,136,0.5862,283,162,0.5724,False
per_theme_day,5,highest_board,hold_flat,515,303,0.5883,232,136,0.5862,283,167,0.5901,False
per_theme_day,5,highest_board,hold_touch3,515,297,0.5767,232,138,0.5948,283,159,0.5618,False
per_theme_day,5,highest_board,maxc3,515,368,0.7146,232,166,0.7155,283,202,0.7138,False
per_theme_day,5,highest_board,open_up,482,208,0.4315,210,87,0.4143,272,121,0.4449,False
per_theme_day,5,highest_board,open_flat,482,249,0.5166,210,109,0.5190,272,140,0.5147,False
per_theme_day,5,highest_board,touch3,482,268,0.5560,210,120,0.5714,272,148,0.5441,False
per_theme_day,5,highest_board,open_zt3,482,212,0.4398,210,100,0.4762,272,112,0.4118,False
per_theme_day,5,highest_board,hold_zt3,517,245,0.4739,234,122,0.5214,283,123,0.4346,False
per_theme_day,5,lowest_board,hold_close,516,302,0.5853,233,138,0.5923,283,164,0.5795,False
per_theme_day,5,lowest_board,hold_flat,516,308,0.5969,233,139,0.5966,283,169,0.5972,False
per_theme_day,5,lowest_board,hold_touch3,516,277,0.5368,233,132,0.5665,283,145,0.5124,False
per_theme_day,5,lowest_board,maxc3,516,367,0.7112,233,171,0.7339,283,196,0.6926,False
per_theme_day,5,lowest_board,open_up,482,221,0.4585,210,93,0.4429,272,128,0.4706,False
per_theme_day,5,lowest_board,open_flat,482,252,0.5228,210,110,0.5238,272,142,0.5221,False
per_theme_day,5,lowest_board,touch3,482,246,0.5104,210,111,0.5286,272,135,0.4963,False
per_theme_day,5,lowest_board,open_zt3,482,193,0.4004,210,91,0.4333,272,102,0.3750,False
per_theme_day,5,lowest_board,hold_zt3,517,227,0.4391,234,114,0.4872,283,113,0.3993,False
per_theme_day,5,board2_strongest,hold_close,415,242,0.5831,179,111,0.6201,236,131,0.5551,False
per_theme_day,5,board2_strongest,hold_flat,415,248,0.5976,179,112,0.6257,236,136,0.5763,False
per_theme_day,5,board2_strongest,hold_touch3,415,213,0.5133,179,98,0.5475,236,115,0.4873,False
per_theme_day,5,board2_strongest,maxc3,415,297,0.7157,179,137,0.7654,236,160,0.6780,False
per_theme_day,5,board2_strongest,open_up,386,183,0.4741,161,76,0.4720,225,107,0.4756,False
per_theme_day,5,board2_strongest,open_flat,386,199,0.5155,161,85,0.5280,225,114,0.5067,False
per_theme_day,5,board2_strongest,touch3,386,186,0.4819,161,81,0.5031,225,105,0.4667,False
per_theme_day,5,board2_strongest,open_zt3,386,137,0.3549,161,65,0.4037,225,72,0.3200,False
per_theme_day,5,board2_strongest,hold_zt3,416,166,0.3990,180,83,0.4611,236,83,0.3517,False
per_theme_day,5,board3_strongest,hold_close,141,83,0.5887,65,36,0.5538,76,47,0.6184,False
per_theme_day,5,board3_strongest,hold_flat,141,83,0.5887,65,36,0.5538,76,47,0.6184,False
per_theme_day,5,board3_strongest,hold_touch3,141,87,0.6170,65,37,0.5692,76,50,0.6579,False
per_theme_day,5,board3_strongest,maxc3,141,101,0.7163,65,42,0.6462,76,59,0.7763,False
per_theme_day,5,board3_strongest,open_up,134,52,0.3881,59,25,0.4237,75,27,0.3600,False
per_theme_day,5,board3_strongest,open_flat,134,67,0.5000,59,32,0.5424,75,35,0.4667,False
per_theme_day,5,board3_strongest,touch3,134,82,0.6119,59,33,0.5593,75,49,0.6533,False
per_theme_day,5,board3_strongest,open_zt3,134,67,0.5000,59,25,0.4237,75,42,0.5600,False
per_theme_day,5,board3_strongest,hold_zt3,141,74,0.5248,65,31,0.4769,76,43,0.5658,False
per_theme_day,5,board4_strongest,hold_close,78,49,0.6282,39,23,0.5897,39,26,0.6667,False
per_theme_day,5,board4_strongest,hold_flat,78,49,0.6282,39,23,0.5897,39,26,0.6667,False
per_theme_day,5,board4_strongest,hold_touch3,78,46,0.5897,39,24,0.6154,39,22,0.5641,False
per_theme_day,5,board4_strongest,maxc3,78,56,0.7179,39,27,0.6923,39,29,0.7436,False
per_theme_day,5,board4_strongest,open_up,73,28,0.3836,37,11,0.2973,36,17,0.4722,False
per_theme_day,5,board4_strongest,open_flat,73,42,0.5753,37,18,0.4865,36,24,0.6667,False
per_theme_day,5,board4_strongest,touch3,73,41,0.5616,37,22,0.5946,36,19,0.5278,False
per_theme_day,5,board4_strongest,open_zt3,73,35,0.4795,37,18,0.4865,36,17,0.4722,False
per_theme_day,5,board4_strongest,hold_zt3,78,40,0.5128,39,20,0.5128,39,20,0.5128,False
per_theme_day,5,board5p_strongest,hold_close,67,40,0.5970,41,24,0.5854,26,16,0.6154,False
per_theme_day,5,board5p_strongest,hold_flat,67,40,0.5970,41,24,0.5854,26,16,0.6154,False
per_theme_day,5,board5p_strongest,hold_touch3,67,43,0.6418,41,26,0.6341,26,17,0.6538,False
per_theme_day,5,board5p_strongest,maxc3,67,44,0.6567,41,25,0.6098,26,19,0.7308,False
per_theme_day,5,board5p_strongest,open_up,63,27,0.4286,38,15,0.3947,25,12,0.4800,False
per_theme_day,5,board5p_strongest,open_flat,63,36,0.5714,38,23,0.6053,25,13,0.5200,False
per_theme_day,5,board5p_strongest,touch3,63,40,0.6349,38,24,0.6316,25,16,0.6400,False
per_theme_day,5,board5p_strongest,open_zt3,63,36,0.5714,38,23,0.6053,25,13,0.5200,False
per_theme_day,5,board5p_strongest,hold_zt3,68,40,0.5882,42,26,0.6190,26,14,0.5385,False
per_theme_day,5,board2_earliest,hold_close,415,245,0.5904,179,114,0.6369,236,131,0.5551,False
per_theme_day,5,board2_earliest,hold_flat,415,250,0.6024,179,114,0.6369,236,136,0.5763,False
per_theme_day,5,board2_earliest,hold_touch3,415,213,0.5133,179,102,0.5698,236,111,0.4703,False
per_theme_day,5,board2_earliest,maxc3,415,300,0.7229,179,136,0.7598,236,164,0.6949,False
per_theme_day,5,board2_earliest,open_up,390,187,0.4795,164,81,0.4939,226,106,0.4690,False
per_theme_day,5,board2_earliest,open_flat,390,210,0.5385,164,96,0.5854,226,114,0.5044,False
per_theme_day,5,board2_earliest,touch3,390,190,0.4872,164,88,0.5366,226,102,0.4513,False
per_theme_day,5,board2_earliest,open_zt3,390,145,0.3718,164,70,0.4268,226,75,0.3319,False
per_theme_day,5,board2_earliest,hold_zt3,416,170,0.4087,180,85,0.4722,236,85,0.3602,False
per_theme_day,5,board3_earliest,hold_close,141,83,0.5887,65,36,0.5538,76,47,0.6184,False
per_theme_day,5,board3_earliest,hold_flat,141,83,0.5887,65,36,0.5538,76,47,0.6184,False
per_theme_day,5,board3_earliest,hold_touch3,141,85,0.6028,65,37,0.5692,76,48,0.6316,False
per_theme_day,5,board3_earliest,maxc3,141,99,0.7021,65,41,0.6308,76,58,0.7632,False
per_theme_day,5,board3_earliest,open_up,134,52,0.3881,59,25,0.4237,75,27,0.3600,False
per_theme_day,5,board3_earliest,open_flat,134,68,0.5075,59,33,0.5593,75,35,0.4667,False
per_theme_day,5,board3_earliest,touch3,134,80,0.5970,59,33,0.5593,75,47,0.6267,False
per_theme_day,5,board3_earliest,open_zt3,134,67,0.5000,59,27,0.4576,75,40,0.5333,False
per_theme_day,5,board3_earliest,hold_zt3,141,74,0.5248,65,33,0.5077,76,41,0.5395,False
per_theme_day,5,cihigh_strongest,hold_close,104,57,0.5481,35,22,0.6286,69,35,0.5072,False
per_theme_day,5,cihigh_strongest,hold_flat,104,57,0.5481,35,22,0.6286,69,35,0.5072,False
per_theme_day,5,cihigh_strongest,hold_touch3,104,51,0.4904,35,17,0.4857,69,34,0.4928,False
per_theme_day,5,cihigh_strongest,maxc3,104,72,0.6923,35,26,0.7429,69,46,0.6667,False
per_theme_day,5,cihigh_strongest,open_up,97,40,0.4124,31,10,0.3226,66,30,0.4545,False
per_theme_day,5,cihigh_strongest,open_flat,97,43,0.4433,31,10,0.3226,66,33,0.5000,False
per_theme_day,5,cihigh_strongest,touch3,97,45,0.4639,31,14,0.4516,66,31,0.4697,False
per_theme_day,5,cihigh_strongest,open_zt3,97,33,0.3402,31,11,0.3548,66,22,0.3333,False
per_theme_day,5,cihigh_strongest,hold_zt3,104,40,0.3846,35,15,0.4286,69,25,0.3623,False
per_theme_day,5,mid_strongest,hold_close,479,283,0.5908,209,126,0.6029,270,157,0.5815,False
per_theme_day,5,mid_strongest,hold_flat,479,289,0.6033,209,127,0.6077,270,162,0.6000,False
per_theme_day,5,mid_strongest,hold_touch3,479,263,0.5491,209,118,0.5646,270,145,0.5370,False
per_theme_day,5,mid_strongest,maxc3,479,345,0.7203,209,155,0.7416,270,190,0.7037,False
per_theme_day,5,mid_strongest,open_up,445,201,0.4517,186,83,0.4462,259,118,0.4556,False
per_theme_day,5,mid_strongest,open_flat,445,228,0.5124,186,96,0.5161,259,132,0.5097,False
per_theme_day,5,mid_strongest,touch3,445,232,0.5213,186,97,0.5215,259,135,0.5212,False
per_theme_day,5,mid_strongest,open_zt3,445,182,0.4090,186,80,0.4301,259,102,0.3938,False
per_theme_day,5,mid_strongest,hold_zt3,480,216,0.4500,210,103,0.4905,270,113,0.4185,False
per_theme_day,5,newh_strongest,hold_close,101,60,0.5941,31,16,0.5161,70,44,0.6286,False
per_theme_day,5,newh_strongest,hold_flat,101,60,0.5941,31,16,0.5161,70,44,0.6286,False
per_theme_day,5,newh_strongest,hold_touch3,101,59,0.5842,31,15,0.4839,70,44,0.6286,False
per_theme_day,5,newh_strongest,maxc3,101,68,0.6733,31,17,0.5484,70,51,0.7286,False
per_theme_day,5,newh_strongest,open_up,97,43,0.4433,31,14,0.4516,66,29,0.4394,False
per_theme_day,5,newh_strongest,open_flat,97,55,0.5670,31,19,0.6129,66,36,0.5455,False
per_theme_day,5,newh_strongest,touch3,97,55,0.5670,31,15,0.4839,66,40,0.6061,False
per_theme_day,5,newh_strongest,open_zt3,97,49,0.5052,31,13,0.4194,66,36,0.5455,False
per_theme_day,5,newh_strongest,hold_zt3,102,53,0.5196,32,13,0.4062,70,40,0.5714,False
per_theme_day,5,mid_earliest,hold_close,479,289,0.6033,209,129,0.6172,270,160,0.5926,False
per_theme_day,5,mid_earliest,hold_flat,479,294,0.6138,209,129,0.6172,270,165,0.6111,False
per_theme_day,5,mid_earliest,hold_touch3,479,260,0.5428,209,120,0.5742,270,140,0.5185,False
per_theme_day,5,mid_earliest,maxc3,479,348,0.7265,209,154,0.7368,270,194,0.7185,False
per_theme_day,5,mid_earliest,open_up,451,205,0.4545,190,87,0.4579,261,118,0.4521,False
per_theme_day,5,mid_earliest,open_flat,451,241,0.5344,190,107,0.5632,261,134,0.5134,False
per_theme_day,5,mid_earliest,touch3,451,236,0.5233,190,104,0.5474,261,132,0.5057,False
per_theme_day,5,mid_earliest,open_zt3,451,186,0.4124,190,84,0.4421,261,102,0.3908,False
per_theme_day,5,mid_earliest,hold_zt3,480,214,0.4458,210,103,0.4905,270,111,0.4111,False
per_theme_day,5,cihigh_earliest,hold_close,104,53,0.5096,35,21,0.6000,69,32,0.4638,False
per_theme_day,5,cihigh_earliest,hold_flat,104,54,0.5192,35,21,0.6000,69,33,0.4783,False
per_theme_day,5,cihigh_earliest,hold_touch3,104,51,0.4904,35,17,0.4857,69,34,0.4928,False
per_theme_day,5,cihigh_earliest,maxc3,104,68,0.6538,35,24,0.6857,69,44,0.6377,False
per_theme_day,5,cihigh_earliest,open_up,97,39,0.4021,31,10,0.3226,66,29,0.4394,False
per_theme_day,5,cihigh_earliest,open_flat,97,43,0.4433,31,11,0.3548,66,32,0.4848,False
per_theme_day,5,cihigh_earliest,touch3,97,45,0.4639,31,14,0.4516,66,31,0.4697,False
per_theme_day,5,cihigh_earliest,open_zt3,97,36,0.3711,31,12,0.3871,66,24,0.3636,False
per_theme_day,5,cihigh_earliest,hold_zt3,104,43,0.4135,35,16,0.4571,69,27,0.3913,False
per_theme_day,5,max_amount,hold_close,516,286,0.5543,233,131,0.5622,283,155,0.5477,False
per_theme_day,5,max_amount,hold_flat,516,290,0.5620,233,131,0.5622,283,159,0.5618,False
per_theme_day,5,max_amount,hold_touch3,516,252,0.4884,233,116,0.4979,283,136,0.4806,False
per_theme_day,5,max_amount,maxc3,516,361,0.6996,233,163,0.6996,283,198,0.6996,False
per_theme_day,5,max_amount,open_up,492,236,0.4797,217,102,0.4700,275,134,0.4873,False
per_theme_day,5,max_amount,open_flat,492,265,0.5386,217,120,0.5530,275,145,0.5273,False
per_theme_day,5,max_amount,touch3,492,229,0.4654,217,101,0.4654,275,128,0.4655,False
per_theme_day,5,max_amount,open_zt3,492,178,0.3618,217,86,0.3963,275,92,0.3345,False
per_theme_day,5,max_amount,hold_zt3,517,202,0.3907,234,102,0.4359,283,100,0.3534,False
per_theme_day,5,min_amount,hold_close,516,305,0.5911,233,135,0.5794,283,170,0.6007,False
per_theme_day,5,min_amount,hold_flat,516,310,0.6008,233,135,0.5794,283,175,0.6184,False
per_theme_day,5,min_amount,hold_touch3,516,285,0.5523,233,137,0.5880,283,148,0.5230,False
per_theme_day,5,min_amount,maxc3,516,366,0.7093,233,164,0.7039,283,202,0.7138,False
per_theme_day,5,min_amount,open_up,486,214,0.4403,214,86,0.4019,272,128,0.4706,False
per_theme_day,5,min_amount,open_flat,486,259,0.5329,214,113,0.5280,272,146,0.5368,False
per_theme_day,5,min_amount,touch3,486,259,0.5329,214,121,0.5654,272,138,0.5074,False
per_theme_day,5,min_amount,open_zt3,486,212,0.4362,214,99,0.4626,272,113,0.4154,False
per_theme_day,5,min_amount,hold_zt3,517,242,0.4681,234,118,0.5043,283,124,0.4382,False
per_theme_day,5,max_turn,hold_close,516,276,0.5349,233,122,0.5236,283,154,0.5442,False
per_theme_day,5,max_turn,hold_flat,516,280,0.5426,233,122,0.5236,283,158,0.5583,False
per_theme_day,5,max_turn,hold_touch3,516,255,0.4942,233,116,0.4979,283,139,0.4912,False
per_theme_day,5,max_turn,maxc3,516,351,0.6802,233,155,0.6652,283,196,0.6926,False
per_theme_day,5,max_turn,open_up,493,234,0.4746,217,99,0.4562,276,135,0.4891,False
per_theme_day,5,max_turn,open_flat,493,259,0.5254,217,114,0.5253,276,145,0.5254,False
per_theme_day,5,max_turn,touch3,493,233,0.4726,217,101,0.4654,276,132,0.4783,False
per_theme_day,5,max_turn,open_zt3,493,180,0.3651,217,81,0.3733,276,99,0.3587,False
per_theme_day,5,max_turn,hold_zt3,517,203,0.3926,234,97,0.4145,283,106,0.3746,False
per_theme_day,5,min_turn,hold_close,516,320,0.6202,233,146,0.6266,283,174,0.6148,False
per_theme_day,5,min_turn,hold_flat,516,327,0.6337,233,148,0.6352,283,179,0.6325,False
per_theme_day,5,min_turn,hold_touch3,516,285,0.5523,233,136,0.5837,283,149,0.5265,False
per_theme_day,5,min_turn,maxc3,516,378,0.7326,233,173,0.7425,283,205,0.7244,False
per_theme_day,5,min_turn,open_up,481,219,0.4553,211,89,0.4218,270,130,0.4815,False
per_theme_day,5,min_turn,open_flat,481,262,0.5447,211,116,0.5498,270,146,0.5407,False
per_theme_day,5,min_turn,touch3,481,254,0.5281,211,117,0.5545,270,137,0.5074,False
per_theme_day,5,min_turn,open_zt3,481,207,0.4304,211,101,0.4787,270,106,0.3926,False
per_theme_day,5,min_turn,hold_zt3,517,242,0.4681,234,123,0.5256,283,119,0.4205,False
per_theme_day,5,intact_strongest,hold_close,314,186,0.5924,147,88,0.5986,167,98,0.5868,False
per_theme_day,5,intact_strongest,hold_flat,314,190,0.6051,147,88,0.5986,167,102,0.6108,False
per_theme_day,5,intact_strongest,hold_touch3,314,187,0.5955,147,91,0.6190,167,96,0.5749,False
per_theme_day,5,intact_strongest,maxc3,314,225,0.7166,147,104,0.7075,167,121,0.7246,False
per_theme_day,5,intact_strongest,open_up,294,126,0.4286,131,55,0.4198,163,71,0.4356,False
per_theme_day,5,intact_strongest,open_flat,294,152,0.5170,131,69,0.5267,163,83,0.5092,False
per_theme_day,5,intact_strongest,touch3,294,168,0.5714,131,76,0.5802,163,92,0.5644,False
per_theme_day,5,intact_strongest,open_zt3,294,126,0.4286,131,60,0.4580,163,66,0.4049,False
per_theme_day,5,intact_strongest,hold_zt3,315,146,0.4635,148,76,0.5135,167,70,0.4192,False
per_theme_day,5,intact_earliest,hold_close,314,196,0.6242,147,89,0.6054,167,107,0.6407,False
per_theme_day,5,intact_earliest,hold_flat,314,199,0.6338,147,89,0.6054,167,110,0.6587,False
per_theme_day,5,intact_earliest,hold_touch3,314,184,0.5860,147,90,0.6122,167,94,0.5629,False
per_theme_day,5,intact_earliest,maxc3,314,230,0.7325,147,104,0.7075,167,126,0.7545,False
per_theme_day,5,intact_earliest,open_up,297,131,0.4411,134,57,0.4254,163,74,0.4540,False
per_theme_day,5,intact_earliest,open_flat,297,161,0.5421,134,73,0.5448,163,88,0.5399,False
per_theme_day,5,intact_earliest,touch3,297,170,0.5724,134,80,0.5970,163,90,0.5521,False
per_theme_day,5,intact_earliest,open_zt3,297,123,0.4141,134,59,0.4403,163,64,0.3926,False
per_theme_day,5,intact_earliest,hold_zt3,315,140,0.4444,148,72,0.4865,167,68,0.4072,False
per_theme_day,5,break_strongest,hold_close,152,91,0.5987,59,39,0.6610,93,52,0.5591,False
per_theme_day,5,break_strongest,hold_flat,152,93,0.6118,59,39,0.6610,93,54,0.5806,False
per_theme_day,5,break_strongest,hold_touch3,152,81,0.5329,59,35,0.5932,93,46,0.4946,False
per_theme_day,5,break_strongest,maxc3,152,112,0.7368,59,48,0.8136,93,64,0.6882,False
per_theme_day,5,break_strongest,open_up,137,60,0.4380,52,23,0.4423,85,37,0.4353,False
per_theme_day,5,break_strongest,open_flat,137,70,0.5109,52,28,0.5385,85,42,0.4941,False
per_theme_day,5,break_strongest,touch3,137,67,0.4891,52,28,0.5385,85,39,0.4588,False
per_theme_day,5,break_strongest,open_zt3,137,58,0.4234,52,26,0.5000,85,32,0.3765,False
per_theme_day,5,break_strongest,hold_zt3,152,73,0.4803,59,33,0.5593,93,40,0.4301,False
per_theme_day,5,stock_unbroken_strongest,hold_close,484,286,0.5909,218,133,0.6101,266,153,0.5752,False
per_theme_day,5,stock_unbroken_strongest,hold_flat,484,290,0.5992,218,133,0.6101,266,157,0.5902,False
per_theme_day,5,stock_unbroken_strongest,hold_touch3,484,270,0.5579,218,126,0.5780,266,144,0.5414,False
per_theme_day,5,stock_unbroken_strongest,maxc3,484,353,0.7293,218,164,0.7523,266,189,0.7105,False
per_theme_day,5,stock_unbroken_strongest,open_up,447,186,0.4161,194,78,0.4021,253,108,0.4269,False
per_theme_day,5,stock_unbroken_strongest,open_flat,447,225,0.5034,194,100,0.5155,253,125,0.4941,False
per_theme_day,5,stock_unbroken_strongest,touch3,447,236,0.5280,194,104,0.5361,253,132,0.5217,False
per_theme_day,5,stock_unbroken_strongest,open_zt3,447,191,0.4273,194,89,0.4588,253,102,0.4032,False
per_theme_day,5,stock_unbroken_strongest,hold_zt3,484,228,0.4711,218,113,0.5183,266,115,0.4323,False
per_theme_day,5,stock_broken_strongest,hold_close,132,79,0.5985,56,32,0.5714,76,47,0.6184,False
per_theme_day,5,stock_broken_strongest,hold_flat,132,80,0.6061,56,32,0.5714,76,48,0.6316,False
per_theme_day,5,stock_broken_strongest,hold_touch3,132,63,0.4773,56,31,0.5536,76,32,0.4211,False
per_theme_day,5,stock_broken_strongest,maxc3,132,88,0.6667,56,35,0.6250,76,53,0.6974,False
per_theme_day,5,stock_broken_strongest,open_up,129,63,0.4884,54,24,0.4444,75,39,0.5200,False
per_theme_day,5,stock_broken_strongest,open_flat,129,70,0.5426,54,27,0.5000,75,43,0.5733,False
per_theme_day,5,stock_broken_strongest,touch3,129,60,0.4651,54,29,0.5370,75,31,0.4133,False
per_theme_day,5,stock_broken_strongest,open_zt3,129,42,0.3256,54,21,0.3889,75,21,0.2800,False
per_theme_day,5,stock_broken_strongest,hold_zt3,133,45,0.3383,57,23,0.4035,76,22,0.2895,False
per_theme_day,5,stock_unbroken_earliest,hold_close,484,289,0.5971,218,135,0.6193,266,154,0.5789,False
per_theme_day,5,stock_unbroken_earliest,hold_flat,484,293,0.6054,218,135,0.6193,266,158,0.5940,False
per_theme_day,5,stock_unbroken_earliest,hold_touch3,484,269,0.5558,218,129,0.5917,266,140,0.5263,False
per_theme_day,5,stock_unbroken_earliest,maxc3,484,354,0.7314,218,161,0.7385,266,193,0.7256,False
per_theme_day,5,stock_unbroken_earliest,open_up,451,190,0.4213,196,81,0.4133,255,109,0.4275,False
per_theme_day,5,stock_unbroken_earliest,open_flat,451,235,0.5211,196,107,0.5459,255,128,0.5020,False
per_theme_day,5,stock_unbroken_earliest,touch3,451,241,0.5344,196,111,0.5663,255,130,0.5098,False
per_theme_day,5,stock_unbroken_earliest,open_zt3,451,193,0.4279,196,91,0.4643,255,102,0.4000,False
per_theme_day,5,stock_unbroken_earliest,hold_zt3,484,226,0.4669,218,113,0.5183,266,113,0.4248,False
per_theme_day,5,H_strongest,hold_close,101,60,0.5941,31,16,0.5161,70,44,0.6286,False
per_theme_day,5,H_strongest,hold_flat,101,60,0.5941,31,16,0.5161,70,44,0.6286,False
per_theme_day,5,H_strongest,hold_touch3,101,59,0.5842,31,15,0.4839,70,44,0.6286,False
per_theme_day,5,H_strongest,maxc3,101,68,0.6733,31,17,0.5484,70,51,0.7286,False
per_theme_day,5,H_strongest,open_up,97,43,0.4433,31,14,0.4516,66,29,0.4394,False
per_theme_day,5,H_strongest,open_flat,97,55,0.5670,31,19,0.6129,66,36,0.5455,False
per_theme_day,5,H_strongest,touch3,97,55,0.5670,31,15,0.4839,66,40,0.6061,False
per_theme_day,5,H_strongest,open_zt3,97,49,0.5052,31,13,0.4194,66,36,0.5455,False
per_theme_day,5,H_strongest,hold_zt3,102,53,0.5196,32,13,0.4062,70,40,0.5714,False
per_theme_day,5,Hm1_strongest,hold_close,104,57,0.5481,35,22,0.6286,69,35,0.5072,False
per_theme_day,5,Hm1_strongest,hold_flat,104,57,0.5481,35,22,0.6286,69,35,0.5072,False
per_theme_day,5,Hm1_strongest,hold_touch3,104,51,0.4904,35,17,0.4857,69,34,0.4928,False
per_theme_day,5,Hm1_strongest,maxc3,104,72,0.6923,35,26,0.7429,69,46,0.6667,False
per_theme_day,5,Hm1_strongest,open_up,97,40,0.4124,31,10,0.3226,66,30,0.4545,False
per_theme_day,5,Hm1_strongest,open_flat,97,43,0.4433,31,10,0.3226,66,33,0.5000,False
per_theme_day,5,Hm1_strongest,touch3,97,45,0.4639,31,14,0.4516,66,31,0.4697,False
per_theme_day,5,Hm1_strongest,open_zt3,97,33,0.3402,31,11,0.3548,66,22,0.3333,False
per_theme_day,5,Hm1_strongest,hold_zt3,104,40,0.3846,35,15,0.4286,69,25,0.3623,False
per_theme_day,5,belowH_strongest,hold_close,487,292,0.5996,224,137,0.6116,263,155,0.5894,False
per_theme_day,5,belowH_strongest,hold_flat,487,297,0.6099,224,137,0.6116,263,160,0.6084,False
per_theme_day,5,belowH_strongest,hold_touch3,487,274,0.5626,224,135,0.6027,263,139,0.5285,False
per_theme_day,5,belowH_strongest,maxc3,487,355,0.7290,224,169,0.7545,263,186,0.7072,False
per_theme_day,5,belowH_strongest,open_up,450,200,0.4444,198,82,0.4141,252,118,0.4683,False
per_theme_day,5,belowH_strongest,open_flat,450,234,0.5200,198,102,0.5152,252,132,0.5238,False
per_theme_day,5,belowH_strongest,touch3,450,240,0.5333,198,111,0.5606,252,129,0.5119,False
per_theme_day,5,belowH_strongest,open_zt3,450,190,0.4222,198,95,0.4798,252,95,0.3770,False
per_theme_day,5,belowH_strongest,hold_zt3,488,227,0.4652,225,121,0.5378,263,106,0.4030,False
per_theme_day,5,ge3_strongest,hold_close,242,148,0.6116,117,68,0.5812,125,80,0.6400,False
per_theme_day,5,ge3_strongest,hold_flat,242,148,0.6116,117,68,0.5812,125,80,0.6400,False
per_theme_day,5,ge3_strongest,hold_touch3,242,155,0.6405,117,72,0.6154,125,83,0.6640,False
per_theme_day,5,ge3_strongest,maxc3,242,175,0.7231,117,78,0.6667,125,97,0.7760,False
per_theme_day,5,ge3_strongest,open_up,226,90,0.3982,106,40,0.3774,120,50,0.4167,False
per_theme_day,5,ge3_strongest,open_flat,226,122,0.5398,106,56,0.5283,120,66,0.5500,False
per_theme_day,5,ge3_strongest,touch3,226,142,0.6283,106,64,0.6038,120,78,0.6500,False
per_theme_day,5,ge3_strongest,open_zt3,226,118,0.5221,106,51,0.4811,120,67,0.5583,False
per_theme_day,5,ge3_strongest,hold_zt3,242,134,0.5537,117,62,0.5299,125,72,0.5760,False
per_theme_day,5,ge3_earliest,hold_close,242,150,0.6198,117,69,0.5897,125,81,0.6480,False
per_theme_day,5,ge3_earliest,hold_flat,242,150,0.6198,117,69,0.5897,125,81,0.6480,False
per_theme_day,5,ge3_earliest,hold_touch3,242,153,0.6322,117,72,0.6154,125,81,0.6480,False
per_theme_day,5,ge3_earliest,maxc3,242,175,0.7231,117,77,0.6581,125,98,0.7840,False
per_theme_day,5,ge3_earliest,open_up,226,89,0.3938,106,39,0.3679,120,50,0.4167,False
per_theme_day,5,ge3_earliest,open_flat,226,121,0.5354,106,55,0.5189,120,66,0.5500,False
per_theme_day,5,ge3_earliest,touch3,226,140,0.6195,106,64,0.6038,120,76,0.6333,False
per_theme_day,5,ge3_earliest,open_zt3,226,115,0.5088,106,50,0.4717,120,65,0.5417,False
per_theme_day,5,ge3_earliest,hold_zt3,242,131,0.5413,117,61,0.5214,125,70,0.5600,False
per_theme_day,5,ge4_strongest,hold_close,132,85,0.6439,70,44,0.6286,62,41,0.6613,False
per_theme_day,5,ge4_strongest,hold_flat,132,85,0.6439,70,44,0.6286,62,41,0.6613,False
per_theme_day,5,ge4_strongest,hold_touch3,132,84,0.6364,70,46,0.6571,62,38,0.6129,False
per_theme_day,5,ge4_strongest,maxc3,132,95,0.7197,70,48,0.6857,62,47,0.7581,False
per_theme_day,5,ge4_strongest,open_up,123,50,0.4065,65,23,0.3538,58,27,0.4655,False
per_theme_day,5,ge4_strongest,open_flat,123,72,0.5854,65,37,0.5692,58,35,0.6034,False
per_theme_day,5,ge4_strongest,touch3,123,76,0.6179,65,42,0.6462,58,34,0.5862,False
per_theme_day,5,ge4_strongest,open_zt3,123,66,0.5366,65,36,0.5538,58,30,0.5172,False
per_theme_day,5,ge4_strongest,hold_zt3,133,75,0.5639,71,41,0.5775,62,34,0.5484,False
per_theme_day,5,ge4_earliest,hold_close,132,85,0.6439,70,44,0.6286,62,41,0.6613,False
per_theme_day,5,ge4_earliest,hold_flat,132,85,0.6439,70,44,0.6286,62,41,0.6613,False
per_theme_day,5,ge4_earliest,hold_touch3,132,83,0.6288,70,46,0.6571,62,37,0.5968,False
per_theme_day,5,ge4_earliest,maxc3,132,94,0.7121,70,47,0.6714,62,47,0.7581,False
per_theme_day,5,ge4_earliest,open_up,123,50,0.4065,65,23,0.3538,58,27,0.4655,False
per_theme_day,5,ge4_earliest,open_flat,123,71,0.5772,65,36,0.5538,58,35,0.6034,False
per_theme_day,5,ge4_earliest,touch3,123,75,0.6098,65,42,0.6462,58,33,0.5690,False
per_theme_day,5,ge4_earliest,open_zt3,123,64,0.5203,65,35,0.5385,58,29,0.5000,False
per_theme_day,5,ge4_earliest,hold_zt3,133,73,0.5489,71,40,0.5634,62,33,0.5323,False
per_theme_day,5,ge4_unopened,hold_close,42,30,0.7143,25,18,0.7200,17,12,0.7059,False
per_theme_day,5,ge4_unopened,hold_flat,42,30,0.7143,25,18,0.7200,17,12,0.7059,False
per_theme_day,5,ge4_unopened,hold_touch3,42,30,0.7143,25,18,0.7200,17,12,0.7059,False
per_theme_day,5,ge4_unopened,maxc3,42,34,0.8095,25,20,0.8000,17,14,0.8235,False
per_theme_day,5,ge4_unopened,open_up,39,14,0.3590,24,9,0.3750,15,5,0.3333,False
per_theme_day,5,ge4_unopened,open_flat,39,22,0.5641,24,13,0.5417,15,9,0.6000,False
per_theme_day,5,ge4_unopened,touch3,39,27,0.6923,24,17,0.7083,15,10,0.6667,False
per_theme_day,5,ge4_unopened,open_zt3,39,22,0.5641,24,13,0.5417,15,9,0.6000,False
per_theme_day,5,ge4_unopened,hold_zt3,42,25,0.5952,25,14,0.5600,17,11,0.6471,False
per_theme_day,5,ge3_unopened,hold_close,83,52,0.6265,41,27,0.6585,42,25,0.5952,False
per_theme_day,5,ge3_unopened,hold_flat,83,52,0.6265,41,27,0.6585,42,25,0.5952,False
per_theme_day,5,ge3_unopened,hold_touch3,83,60,0.7229,41,26,0.6341,42,34,0.8095,False
per_theme_day,5,ge3_unopened,maxc3,83,65,0.7831,41,29,0.7073,42,36,0.8571,False
per_theme_day,5,ge3_unopened,open_up,78,27,0.3462,39,15,0.3846,39,12,0.3077,False
per_theme_day,5,ge3_unopened,open_flat,78,37,0.4744,39,20,0.5128,39,17,0.4359,False
per_theme_day,5,ge3_unopened,touch3,78,55,0.7051,39,24,0.6154,39,31,0.7949,False
per_theme_day,5,ge3_unopened,open_zt3,78,42,0.5385,39,18,0.4615,39,24,0.6154,False
per_theme_day,5,ge3_unopened,hold_zt3,83,47,0.5663,41,20,0.4878,42,27,0.6429,False
per_theme_day,5,suc_strongest,hold_close,510,294,0.5765,229,132,0.5764,281,162,0.5765,False
per_theme_day,5,suc_strongest,hold_flat,510,299,0.5863,229,132,0.5764,281,167,0.5943,False
per_theme_day,5,suc_strongest,hold_touch3,510,259,0.5078,229,125,0.5459,281,134,0.4769,False
per_theme_day,5,suc_strongest,maxc3,510,361,0.7078,229,159,0.6943,281,202,0.7189,False
per_theme_day,5,suc_strongest,open_up,480,222,0.4625,210,92,0.4381,270,130,0.4815,False
per_theme_day,5,suc_strongest,open_flat,480,255,0.5312,210,110,0.5238,270,145,0.5370,False
per_theme_day,5,suc_strongest,touch3,480,231,0.4813,210,108,0.5143,270,123,0.4556,False
per_theme_day,5,suc_strongest,open_zt3,480,179,0.3729,210,92,0.4381,270,87,0.3222,False
per_theme_day,5,suc_strongest,hold_zt3,511,209,0.4090,230,111,0.4826,281,98,0.3488,False
per_theme_day,5,early_strongest,hold_close,431,268,0.6218,201,127,0.6318,230,141,0.6130,False
per_theme_day,5,early_strongest,hold_flat,431,270,0.6265,201,127,0.6318,230,143,0.6217,False
per_theme_day,5,early_strongest,hold_touch3,431,262,0.6079,201,127,0.6318,230,135,0.5870,False
per_theme_day,5,early_strongest,maxc3,431,322,0.7471,201,154,0.7662,230,168,0.7304,False
per_theme_day,5,early_strongest,open_up,397,162,0.4081,178,70,0.3933,219,92,0.4201,False
per_theme_day,5,early_strongest,open_flat,397,204,0.5139,178,91,0.5112,219,113,0.5160,False
per_theme_day,5,early_strongest,touch3,397,232,0.5844,178,107,0.6011,219,125,0.5708,False
per_theme_day,5,early_strongest,open_zt3,397,181,0.4559,178,87,0.4888,219,94,0.4292,False
per_theme_day,5,early_strongest,hold_zt3,431,215,0.4988,201,110,0.5473,230,105,0.4565,False
per_theme_day,5,huanshou_strongest,hold_close,496,285,0.5746,218,127,0.5826,278,158,0.5683,False
per_theme_day,5,huanshou_strongest,hold_flat,496,291,0.5867,218,128,0.5872,278,163,0.5863,False
per_theme_day,5,huanshou_strongest,hold_touch3,496,273,0.5504,218,127,0.5826,278,146,0.5252,False
per_theme_day,5,huanshou_strongest,maxc3,496,354,0.7137,218,161,0.7385,278,193,0.6942,False
per_theme_day,5,huanshou_strongest,open_up,462,196,0.4242,196,78,0.3980,266,118,0.4436,False
per_theme_day,5,huanshou_strongest,open_flat,462,232,0.5022,196,96,0.4898,266,136,0.5113,False
per_theme_day,5,huanshou_strongest,touch3,462,242,0.5238,196,107,0.5459,266,135,0.5075,False
per_theme_day,5,huanshou_strongest,open_zt3,462,187,0.4048,196,86,0.4388,266,101,0.3797,False
per_theme_day,5,huanshou_strongest,hold_zt3,497,221,0.4447,219,108,0.4932,278,113,0.4065,False
per_theme_day,5,tzi_strongest,hold_close,108,67,0.6204,63,40,0.6349,45,27,0.6000,False
per_theme_day,5,tzi_strongest,hold_flat,108,67,0.6204,63,40,0.6349,45,27,0.6000,False
per_theme_day,5,tzi_strongest,hold_touch3,108,64,0.5926,63,35,0.5556,45,29,0.6444,False
per_theme_day,5,tzi_strongest,maxc3,108,79,0.7315,63,44,0.6984,45,35,0.7778,False
per_theme_day,5,tzi_strongest,open_up,100,43,0.4300,58,26,0.4483,42,17,0.4048,False
per_theme_day,5,tzi_strongest,open_flat,100,55,0.5500,58,34,0.5862,42,21,0.5000,False
per_theme_day,5,tzi_strongest,touch3,100,57,0.5700,58,31,0.5345,42,26,0.6190,False
per_theme_day,5,tzi_strongest,open_zt3,100,52,0.5200,58,27,0.4655,42,25,0.5952,False
per_theme_day,5,tzi_strongest,hold_zt3,108,60,0.5556,63,32,0.5079,45,28,0.6222,False
per_day_max_theme,5,earliest_seal,hold_close,200,127,0.6350,97,60,0.6186,103,67,0.6505,False
per_day_max_theme,5,earliest_seal,hold_flat,200,127,0.6350,97,60,0.6186,103,67,0.6505,False
per_day_max_theme,5,earliest_seal,hold_touch3,200,130,0.6500,97,66,0.6804,103,64,0.6214,False
per_day_max_theme,5,earliest_seal,maxc3,200,155,0.7750,97,75,0.7732,103,80,0.7767,False
per_day_max_theme,5,earliest_seal,open_up,186,77,0.4140,89,38,0.4270,97,39,0.4021,False
per_day_max_theme,5,earliest_seal,open_flat,186,97,0.5215,89,48,0.5393,97,49,0.5052,False
per_day_max_theme,5,earliest_seal,touch3,186,118,0.6344,89,59,0.6629,97,59,0.6082,False
per_day_max_theme,5,earliest_seal,open_zt3,186,92,0.4946,89,45,0.5056,97,47,0.4845,False
per_day_max_theme,5,earliest_seal,hold_zt3,200,106,0.5300,97,53,0.5464,103,53,0.5146,False
per_day_max_theme,5,latest_seal,hold_close,200,117,0.5850,97,50,0.5155,103,67,0.6505,False
per_day_max_theme,5,latest_seal,hold_flat,200,118,0.5900,97,50,0.5155,103,68,0.6602,False
per_day_max_theme,5,latest_seal,hold_touch3,200,103,0.5150,97,53,0.5464,103,50,0.4854,False
per_day_max_theme,5,latest_seal,maxc3,200,144,0.7200,97,66,0.6804,103,78,0.7573,False
per_day_max_theme,5,latest_seal,open_up,193,103,0.5337,93,43,0.4624,100,60,0.6000,False
per_day_max_theme,5,latest_seal,open_flat,193,115,0.5959,93,50,0.5376,100,65,0.6500,False
per_day_max_theme,5,latest_seal,touch3,193,96,0.4974,93,49,0.5269,100,47,0.4700,False
per_day_max_theme,5,latest_seal,open_zt3,193,79,0.4093,93,39,0.4194,100,40,0.4000,False
per_day_max_theme,5,latest_seal,hold_zt3,200,86,0.4300,97,43,0.4433,103,43,0.4175,False
per_day_max_theme,5,strongest_seal,hold_close,200,130,0.6500,97,63,0.6495,103,67,0.6505,False
per_day_max_theme,5,strongest_seal,hold_flat,200,131,0.6550,97,63,0.6495,103,68,0.6602,False
per_day_max_theme,5,strongest_seal,hold_touch3,200,130,0.6500,97,63,0.6495,103,67,0.6505,False
per_day_max_theme,5,strongest_seal,maxc3,200,155,0.7750,97,76,0.7835,103,79,0.7670,False
per_day_max_theme,5,strongest_seal,open_up,182,77,0.4231,86,38,0.4419,96,39,0.4062,False
per_day_max_theme,5,strongest_seal,open_flat,182,95,0.5220,86,46,0.5349,96,49,0.5104,False
per_day_max_theme,5,strongest_seal,touch3,182,113,0.6209,86,52,0.6047,96,61,0.6354,False
per_day_max_theme,5,strongest_seal,open_zt3,182,94,0.5165,86,44,0.5116,96,50,0.5208,False
per_day_max_theme,5,strongest_seal,hold_zt3,200,112,0.5600,97,55,0.5670,103,57,0.5534,False
per_day_max_theme,5,weakest_seal,hold_close,200,116,0.5800,97,52,0.5361,103,64,0.6214,False
per_day_max_theme,5,weakest_seal,hold_flat,200,116,0.5800,97,52,0.5361,103,64,0.6214,False
per_day_max_theme,5,weakest_seal,hold_touch3,200,100,0.5000,97,50,0.5155,103,50,0.4854,False
per_day_max_theme,5,weakest_seal,maxc3,200,143,0.7150,97,66,0.6804,103,77,0.7476,False
per_day_max_theme,5,weakest_seal,open_up,194,104,0.5361,94,44,0.4681,100,60,0.6000,False
per_day_max_theme,5,weakest_seal,open_flat,194,119,0.6134,94,54,0.5745,100,65,0.6500,False
per_day_max_theme,5,weakest_seal,touch3,194,94,0.4845,94,47,0.5000,100,47,0.4700,False
per_day_max_theme,5,weakest_seal,open_zt3,194,79,0.4072,94,41,0.4362,100,38,0.3800,False
per_day_max_theme,5,weakest_seal,hold_zt3,200,85,0.4250,97,44,0.4536,103,41,0.3981,False
per_day_max_theme,5,fewest_opens,hold_close,200,132,0.6600,97,61,0.6289,103,71,0.6893,False
per_day_max_theme,5,fewest_opens,hold_flat,200,133,0.6650,97,61,0.6289,103,72,0.6990,False
per_day_max_theme,5,fewest_opens,hold_touch3,200,127,0.6350,97,59,0.6082,103,68,0.6602,False
per_day_max_theme,5,fewest_opens,maxc3,200,156,0.7800,97,73,0.7526,103,83,0.8058,False
per_day_max_theme,5,fewest_opens,open_up,186,84,0.4516,90,40,0.4444,96,44,0.4583,False
per_day_max_theme,5,fewest_opens,open_flat,186,103,0.5538,90,50,0.5556,96,53,0.5521,False
per_day_max_theme,5,fewest_opens,touch3,186,114,0.6129,90,52,0.5778,96,62,0.6458,False
per_day_max_theme,5,fewest_opens,open_zt3,186,89,0.4785,90,39,0.4333,96,50,0.5208,False
per_day_max_theme,5,fewest_opens,hold_zt3,200,103,0.5150,97,46,0.4742,103,57,0.5534,False
per_day_max_theme,5,unopened_strongest,hold_close,117,75,0.6410,56,37,0.6607,61,38,0.6230,False
per_day_max_theme,5,unopened_strongest,hold_flat,117,76,0.6496,56,37,0.6607,61,39,0.6393,False
per_day_max_theme,5,unopened_strongest,hold_touch3,117,76,0.6496,56,34,0.6071,61,42,0.6885,False
per_day_max_theme,5,unopened_strongest,maxc3,117,91,0.7778,56,42,0.7500,61,49,0.8033,False
per_day_max_theme,5,unopened_strongest,open_up,106,42,0.3962,49,19,0.3878,57,23,0.4035,False
per_day_max_theme,5,unopened_strongest,open_flat,106,52,0.4906,49,24,0.4898,57,28,0.4912,False
per_day_max_theme,5,unopened_strongest,touch3,106,65,0.6132,49,27,0.5510,57,38,0.6667,False
per_day_max_theme,5,unopened_strongest,open_zt3,106,48,0.4528,49,17,0.3469,57,31,0.5439,False
per_day_max_theme,5,unopened_strongest,hold_zt3,117,59,0.5043,56,24,0.4286,61,35,0.5738,False
per_day_max_theme,5,unopened_earliest,hold_close,117,75,0.6410,56,37,0.6607,61,38,0.6230,False
per_day_max_theme,5,unopened_earliest,hold_flat,117,77,0.6581,56,38,0.6786,61,39,0.6393,False
per_day_max_theme,5,unopened_earliest,hold_touch3,117,74,0.6325,56,33,0.5893,61,41,0.6721,False
per_day_max_theme,5,unopened_earliest,maxc3,117,90,0.7692,56,41,0.7321,61,49,0.8033,False
per_day_max_theme,5,unopened_earliest,open_up,108,45,0.4167,51,22,0.4314,57,23,0.4035,False
per_day_max_theme,5,unopened_earliest,open_flat,108,55,0.5093,51,27,0.5294,57,28,0.4912,False
per_day_max_theme,5,unopened_earliest,touch3,108,65,0.6019,51,28,0.5490,57,37,0.6491,False
per_day_max_theme,5,unopened_earliest,open_zt3,108,49,0.4537,51,19,0.3725,57,30,0.5263,False
per_day_max_theme,5,unopened_earliest,hold_zt3,117,58,0.4957,56,24,0.4286,61,34,0.5574,False
per_day_max_theme,5,opened_strongest,hold_close,161,105,0.6522,82,53,0.6463,79,52,0.6582,False
per_day_max_theme,5,opened_strongest,hold_flat,161,105,0.6522,82,53,0.6463,79,52,0.6582,False
per_day_max_theme,5,opened_strongest,hold_touch3,161,92,0.5714,82,49,0.5976,79,43,0.5443,False
per_day_max_theme,5,opened_strongest,maxc3,161,124,0.7702,82,66,0.8049,79,58,0.7342,False
per_day_max_theme,5,opened_strongest,open_up,150,78,0.5200,74,38,0.5135,76,40,0.5263,False
per_day_max_theme,5,opened_strongest,open_flat,150,89,0.5933,74,44,0.5946,76,45,0.5921,False
per_day_max_theme,5,opened_strongest,touch3,150,83,0.5533,74,42,0.5676,76,41,0.5395,False
per_day_max_theme,5,opened_strongest,open_zt3,150,72,0.4800,74,38,0.5135,76,34,0.4474,False
per_day_max_theme,5,opened_strongest,hold_zt3,161,83,0.5155,82,46,0.5610,79,37,0.4684,False
per_day_max_theme,5,fanbao_strongest,hold_close,25,16,0.6400,1,0,0.0000,24,16,0.6667,False
per_day_max_theme,5,fanbao_strongest,hold_flat,25,16,0.6400,1,0,0.0000,24,16,0.6667,False
per_day_max_theme,5,fanbao_strongest,hold_touch3,25,9,0.3600,1,0,0.0000,24,9,0.3750,False
per_day_max_theme,5,fanbao_strongest,maxc3,25,16,0.6400,1,0,0.0000,24,16,0.6667,False
per_day_max_theme,5,fanbao_strongest,open_up,25,12,0.4800,1,0,0.0000,24,12,0.5000,False
per_day_max_theme,5,fanbao_strongest,open_flat,25,14,0.5600,1,0,0.0000,24,14,0.5833,False
per_day_max_theme,5,fanbao_strongest,touch3,25,9,0.3600,1,0,0.0000,24,9,0.3750,False
per_day_max_theme,5,fanbao_strongest,open_zt3,25,8,0.3200,1,0,0.0000,24,8,0.3333,False
per_day_max_theme,5,fanbao_strongest,hold_zt3,25,8,0.3200,1,0,0.0000,24,8,0.3333,False
per_day_max_theme,5,earliest_final,hold_close,200,131,0.6550,97,61,0.6289,103,70,0.6796,False
per_day_max_theme,5,earliest_final,hold_flat,200,132,0.6600,97,62,0.6392,103,70,0.6796,False
per_day_max_theme,5,earliest_final,hold_touch3,200,127,0.6350,97,62,0.6392,103,65,0.6311,False
per_day_max_theme,5,earliest_final,maxc3,200,156,0.7800,97,75,0.7732,103,81,0.7864,False
per_day_max_theme,5,earliest_final,open_up,187,80,0.4278,90,39,0.4333,97,41,0.4227,False
per_day_max_theme,5,earliest_final,open_flat,187,102,0.5455,90,50,0.5556,97,52,0.5361,False
per_day_max_theme,5,earliest_final,touch3,187,115,0.6150,90,55,0.6111,97,60,0.6186,False
per_day_max_theme,5,earliest_final,open_zt3,187,91,0.4866,90,44,0.4889,97,47,0.4845,False
per_day_max_theme,5,earliest_final,hold_zt3,200,104,0.5200,97,51,0.5258,103,53,0.5146,False
per_day_max_theme,5,highest_board,hold_close,200,126,0.6300,97,61,0.6289,103,65,0.6311,False
per_day_max_theme,5,highest_board,hold_flat,200,127,0.6350,97,61,0.6289,103,66,0.6408,False
per_day_max_theme,5,highest_board,hold_touch3,200,135,0.6750,97,65,0.6701,103,70,0.6796,False
per_day_max_theme,5,highest_board,maxc3,200,152,0.7600,97,73,0.7526,103,79,0.7670,False
per_day_max_theme,5,highest_board,open_up,186,81,0.4355,89,41,0.4607,97,40,0.4124,False
per_day_max_theme,5,highest_board,open_flat,186,100,0.5376,89,50,0.5618,97,50,0.5155,False
per_day_max_theme,5,highest_board,touch3,186,122,0.6559,89,58,0.6517,97,64,0.6598,False
per_day_max_theme,5,highest_board,open_zt3,186,99,0.5323,89,48,0.5393,97,51,0.5258,False
per_day_max_theme,5,highest_board,hold_zt3,200,113,0.5650,97,56,0.5773,103,57,0.5534,False
per_day_max_theme,5,lowest_board,hold_close,200,125,0.6250,97,61,0.6289,103,64,0.6214,False
per_day_max_theme,5,lowest_board,hold_flat,200,127,0.6350,97,62,0.6392,103,65,0.6311,False
per_day_max_theme,5,lowest_board,hold_touch3,200,112,0.5600,97,58,0.5979,103,54,0.5243,False
per_day_max_theme,5,lowest_board,maxc3,200,151,0.7550,97,75,0.7732,103,76,0.7379,False
per_day_max_theme,5,lowest_board,open_up,187,86,0.4599,88,39,0.4432,99,47,0.4747,False
per_day_max_theme,5,lowest_board,open_flat,187,100,0.5348,88,46,0.5227,99,54,0.5455,False
per_day_max_theme,5,lowest_board,touch3,187,100,0.5348,88,49,0.5568,99,51,0.5152,False
per_day_max_theme,5,lowest_board,open_zt3,187,82,0.4385,88,40,0.4545,99,42,0.4242,False
per_day_max_theme,5,lowest_board,hold_zt3,200,95,0.4750,97,49,0.5052,103,46,0.4466,False
per_day_max_theme,5,board2_strongest,hold_close,159,100,0.6289,76,50,0.6579,83,50,0.6024,False
per_day_max_theme,5,board2_strongest,hold_flat,159,102,0.6415,76,51,0.6711,83,51,0.6145,False
per_day_max_theme,5,board2_strongest,hold_touch3,159,86,0.5409,76,44,0.5789,83,42,0.5060,False
per_day_max_theme,5,board2_strongest,maxc3,159,120,0.7547,76,60,0.7895,83,60,0.7229,False
per_day_max_theme,5,board2_strongest,open_up,147,73,0.4966,68,33,0.4853,79,40,0.5063,False
per_day_max_theme,5,board2_strongest,open_flat,147,78,0.5306,68,35,0.5147,79,43,0.5443,False
per_day_max_theme,5,board2_strongest,touch3,147,75,0.5102,68,36,0.5294,79,39,0.4937,False
per_day_max_theme,5,board2_strongest,open_zt3,147,59,0.4014,68,29,0.4265,79,30,0.3797,False
per_day_max_theme,5,board2_strongest,hold_zt3,159,71,0.4465,76,37,0.4868,83,34,0.4096,False
per_day_max_theme,5,board3_strongest,hold_close,66,41,0.6212,29,19,0.6552,37,22,0.5946,False
per_day_max_theme,5,board3_strongest,hold_flat,66,41,0.6212,29,19,0.6552,37,22,0.5946,False
per_day_max_theme,5,board3_strongest,hold_touch3,66,45,0.6818,29,20,0.6897,37,25,0.6757,False
per_day_max_theme,5,board3_strongest,maxc3,66,52,0.7879,29,22,0.7586,37,30,0.8108,False
per_day_max_theme,5,board3_strongest,open_up,64,25,0.3906,28,14,0.5000,36,11,0.3056,False
per_day_max_theme,5,board3_strongest,open_flat,64,34,0.5312,28,19,0.6786,36,15,0.4167,False
per_day_max_theme,5,board3_strongest,touch3,64,43,0.6719,28,19,0.6786,36,24,0.6667,False
per_day_max_theme,5,board3_strongest,open_zt3,64,35,0.5469,28,15,0.5357,36,20,0.5556,False
per_day_max_theme,5,board3_strongest,hold_zt3,66,37,0.5606,29,16,0.5517,37,21,0.5676,False
per_day_max_theme,5,board4_strongest,hold_close,34,22,0.6471,17,11,0.6471,17,11,0.6471,False
per_day_max_theme,5,board4_strongest,hold_flat,34,22,0.6471,17,11,0.6471,17,11,0.6471,False
per_day_max_theme,5,board4_strongest,hold_touch3,34,21,0.6176,17,10,0.5882,17,11,0.6471,False
per_day_max_theme,5,board4_strongest,maxc3,34,25,0.7353,17,13,0.7647,17,12,0.7059,False
per_day_max_theme,5,board4_strongest,open_up,31,12,0.3871,15,4,0.2667,16,8,0.5000,False
per_day_max_theme,5,board4_strongest,open_flat,31,20,0.6452,15,9,0.6000,16,11,0.6875,False
per_day_max_theme,5,board4_strongest,touch3,31,18,0.5806,15,8,0.5333,16,10,0.6250,False
per_day_max_theme,5,board4_strongest,open_zt3,31,17,0.5484,15,8,0.5333,16,9,0.5625,False
per_day_max_theme,5,board4_strongest,hold_zt3,34,20,0.5882,17,10,0.5882,17,10,0.5882,False
per_day_max_theme,5,board5p_strongest,hold_close,31,20,0.6452,20,12,0.6000,11,8,0.7273,False
per_day_max_theme,5,board5p_strongest,hold_flat,31,20,0.6452,20,12,0.6000,11,8,0.7273,False
per_day_max_theme,5,board5p_strongest,hold_touch3,31,23,0.7419,20,13,0.6500,11,10,0.9091,False
per_day_max_theme,5,board5p_strongest,maxc3,31,21,0.6774,20,12,0.6000,11,9,0.8182,False
per_day_max_theme,5,board5p_strongest,open_up,28,13,0.4643,18,8,0.4444,10,5,0.5000,False
per_day_max_theme,5,board5p_strongest,open_flat,28,16,0.5714,18,10,0.5556,10,6,0.6000,False
per_day_max_theme,5,board5p_strongest,touch3,28,21,0.7500,18,12,0.6667,10,9,0.9000,False
per_day_max_theme,5,board5p_strongest,open_zt3,28,17,0.6071,18,11,0.6111,10,6,0.6000,False
per_day_max_theme,5,board5p_strongest,hold_zt3,31,20,0.6452,20,13,0.6500,11,7,0.6364,False
per_day_max_theme,5,board2_earliest,hold_close,159,98,0.6164,76,48,0.6316,83,50,0.6024,False
per_day_max_theme,5,board2_earliest,hold_flat,159,98,0.6164,76,48,0.6316,83,50,0.6024,False
per_day_max_theme,5,board2_earliest,hold_touch3,159,87,0.5472,76,47,0.6184,83,40,0.4819,False
per_day_max_theme,5,board2_earliest,maxc3,159,120,0.7547,76,59,0.7763,83,61,0.7349,False
per_day_max_theme,5,board2_earliest,open_up,149,74,0.4966,70,34,0.4857,79,40,0.5063,False
per_day_max_theme,5,board2_earliest,open_flat,149,81,0.5436,70,38,0.5429,79,43,0.5443,False
per_day_max_theme,5,board2_earliest,touch3,149,78,0.5235,70,41,0.5857,79,37,0.4684,False
per_day_max_theme,5,board2_earliest,open_zt3,149,60,0.4027,70,31,0.4429,79,29,0.3671,False
per_day_max_theme,5,board2_earliest,hold_zt3,159,70,0.4403,76,37,0.4868,83,33,0.3976,False
per_day_max_theme,5,board3_earliest,hold_close,66,41,0.6212,29,19,0.6552,37,22,0.5946,False
per_day_max_theme,5,board3_earliest,hold_flat,66,41,0.6212,29,19,0.6552,37,22,0.5946,False
per_day_max_theme,5,board3_earliest,hold_touch3,66,45,0.6818,29,21,0.7241,37,24,0.6486,False
per_day_max_theme,5,board3_earliest,maxc3,66,51,0.7727,29,22,0.7586,37,29,0.7838,False
per_day_max_theme,5,board3_earliest,open_up,63,24,0.3810,27,13,0.4815,36,11,0.3056,False
per_day_max_theme,5,board3_earliest,open_flat,63,33,0.5238,27,18,0.6667,36,15,0.4167,False
per_day_max_theme,5,board3_earliest,touch3,63,42,0.6667,27,19,0.7037,36,23,0.6389,False
per_day_max_theme,5,board3_earliest,open_zt3,63,34,0.5397,27,15,0.5556,36,19,0.5278,False
per_day_max_theme,5,board3_earliest,hold_zt3,66,37,0.5606,29,17,0.5862,37,20,0.5405,False
per_day_max_theme,5,cihigh_strongest,hold_close,49,30,0.6122,18,12,0.6667,31,18,0.5806,False
per_day_max_theme,5,cihigh_strongest,hold_flat,49,30,0.6122,18,12,0.6667,31,18,0.5806,False
per_day_max_theme,5,cihigh_strongest,hold_touch3,49,26,0.5306,18,11,0.6111,31,15,0.4839,False
per_day_max_theme,5,cihigh_strongest,maxc3,49,36,0.7347,18,14,0.7778,31,22,0.7097,False
per_day_max_theme,5,cihigh_strongest,open_up,46,21,0.4565,17,7,0.4118,29,14,0.4828,False
per_day_max_theme,5,cihigh_strongest,open_flat,46,23,0.5000,17,7,0.4118,29,16,0.5517,False
per_day_max_theme,5,cihigh_strongest,touch3,46,23,0.5000,17,10,0.5882,29,13,0.4483,False
per_day_max_theme,5,cihigh_strongest,open_zt3,46,19,0.4130,17,9,0.5294,29,10,0.3448,False
per_day_max_theme,5,cihigh_strongest,hold_zt3,49,22,0.4490,18,10,0.5556,31,12,0.3871,False
per_day_max_theme,5,mid_strongest,hold_close,186,119,0.6398,90,58,0.6444,96,61,0.6354,False
per_day_max_theme,5,mid_strongest,hold_flat,186,121,0.6505,90,59,0.6556,96,62,0.6458,False
per_day_max_theme,5,mid_strongest,hold_touch3,186,111,0.5968,90,55,0.6111,96,56,0.5833,False
per_day_max_theme,5,mid_strongest,maxc3,186,145,0.7796,90,71,0.7889,96,74,0.7708,False
per_day_max_theme,5,mid_strongest,open_up,172,80,0.4651,81,40,0.4938,91,40,0.4396,False
per_day_max_theme,5,mid_strongest,open_flat,172,91,0.5291,81,44,0.5432,91,47,0.5165,False
per_day_max_theme,5,mid_strongest,touch3,172,98,0.5698,81,46,0.5679,91,52,0.5714,False
per_day_max_theme,5,mid_strongest,open_zt3,172,82,0.4767,81,39,0.4815,91,43,0.4725,False
per_day_max_theme,5,mid_strongest,hold_zt3,186,96,0.5161,90,48,0.5333,96,48,0.5000,False
per_day_max_theme,5,newh_strongest,hold_close,43,25,0.5814,15,8,0.5333,28,17,0.6071,False
per_day_max_theme,5,newh_strongest,hold_flat,43,25,0.5814,15,8,0.5333,28,17,0.6071,False
per_day_max_theme,5,newh_strongest,hold_touch3,43,26,0.6047,15,6,0.4000,28,20,0.7143,False
per_day_max_theme,5,newh_strongest,maxc3,43,28,0.6512,15,8,0.5333,28,20,0.7143,False
per_day_max_theme,5,newh_strongest,open_up,41,16,0.3902,15,8,0.5333,26,8,0.3077,False
per_day_max_theme,5,newh_strongest,open_flat,41,22,0.5366,15,10,0.6667,26,12,0.4615,False
per_day_max_theme,5,newh_strongest,touch3,41,24,0.5854,15,6,0.4000,26,18,0.6923,False
per_day_max_theme,5,newh_strongest,open_zt3,41,22,0.5366,15,6,0.4000,26,16,0.6154,False
per_day_max_theme,5,newh_strongest,hold_zt3,43,24,0.5581,15,6,0.4000,28,18,0.6429,False
per_day_max_theme,5,mid_earliest,hold_close,186,120,0.6452,90,58,0.6444,96,62,0.6458,False
per_day_max_theme,5,mid_earliest,hold_flat,186,120,0.6452,90,58,0.6444,96,62,0.6458,False
per_day_max_theme,5,mid_earliest,hold_touch3,186,112,0.6022,90,59,0.6556,96,53,0.5521,False
per_day_max_theme,5,mid_earliest,maxc3,186,146,0.7849,90,72,0.8000,96,74,0.7708,False
per_day_max_theme,5,mid_earliest,open_up,176,80,0.4545,84,40,0.4762,92,40,0.4348,False
per_day_max_theme,5,mid_earliest,open_flat,176,95,0.5398,84,48,0.5714,92,47,0.5109,False
per_day_max_theme,5,mid_earliest,touch3,176,103,0.5852,84,53,0.6310,92,50,0.5435,False
per_day_max_theme,5,mid_earliest,open_zt3,176,81,0.4602,84,41,0.4881,92,40,0.4348,False
per_day_max_theme,5,mid_earliest,hold_zt3,186,91,0.4892,90,47,0.5222,96,44,0.4583,False
per_day_max_theme,5,cihigh_earliest,hold_close,49,27,0.5510,18,12,0.6667,31,15,0.4839,False
per_day_max_theme,5,cihigh_earliest,hold_flat,49,27,0.5510,18,12,0.6667,31,15,0.4839,False
per_day_max_theme,5,cihigh_earliest,hold_touch3,49,25,0.5102,18,12,0.6667,31,13,0.4194,False
per_day_max_theme,5,cihigh_earliest,maxc3,49,35,0.7143,18,14,0.7778,31,21,0.6774,False
per_day_max_theme,5,cihigh_earliest,open_up,46,19,0.4130,17,7,0.4118,29,12,0.4138,False
per_day_max_theme,5,cihigh_earliest,open_flat,46,21,0.4565,17,7,0.4118,29,14,0.4828,False
per_day_max_theme,5,cihigh_earliest,touch3,46,22,0.4783,17,11,0.6471,29,11,0.3793,False
per_day_max_theme,5,cihigh_earliest,open_zt3,46,19,0.4130,17,10,0.5882,29,9,0.3103,False
per_day_max_theme,5,cihigh_earliest,hold_zt3,49,22,0.4490,18,11,0.6111,31,11,0.3548,False
per_day_max_theme,5,max_amount,hold_close,200,120,0.6000,97,56,0.5773,103,64,0.6214,False
per_day_max_theme,5,max_amount,hold_flat,200,120,0.6000,97,56,0.5773,103,64,0.6214,False
per_day_max_theme,5,max_amount,hold_touch3,200,104,0.5200,97,53,0.5464,103,51,0.4951,False
per_day_max_theme,5,max_amount,maxc3,200,146,0.7300,97,68,0.7010,103,78,0.7573,False
per_day_max_theme,5,max_amount,open_up,192,97,0.5052,92,44,0.4783,100,53,0.5300,False
per_day_max_theme,5,max_amount,open_flat,192,113,0.5885,92,54,0.5870,100,59,0.5900,False
per_day_max_theme,5,max_amount,touch3,192,96,0.5000,92,48,0.5217,100,48,0.4800,False
per_day_max_theme,5,max_amount,open_zt3,192,73,0.3802,92,37,0.4022,100,36,0.3600,False
per_day_max_theme,5,max_amount,hold_zt3,200,81,0.4050,97,42,0.4330,103,39,0.3786,False
per_day_max_theme,5,min_amount,hold_close,200,127,0.6350,97,58,0.5979,103,69,0.6699,False
per_day_max_theme,5,min_amount,hold_flat,200,128,0.6400,97,58,0.5979,103,70,0.6796,False
per_day_max_theme,5,min_amount,hold_touch3,200,120,0.6000,97,60,0.6186,103,60,0.5825,False
per_day_max_theme,5,min_amount,maxc3,200,154,0.7700,97,73,0.7526,103,81,0.7864,False
per_day_max_theme,5,min_amount,open_up,189,82,0.4339,92,38,0.4130,97,44,0.4536,False
per_day_max_theme,5,min_amount,open_flat,189,103,0.5450,92,49,0.5326,97,54,0.5567,False
per_day_max_theme,5,min_amount,touch3,189,111,0.5873,92,56,0.6087,97,55,0.5670,False
per_day_max_theme,5,min_amount,open_zt3,189,93,0.4921,92,45,0.4891,97,48,0.4948,False
per_day_max_theme,5,min_amount,hold_zt3,200,104,0.5200,97,50,0.5155,103,54,0.5243,False
per_day_max_theme,5,max_turn,hold_close,200,110,0.5500,97,51,0.5258,103,59,0.5728,False
per_day_max_theme,5,max_turn,hold_flat,200,111,0.5550,97,51,0.5258,103,60,0.5825,False
per_day_max_theme,5,max_turn,hold_touch3,200,108,0.5400,97,53,0.5464,103,55,0.5340,False
per_day_max_theme,5,max_turn,maxc3,200,138,0.6900,97,65,0.6701,103,73,0.7087,False
per_day_max_theme,5,max_turn,open_up,191,94,0.4921,91,42,0.4615,100,52,0.5200,False
per_day_max_theme,5,max_turn,open_flat,191,105,0.5497,91,48,0.5275,100,57,0.5700,False
per_day_max_theme,5,max_turn,touch3,191,99,0.5183,91,47,0.5165,100,52,0.5200,False
per_day_max_theme,5,max_turn,open_zt3,191,75,0.3927,91,35,0.3846,100,40,0.4000,False
per_day_max_theme,5,max_turn,hold_zt3,200,84,0.4200,97,41,0.4227,103,43,0.4175,False
per_day_max_theme,5,min_turn,hold_close,200,133,0.6650,97,63,0.6495,103,70,0.6796,False
per_day_max_theme,5,min_turn,hold_flat,200,136,0.6800,97,65,0.6701,103,71,0.6893,False
per_day_max_theme,5,min_turn,hold_touch3,200,114,0.5700,97,59,0.6082,103,55,0.5340,False
per_day_max_theme,5,min_turn,maxc3,200,155,0.7750,97,75,0.7732,103,80,0.7767,False
per_day_max_theme,5,min_turn,open_up,187,87,0.4652,90,41,0.4556,97,46,0.4742,False
per_day_max_theme,5,min_turn,open_flat,187,108,0.5775,90,53,0.5889,97,55,0.5670,False
per_day_max_theme,5,min_turn,touch3,187,103,0.5508,90,53,0.5889,97,50,0.5155,False
per_day_max_theme,5,min_turn,open_zt3,187,85,0.4545,90,45,0.5000,97,40,0.4124,False
per_day_max_theme,5,min_turn,hold_zt3,200,98,0.4900,97,52,0.5361,103,46,0.4466,False
per_day_max_theme,5,intact_strongest,hold_close,118,74,0.6271,58,34,0.5862,60,40,0.6667,False
per_day_max_theme,5,intact_strongest,hold_flat,118,75,0.6356,58,34,0.5862,60,41,0.6833,False
per_day_max_theme,5,intact_strongest,hold_touch3,118,80,0.6780,58,37,0.6379,60,43,0.7167,False
per_day_max_theme,5,intact_strongest,maxc3,118,91,0.7712,58,43,0.7414,60,48,0.8000,False
per_day_max_theme,5,intact_strongest,open_up,110,47,0.4273,52,22,0.4231,58,25,0.4310,False
per_day_max_theme,5,intact_strongest,open_flat,110,57,0.5182,52,27,0.5192,58,30,0.5172,False
per_day_max_theme,5,intact_strongest,touch3,110,72,0.6545,52,31,0.5962,58,41,0.7069,False
per_day_max_theme,5,intact_strongest,open_zt3,110,54,0.4909,52,23,0.4423,58,31,0.5345,False
per_day_max_theme,5,intact_strongest,hold_zt3,118,62,0.5254,58,29,0.5000,60,33,0.5500,False
per_day_max_theme,5,intact_earliest,hold_close,118,75,0.6356,58,31,0.5345,60,44,0.7333,False
per_day_max_theme,5,intact_earliest,hold_flat,118,75,0.6356,58,31,0.5345,60,44,0.7333,False
per_day_max_theme,5,intact_earliest,hold_touch3,118,77,0.6525,58,37,0.6379,60,40,0.6667,False
per_day_max_theme,5,intact_earliest,maxc3,118,90,0.7627,58,42,0.7241,60,48,0.8000,False
per_day_max_theme,5,intact_earliest,open_up,112,48,0.4286,54,21,0.3889,58,27,0.4655,False
per_day_max_theme,5,intact_earliest,open_flat,112,59,0.5268,54,27,0.5000,58,32,0.5517,False
per_day_max_theme,5,intact_earliest,touch3,112,72,0.6429,54,34,0.6296,58,38,0.6552,False
per_day_max_theme,5,intact_earliest,open_zt3,112,51,0.4554,54,22,0.4074,58,29,0.5000,False
per_day_max_theme,5,intact_earliest,hold_zt3,118,57,0.4831,58,26,0.4483,60,31,0.5167,False
per_day_max_theme,5,break_strongest,hold_close,67,46,0.6866,31,23,0.7419,36,23,0.6389,False
per_day_max_theme,5,break_strongest,hold_flat,67,47,0.7015,31,23,0.7419,36,24,0.6667,False
per_day_max_theme,5,break_strongest,hold_touch3,67,38,0.5672,31,18,0.5806,36,20,0.5556,False
per_day_max_theme,5,break_strongest,maxc3,67,53,0.7910,31,25,0.8065,36,28,0.7778,False
per_day_max_theme,5,break_strongest,open_up,58,26,0.4483,26,13,0.5000,32,13,0.4062,False
per_day_max_theme,5,break_strongest,open_flat,58,32,0.5517,26,15,0.5769,32,17,0.5312,False
per_day_max_theme,5,break_strongest,touch3,58,30,0.5172,26,13,0.5000,32,17,0.5312,False
per_day_max_theme,5,break_strongest,open_zt3,58,31,0.5345,26,15,0.5769,32,16,0.5000,False
per_day_max_theme,5,break_strongest,hold_zt3,67,40,0.5970,31,20,0.6452,36,20,0.5556,False
per_day_max_theme,5,stock_unbroken_strongest,hold_close,189,122,0.6455,89,58,0.6517,100,64,0.6400,False
per_day_max_theme,5,stock_unbroken_strongest,hold_flat,189,123,0.6508,89,58,0.6517,100,65,0.6500,False
per_day_max_theme,5,stock_unbroken_strongest,hold_touch3,189,118,0.6243,89,55,0.6180,100,63,0.6300,False
per_day_max_theme,5,stock_unbroken_strongest,maxc3,189,149,0.7884,89,72,0.8090,100,77,0.7700,False
per_day_max_theme,5,stock_unbroken_strongest,open_up,172,72,0.4186,79,34,0.4304,93,38,0.4086,False
per_day_max_theme,5,stock_unbroken_strongest,open_flat,172,88,0.5116,79,42,0.5316,93,46,0.4946,False
per_day_max_theme,5,stock_unbroken_strongest,touch3,172,102,0.5930,79,45,0.5696,93,57,0.6129,False
per_day_max_theme,5,stock_unbroken_strongest,open_zt3,172,85,0.4942,79,39,0.4937,93,46,0.4946,False
per_day_max_theme,5,stock_unbroken_strongest,hold_zt3,189,102,0.5397,89,49,0.5506,100,53,0.5300,False
per_day_max_theme,5,stock_broken_strongest,hold_close,53,33,0.6226,25,16,0.6400,28,17,0.6071,False
per_day_max_theme,5,stock_broken_strongest,hold_flat,53,33,0.6226,25,16,0.6400,28,17,0.6071,False
per_day_max_theme,5,stock_broken_strongest,hold_touch3,53,25,0.4717,25,14,0.5600,28,11,0.3929,False
per_day_max_theme,5,stock_broken_strongest,maxc3,53,34,0.6415,25,17,0.6800,28,17,0.6071,False
per_day_max_theme,5,stock_broken_strongest,open_up,52,27,0.5192,24,13,0.5417,28,14,0.5000,False
per_day_max_theme,5,stock_broken_strongest,open_flat,52,30,0.5769,24,14,0.5833,28,16,0.5714,False
per_day_max_theme,5,stock_broken_strongest,touch3,52,24,0.4615,24,13,0.5417,28,11,0.3929,False
per_day_max_theme,5,stock_broken_strongest,open_zt3,52,18,0.3462,24,10,0.4167,28,8,0.2857,False
per_day_max_theme,5,stock_broken_strongest,hold_zt3,53,19,0.3585,25,11,0.4400,28,8,0.2857,False
per_day_max_theme,5,stock_unbroken_earliest,hold_close,189,117,0.6190,89,55,0.6180,100,62,0.6200,False
per_day_max_theme,5,stock_unbroken_earliest,hold_flat,189,117,0.6190,89,55,0.6180,100,62,0.6200,False
per_day_max_theme,5,stock_unbroken_earliest,hold_touch3,189,118,0.6243,89,59,0.6629,100,59,0.5900,False
per_day_max_theme,5,stock_unbroken_earliest,maxc3,189,146,0.7725,89,70,0.7865,100,76,0.7600,False
per_day_max_theme,5,stock_unbroken_earliest,open_up,176,71,0.4034,82,34,0.4146,94,37,0.3936,False
per_day_max_theme,5,stock_unbroken_earliest,open_flat,176,89,0.5057,82,44,0.5366,94,45,0.4787,False
per_day_max_theme,5,stock_unbroken_earliest,touch3,176,107,0.6080,82,53,0.6463,94,54,0.5745,False
per_day_max_theme,5,stock_unbroken_earliest,open_zt3,176,84,0.4773,82,41,0.5000,94,43,0.4574,False
per_day_max_theme,5,stock_unbroken_earliest,hold_zt3,189,97,0.5132,89,48,0.5393,100,49,0.4900,False
per_day_max_theme,5,H_strongest,hold_close,43,25,0.5814,15,8,0.5333,28,17,0.6071,False
per_day_max_theme,5,H_strongest,hold_flat,43,25,0.5814,15,8,0.5333,28,17,0.6071,False
per_day_max_theme,5,H_strongest,hold_touch3,43,26,0.6047,15,6,0.4000,28,20,0.7143,False
per_day_max_theme,5,H_strongest,maxc3,43,28,0.6512,15,8,0.5333,28,20,0.7143,False
per_day_max_theme,5,H_strongest,open_up,41,16,0.3902,15,8,0.5333,26,8,0.3077,False
per_day_max_theme,5,H_strongest,open_flat,41,22,0.5366,15,10,0.6667,26,12,0.4615,False
per_day_max_theme,5,H_strongest,touch3,41,24,0.5854,15,6,0.4000,26,18,0.6923,False
per_day_max_theme,5,H_strongest,open_zt3,41,22,0.5366,15,6,0.4000,26,16,0.6154,False
per_day_max_theme,5,H_strongest,hold_zt3,43,24,0.5581,15,6,0.4000,28,18,0.6429,False
per_day_max_theme,5,Hm1_strongest,hold_close,49,30,0.6122,18,12,0.6667,31,18,0.5806,False
per_day_max_theme,5,Hm1_strongest,hold_flat,49,30,0.6122,18,12,0.6667,31,18,0.5806,False
per_day_max_theme,5,Hm1_strongest,hold_touch3,49,26,0.5306,18,11,0.6111,31,15,0.4839,False
per_day_max_theme,5,Hm1_strongest,maxc3,49,36,0.7347,18,14,0.7778,31,22,0.7097,False
per_day_max_theme,5,Hm1_strongest,open_up,46,21,0.4565,17,7,0.4118,29,14,0.4828,False
per_day_max_theme,5,Hm1_strongest,open_flat,46,23,0.5000,17,7,0.4118,29,16,0.5517,False
per_day_max_theme,5,Hm1_strongest,touch3,46,23,0.5000,17,10,0.5882,29,13,0.4483,False
per_day_max_theme,5,Hm1_strongest,open_zt3,46,19,0.4130,17,9,0.5294,29,10,0.3448,False
per_day_max_theme,5,Hm1_strongest,hold_zt3,49,22,0.4490,18,10,0.5556,31,12,0.3871,False
per_day_max_theme,5,belowH_strongest,hold_close,191,125,0.6545,93,61,0.6559,98,64,0.6531,False
per_day_max_theme,5,belowH_strongest,hold_flat,191,126,0.6597,93,61,0.6559,98,65,0.6633,False
per_day_max_theme,5,belowH_strongest,hold_touch3,191,117,0.6126,93,61,0.6559,98,56,0.5714,False
per_day_max_theme,5,belowH_strongest,maxc3,191,150,0.7853,93,75,0.8065,98,75,0.7653,False
per_day_max_theme,5,belowH_strongest,open_up,175,81,0.4629,82,35,0.4268,93,46,0.4946,False
per_day_max_theme,5,belowH_strongest,open_flat,175,95,0.5429,82,43,0.5244,93,52,0.5591,False
per_day_max_theme,5,belowH_strongest,touch3,175,102,0.5829,82,50,0.6098,93,52,0.5591,False
per_day_max_theme,5,belowH_strongest,open_zt3,175,83,0.4743,82,42,0.5122,93,41,0.4409,False
per_day_max_theme,5,belowH_strongest,hold_zt3,191,99,0.5183,93,53,0.5699,98,46,0.4694,False
per_day_max_theme,5,ge3_strongest,hold_close,105,66,0.6286,48,31,0.6458,57,35,0.6140,False
per_day_max_theme,5,ge3_strongest,hold_flat,105,66,0.6286,48,31,0.6458,57,35,0.6140,False
per_day_max_theme,5,ge3_strongest,hold_touch3,105,74,0.7048,48,33,0.6875,57,41,0.7193,False
per_day_max_theme,5,ge3_strongest,maxc3,105,80,0.7619,48,36,0.7500,57,44,0.7719,False
per_day_max_theme,5,ge3_strongest,open_up,97,36,0.3711,43,18,0.4186,54,18,0.3333,False
per_day_max_theme,5,ge3_strongest,open_flat,97,51,0.5258,43,25,0.5814,54,26,0.4815,False
per_day_max_theme,5,ge3_strongest,touch3,97,67,0.6907,43,29,0.6744,54,38,0.7037,False
per_day_max_theme,5,ge3_strongest,open_zt3,97,54,0.5567,43,23,0.5349,54,31,0.5741,False
per_day_max_theme,5,ge3_strongest,hold_zt3,105,62,0.5905,48,28,0.5833,57,34,0.5965,False
per_day_max_theme,5,ge3_earliest,hold_close,105,66,0.6286,48,30,0.6250,57,36,0.6316,False
per_day_max_theme,5,ge3_earliest,hold_flat,105,66,0.6286,48,30,0.6250,57,36,0.6316,False
per_day_max_theme,5,ge3_earliest,hold_touch3,105,74,0.7048,48,33,0.6875,57,41,0.7193,False
per_day_max_theme,5,ge3_earliest,maxc3,105,80,0.7619,48,35,0.7292,57,45,0.7895,False
per_day_max_theme,5,ge3_earliest,open_up,96,36,0.3750,42,17,0.4048,54,19,0.3519,False
per_day_max_theme,5,ge3_earliest,open_flat,96,50,0.5208,42,23,0.5476,54,27,0.5000,False
per_day_max_theme,5,ge3_earliest,touch3,96,66,0.6875,42,28,0.6667,54,38,0.7037,False
per_day_max_theme,5,ge3_earliest,open_zt3,96,53,0.5521,42,22,0.5238,54,31,0.5741,False
per_day_max_theme,5,ge3_earliest,hold_zt3,105,62,0.5905,48,28,0.5833,57,34,0.5965,False
per_day_max_theme,5,ge4_strongest,hold_close,57,39,0.6842,31,21,0.6774,26,18,0.6923,False
per_day_max_theme,5,ge4_strongest,hold_flat,57,39,0.6842,31,21,0.6774,26,18,0.6923,False
per_day_max_theme,5,ge4_strongest,hold_touch3,57,40,0.7018,31,20,0.6452,26,20,0.7692,False
per_day_max_theme,5,ge4_strongest,maxc3,57,43,0.7544,31,23,0.7419,26,20,0.7692,False
per_day_max_theme,5,ge4_strongest,open_up,51,21,0.4118,27,10,0.3704,24,11,0.4583,False
per_day_max_theme,5,ge4_strongest,open_flat,51,32,0.6275,27,17,0.6296,24,15,0.6250,False
per_day_max_theme,5,ge4_strongest,touch3,51,35,0.6863,27,17,0.6296,24,18,0.7500,False
per_day_max_theme,5,ge4_strongest,open_zt3,51,31,0.6078,27,16,0.5926,24,15,0.6250,False
per_day_max_theme,5,ge4_strongest,hold_zt3,57,37,0.6491,31,20,0.6452,26,17,0.6538,False
per_day_max_theme,5,ge4_earliest,hold_close,57,38,0.6667,31,20,0.6452,26,18,0.6923,False
per_day_max_theme,5,ge4_earliest,hold_flat,57,38,0.6667,31,20,0.6452,26,18,0.6923,False
per_day_max_theme,5,ge4_earliest,hold_touch3,57,39,0.6842,31,20,0.6452,26,19,0.7308,False
per_day_max_theme,5,ge4_earliest,maxc3,57,42,0.7368,31,22,0.7097,26,20,0.7692,False
per_day_max_theme,5,ge4_earliest,open_up,51,21,0.4118,27,10,0.3704,24,11,0.4583,False
per_day_max_theme,5,ge4_earliest,open_flat,51,31,0.6078,27,16,0.5926,24,15,0.6250,False
per_day_max_theme,5,ge4_earliest,touch3,51,34,0.6667,27,17,0.6296,24,17,0.7083,False
per_day_max_theme,5,ge4_earliest,open_zt3,51,30,0.5882,27,16,0.5926,24,14,0.5833,False
per_day_max_theme,5,ge4_earliest,hold_zt3,57,36,0.6316,31,20,0.6452,26,16,0.6154,False
per_day_max_theme,5,ge4_unopened,hold_close,21,15,0.7143,11,8,0.7273,10,7,0.7000,False
per_day_max_theme,5,ge4_unopened,hold_flat,21,15,0.7143,11,8,0.7273,10,7,0.7000,False
per_day_max_theme,5,ge4_unopened,hold_touch3,21,14,0.6667,11,7,0.6364,10,7,0.7000,False
per_day_max_theme,5,ge4_unopened,maxc3,21,16,0.7619,11,9,0.8182,10,7,0.7000,False
per_day_max_theme,5,ge4_unopened,open_up,19,9,0.4737,10,5,0.5000,9,4,0.4444,False
per_day_max_theme,5,ge4_unopened,open_flat,19,13,0.6842,10,7,0.7000,9,6,0.6667,False
per_day_max_theme,5,ge4_unopened,touch3,19,12,0.6316,10,6,0.6000,9,6,0.6667,False
per_day_max_theme,5,ge4_unopened,open_zt3,19,11,0.5789,10,6,0.6000,9,5,0.5556,False
per_day_max_theme,5,ge4_unopened,hold_zt3,21,13,0.6190,11,7,0.6364,10,6,0.6000,False
per_day_max_theme,5,ge3_unopened,hold_close,45,27,0.6000,18,12,0.6667,27,15,0.5556,False
per_day_max_theme,5,ge3_unopened,hold_flat,45,27,0.6000,18,12,0.6667,27,15,0.5556,False
per_day_max_theme,5,ge3_unopened,hold_touch3,45,34,0.7556,18,12,0.6667,27,22,0.8148,False
per_day_max_theme,5,ge3_unopened,maxc3,45,35,0.7778,18,13,0.7222,27,22,0.8148,False
per_day_max_theme,5,ge3_unopened,open_up,42,13,0.3095,17,8,0.4706,25,5,0.2000,False
per_day_max_theme,5,ge3_unopened,open_flat,42,19,0.4524,17,11,0.6471,25,8,0.3200,False
per_day_max_theme,5,ge3_unopened,touch3,42,31,0.7381,17,11,0.6471,25,20,0.8000,False
per_day_max_theme,5,ge3_unopened,open_zt3,42,25,0.5952,17,9,0.5294,25,16,0.6400,False
per_day_max_theme,5,ge3_unopened,hold_zt3,45,28,0.6222,18,10,0.5556,27,18,0.6667,False
per_day_max_theme,5,suc_strongest,hold_close,197,119,0.6041,95,54,0.5684,102,65,0.6373,False
per_day_max_theme,5,suc_strongest,hold_flat,197,119,0.6041,95,54,0.5684,102,65,0.6373,False
per_day_max_theme,5,suc_strongest,hold_touch3,197,109,0.5533,95,56,0.5895,102,53,0.5196,False
per_day_max_theme,5,suc_strongest,maxc3,197,144,0.7310,95,67,0.7053,102,77,0.7549,False
per_day_max_theme,5,suc_strongest,open_up,185,86,0.4649,88,38,0.4318,97,48,0.4948,False
per_day_max_theme,5,suc_strongest,open_flat,185,102,0.5514,88,46,0.5227,97,56,0.5773,False
per_day_max_theme,5,suc_strongest,touch3,185,97,0.5243,88,49,0.5568,97,48,0.4948,False
per_day_max_theme,5,suc_strongest,open_zt3,185,75,0.4054,88,38,0.4318,97,37,0.3814,False
per_day_max_theme,5,suc_strongest,hold_zt3,197,87,0.4416,95,45,0.4737,102,42,0.4118,False
per_day_max_theme,5,early_strongest,hold_close,171,110,0.6433,88,55,0.6250,83,55,0.6627,False
per_day_max_theme,5,early_strongest,hold_flat,171,110,0.6433,88,55,0.6250,83,55,0.6627,False
per_day_max_theme,5,early_strongest,hold_touch3,171,113,0.6608,88,57,0.6477,83,56,0.6747,False
per_day_max_theme,5,early_strongest,maxc3,171,135,0.7895,88,69,0.7841,83,66,0.7952,False
per_day_max_theme,5,early_strongest,open_up,155,64,0.4129,77,34,0.4416,78,30,0.3846,False
per_day_max_theme,5,early_strongest,open_flat,155,81,0.5226,77,41,0.5325,78,40,0.5128,False
per_day_max_theme,5,early_strongest,touch3,155,99,0.6387,77,47,0.6104,78,52,0.6667,False
per_day_max_theme,5,early_strongest,open_zt3,155,80,0.5161,77,39,0.5065,78,41,0.5256,False
per_day_max_theme,5,early_strongest,hold_zt3,171,96,0.5614,88,50,0.5682,83,46,0.5542,False
per_day_max_theme,5,huanshou_strongest,hold_close,195,125,0.6410,95,61,0.6421,100,64,0.6400,False
per_day_max_theme,5,huanshou_strongest,hold_flat,195,127,0.6513,95,62,0.6526,100,65,0.6500,False
per_day_max_theme,5,huanshou_strongest,hold_touch3,195,122,0.6256,95,61,0.6421,100,61,0.6100,False
per_day_max_theme,5,huanshou_strongest,maxc3,195,149,0.7641,95,73,0.7684,100,76,0.7600,False
per_day_max_theme,5,huanshou_strongest,open_up,181,78,0.4309,86,39,0.4535,95,39,0.4105,False
per_day_max_theme,5,huanshou_strongest,open_flat,181,95,0.5249,86,47,0.5465,95,48,0.5053,False
per_day_max_theme,5,huanshou_strongest,touch3,181,109,0.6022,86,52,0.6047,95,57,0.6000,False
per_day_max_theme,5,huanshou_strongest,open_zt3,181,85,0.4696,86,40,0.4651,95,45,0.4737,False
per_day_max_theme,5,huanshou_strongest,hold_zt3,195,99,0.5077,95,49,0.5158,100,50,0.5000,False
per_day_max_theme,5,tzi_strongest,hold_close,39,26,0.6667,19,12,0.6316,20,14,0.7000,False
per_day_max_theme,5,tzi_strongest,hold_flat,39,26,0.6667,19,12,0.6316,20,14,0.7000,False
per_day_max_theme,5,tzi_strongest,hold_touch3,39,26,0.6667,19,12,0.6316,20,14,0.7000,False
per_day_max_theme,5,tzi_strongest,maxc3,39,33,0.8462,19,16,0.8421,20,17,0.8500,False
per_day_max_theme,5,tzi_strongest,open_up,34,16,0.4706,16,7,0.4375,18,9,0.5000,False
per_day_max_theme,5,tzi_strongest,open_flat,34,20,0.5882,16,9,0.5625,18,11,0.6111,False
per_day_max_theme,5,tzi_strongest,touch3,34,22,0.6471,16,10,0.6250,18,12,0.6667,False
per_day_max_theme,5,tzi_strongest,open_zt3,34,19,0.5588,16,9,0.5625,18,10,0.5556,False
per_day_max_theme,5,tzi_strongest,hold_zt3,39,24,0.6154,19,12,0.6316,20,12,0.6000,False
per_day,6,earliest_seal,hold_close,184,120,0.6522,87,57,0.6552,97,63,0.6495,False
per_day,6,earliest_seal,hold_flat,184,121,0.6576,87,57,0.6552,97,64,0.6598,False
per_day,6,earliest_seal,hold_touch3,184,112,0.6087,87,52,0.5977,97,60,0.6186,False
per_day,6,earliest_seal,maxc3,184,140,0.7609,87,64,0.7356,97,76,0.7835,False
per_day,6,earliest_seal,open_up,174,76,0.4368,80,35,0.4375,94,41,0.4362,False
per_day,6,earliest_seal,open_flat,174,97,0.5575,80,46,0.5750,94,51,0.5426,False
per_day,6,earliest_seal,touch3,174,104,0.5977,80,47,0.5875,94,57,0.6064,False
per_day,6,earliest_seal,open_zt3,174,85,0.4885,80,36,0.4500,94,49,0.5213,False
per_day,6,earliest_seal,hold_zt3,184,95,0.5163,87,43,0.4943,97,52,0.5361,False
per_day,6,latest_seal,hold_close,184,113,0.6141,87,44,0.5057,97,69,0.7113,False
per_day,6,latest_seal,hold_flat,184,113,0.6141,87,44,0.5057,97,69,0.7113,False
per_day,6,latest_seal,hold_touch3,184,86,0.4674,87,40,0.4598,97,46,0.4742,False
per_day,6,latest_seal,maxc3,184,134,0.7283,87,57,0.6552,97,77,0.7938,False
per_day,6,latest_seal,open_up,178,102,0.5730,84,35,0.4167,94,67,0.7128,False
per_day,6,latest_seal,open_flat,178,111,0.6236,84,42,0.5000,94,69,0.7340,False
per_day,6,latest_seal,touch3,178,80,0.4494,84,37,0.4405,94,43,0.4574,False
per_day,6,latest_seal,open_zt3,178,66,0.3708,84,27,0.3214,94,39,0.4149,False
per_day,6,latest_seal,hold_zt3,184,72,0.3913,87,30,0.3448,97,42,0.4330,False
per_day,6,strongest_seal,hold_close,184,121,0.6576,87,55,0.6322,97,66,0.6804,False
per_day,6,strongest_seal,hold_flat,184,121,0.6576,87,55,0.6322,97,66,0.6804,False
per_day,6,strongest_seal,hold_touch3,184,117,0.6359,87,51,0.5862,97,66,0.6804,False
per_day,6,strongest_seal,maxc3,184,138,0.7500,87,61,0.7011,97,77,0.7938,False
per_day,6,strongest_seal,open_up,169,67,0.3964,78,28,0.3590,91,39,0.4286,False
per_day,6,strongest_seal,open_flat,169,90,0.5325,78,39,0.5000,91,51,0.5604,False
per_day,6,strongest_seal,touch3,169,102,0.6036,78,42,0.5385,91,60,0.6593,False
per_day,6,strongest_seal,open_zt3,169,87,0.5148,78,35,0.4487,91,52,0.5714,False
per_day,6,strongest_seal,hold_zt3,184,102,0.5543,87,44,0.5057,97,58,0.5979,False
per_day,6,weakest_seal,hold_close,184,94,0.5109,87,43,0.4943,97,51,0.5258,False
per_day,6,weakest_seal,hold_flat,184,94,0.5109,87,43,0.4943,97,51,0.5258,False
per_day,6,weakest_seal,hold_touch3,184,76,0.4130,87,36,0.4138,97,40,0.4124,False
per_day,6,weakest_seal,maxc3,184,125,0.6793,87,55,0.6322,97,70,0.7216,False
per_day,6,weakest_seal,open_up,182,99,0.5440,86,45,0.5233,96,54,0.5625,False
per_day,6,weakest_seal,open_flat,182,107,0.5879,86,50,0.5814,96,57,0.5938,False
per_day,6,weakest_seal,touch3,182,74,0.4066,86,35,0.4070,96,39,0.4062,False
per_day,6,weakest_seal,open_zt3,182,63,0.3462,86,31,0.3605,96,32,0.3333,False
per_day,6,weakest_seal,hold_zt3,184,65,0.3533,87,32,0.3678,97,33,0.3402,False
per_day,6,fewest_opens,hold_close,184,119,0.6467,87,54,0.6207,97,65,0.6701,False
per_day,6,fewest_opens,hold_flat,184,119,0.6467,87,54,0.6207,97,65,0.6701,False
per_day,6,fewest_opens,hold_touch3,184,119,0.6467,87,49,0.5632,97,70,0.7216,False
per_day,6,fewest_opens,maxc3,184,139,0.7554,87,63,0.7241,97,76,0.7835,False
per_day,6,fewest_opens,open_up,168,74,0.4405,78,31,0.3974,90,43,0.4778,False
per_day,6,fewest_opens,open_flat,168,94,0.5595,78,42,0.5385,90,52,0.5778,False
per_day,6,fewest_opens,touch3,168,103,0.6131,78,40,0.5128,90,63,0.7000,False
per_day,6,fewest_opens,open_zt3,168,79,0.4702,78,28,0.3590,90,51,0.5667,False
per_day,6,fewest_opens,hold_zt3,184,95,0.5163,87,37,0.4253,97,58,0.5979,False
per_day,6,unopened_strongest,hold_close,144,90,0.6250,68,44,0.6471,76,46,0.6053,False
per_day,6,unopened_strongest,hold_flat,144,90,0.6250,68,44,0.6471,76,46,0.6053,False
per_day,6,unopened_strongest,hold_touch3,144,96,0.6667,68,39,0.5735,76,57,0.7500,False
per_day,6,unopened_strongest,maxc3,144,106,0.7361,68,49,0.7206,76,57,0.7500,False
per_day,6,unopened_strongest,open_up,129,51,0.3953,59,23,0.3898,70,28,0.4000,False
per_day,6,unopened_strongest,open_flat,129,66,0.5116,59,31,0.5254,70,35,0.5000,False
per_day,6,unopened_strongest,touch3,129,81,0.6279,59,30,0.5085,70,51,0.7286,False
per_day,6,unopened_strongest,open_zt3,129,58,0.4496,59,20,0.3390,70,38,0.5429,False
per_day,6,unopened_strongest,hold_zt3,144,73,0.5069,68,29,0.4265,76,44,0.5789,False
per_day,6,unopened_earliest,hold_close,144,91,0.6319,68,45,0.6618,76,46,0.6053,False
per_day,6,unopened_earliest,hold_flat,144,92,0.6389,68,46,0.6765,76,46,0.6053,False
per_day,6,unopened_earliest,hold_touch3,144,93,0.6458,68,39,0.5735,76,54,0.7105,False
per_day,6,unopened_earliest,maxc3,144,105,0.7292,68,50,0.7353,76,55,0.7237,False
per_day,6,unopened_earliest,open_up,134,52,0.3881,61,22,0.3607,73,30,0.4110,False
per_day,6,unopened_earliest,open_flat,134,71,0.5299,61,33,0.5410,73,38,0.5205,False
per_day,6,unopened_earliest,touch3,134,83,0.6194,61,32,0.5246,73,51,0.6986,False
per_day,6,unopened_earliest,open_zt3,134,59,0.4403,61,22,0.3607,73,37,0.5068,False
per_day,6,unopened_earliest,hold_zt3,144,69,0.4792,68,29,0.4265,76,40,0.5263,False
per_day,6,opened_strongest,hold_close,173,116,0.6705,82,56,0.6829,91,60,0.6593,False
per_day,6,opened_strongest,hold_flat,173,116,0.6705,82,56,0.6829,91,60,0.6593,False
per_day,6,opened_strongest,hold_touch3,173,90,0.5202,82,47,0.5732,91,43,0.4725,False
per_day,6,opened_strongest,maxc3,173,132,0.7630,82,65,0.7927,91,67,0.7363,False
per_day,6,opened_strongest,open_up,160,70,0.4375,75,33,0.4400,85,37,0.4353,False
per_day,6,opened_strongest,open_flat,160,86,0.5375,75,42,0.5600,85,44,0.5176,False
per_day,6,opened_strongest,touch3,160,78,0.4875,75,41,0.5467,85,37,0.4353,False
per_day,6,opened_strongest,open_zt3,160,75,0.4688,75,38,0.5067,85,37,0.4353,False
per_day,6,opened_strongest,hold_zt3,173,88,0.5087,82,45,0.5488,91,43,0.4725,False
per_day,6,fanbao_strongest,hold_close,45,30,0.6667,3,0,0.0000,42,30,0.7143,False
per_day,6,fanbao_strongest,hold_flat,45,30,0.6667,3,0,0.0000,42,30,0.7143,False
per_day,6,fanbao_strongest,hold_touch3,45,17,0.3778,3,0,0.0000,42,17,0.4048,False
per_day,6,fanbao_strongest,maxc3,45,30,0.6667,3,0,0.0000,42,30,0.7143,False
per_day,6,fanbao_strongest,open_up,44,22,0.5000,3,0,0.0000,41,22,0.5366,False
per_day,6,fanbao_strongest,open_flat,44,26,0.5909,3,1,0.3333,41,25,0.6098,False
per_day,6,fanbao_strongest,touch3,44,16,0.3636,3,0,0.0000,41,16,0.3902,False
per_day,6,fanbao_strongest,open_zt3,44,11,0.2500,3,0,0.0000,41,11,0.2683,False
per_day,6,fanbao_strongest,hold_zt3,45,12,0.2667,3,0,0.0000,42,12,0.2857,False
per_day,6,earliest_final,hold_close,184,120,0.6522,87,56,0.6437,97,64,0.6598,False
per_day,6,earliest_final,hold_flat,184,121,0.6576,87,57,0.6552,97,64,0.6598,False
per_day,6,earliest_final,hold_touch3,184,117,0.6359,87,53,0.6092,97,64,0.6598,False
per_day,6,earliest_final,maxc3,184,138,0.7500,87,63,0.7241,97,75,0.7732,False
per_day,6,earliest_final,open_up,175,67,0.3829,81,28,0.3457,94,39,0.4149,False
per_day,6,earliest_final,open_flat,175,95,0.5429,81,44,0.5432,94,51,0.5426,False
per_day,6,earliest_final,touch3,175,108,0.6171,81,47,0.5802,94,61,0.6489,False
per_day,6,earliest_final,open_zt3,175,89,0.5086,81,38,0.4691,94,51,0.5426,False
per_day,6,earliest_final,hold_zt3,184,98,0.5326,87,44,0.5057,97,54,0.5567,False
per_day,6,highest_board,hold_close,183,122,0.6667,86,57,0.6628,97,65,0.6701,False
per_day,6,highest_board,hold_flat,183,122,0.6667,86,57,0.6628,97,65,0.6701,False
per_day,6,highest_board,hold_touch3,183,121,0.6612,86,56,0.6512,97,65,0.6701,False
per_day,6,highest_board,maxc3,183,140,0.7650,86,62,0.7209,97,78,0.8041,False
per_day,6,highest_board,open_up,172,78,0.4535,81,35,0.4321,91,43,0.4725,False
per_day,6,highest_board,open_flat,172,103,0.5988,81,48,0.5926,91,55,0.6044,False
per_day,6,highest_board,touch3,172,110,0.6395,81,51,0.6296,91,59,0.6484,False
per_day,6,highest_board,open_zt3,172,97,0.5640,81,44,0.5432,91,53,0.5824,False
per_day,6,highest_board,hold_zt3,184,108,0.5870,87,49,0.5632,97,59,0.6082,False
per_day,6,lowest_board,hold_close,184,119,0.6467,87,59,0.6782,97,60,0.6186,False
per_day,6,lowest_board,hold_flat,184,120,0.6522,87,60,0.6897,97,60,0.6186,False
per_day,6,lowest_board,hold_touch3,184,101,0.5489,87,47,0.5402,97,54,0.5567,False
per_day,6,lowest_board,maxc3,184,135,0.7337,87,66,0.7586,97,69,0.7113,False
per_day,6,lowest_board,open_up,169,81,0.4793,78,37,0.4744,91,44,0.4835,False
per_day,6,lowest_board,open_flat,169,95,0.5621,78,45,0.5769,91,50,0.5495,False
per_day,6,lowest_board,touch3,169,87,0.5148,78,39,0.5000,91,48,0.5275,False
per_day,6,lowest_board,open_zt3,169,74,0.4379,78,33,0.4231,91,41,0.4505,False
per_day,6,lowest_board,hold_zt3,184,89,0.4837,87,42,0.4828,97,47,0.4845,False
per_day,6,board2_strongest,hold_close,169,111,0.6568,80,55,0.6875,89,56,0.6292,False
per_day,6,board2_strongest,hold_flat,169,112,0.6627,80,56,0.7000,89,56,0.6292,False
per_day,6,board2_strongest,hold_touch3,169,93,0.5503,80,44,0.5500,89,49,0.5506,False
per_day,6,board2_strongest,maxc3,169,124,0.7337,80,61,0.7625,89,63,0.7079,False
per_day,6,board2_strongest,open_up,155,75,0.4839,72,35,0.4861,83,40,0.4819,False
per_day,6,board2_strongest,open_flat,155,86,0.5548,72,41,0.5694,83,45,0.5422,False
per_day,6,board2_strongest,touch3,155,79,0.5097,72,36,0.5000,83,43,0.5181,False
per_day,6,board2_strongest,open_zt3,155,64,0.4129,72,29,0.4028,83,35,0.4217,False
per_day,6,board2_strongest,hold_zt3,169,78,0.4615,80,37,0.4625,89,41,0.4607,False
per_day,6,board3_strongest,hold_close,91,56,0.6154,39,25,0.6410,52,31,0.5962,False
per_day,6,board3_strongest,hold_flat,91,56,0.6154,39,25,0.6410,52,31,0.5962,False
per_day,6,board3_strongest,hold_touch3,91,56,0.6154,39,21,0.5385,52,35,0.6731,False
per_day,6,board3_strongest,maxc3,91,71,0.7802,39,30,0.7692,52,41,0.7885,False
per_day,6,board3_strongest,open_up,88,34,0.3864,37,18,0.4865,51,16,0.3137,False
per_day,6,board3_strongest,open_flat,88,45,0.5114,37,23,0.6216,51,22,0.4314,False
per_day,6,board3_strongest,touch3,88,54,0.6136,37,20,0.5405,51,34,0.6667,False
per_day,6,board3_strongest,open_zt3,88,43,0.4886,37,15,0.4054,51,28,0.5490,False
per_day,6,board3_strongest,hold_zt3,91,46,0.5055,39,17,0.4359,52,29,0.5577,False
per_day,6,board4_strongest,hold_close,53,34,0.6415,28,17,0.6071,25,17,0.6800,False
per_day,6,board4_strongest,hold_flat,53,34,0.6415,28,17,0.6071,25,17,0.6800,False
per_day,6,board4_strongest,hold_touch3,53,31,0.5849,28,16,0.5714,25,15,0.6000,False
per_day,6,board4_strongest,maxc3,53,37,0.6981,28,19,0.6786,25,18,0.7200,False
per_day,6,board4_strongest,open_up,48,19,0.3958,26,8,0.3077,22,11,0.5000,False
per_day,6,board4_strongest,open_flat,48,29,0.6042,26,13,0.5000,22,16,0.7273,False
per_day,6,board4_strongest,touch3,48,26,0.5417,26,14,0.5385,22,12,0.5455,False
per_day,6,board4_strongest,open_zt3,48,22,0.4583,26,12,0.4615,22,10,0.4545,False
per_day,6,board4_strongest,hold_zt3,53,27,0.5094,28,14,0.5000,25,13,0.5200,False
per_day,6,board5p_strongest,hold_close,50,34,0.6800,30,20,0.6667,20,14,0.7000,False
per_day,6,board5p_strongest,hold_flat,50,34,0.6800,30,20,0.6667,20,14,0.7000,False
per_day,6,board5p_strongest,hold_touch3,50,36,0.7200,30,22,0.7333,20,14,0.7000,False
per_day,6,board5p_strongest,maxc3,50,37,0.7400,30,20,0.6667,20,17,0.8500,False
per_day,6,board5p_strongest,open_up,48,22,0.4583,29,12,0.4138,19,10,0.5263,False
per_day,6,board5p_strongest,open_flat,48,30,0.6250,29,19,0.6552,19,11,0.5789,False
per_day,6,board5p_strongest,touch3,48,34,0.7083,29,21,0.7241,19,13,0.6842,False
per_day,6,board5p_strongest,open_zt3,48,30,0.6250,29,20,0.6897,19,10,0.5263,False
per_day,6,board5p_strongest,hold_zt3,50,32,0.6400,30,21,0.7000,20,11,0.5500,False
per_day,6,board2_earliest,hold_close,169,106,0.6272,80,58,0.7250,89,48,0.5393,False
per_day,6,board2_earliest,hold_flat,169,107,0.6331,80,58,0.7250,89,49,0.5506,False
per_day,6,board2_earliest,hold_touch3,169,91,0.5385,80,47,0.5875,89,44,0.4944,False
per_day,6,board2_earliest,maxc3,169,128,0.7574,80,65,0.8125,89,63,0.7079,False
per_day,6,board2_earliest,open_up,164,82,0.5000,76,41,0.5395,88,41,0.4659,False
per_day,6,board2_earliest,open_flat,164,94,0.5732,76,50,0.6579,88,44,0.5000,False
per_day,6,board2_earliest,touch3,164,86,0.5244,76,43,0.5658,88,43,0.4886,False
per_day,6,board2_earliest,open_zt3,164,71,0.4329,76,36,0.4737,88,35,0.3977,False
per_day,6,board2_earliest,hold_zt3,169,76,0.4497,80,40,0.5000,89,36,0.4045,False
per_day,6,board3_earliest,hold_close,91,53,0.5824,39,24,0.6154,52,29,0.5577,False
per_day,6,board3_earliest,hold_flat,91,53,0.5824,39,24,0.6154,52,29,0.5577,False
per_day,6,board3_earliest,hold_touch3,91,54,0.5934,39,22,0.5641,52,32,0.6154,False
per_day,6,board3_earliest,maxc3,91,67,0.7363,39,28,0.7179,52,39,0.7500,False
per_day,6,board3_earliest,open_up,87,30,0.3448,36,15,0.4167,51,15,0.2941,False
per_day,6,board3_earliest,open_flat,87,44,0.5057,36,23,0.6389,51,21,0.4118,False
per_day,6,board3_earliest,touch3,87,51,0.5862,36,20,0.5556,51,31,0.6078,False
per_day,6,board3_earliest,open_zt3,87,41,0.4713,36,16,0.4444,51,25,0.4902,False
per_day,6,board3_earliest,hold_zt3,91,45,0.4945,39,19,0.4872,52,26,0.5000,False
per_day,6,cihigh_strongest,hold_close,58,33,0.5690,22,13,0.5909,36,20,0.5556,False
per_day,6,cihigh_strongest,hold_flat,58,33,0.5690,22,13,0.5909,36,20,0.5556,False
per_day,6,cihigh_strongest,hold_touch3,58,32,0.5517,22,13,0.5909,36,19,0.5278,False
per_day,6,cihigh_strongest,maxc3,58,40,0.6897,22,15,0.6818,36,25,0.6944,False
per_day,6,cihigh_strongest,open_up,56,26,0.4643,21,6,0.2857,35,20,0.5714,False
per_day,6,cihigh_strongest,open_flat,56,27,0.4821,21,6,0.2857,35,21,0.6000,False
per_day,6,cihigh_strongest,touch3,56,30,0.5357,21,12,0.5714,35,18,0.5143,False
per_day,6,cihigh_strongest,open_zt3,56,22,0.3929,21,8,0.3810,35,14,0.4000,False
per_day,6,cihigh_strongest,hold_zt3,58,24,0.4138,22,9,0.4091,36,15,0.4167,False
per_day,6,mid_strongest,hold_close,179,116,0.6480,85,55,0.6471,94,61,0.6489,False
per_day,6,mid_strongest,hold_flat,179,117,0.6536,85,56,0.6588,94,61,0.6489,False
per_day,6,mid_strongest,hold_touch3,179,103,0.5754,85,46,0.5412,94,57,0.6064,False
per_day,6,mid_strongest,maxc3,179,134,0.7486,85,62,0.7294,94,72,0.7660,False
per_day,6,mid_strongest,open_up,164,68,0.4146,75,32,0.4267,89,36,0.4045,False
per_day,6,mid_strongest,open_flat,164,87,0.5305,75,41,0.5467,89,46,0.5169,False
per_day,6,mid_strongest,touch3,164,89,0.5427,75,37,0.4933,89,52,0.5843,False
per_day,6,mid_strongest,open_zt3,164,75,0.4573,75,31,0.4133,89,44,0.4944,False
per_day,6,mid_strongest,hold_zt3,179,90,0.5028,85,41,0.4824,94,49,0.5213,False
per_day,6,newh_strongest,hold_close,68,42,0.6176,24,13,0.5417,44,29,0.6591,False
per_day,6,newh_strongest,hold_flat,68,42,0.6176,24,13,0.5417,44,29,0.6591,False
per_day,6,newh_strongest,hold_touch3,68,42,0.6176,24,12,0.5000,44,30,0.6818,False
per_day,6,newh_strongest,maxc3,68,47,0.6912,24,13,0.5417,44,34,0.7727,False
per_day,6,newh_strongest,open_up,64,29,0.4531,24,12,0.5000,40,17,0.4250,False
per_day,6,newh_strongest,open_flat,64,38,0.5938,24,16,0.6667,40,22,0.5500,False
per_day,6,newh_strongest,touch3,64,38,0.5938,24,12,0.5000,40,26,0.6500,False
per_day,6,newh_strongest,open_zt3,64,34,0.5312,24,11,0.4583,40,23,0.5750,False
per_day,6,newh_strongest,hold_zt3,69,38,0.5507,25,11,0.4400,44,27,0.6136,False
per_day,6,mid_earliest,hold_close,179,111,0.6201,85,56,0.6588,94,55,0.5851,False
per_day,6,mid_earliest,hold_flat,179,112,0.6257,85,56,0.6588,94,56,0.5957,False
per_day,6,mid_earliest,hold_touch3,179,100,0.5587,85,48,0.5647,94,52,0.5532,False
per_day,6,mid_earliest,maxc3,179,133,0.7430,85,64,0.7529,94,69,0.7340,False
per_day,6,mid_earliest,open_up,171,74,0.4327,78,35,0.4487,93,39,0.4194,False
per_day,6,mid_earliest,open_flat,171,94,0.5497,78,48,0.6154,93,46,0.4946,False
per_day,6,mid_earliest,touch3,171,93,0.5439,78,42,0.5385,93,51,0.5484,False
per_day,6,mid_earliest,open_zt3,171,75,0.4386,78,32,0.4103,93,43,0.4624,False
per_day,6,mid_earliest,hold_zt3,179,83,0.4637,85,39,0.4588,94,44,0.4681,False
per_day,6,cihigh_earliest,hold_close,58,27,0.4655,22,12,0.5455,36,15,0.4167,False
per_day,6,cihigh_earliest,hold_flat,58,28,0.4828,22,12,0.5455,36,16,0.4444,False
per_day,6,cihigh_earliest,hold_touch3,58,30,0.5172,22,12,0.5455,36,18,0.5000,False
per_day,6,cihigh_earliest,maxc3,58,38,0.6552,22,14,0.6364,36,24,0.6667,False
per_day,6,cihigh_earliest,open_up,56,23,0.4107,21,6,0.2857,35,17,0.4857,False
per_day,6,cihigh_earliest,open_flat,56,24,0.4286,21,6,0.2857,35,18,0.5143,False
per_day,6,cihigh_earliest,touch3,56,28,0.5000,21,11,0.5238,35,17,0.4857,False
per_day,6,cihigh_earliest,open_zt3,56,22,0.3929,21,8,0.3810,35,14,0.4000,False
per_day,6,cihigh_earliest,hold_zt3,58,24,0.4138,22,9,0.4091,36,15,0.4167,False
per_day,6,max_amount,hold_close,184,112,0.6087,87,53,0.6092,97,59,0.6082,False
per_day,6,max_amount,hold_flat,184,112,0.6087,87,53,0.6092,97,59,0.6082,False
per_day,6,max_amount,hold_touch3,184,91,0.4946,87,47,0.5402,97,44,0.4536,False
per_day,6,max_amount,maxc3,184,140,0.7609,87,66,0.7586,97,74,0.7629,False
per_day,6,max_amount,open_up,181,93,0.5138,85,43,0.5059,96,50,0.5208,False
per_day,6,max_amount,open_flat,181,107,0.5912,85,52,0.6118,96,55,0.5729,False
per_day,6,max_amount,touch3,181,88,0.4862,85,45,0.5294,96,43,0.4479,False
per_day,6,max_amount,open_zt3,181,71,0.3923,85,36,0.4235,96,35,0.3646,False
per_day,6,max_amount,hold_zt3,184,74,0.4022,87,38,0.4368,97,36,0.3711,False
per_day,6,min_amount,hold_close,184,107,0.5815,87,51,0.5862,97,56,0.5773,False
per_day,6,min_amount,hold_flat,184,107,0.5815,87,51,0.5862,97,56,0.5773,False
per_day,6,min_amount,hold_touch3,184,110,0.5978,87,49,0.5632,97,61,0.6289,False
per_day,6,min_amount,maxc3,184,128,0.6957,87,59,0.6782,97,69,0.7113,False
per_day,6,min_amount,open_up,169,61,0.3609,78,24,0.3077,91,37,0.4066,False
per_day,6,min_amount,open_flat,169,83,0.4911,78,39,0.5000,91,44,0.4835,False
per_day,6,min_amount,touch3,169,97,0.5740,78,42,0.5385,91,55,0.6044,False
per_day,6,min_amount,open_zt3,169,80,0.4734,78,36,0.4615,91,44,0.4835,False
per_day,6,min_amount,hold_zt3,184,95,0.5163,87,45,0.5172,97,50,0.5155,False
per_day,6,max_turn,hold_close,184,99,0.5380,87,46,0.5287,97,53,0.5464,False
per_day,6,max_turn,hold_flat,184,101,0.5489,87,46,0.5287,97,55,0.5670,False
per_day,6,max_turn,hold_touch3,184,90,0.4891,87,45,0.5172,97,45,0.4639,False
per_day,6,max_turn,maxc3,184,126,0.6848,87,56,0.6437,97,70,0.7216,False
per_day,6,max_turn,open_up,180,91,0.5056,84,39,0.4643,96,52,0.5417,False
per_day,6,max_turn,open_flat,180,101,0.5611,84,45,0.5357,96,56,0.5833,False
per_day,6,max_turn,touch3,180,86,0.4778,84,42,0.5000,96,44,0.4583,False
per_day,6,max_turn,open_zt3,180,68,0.3778,84,30,0.3571,96,38,0.3958,False
per_day,6,max_turn,hold_zt3,184,72,0.3913,87,33,0.3793,97,39,0.4021,False
per_day,6,min_turn,hold_close,184,125,0.6793,87,57,0.6552,97,68,0.7010,False
per_day,6,min_turn,hold_flat,184,127,0.6902,87,59,0.6782,97,68,0.7010,False
per_day,6,min_turn,hold_touch3,184,100,0.5435,87,43,0.4943,97,57,0.5876,False
per_day,6,min_turn,maxc3,184,145,0.7880,87,65,0.7471,97,80,0.8247,False
per_day,6,min_turn,open_up,172,82,0.4767,80,35,0.4375,92,47,0.5109,False
per_day,6,min_turn,open_flat,172,99,0.5756,80,46,0.5750,92,53,0.5761,False
per_day,6,min_turn,touch3,172,90,0.5233,80,38,0.4750,92,52,0.5652,False
per_day,6,min_turn,open_zt3,172,76,0.4419,80,35,0.4375,92,41,0.4457,False
per_day,6,min_turn,hold_zt3,184,88,0.4783,87,42,0.4828,97,46,0.4742,False
per_day,6,intact_strongest,hold_close,112,76,0.6786,55,34,0.6182,57,42,0.7368,False
per_day,6,intact_strongest,hold_flat,112,76,0.6786,55,34,0.6182,57,42,0.7368,False
per_day,6,intact_strongest,hold_touch3,112,76,0.6786,55,32,0.5818,57,44,0.7719,False
per_day,6,intact_strongest,maxc3,112,88,0.7857,55,38,0.6909,57,50,0.8772,False
per_day,6,intact_strongest,open_up,104,42,0.4038,49,19,0.3878,55,23,0.4182,False
per_day,6,intact_strongest,open_flat,104,58,0.5577,49,27,0.5510,55,31,0.5636,False
per_day,6,intact_strongest,touch3,104,68,0.6538,49,26,0.5306,55,42,0.7636,False
per_day,6,intact_strongest,open_zt3,104,55,0.5288,49,21,0.4286,55,34,0.6182,False
per_day,6,intact_strongest,hold_zt3,112,63,0.5625,55,27,0.4909,57,36,0.6316,False
per_day,6,intact_earliest,hold_close,112,77,0.6875,55,35,0.6364,57,42,0.7368,False
per_day,6,intact_earliest,hold_flat,112,77,0.6875,55,35,0.6364,57,42,0.7368,False
per_day,6,intact_earliest,hold_touch3,112,74,0.6607,55,33,0.6000,57,41,0.7193,False
per_day,6,intact_earliest,maxc3,112,87,0.7768,55,40,0.7273,57,47,0.8246,False
per_day,6,intact_earliest,open_up,106,47,0.4434,50,23,0.4600,56,24,0.4286,False
per_day,6,intact_earliest,open_flat,106,61,0.5755,50,31,0.6200,56,30,0.5357,False
per_day,6,intact_earliest,touch3,106,70,0.6604,50,30,0.6000,56,40,0.7143,False
per_day,6,intact_earliest,open_zt3,106,51,0.4811,50,21,0.4200,56,30,0.5357,False
per_day,6,intact_earliest,hold_zt3,112,57,0.5089,55,26,0.4727,57,31,0.5439,False
per_day,6,break_strongest,hold_close,64,39,0.6094,25,19,0.7600,39,20,0.5128,False
per_day,6,break_strongest,hold_flat,64,40,0.6250,25,19,0.7600,39,21,0.5385,False
per_day,6,break_strongest,hold_touch3,64,35,0.5469,25,15,0.6000,39,20,0.5128,False
per_day,6,break_strongest,maxc3,64,46,0.7188,25,20,0.8000,39,26,0.6667,False
per_day,6,break_strongest,open_up,59,24,0.4068,23,10,0.4348,36,14,0.3889,False
per_day,6,break_strongest,open_flat,59,29,0.4915,23,13,0.5652,36,16,0.4444,False
per_day,6,break_strongest,touch3,59,30,0.5085,23,13,0.5652,36,17,0.4722,False
per_day,6,break_strongest,open_zt3,59,26,0.4407,23,11,0.4783,36,15,0.4167,False
per_day,6,break_strongest,hold_zt3,64,31,0.4844,25,13,0.5200,39,18,0.4615,False
per_day,6,stock_unbroken_strongest,hold_close,180,116,0.6444,85,55,0.6471,95,61,0.6421,False
per_day,6,stock_unbroken_strongest,hold_flat,180,116,0.6444,85,55,0.6471,95,61,0.6421,False
per_day,6,stock_unbroken_strongest,hold_touch3,180,111,0.6167,85,48,0.5647,95,63,0.6632,False
per_day,6,stock_unbroken_strongest,maxc3,180,134,0.7444,85,61,0.7176,95,73,0.7684,False
per_day,6,stock_unbroken_strongest,open_up,164,63,0.3841,76,26,0.3421,88,37,0.4205,False
per_day,6,stock_unbroken_strongest,open_flat,164,85,0.5183,76,37,0.4868,88,48,0.5455,False
per_day,6,stock_unbroken_strongest,touch3,164,95,0.5793,76,39,0.5132,88,56,0.6364,False
per_day,6,stock_unbroken_strongest,open_zt3,164,82,0.5000,76,33,0.4342,88,49,0.5568,False
per_day,6,stock_unbroken_strongest,hold_zt3,180,98,0.5444,85,42,0.4941,95,56,0.5895,False
per_day,6,stock_broken_strongest,hold_close,87,55,0.6322,38,22,0.5789,49,33,0.6735,False
per_day,6,stock_broken_strongest,hold_flat,87,56,0.6437,38,22,0.5789,49,34,0.6939,False
per_day,6,stock_broken_strongest,hold_touch3,87,40,0.4598,38,20,0.5263,49,20,0.4082,False
per_day,6,stock_broken_strongest,maxc3,87,58,0.6667,38,24,0.6316,49,34,0.6939,False
per_day,6,stock_broken_strongest,open_up,85,43,0.5059,37,17,0.4595,48,26,0.5417,False
per_day,6,stock_broken_strongest,open_flat,85,49,0.5765,37,20,0.5405,48,29,0.6042,False
per_day,6,stock_broken_strongest,touch3,85,38,0.4471,37,19,0.5135,48,19,0.3958,False
per_day,6,stock_broken_strongest,open_zt3,85,27,0.3176,37,15,0.4054,48,12,0.2500,False
per_day,6,stock_broken_strongest,hold_zt3,87,29,0.3333,38,16,0.4211,49,13,0.2653,False
per_day,6,stock_unbroken_earliest,hold_close,180,111,0.6167,85,54,0.6353,95,57,0.6000,False
per_day,6,stock_unbroken_earliest,hold_flat,180,112,0.6222,85,54,0.6353,95,58,0.6105,False
per_day,6,stock_unbroken_earliest,hold_touch3,180,104,0.5778,85,47,0.5529,95,57,0.6000,False
per_day,6,stock_unbroken_earliest,maxc3,180,132,0.7333,85,62,0.7294,95,70,0.7368,False
per_day,6,stock_unbroken_earliest,open_up,169,71,0.4201,79,33,0.4177,90,38,0.4222,False
per_day,6,stock_unbroken_earliest,open_flat,169,90,0.5325,79,44,0.5570,90,46,0.5111,False
per_day,6,stock_unbroken_earliest,touch3,169,95,0.5621,79,43,0.5443,90,52,0.5778,False
per_day,6,stock_unbroken_earliest,open_zt3,169,79,0.4675,79,35,0.4430,90,44,0.4889,False
per_day,6,stock_unbroken_earliest,hold_zt3,180,90,0.5000,85,41,0.4824,95,49,0.5158,False
per_day,6,H_strongest,hold_close,68,42,0.6176,24,13,0.5417,44,29,0.6591,False
per_day,6,H_strongest,hold_flat,68,42,0.6176,24,13,0.5417,44,29,0.6591,False
per_day,6,H_strongest,hold_touch3,68,42,0.6176,24,12,0.5000,44,30,0.6818,False
per_day,6,H_strongest,maxc3,68,47,0.6912,24,13,0.5417,44,34,0.7727,False
per_day,6,H_strongest,open_up,64,29,0.4531,24,12,0.5000,40,17,0.4250,False
per_day,6,H_strongest,open_flat,64,38,0.5938,24,16,0.6667,40,22,0.5500,False
per_day,6,H_strongest,touch3,64,38,0.5938,24,12,0.5000,40,26,0.6500,False
per_day,6,H_strongest,open_zt3,64,34,0.5312,24,11,0.4583,40,23,0.5750,False
per_day,6,H_strongest,hold_zt3,69,38,0.5507,25,11,0.4400,44,27,0.6136,False
per_day,6,Hm1_strongest,hold_close,58,33,0.5690,22,13,0.5909,36,20,0.5556,False
per_day,6,Hm1_strongest,hold_flat,58,33,0.5690,22,13,0.5909,36,20,0.5556,False
per_day,6,Hm1_strongest,hold_touch3,58,32,0.5517,22,13,0.5909,36,19,0.5278,False
per_day,6,Hm1_strongest,maxc3,58,40,0.6897,22,15,0.6818,36,25,0.6944,False
per_day,6,Hm1_strongest,open_up,56,26,0.4643,21,6,0.2857,35,20,0.5714,False
per_day,6,Hm1_strongest,open_flat,56,27,0.4821,21,6,0.2857,35,21,0.6000,False
per_day,6,Hm1_strongest,touch3,56,30,0.5357,21,12,0.5714,35,18,0.5143,False
per_day,6,Hm1_strongest,open_zt3,56,22,0.3929,21,8,0.3810,35,14,0.4000,False
per_day,6,Hm1_strongest,hold_zt3,58,24,0.4138,22,9,0.4091,36,15,0.4167,False
per_day,6,belowH_strongest,hold_close,178,119,0.6685,85,56,0.6588,93,63,0.6774,False
per_day,6,belowH_strongest,hold_flat,178,119,0.6685,85,56,0.6588,93,63,0.6774,False
per_day,6,belowH_strongest,hold_touch3,178,107,0.6011,85,51,0.6000,93,56,0.6022,False
per_day,6,belowH_strongest,maxc3,178,136,0.7640,85,64,0.7529,93,72,0.7742,False
per_day,6,belowH_strongest,open_up,164,71,0.4329,76,29,0.3816,88,42,0.4773,False
per_day,6,belowH_strongest,open_flat,164,92,0.5610,76,40,0.5263,88,52,0.5909,False
per_day,6,belowH_strongest,touch3,164,93,0.5671,76,42,0.5526,88,51,0.5795,False
per_day,6,belowH_strongest,open_zt3,164,77,0.4695,76,35,0.4605,88,42,0.4773,False
per_day,6,belowH_strongest,hold_zt3,178,91,0.5112,85,44,0.5176,93,47,0.5054,False
per_day,6,ge3_strongest,hold_close,131,90,0.6870,58,39,0.6724,73,51,0.6986,False
per_day,6,ge3_strongest,hold_flat,131,90,0.6870,58,39,0.6724,73,51,0.6986,False
per_day,6,ge3_strongest,hold_touch3,131,92,0.7023,58,39,0.6724,73,53,0.7260,False
per_day,6,ge3_strongest,maxc3,131,104,0.7939,58,42,0.7241,73,62,0.8493,False
per_day,6,ge3_strongest,open_up,123,51,0.4146,54,22,0.4074,69,29,0.4203,False
per_day,6,ge3_strongest,open_flat,123,73,0.5935,54,33,0.6111,69,40,0.5797,False
per_day,6,ge3_strongest,touch3,123,84,0.6829,54,35,0.6481,69,49,0.7101,False
per_day,6,ge3_strongest,open_zt3,123,69,0.5610,54,29,0.5370,69,40,0.5797,False
per_day,6,ge3_strongest,hold_zt3,131,77,0.5878,58,33,0.5690,73,44,0.6027,False
per_day,6,ge3_earliest,hold_close,131,85,0.6489,58,38,0.6552,73,47,0.6438,False
per_day,6,ge3_earliest,hold_flat,131,85,0.6489,58,38,0.6552,73,47,0.6438,False
per_day,6,ge3_earliest,hold_touch3,131,84,0.6412,58,36,0.6207,73,48,0.6575,False
per_day,6,ge3_earliest,maxc3,131,101,0.7710,58,42,0.7241,73,59,0.8082,False
per_day,6,ge3_earliest,open_up,123,52,0.4228,53,25,0.4717,70,27,0.3857,False
per_day,6,ge3_earliest,open_flat,123,69,0.5610,53,32,0.6038,70,37,0.5286,False
per_day,6,ge3_earliest,touch3,123,78,0.6341,53,33,0.6226,70,45,0.6429,False
per_day,6,ge3_earliest,open_zt3,123,63,0.5122,53,27,0.5094,70,36,0.5143,False
per_day,6,ge3_earliest,hold_zt3,131,71,0.5420,58,32,0.5517,73,39,0.5342,False
per_day,6,ge4_strongest,hold_close,87,63,0.7241,46,33,0.7174,41,30,0.7317,False
per_day,6,ge4_strongest,hold_flat,87,63,0.7241,46,33,0.7174,41,30,0.7317,False
per_day,6,ge4_strongest,hold_touch3,87,61,0.7011,46,34,0.7391,41,27,0.6585,False
per_day,6,ge4_strongest,maxc3,87,67,0.7701,46,34,0.7391,41,33,0.8049,False
per_day,6,ge4_strongest,open_up,80,36,0.4500,43,17,0.3953,37,19,0.5135,False
per_day,6,ge4_strongest,open_flat,80,53,0.6625,43,28,0.6512,37,25,0.6757,False
per_day,6,ge4_strongest,touch3,80,54,0.6750,43,31,0.7209,37,23,0.6216,False
per_day,6,ge4_strongest,open_zt3,80,46,0.5750,43,27,0.6279,37,19,0.5135,False
per_day,6,ge4_strongest,hold_zt3,87,53,0.6092,46,30,0.6522,41,23,0.5610,False
per_day,6,ge4_earliest,hold_close,87,60,0.6897,46,31,0.6739,41,29,0.7073,False
per_day,6,ge4_earliest,hold_flat,87,60,0.6897,46,31,0.6739,41,29,0.7073,False
per_day,6,ge4_earliest,hold_touch3,87,59,0.6782,46,33,0.7174,41,26,0.6341,False
per_day,6,ge4_earliest,maxc3,87,65,0.7471,46,32,0.6957,41,33,0.8049,False
per_day,6,ge4_earliest,open_up,80,36,0.4500,42,18,0.4286,38,18,0.4737,False
per_day,6,ge4_earliest,open_flat,80,50,0.6250,42,26,0.6190,38,24,0.6316,False
per_day,6,ge4_earliest,touch3,80,53,0.6625,42,30,0.7143,38,23,0.6053,False
per_day,6,ge4_earliest,open_zt3,80,45,0.5625,42,26,0.6190,38,19,0.5000,False
per_day,6,ge4_earliest,hold_zt3,87,52,0.5977,46,30,0.6522,41,22,0.5366,False
per_day,6,ge4_unopened,hold_close,35,27,0.7714,21,16,0.7619,14,11,0.7857,False
per_day,6,ge4_unopened,hold_flat,35,27,0.7714,21,16,0.7619,14,11,0.7857,False
per_day,6,ge4_unopened,hold_touch3,35,26,0.7429,21,15,0.7143,14,11,0.7857,False
per_day,6,ge4_unopened,maxc3,35,29,0.8286,21,18,0.8571,14,11,0.7857,False
per_day,6,ge4_unopened,open_up,32,13,0.4062,20,8,0.4000,12,5,0.4167,False
per_day,6,ge4_unopened,open_flat,32,21,0.6562,20,12,0.6000,12,9,0.7500,False
per_day,6,ge4_unopened,touch3,32,23,0.7188,20,14,0.7000,12,9,0.7500,False
per_day,6,ge4_unopened,open_zt3,32,19,0.5938,20,11,0.5500,12,8,0.6667,False
per_day,6,ge4_unopened,hold_zt3,35,22,0.6286,21,12,0.5714,14,10,0.7143,False
per_day,6,ge3_unopened,hold_close,63,41,0.6508,29,19,0.6552,34,22,0.6471,False
per_day,6,ge3_unopened,hold_flat,63,41,0.6508,29,19,0.6552,34,22,0.6471,False
per_day,6,ge3_unopened,hold_touch3,63,47,0.7460,29,18,0.6207,34,29,0.8529,False
per_day,6,ge3_unopened,maxc3,63,51,0.8095,29,21,0.7241,34,30,0.8824,False
per_day,6,ge3_unopened,open_up,60,23,0.3833,28,12,0.4286,32,11,0.3438,False
per_day,6,ge3_unopened,open_flat,60,32,0.5333,28,16,0.5714,32,16,0.5000,False
per_day,6,ge3_unopened,touch3,60,44,0.7333,28,17,0.6071,32,27,0.8438,False
per_day,6,ge3_unopened,open_zt3,60,36,0.6000,28,13,0.4643,32,23,0.7188,False
per_day,6,ge3_unopened,hold_zt3,63,39,0.6190,29,14,0.4828,34,25,0.7353,False
per_day,6,suc_strongest,hold_close,183,104,0.5683,86,51,0.5930,97,53,0.5464,False
per_day,6,suc_strongest,hold_flat,183,105,0.5738,86,51,0.5930,97,54,0.5567,False
per_day,6,suc_strongest,hold_touch3,183,86,0.4699,86,45,0.5233,97,41,0.4227,False
per_day,6,suc_strongest,maxc3,183,127,0.6940,86,60,0.6977,97,67,0.6907,False
per_day,6,suc_strongest,open_up,171,74,0.4327,79,30,0.3797,92,44,0.4783,False
per_day,6,suc_strongest,open_flat,171,86,0.5029,79,39,0.4937,92,47,0.5109,False
per_day,6,suc_strongest,touch3,171,74,0.4327,79,38,0.4810,92,36,0.3913,False
per_day,6,suc_strongest,open_zt3,171,60,0.3509,79,33,0.4177,92,27,0.2935,False
per_day,6,suc_strongest,hold_zt3,183,72,0.3934,86,40,0.4651,97,32,0.3299,False
per_day,6,early_strongest,hold_close,170,117,0.6882,81,56,0.6914,89,61,0.6854,False
per_day,6,early_strongest,hold_flat,170,117,0.6882,81,56,0.6914,89,61,0.6854,False
per_day,6,early_strongest,hold_touch3,170,111,0.6529,81,51,0.6296,89,60,0.6742,False
per_day,6,early_strongest,maxc3,170,131,0.7706,81,61,0.7531,89,70,0.7865,False
per_day,6,early_strongest,open_up,153,61,0.3987,70,27,0.3857,83,34,0.4096,False
per_day,6,early_strongest,open_flat,153,84,0.5490,70,38,0.5429,83,46,0.5542,False
per_day,6,early_strongest,touch3,153,95,0.6209,70,41,0.5857,83,54,0.6506,False
per_day,6,early_strongest,open_zt3,153,82,0.5359,70,35,0.5000,83,47,0.5663,False
per_day,6,early_strongest,hold_zt3,170,99,0.5824,81,46,0.5679,89,53,0.5955,False
per_day,6,huanshou_strongest,hold_close,183,116,0.6339,86,54,0.6279,97,62,0.6392,False
per_day,6,huanshou_strongest,hold_flat,183,117,0.6393,86,55,0.6395,97,62,0.6392,False
per_day,6,huanshou_strongest,hold_touch3,183,112,0.6120,86,51,0.5930,97,61,0.6289,False
per_day,6,huanshou_strongest,maxc3,183,133,0.7268,86,60,0.6977,97,73,0.7526,False
per_day,6,huanshou_strongest,open_up,169,69,0.4083,77,30,0.3896,92,39,0.4239,False
per_day,6,huanshou_strongest,open_flat,169,90,0.5325,77,41,0.5325,92,49,0.5326,False
per_day,6,huanshou_strongest,touch3,169,98,0.5799,77,42,0.5455,92,56,0.6087,False
per_day,6,huanshou_strongest,open_zt3,169,79,0.4675,77,33,0.4286,92,46,0.5000,False
per_day,6,huanshou_strongest,hold_zt3,183,93,0.5082,86,42,0.4884,97,51,0.5258,False
per_day,6,tzi_strongest,hold_close,71,46,0.6479,37,25,0.6757,34,21,0.6176,False
per_day,6,tzi_strongest,hold_flat,71,46,0.6479,37,25,0.6757,34,21,0.6176,False
per_day,6,tzi_strongest,hold_touch3,71,40,0.5634,37,19,0.5135,34,21,0.6176,False
per_day,6,tzi_strongest,maxc3,71,55,0.7746,37,29,0.7838,34,26,0.7647,False
per_day,6,tzi_strongest,open_up,65,29,0.4462,34,16,0.4706,31,13,0.4194,False
per_day,6,tzi_strongest,open_flat,65,37,0.5692,34,20,0.5882,31,17,0.5484,False
per_day,6,tzi_strongest,touch3,65,34,0.5231,34,16,0.4706,31,18,0.5806,False
per_day,6,tzi_strongest,open_zt3,65,32,0.4923,34,14,0.4118,31,18,0.5806,False
per_day,6,tzi_strongest,hold_zt3,71,38,0.5352,37,17,0.4595,34,21,0.6176,False
per_theme_day,6,earliest_seal,hold_close,406,250,0.6158,178,112,0.6292,228,138,0.6053,False
per_theme_day,6,earliest_seal,hold_flat,406,253,0.6232,178,112,0.6292,228,141,0.6184,False
per_theme_day,6,earliest_seal,hold_touch3,406,230,0.5665,178,104,0.5843,228,126,0.5526,False
per_theme_day,6,earliest_seal,maxc3,406,303,0.7463,178,132,0.7416,228,171,0.7500,False
per_theme_day,6,earliest_seal,open_up,382,161,0.4215,165,69,0.4182,217,92,0.4240,False
per_theme_day,6,earliest_seal,open_flat,382,203,0.5314,165,93,0.5636,217,110,0.5069,False
per_theme_day,6,earliest_seal,touch3,382,208,0.5445,165,93,0.5636,217,115,0.5300,False
per_theme_day,6,earliest_seal,open_zt3,382,165,0.4319,165,74,0.4485,217,91,0.4194,False
per_theme_day,6,earliest_seal,hold_zt3,407,189,0.4644,179,87,0.4860,228,102,0.4474,False
per_theme_day,6,latest_seal,hold_close,405,235,0.5802,177,93,0.5254,228,142,0.6228,False
per_theme_day,6,latest_seal,hold_flat,405,237,0.5852,177,93,0.5254,228,144,0.6316,False
per_theme_day,6,latest_seal,hold_touch3,405,196,0.4840,177,84,0.4746,228,112,0.4912,False
per_theme_day,6,latest_seal,maxc3,405,287,0.7086,177,117,0.6610,228,170,0.7456,False
per_theme_day,6,latest_seal,open_up,389,201,0.5167,169,78,0.4615,220,123,0.5591,False
per_theme_day,6,latest_seal,open_flat,389,216,0.5553,169,88,0.5207,220,128,0.5818,False
per_theme_day,6,latest_seal,touch3,389,180,0.4627,169,76,0.4497,220,104,0.4727,False
per_theme_day,6,latest_seal,open_zt3,389,142,0.3650,169,61,0.3609,220,81,0.3682,False
per_theme_day,6,latest_seal,hold_zt3,407,158,0.3882,179,69,0.3855,228,89,0.3904,False
per_theme_day,6,strongest_seal,hold_close,406,250,0.6158,178,114,0.6404,228,136,0.5965,False
per_theme_day,6,strongest_seal,hold_flat,406,253,0.6232,178,114,0.6404,228,139,0.6096,False
per_theme_day,6,strongest_seal,hold_touch3,406,235,0.5788,178,103,0.5787,228,132,0.5789,False
per_theme_day,6,strongest_seal,maxc3,406,300,0.7389,178,134,0.7528,228,166,0.7281,False
per_theme_day,6,strongest_seal,open_up,375,161,0.4293,160,68,0.4250,215,93,0.4326,False
per_theme_day,6,strongest_seal,open_flat,375,195,0.5200,160,86,0.5375,215,109,0.5070,False
per_theme_day,6,strongest_seal,touch3,375,205,0.5467,160,86,0.5375,215,119,0.5535,False
per_theme_day,6,strongest_seal,open_zt3,375,168,0.4480,160,74,0.4625,215,94,0.4372,False
per_theme_day,6,strongest_seal,hold_zt3,407,199,0.4889,179,92,0.5140,228,107,0.4693,False
per_theme_day,6,weakest_seal,hold_close,405,230,0.5679,177,98,0.5537,228,132,0.5789,False
per_theme_day,6,weakest_seal,hold_flat,405,232,0.5728,177,98,0.5537,228,134,0.5877,False
per_theme_day,6,weakest_seal,hold_touch3,405,196,0.4840,177,83,0.4689,228,113,0.4956,False
per_theme_day,6,weakest_seal,maxc3,405,291,0.7185,177,120,0.6780,228,171,0.7500,False
per_theme_day,6,weakest_seal,open_up,389,199,0.5116,169,82,0.4852,220,117,0.5318,False
per_theme_day,6,weakest_seal,open_flat,389,220,0.5656,169,97,0.5740,220,123,0.5591,False
per_theme_day,6,weakest_seal,touch3,389,180,0.4627,169,75,0.4438,220,105,0.4773,False
per_theme_day,6,weakest_seal,open_zt3,389,149,0.3830,169,65,0.3846,220,84,0.3818,False
per_theme_day,6,weakest_seal,hold_zt3,407,165,0.4054,179,73,0.4078,228,92,0.4035,False
per_theme_day,6,fewest_opens,hold_close,406,255,0.6281,178,112,0.6292,228,143,0.6272,False
per_theme_day,6,fewest_opens,hold_flat,406,258,0.6355,178,112,0.6292,228,146,0.6404,False
per_theme_day,6,fewest_opens,hold_touch3,406,235,0.5788,178,97,0.5449,228,138,0.6053,False
per_theme_day,6,fewest_opens,maxc3,406,303,0.7463,178,130,0.7303,228,173,0.7588,False
per_theme_day,6,fewest_opens,open_up,378,174,0.4603,163,72,0.4417,215,102,0.4744,False
per_theme_day,6,fewest_opens,open_flat,378,207,0.5476,163,91,0.5583,215,116,0.5395,False
per_theme_day,6,fewest_opens,touch3,378,208,0.5503,163,83,0.5092,215,125,0.5814,False
per_theme_day,6,fewest_opens,open_zt3,378,162,0.4286,163,64,0.3926,215,98,0.4558,False
per_theme_day,6,fewest_opens,hold_zt3,407,190,0.4668,179,79,0.4413,228,111,0.4868,False
per_theme_day,6,unopened_strongest,hold_close,233,149,0.6395,100,67,0.6700,133,82,0.6165,False
per_theme_day,6,unopened_strongest,hold_flat,233,150,0.6438,100,67,0.6700,133,83,0.6241,False
per_theme_day,6,unopened_strongest,hold_touch3,233,151,0.6481,100,60,0.6000,133,91,0.6842,False
per_theme_day,6,unopened_strongest,maxc3,233,177,0.7597,100,75,0.7500,133,102,0.7669,False
per_theme_day,6,unopened_strongest,open_up,212,93,0.4387,88,35,0.3977,124,58,0.4677,False
per_theme_day,6,unopened_strongest,open_flat,212,113,0.5330,88,46,0.5227,124,67,0.5403,False
per_theme_day,6,unopened_strongest,touch3,212,130,0.6132,88,48,0.5455,124,82,0.6613,False
per_theme_day,6,unopened_strongest,open_zt3,212,95,0.4481,88,32,0.3636,124,63,0.5081,False
per_theme_day,6,unopened_strongest,hold_zt3,234,116,0.4957,101,44,0.4356,133,72,0.5414,False
per_theme_day,6,unopened_earliest,hold_close,233,149,0.6395,100,67,0.6700,133,82,0.6165,False
per_theme_day,6,unopened_earliest,hold_flat,233,151,0.6481,100,68,0.6800,133,83,0.6241,False
per_theme_day,6,unopened_earliest,hold_touch3,233,146,0.6266,100,58,0.5800,133,88,0.6617,False
per_theme_day,6,unopened_earliest,maxc3,233,176,0.7554,100,74,0.7400,133,102,0.7669,False
per_theme_day,6,unopened_earliest,open_up,214,94,0.4393,90,37,0.4111,124,57,0.4597,False
per_theme_day,6,unopened_earliest,open_flat,214,116,0.5421,90,49,0.5444,124,67,0.5403,False
per_theme_day,6,unopened_earliest,touch3,214,127,0.5935,90,48,0.5333,124,79,0.6371,False
per_theme_day,6,unopened_earliest,open_zt3,214,94,0.4393,90,33,0.3667,124,61,0.4919,False
per_theme_day,6,unopened_earliest,hold_zt3,234,113,0.4829,101,43,0.4257,133,70,0.5263,False
per_theme_day,6,opened_strongest,hold_close,329,205,0.6231,149,91,0.6107,180,114,0.6333,False
per_theme_day,6,opened_strongest,hold_flat,329,207,0.6292,149,91,0.6107,180,116,0.6444,False
per_theme_day,6,opened_strongest,hold_touch3,329,166,0.5046,149,78,0.5235,180,88,0.4889,False
per_theme_day,6,opened_strongest,maxc3,329,244,0.7416,149,112,0.7517,180,132,0.7333,False
per_theme_day,6,opened_strongest,open_up,310,149,0.4806,137,62,0.4526,173,87,0.5029,False
per_theme_day,6,opened_strongest,open_flat,310,170,0.5484,137,74,0.5401,173,96,0.5549,False
per_theme_day,6,opened_strongest,touch3,310,149,0.4806,137,68,0.4964,173,81,0.4682,False
per_theme_day,6,opened_strongest,open_zt3,310,125,0.4032,137,59,0.4307,173,66,0.3815,False
per_theme_day,6,opened_strongest,hold_zt3,329,144,0.4377,149,71,0.4765,180,73,0.4056,False
per_theme_day,6,fanbao_strongest,hold_close,56,34,0.6071,3,0,0.0000,53,34,0.6415,False
per_theme_day,6,fanbao_strongest,hold_flat,56,34,0.6071,3,0,0.0000,53,34,0.6415,False
per_theme_day,6,fanbao_strongest,hold_touch3,56,21,0.3750,3,0,0.0000,53,21,0.3962,False
per_theme_day,6,fanbao_strongest,maxc3,56,37,0.6607,3,0,0.0000,53,37,0.6981,False
per_theme_day,6,fanbao_strongest,open_up,55,27,0.4909,3,0,0.0000,52,27,0.5192,False
per_theme_day,6,fanbao_strongest,open_flat,55,32,0.5818,3,1,0.3333,52,31,0.5962,False
per_theme_day,6,fanbao_strongest,touch3,55,20,0.3636,3,0,0.0000,52,20,0.3846,False
per_theme_day,6,fanbao_strongest,open_zt3,55,15,0.2727,3,0,0.0000,52,15,0.2885,False
per_theme_day,6,fanbao_strongest,hold_zt3,56,16,0.2857,3,0,0.0000,53,16,0.3019,False
per_theme_day,6,earliest_final,hold_close,406,261,0.6429,178,116,0.6517,228,145,0.6360,False
per_theme_day,6,earliest_final,hold_flat,406,263,0.6478,178,117,0.6573,228,146,0.6404,False
per_theme_day,6,earliest_final,hold_touch3,406,238,0.5862,178,104,0.5843,228,134,0.5877,False
per_theme_day,6,earliest_final,maxc3,406,307,0.7562,178,135,0.7584,228,172,0.7544,False
per_theme_day,6,earliest_final,open_up,380,167,0.4395,164,70,0.4268,216,97,0.4491,False
per_theme_day,6,earliest_final,open_flat,380,208,0.5474,164,93,0.5671,216,115,0.5324,False
per_theme_day,6,earliest_final,touch3,380,212,0.5579,164,90,0.5488,216,122,0.5648,False
per_theme_day,6,earliest_final,open_zt3,380,168,0.4421,164,73,0.4451,216,95,0.4398,False
per_theme_day,6,earliest_final,hold_zt3,407,194,0.4767,179,87,0.4860,228,107,0.4693,False
per_theme_day,6,highest_board,hold_close,405,241,0.5951,177,108,0.6102,228,133,0.5833,False
per_theme_day,6,highest_board,hold_flat,405,244,0.6025,177,108,0.6102,228,136,0.5965,False
per_theme_day,6,highest_board,hold_touch3,405,236,0.5827,177,103,0.5819,228,133,0.5833,False
per_theme_day,6,highest_board,maxc3,405,296,0.7309,177,128,0.7232,228,168,0.7368,False
per_theme_day,6,highest_board,open_up,381,164,0.4304,164,71,0.4329,217,93,0.4286,False
per_theme_day,6,highest_board,open_flat,381,199,0.5223,164,90,0.5488,217,109,0.5023,False
per_theme_day,6,highest_board,touch3,381,214,0.5617,164,92,0.5610,217,122,0.5622,False
per_theme_day,6,highest_board,open_zt3,381,171,0.4488,164,78,0.4756,217,93,0.4286,False
per_theme_day,6,highest_board,hold_zt3,407,195,0.4791,179,91,0.5084,228,104,0.4561,False
per_theme_day,6,lowest_board,hold_close,406,245,0.6034,178,110,0.6180,228,135,0.5921,False
per_theme_day,6,lowest_board,hold_flat,406,249,0.6133,178,111,0.6236,228,138,0.6053,False
per_theme_day,6,lowest_board,hold_touch3,406,216,0.5320,178,95,0.5337,228,121,0.5307,False
per_theme_day,6,lowest_board,maxc3,406,295,0.7266,178,131,0.7360,228,164,0.7193,False
per_theme_day,6,lowest_board,open_up,381,178,0.4672,163,74,0.4540,218,104,0.4771,False
per_theme_day,6,lowest_board,open_flat,381,202,0.5302,163,88,0.5399,218,114,0.5229,False
per_theme_day,6,lowest_board,touch3,381,192,0.5039,163,81,0.4969,218,111,0.5092,False
per_theme_day,6,lowest_board,open_zt3,381,151,0.3963,163,66,0.4049,218,85,0.3899,False
per_theme_day,6,lowest_board,hold_zt3,407,176,0.4324,179,81,0.4525,228,95,0.4167,False
per_theme_day,6,board2_strongest,hold_close,337,203,0.6024,142,92,0.6479,195,111,0.5692,False
per_theme_day,6,board2_strongest,hold_flat,337,207,0.6142,142,93,0.6549,195,114,0.5846,False
per_theme_day,6,board2_strongest,hold_touch3,337,172,0.5104,142,72,0.5070,195,100,0.5128,False
per_theme_day,6,board2_strongest,maxc3,337,245,0.7270,142,108,0.7606,195,137,0.7026,False
per_theme_day,6,board2_strongest,open_up,315,150,0.4762,130,63,0.4846,185,87,0.4703,False
per_theme_day,6,board2_strongest,open_flat,315,164,0.5206,130,71,0.5462,185,93,0.5027,False
per_theme_day,6,board2_strongest,touch3,315,150,0.4762,130,60,0.4615,185,90,0.4865,False
per_theme_day,6,board2_strongest,open_zt3,315,113,0.3587,130,49,0.3769,185,64,0.3459,False
per_theme_day,6,board2_strongest,hold_zt3,338,135,0.3994,143,61,0.4266,195,74,0.3795,False
per_theme_day,6,board3_strongest,hold_close,114,69,0.6053,50,30,0.6000,64,39,0.6094,False
per_theme_day,6,board3_strongest,hold_flat,114,69,0.6053,50,30,0.6000,64,39,0.6094,False
per_theme_day,6,board3_strongest,hold_touch3,114,71,0.6228,50,29,0.5800,64,42,0.6562,False
per_theme_day,6,board3_strongest,maxc3,114,86,0.7544,50,35,0.7000,64,51,0.7969,False
per_theme_day,6,board3_strongest,open_up,109,42,0.3853,46,19,0.4130,63,23,0.3651,False
per_theme_day,6,board3_strongest,open_flat,109,55,0.5046,46,26,0.5652,63,29,0.4603,False
per_theme_day,6,board3_strongest,touch3,109,67,0.6147,46,26,0.5652,63,41,0.6508,False
per_theme_day,6,board3_strongest,open_zt3,109,53,0.4862,46,19,0.4130,63,34,0.5397,False
per_theme_day,6,board3_strongest,hold_zt3,114,58,0.5088,50,23,0.4600,64,35,0.5469,False
per_theme_day,6,board4_strongest,hold_close,60,40,0.6667,31,19,0.6129,29,21,0.7241,False
per_theme_day,6,board4_strongest,hold_flat,60,40,0.6667,31,19,0.6129,29,21,0.7241,False
per_theme_day,6,board4_strongest,hold_touch3,60,35,0.5833,31,18,0.5806,29,17,0.5862,False
per_theme_day,6,board4_strongest,maxc3,60,44,0.7333,31,22,0.7097,29,22,0.7586,False
per_theme_day,6,board4_strongest,open_up,55,21,0.3818,29,10,0.3448,26,11,0.4231,False
per_theme_day,6,board4_strongest,open_flat,55,32,0.5818,29,15,0.5172,26,17,0.6538,False
per_theme_day,6,board4_strongest,touch3,55,30,0.5455,29,16,0.5517,26,14,0.5385,False
per_theme_day,6,board4_strongest,open_zt3,55,26,0.4727,29,14,0.4828,26,12,0.4615,False
per_theme_day,6,board4_strongest,hold_zt3,60,31,0.5167,31,16,0.5161,29,15,0.5172,False
per_theme_day,6,board5p_strongest,hold_close,55,35,0.6364,34,21,0.6176,21,14,0.6667,False
per_theme_day,6,board5p_strongest,hold_flat,55,35,0.6364,34,21,0.6176,21,14,0.6667,False
per_theme_day,6,board5p_strongest,hold_touch3,55,37,0.6727,34,23,0.6765,21,14,0.6667,False
per_theme_day,6,board5p_strongest,maxc3,55,38,0.6909,34,21,0.6176,21,17,0.8095,False
per_theme_day,6,board5p_strongest,open_up,52,23,0.4423,32,13,0.4062,20,10,0.5000,False
per_theme_day,6,board5p_strongest,open_flat,52,31,0.5962,32,20,0.6250,20,11,0.5500,False
per_theme_day,6,board5p_strongest,touch3,52,35,0.6731,32,22,0.6875,20,13,0.6500,False
per_theme_day,6,board5p_strongest,open_zt3,52,31,0.5962,32,21,0.6562,20,10,0.5000,False
per_theme_day,6,board5p_strongest,hold_zt3,56,34,0.6071,35,23,0.6571,21,11,0.5238,False
per_theme_day,6,board2_earliest,hold_close,337,202,0.5994,142,92,0.6479,195,110,0.5641,False
per_theme_day,6,board2_earliest,hold_flat,337,205,0.6083,142,92,0.6479,195,113,0.5795,False
per_theme_day,6,board2_earliest,hold_touch3,337,169,0.5015,142,75,0.5282,195,94,0.4821,False
per_theme_day,6,board2_earliest,maxc3,337,248,0.7359,142,108,0.7606,195,140,0.7179,False
per_theme_day,6,board2_earliest,open_up,319,151,0.4734,133,66,0.4962,186,85,0.4570,False
per_theme_day,6,board2_earliest,open_flat,319,171,0.5361,133,79,0.5940,186,92,0.4946,False
per_theme_day,6,board2_earliest,touch3,319,151,0.4734,133,66,0.4962,186,85,0.4570,False
per_theme_day,6,board2_earliest,open_zt3,319,117,0.3668,133,52,0.3910,186,65,0.3495,False
per_theme_day,6,board2_earliest,hold_zt3,338,135,0.3994,143,61,0.4266,195,74,0.3795,False
per_theme_day,6,board3_earliest,hold_close,114,69,0.6053,50,30,0.6000,64,39,0.6094,False
per_theme_day,6,board3_earliest,hold_flat,114,69,0.6053,50,30,0.6000,64,39,0.6094,False
per_theme_day,6,board3_earliest,hold_touch3,114,69,0.6053,50,29,0.5800,64,40,0.6250,False
per_theme_day,6,board3_earliest,maxc3,114,84,0.7368,50,34,0.6800,64,50,0.7812,False
per_theme_day,6,board3_earliest,open_up,109,42,0.3853,46,19,0.4130,63,23,0.3651,False
per_theme_day,6,board3_earliest,open_flat,109,56,0.5138,46,27,0.5870,63,29,0.4603,False
per_theme_day,6,board3_earliest,touch3,109,65,0.5963,46,26,0.5652,63,39,0.6190,False
per_theme_day,6,board3_earliest,open_zt3,109,53,0.4862,46,21,0.4565,63,32,0.5079,False
per_theme_day,6,board3_earliest,hold_zt3,114,58,0.5088,50,25,0.5000,64,33,0.5156,False
per_theme_day,6,cihigh_strongest,hold_close,85,47,0.5529,29,17,0.5862,56,30,0.5357,False
per_theme_day,6,cihigh_strongest,hold_flat,85,47,0.5529,29,17,0.5862,56,30,0.5357,False
per_theme_day,6,cihigh_strongest,hold_touch3,85,41,0.4824,29,13,0.4483,56,28,0.5000,False
per_theme_day,6,cihigh_strongest,maxc3,85,60,0.7059,29,21,0.7241,56,39,0.6964,False
per_theme_day,6,cihigh_strongest,open_up,81,36,0.4444,28,8,0.2857,53,28,0.5283,False
per_theme_day,6,cihigh_strongest,open_flat,81,37,0.4568,28,8,0.2857,53,29,0.5472,False
per_theme_day,6,cihigh_strongest,touch3,81,37,0.4568,28,12,0.4286,53,25,0.4717,False
per_theme_day,6,cihigh_strongest,open_zt3,81,27,0.3333,28,9,0.3214,53,18,0.3396,False
per_theme_day,6,cihigh_strongest,hold_zt3,85,31,0.3647,29,10,0.3448,56,21,0.3750,False
per_theme_day,6,mid_strongest,hold_close,383,233,0.6084,164,104,0.6341,219,129,0.5890,False
per_theme_day,6,mid_strongest,hold_flat,383,237,0.6188,164,105,0.6402,219,132,0.6027,False
per_theme_day,6,mid_strongest,hold_touch3,383,209,0.5457,164,87,0.5305,219,122,0.5571,False
per_theme_day,6,mid_strongest,maxc3,383,282,0.7363,164,123,0.7500,219,159,0.7260,False
per_theme_day,6,mid_strongest,open_up,357,162,0.4538,148,68,0.4595,209,94,0.4498,False
per_theme_day,6,mid_strongest,open_flat,357,185,0.5182,148,80,0.5405,209,105,0.5024,False
per_theme_day,6,mid_strongest,touch3,357,184,0.5154,148,72,0.4865,209,112,0.5359,False
per_theme_day,6,mid_strongest,open_zt3,357,147,0.4118,148,61,0.4122,209,86,0.4115,False
per_theme_day,6,mid_strongest,hold_zt3,384,173,0.4505,165,77,0.4667,219,96,0.4384,False
per_theme_day,6,newh_strongest,hold_close,77,49,0.6364,24,13,0.5417,53,36,0.6792,False
per_theme_day,6,newh_strongest,hold_flat,77,49,0.6364,24,13,0.5417,53,36,0.6792,False
per_theme_day,6,newh_strongest,hold_touch3,77,47,0.6104,24,12,0.5000,53,35,0.6604,False
per_theme_day,6,newh_strongest,maxc3,77,54,0.7013,24,13,0.5417,53,41,0.7736,False
per_theme_day,6,newh_strongest,open_up,73,33,0.4521,24,12,0.5000,49,21,0.4286,False
per_theme_day,6,newh_strongest,open_flat,73,43,0.5890,24,16,0.6667,49,27,0.5510,False
per_theme_day,6,newh_strongest,touch3,73,43,0.5890,24,12,0.5000,49,31,0.6327,False
per_theme_day,6,newh_strongest,open_zt3,73,38,0.5205,24,11,0.4583,49,27,0.5510,False
per_theme_day,6,newh_strongest,hold_zt3,78,42,0.5385,25,11,0.4400,53,31,0.5849,False
per_theme_day,6,mid_earliest,hold_close,383,235,0.6136,164,104,0.6341,219,131,0.5982,False
per_theme_day,6,mid_earliest,hold_flat,383,238,0.6214,164,104,0.6341,219,134,0.6119,False
per_theme_day,6,mid_earliest,hold_touch3,383,204,0.5326,164,89,0.5427,219,115,0.5251,False
per_theme_day,6,mid_earliest,maxc3,383,285,0.7441,164,123,0.7500,219,162,0.7397,False
per_theme_day,6,mid_earliest,open_up,364,163,0.4478,153,70,0.4575,211,93,0.4408,False
per_theme_day,6,mid_earliest,open_flat,364,195,0.5357,153,89,0.5817,211,106,0.5024,False
per_theme_day,6,mid_earliest,touch3,364,186,0.5110,153,79,0.5163,211,107,0.5071,False
per_theme_day,6,mid_earliest,open_zt3,364,148,0.4066,153,64,0.4183,211,84,0.3981,False
per_theme_day,6,mid_earliest,hold_zt3,384,167,0.4349,165,75,0.4545,219,92,0.4201,False
per_theme_day,6,cihigh_earliest,hold_close,85,42,0.4941,29,16,0.5517,56,26,0.4643,False
per_theme_day,6,cihigh_earliest,hold_flat,85,43,0.5059,29,16,0.5517,56,27,0.4821,False
per_theme_day,6,cihigh_earliest,hold_touch3,85,39,0.4588,29,13,0.4483,56,26,0.4643,False
per_theme_day,6,cihigh_earliest,maxc3,85,55,0.6471,29,19,0.6552,56,36,0.6429,False
per_theme_day,6,cihigh_earliest,open_up,81,34,0.4198,28,8,0.2857,53,26,0.4906,False
per_theme_day,6,cihigh_earliest,open_flat,81,36,0.4444,28,9,0.3214,53,27,0.5094,False
per_theme_day,6,cihigh_earliest,touch3,81,35,0.4321,28,12,0.4286,53,23,0.4340,False
per_theme_day,6,cihigh_earliest,open_zt3,81,28,0.3457,28,10,0.3571,53,18,0.3396,False
per_theme_day,6,cihigh_earliest,hold_zt3,85,32,0.3765,29,11,0.3793,56,21,0.3750,False
per_theme_day,6,max_amount,hold_close,406,232,0.5714,178,103,0.5787,228,129,0.5658,False
per_theme_day,6,max_amount,hold_flat,406,234,0.5764,178,103,0.5787,228,131,0.5746,False
per_theme_day,6,max_amount,hold_touch3,406,195,0.4803,178,84,0.4719,228,111,0.4868,False
per_theme_day,6,max_amount,maxc3,406,291,0.7167,178,125,0.7022,228,166,0.7281,False
per_theme_day,6,max_amount,open_up,389,189,0.4859,169,82,0.4852,220,107,0.4864,False
per_theme_day,6,max_amount,open_flat,389,212,0.5450,169,97,0.5740,220,115,0.5227,False
per_theme_day,6,max_amount,touch3,389,178,0.4576,169,75,0.4438,220,103,0.4682,False
per_theme_day,6,max_amount,open_zt3,389,138,0.3548,169,63,0.3728,220,75,0.3409,False
per_theme_day,6,max_amount,hold_zt3,407,155,0.3808,179,72,0.4022,228,83,0.3640,False
per_theme_day,6,min_amount,hold_close,406,247,0.6084,178,107,0.6011,228,140,0.6140,False
per_theme_day,6,min_amount,hold_flat,406,250,0.6158,178,107,0.6011,228,143,0.6272,False
per_theme_day,6,min_amount,hold_touch3,406,221,0.5443,178,99,0.5562,228,122,0.5351,False
per_theme_day,6,min_amount,maxc3,406,294,0.7241,178,126,0.7079,228,168,0.7368,False
per_theme_day,6,min_amount,open_up,384,170,0.4427,166,67,0.4036,218,103,0.4725,False
per_theme_day,6,min_amount,open_flat,384,207,0.5391,166,90,0.5422,218,117,0.5367,False
per_theme_day,6,min_amount,touch3,384,201,0.5234,166,89,0.5361,218,112,0.5138,False
per_theme_day,6,min_amount,open_zt3,384,167,0.4349,166,73,0.4398,218,94,0.4312,False
per_theme_day,6,min_amount,hold_zt3,407,189,0.4644,179,85,0.4749,228,104,0.4561,False
per_theme_day,6,max_turn,hold_close,406,223,0.5493,178,95,0.5337,228,128,0.5614,False
per_theme_day,6,max_turn,hold_flat,406,225,0.5542,178,95,0.5337,228,130,0.5702,False
per_theme_day,6,max_turn,hold_touch3,406,198,0.4877,178,84,0.4719,228,114,0.5000,False
per_theme_day,6,max_turn,maxc3,406,280,0.6897,178,117,0.6573,228,163,0.7149,False
per_theme_day,6,max_turn,open_up,390,187,0.4795,169,79,0.4675,221,108,0.4887,False
per_theme_day,6,max_turn,open_flat,390,206,0.5282,169,91,0.5385,221,115,0.5204,False
per_theme_day,6,max_turn,touch3,390,182,0.4667,169,75,0.4438,221,107,0.4842,False
per_theme_day,6,max_turn,open_zt3,390,140,0.3590,169,58,0.3432,221,82,0.3710,False
per_theme_day,6,max_turn,hold_zt3,407,156,0.3833,179,67,0.3743,228,89,0.3904,False
per_theme_day,6,min_turn,hold_close,406,261,0.6429,178,117,0.6573,228,144,0.6316,False
per_theme_day,6,min_turn,hold_flat,406,266,0.6552,178,119,0.6685,228,147,0.6447,False
per_theme_day,6,min_turn,hold_touch3,406,221,0.5443,178,98,0.5506,228,123,0.5395,False
per_theme_day,6,min_turn,maxc3,406,307,0.7562,178,135,0.7584,228,172,0.7544,False
per_theme_day,6,min_turn,open_up,379,176,0.4644,163,71,0.4356,216,105,0.4861,False
per_theme_day,6,min_turn,open_flat,379,211,0.5567,163,94,0.5767,216,117,0.5417,False
per_theme_day,6,min_turn,touch3,379,196,0.5172,163,85,0.5215,216,111,0.5139,False
per_theme_day,6,min_turn,open_zt3,379,162,0.4274,163,75,0.4601,216,87,0.4028,False
per_theme_day,6,min_turn,hold_zt3,407,189,0.4644,179,90,0.5028,228,99,0.4342,False
per_theme_day,6,intact_strongest,hold_close,252,155,0.6151,111,69,0.6216,141,86,0.6099,False
per_theme_day,6,intact_strongest,hold_flat,252,158,0.6270,111,69,0.6216,141,89,0.6312,False
per_theme_day,6,intact_strongest,hold_touch3,252,152,0.6032,111,66,0.5946,141,86,0.6099,False
per_theme_day,6,intact_strongest,maxc3,252,187,0.7421,111,80,0.7207,141,107,0.7589,False
per_theme_day,6,intact_strongest,open_up,237,101,0.4262,100,43,0.4300,137,58,0.4234,False
per_theme_day,6,intact_strongest,open_flat,237,125,0.5274,100,56,0.5600,137,69,0.5036,False
per_theme_day,6,intact_strongest,touch3,237,138,0.5823,100,56,0.5600,137,82,0.5985,False
per_theme_day,6,intact_strongest,open_zt3,237,105,0.4430,100,45,0.4500,137,60,0.4380,False
per_theme_day,6,intact_strongest,hold_zt3,253,120,0.4743,112,56,0.5000,141,64,0.4539,False
per_theme_day,6,intact_earliest,hold_close,252,162,0.6429,111,68,0.6126,141,94,0.6667,False
per_theme_day,6,intact_earliest,hold_flat,252,164,0.6508,111,68,0.6126,141,96,0.6809,False
per_theme_day,6,intact_earliest,hold_touch3,252,149,0.5913,111,65,0.5856,141,84,0.5957,False
per_theme_day,6,intact_earliest,maxc3,252,191,0.7579,111,80,0.7207,141,111,0.7872,False
per_theme_day,6,intact_earliest,open_up,241,103,0.4274,104,43,0.4135,137,60,0.4380,False
per_theme_day,6,intact_earliest,open_flat,241,132,0.5477,104,59,0.5673,137,73,0.5328,False
per_theme_day,6,intact_earliest,touch3,241,140,0.5809,104,60,0.5769,137,80,0.5839,False
per_theme_day,6,intact_earliest,open_zt3,241,102,0.4232,104,44,0.4231,137,58,0.4234,False
per_theme_day,6,intact_earliest,hold_zt3,253,113,0.4466,112,51,0.4554,141,62,0.4397,False
per_theme_day,6,break_strongest,hold_close,115,72,0.6261,47,34,0.7234,68,38,0.5588,False
per_theme_day,6,break_strongest,hold_flat,115,73,0.6348,47,34,0.7234,68,39,0.5735,False
per_theme_day,6,break_strongest,hold_touch3,115,62,0.5391,47,26,0.5532,68,36,0.5294,False
per_theme_day,6,break_strongest,maxc3,115,86,0.7478,47,39,0.8298,68,47,0.6912,False
per_theme_day,6,break_strongest,open_up,103,48,0.4660,42,21,0.5000,61,27,0.4426,False
per_theme_day,6,break_strongest,open_flat,103,55,0.5340,42,25,0.5952,61,30,0.4918,False
per_theme_day,6,break_strongest,touch3,103,50,0.4854,42,21,0.5000,61,29,0.4754,False
per_theme_day,6,break_strongest,open_zt3,103,45,0.4369,42,21,0.5000,61,24,0.3934,False
per_theme_day,6,break_strongest,hold_zt3,115,57,0.4957,47,26,0.5532,68,31,0.4559,False
per_theme_day,6,stock_unbroken_strongest,hold_close,380,234,0.6158,167,107,0.6407,213,127,0.5962,False
per_theme_day,6,stock_unbroken_strongest,hold_flat,380,236,0.6211,167,107,0.6407,213,129,0.6056,False
per_theme_day,6,stock_unbroken_strongest,hold_touch3,380,212,0.5579,167,91,0.5449,213,121,0.5681,False
per_theme_day,6,stock_unbroken_strongest,maxc3,380,285,0.7500,167,128,0.7665,213,157,0.7371,False
per_theme_day,6,stock_unbroken_strongest,open_up,352,148,0.4205,151,63,0.4172,201,85,0.4229,False
per_theme_day,6,stock_unbroken_strongest,open_flat,352,179,0.5085,151,81,0.5364,201,98,0.4876,False
per_theme_day,6,stock_unbroken_strongest,touch3,352,185,0.5256,151,76,0.5033,201,109,0.5423,False
per_theme_day,6,stock_unbroken_strongest,open_zt3,352,152,0.4318,151,67,0.4437,201,85,0.4229,False
per_theme_day,6,stock_unbroken_strongest,hold_zt3,380,180,0.4737,167,83,0.4970,213,97,0.4554,False
per_theme_day,6,stock_broken_strongest,hold_close,112,68,0.6071,46,27,0.5870,66,41,0.6212,False
per_theme_day,6,stock_broken_strongest,hold_flat,112,69,0.6161,46,27,0.5870,66,42,0.6364,False
per_theme_day,6,stock_broken_strongest,hold_touch3,112,52,0.4643,46,26,0.5652,66,26,0.3939,False
per_theme_day,6,stock_broken_strongest,maxc3,112,75,0.6696,46,29,0.6304,66,46,0.6970,False
per_theme_day,6,stock_broken_strongest,open_up,109,54,0.4954,44,20,0.4545,65,34,0.5231,False
per_theme_day,6,stock_broken_strongest,open_flat,109,61,0.5596,44,23,0.5227,65,38,0.5846,False
per_theme_day,6,stock_broken_strongest,touch3,109,49,0.4495,44,24,0.5455,65,25,0.3846,False
per_theme_day,6,stock_broken_strongest,open_zt3,109,34,0.3119,44,17,0.3864,65,17,0.2615,False
per_theme_day,6,stock_broken_strongest,hold_zt3,113,37,0.3274,47,19,0.4043,66,18,0.2727,False
per_theme_day,6,stock_unbroken_earliest,hold_close,380,232,0.6105,167,106,0.6347,213,126,0.5915,False
per_theme_day,6,stock_unbroken_earliest,hold_flat,380,234,0.6158,167,106,0.6347,213,128,0.6009,False
per_theme_day,6,stock_unbroken_earliest,hold_touch3,380,209,0.5500,167,94,0.5629,213,115,0.5399,False
per_theme_day,6,stock_unbroken_earliest,maxc3,380,284,0.7474,167,125,0.7485,213,159,0.7465,False
per_theme_day,6,stock_unbroken_earliest,open_up,357,148,0.4146,154,64,0.4156,203,84,0.4138,False
per_theme_day,6,stock_unbroken_earliest,open_flat,357,185,0.5182,154,86,0.5584,203,99,0.4877,False
per_theme_day,6,stock_unbroken_earliest,touch3,357,188,0.5266,154,83,0.5390,203,105,0.5172,False
per_theme_day,6,stock_unbroken_earliest,open_zt3,357,150,0.4202,154,67,0.4351,203,83,0.4089,False
per_theme_day,6,stock_unbroken_earliest,hold_zt3,380,173,0.4553,167,80,0.4790,213,93,0.4366,False
per_theme_day,6,H_strongest,hold_close,77,49,0.6364,24,13,0.5417,53,36,0.6792,False
per_theme_day,6,H_strongest,hold_flat,77,49,0.6364,24,13,0.5417,53,36,0.6792,False
per_theme_day,6,H_strongest,hold_touch3,77,47,0.6104,24,12,0.5000,53,35,0.6604,False
per_theme_day,6,H_strongest,maxc3,77,54,0.7013,24,13,0.5417,53,41,0.7736,False
per_theme_day,6,H_strongest,open_up,73,33,0.4521,24,12,0.5000,49,21,0.4286,False
per_theme_day,6,H_strongest,open_flat,73,43,0.5890,24,16,0.6667,49,27,0.5510,False
per_theme_day,6,H_strongest,touch3,73,43,0.5890,24,12,0.5000,49,31,0.6327,False
per_theme_day,6,H_strongest,open_zt3,73,38,0.5205,24,11,0.4583,49,27,0.5510,False
per_theme_day,6,H_strongest,hold_zt3,78,42,0.5385,25,11,0.4400,53,31,0.5849,False
per_theme_day,6,Hm1_strongest,hold_close,85,47,0.5529,29,17,0.5862,56,30,0.5357,False
per_theme_day,6,Hm1_strongest,hold_flat,85,47,0.5529,29,17,0.5862,56,30,0.5357,False
per_theme_day,6,Hm1_strongest,hold_touch3,85,41,0.4824,29,13,0.4483,56,28,0.5000,False
per_theme_day,6,Hm1_strongest,maxc3,85,60,0.7059,29,21,0.7241,56,39,0.6964,False
per_theme_day,6,Hm1_strongest,open_up,81,36,0.4444,28,8,0.2857,53,28,0.5283,False
per_theme_day,6,Hm1_strongest,open_flat,81,37,0.4568,28,8,0.2857,53,29,0.5472,False
per_theme_day,6,Hm1_strongest,touch3,81,37,0.4568,28,12,0.4286,53,25,0.4717,False
per_theme_day,6,Hm1_strongest,open_zt3,81,27,0.3333,28,9,0.3214,53,18,0.3396,False
per_theme_day,6,Hm1_strongest,hold_zt3,85,31,0.3647,29,10,0.3448,56,21,0.3750,False
per_theme_day,6,belowH_strongest,hold_close,389,239,0.6144,173,111,0.6416,216,128,0.5926,False
per_theme_day,6,belowH_strongest,hold_flat,389,242,0.6221,173,111,0.6416,216,131,0.6065,False
per_theme_day,6,belowH_strongest,hold_touch3,389,216,0.5553,173,99,0.5723,216,117,0.5417,False
per_theme_day,6,belowH_strongest,maxc3,389,288,0.7404,173,132,0.7630,216,156,0.7222,False
per_theme_day,6,belowH_strongest,open_up,361,161,0.4460,155,66,0.4258,206,95,0.4612,False
per_theme_day,6,belowH_strongest,open_flat,361,189,0.5235,155,83,0.5355,206,106,0.5146,False
per_theme_day,6,belowH_strongest,touch3,361,189,0.5235,155,82,0.5290,206,107,0.5194,False
per_theme_day,6,belowH_strongest,open_zt3,361,152,0.4211,155,72,0.4645,206,80,0.3883,False
per_theme_day,6,belowH_strongest,hold_zt3,390,180,0.4615,174,90,0.5172,216,90,0.4167,False
per_theme_day,6,ge3_strongest,hold_close,190,121,0.6368,89,55,0.6180,101,66,0.6535,False
per_theme_day,6,ge3_strongest,hold_flat,190,121,0.6368,89,55,0.6180,101,66,0.6535,False
per_theme_day,6,ge3_strongest,hold_touch3,190,124,0.6526,89,56,0.6292,101,68,0.6733,False
per_theme_day,6,ge3_strongest,maxc3,190,144,0.7579,89,63,0.7079,101,81,0.8020,False
per_theme_day,6,ge3_strongest,open_up,177,71,0.4011,81,32,0.3951,96,39,0.4062,False
per_theme_day,6,ge3_strongest,open_flat,177,97,0.5480,81,45,0.5556,96,52,0.5417,False
per_theme_day,6,ge3_strongest,touch3,177,113,0.6384,81,50,0.6173,96,63,0.6562,False
per_theme_day,6,ge3_strongest,open_zt3,177,92,0.5198,81,40,0.4938,96,52,0.5417,False
per_theme_day,6,ge3_strongest,hold_zt3,190,105,0.5526,89,48,0.5393,101,57,0.5644,False
per_theme_day,6,ge3_earliest,hold_close,190,122,0.6421,89,56,0.6292,101,66,0.6535,False
per_theme_day,6,ge3_earliest,hold_flat,190,122,0.6421,89,56,0.6292,101,66,0.6535,False
per_theme_day,6,ge3_earliest,hold_touch3,190,122,0.6421,89,56,0.6292,101,66,0.6535,False
per_theme_day,6,ge3_earliest,maxc3,190,143,0.7526,89,62,0.6966,101,81,0.8020,False
per_theme_day,6,ge3_earliest,open_up,177,69,0.3898,81,31,0.3827,96,38,0.3958,False
per_theme_day,6,ge3_earliest,open_flat,177,95,0.5367,81,44,0.5432,96,51,0.5312,False
per_theme_day,6,ge3_earliest,touch3,177,111,0.6271,81,50,0.6173,96,61,0.6354,False
per_theme_day,6,ge3_earliest,open_zt3,177,89,0.5028,81,39,0.4815,96,50,0.5208,False
per_theme_day,6,ge3_earliest,hold_zt3,190,102,0.5368,89,47,0.5281,101,55,0.5446,False
per_theme_day,6,ge4_strongest,hold_close,103,71,0.6893,56,37,0.6607,47,34,0.7234,False
per_theme_day,6,ge4_strongest,hold_flat,103,71,0.6893,56,37,0.6607,47,34,0.7234,False
per_theme_day,6,ge4_strongest,hold_touch3,103,68,0.6602,56,38,0.6786,47,30,0.6383,False
per_theme_day,6,ge4_strongest,maxc3,103,78,0.7573,56,40,0.7143,47,38,0.8085,False
per_theme_day,6,ge4_strongest,open_up,95,39,0.4105,52,20,0.3846,43,19,0.4419,False
per_theme_day,6,ge4_strongest,open_flat,95,57,0.6000,52,31,0.5962,43,26,0.6047,False
per_theme_day,6,ge4_strongest,touch3,95,61,0.6421,52,35,0.6731,43,26,0.6047,False
per_theme_day,6,ge4_strongest,open_zt3,95,53,0.5579,52,31,0.5962,43,22,0.5116,False
per_theme_day,6,ge4_strongest,hold_zt3,104,61,0.5865,57,35,0.6140,47,26,0.5532,False
per_theme_day,6,ge4_earliest,hold_close,103,71,0.6893,56,37,0.6607,47,34,0.7234,False
per_theme_day,6,ge4_earliest,hold_flat,103,71,0.6893,56,37,0.6607,47,34,0.7234,False
per_theme_day,6,ge4_earliest,hold_touch3,103,67,0.6505,56,38,0.6786,47,29,0.6170,False
per_theme_day,6,ge4_earliest,maxc3,103,77,0.7476,56,39,0.6964,47,38,0.8085,False
per_theme_day,6,ge4_earliest,open_up,95,39,0.4105,52,20,0.3846,43,19,0.4419,False
per_theme_day,6,ge4_earliest,open_flat,95,56,0.5895,52,30,0.5769,43,26,0.6047,False
per_theme_day,6,ge4_earliest,touch3,95,60,0.6316,52,35,0.6731,43,25,0.5814,False
per_theme_day,6,ge4_earliest,open_zt3,95,51,0.5368,52,30,0.5769,43,21,0.4884,False
per_theme_day,6,ge4_earliest,hold_zt3,104,59,0.5673,57,34,0.5965,47,25,0.5319,False
per_theme_day,6,ge4_unopened,hold_close,38,28,0.7368,22,16,0.7273,16,12,0.7500,False
per_theme_day,6,ge4_unopened,hold_flat,38,28,0.7368,22,16,0.7273,16,12,0.7500,False
per_theme_day,6,ge4_unopened,hold_touch3,38,27,0.7105,22,15,0.6818,16,12,0.7500,False
per_theme_day,6,ge4_unopened,maxc3,38,31,0.8158,22,18,0.8182,16,13,0.8125,False
per_theme_day,6,ge4_unopened,open_up,35,13,0.3714,21,8,0.3810,14,5,0.3571,False
per_theme_day,6,ge4_unopened,open_flat,35,21,0.6000,21,12,0.5714,14,9,0.6429,False
per_theme_day,6,ge4_unopened,touch3,35,24,0.6857,21,14,0.6667,14,10,0.7143,False
per_theme_day,6,ge4_unopened,open_zt3,35,20,0.5714,21,11,0.5238,14,9,0.6429,False
per_theme_day,6,ge4_unopened,hold_zt3,38,23,0.6053,22,12,0.5455,16,11,0.6875,False
per_theme_day,6,ge3_unopened,hold_close,73,48,0.6575,34,23,0.6765,39,25,0.6410,False
per_theme_day,6,ge3_unopened,hold_flat,73,48,0.6575,34,23,0.6765,39,25,0.6410,False
per_theme_day,6,ge3_unopened,hold_touch3,73,54,0.7397,34,21,0.6176,39,33,0.8462,False
per_theme_day,6,ge3_unopened,maxc3,73,59,0.8082,34,25,0.7353,39,34,0.8718,False
per_theme_day,6,ge3_unopened,open_up,69,25,0.3623,33,13,0.3939,36,12,0.3333,False
per_theme_day,6,ge3_unopened,open_flat,69,35,0.5072,33,18,0.5455,36,17,0.4722,False
per_theme_day,6,ge3_unopened,touch3,69,50,0.7246,33,20,0.6061,36,30,0.8333,False
per_theme_day,6,ge3_unopened,open_zt3,69,39,0.5652,33,15,0.4545,36,24,0.6667,False
per_theme_day,6,ge3_unopened,hold_zt3,73,43,0.5890,34,16,0.4706,39,27,0.6923,False
per_theme_day,6,suc_strongest,hold_close,402,238,0.5920,176,103,0.5852,226,135,0.5973,False
per_theme_day,6,suc_strongest,hold_flat,402,241,0.5995,176,103,0.5852,226,138,0.6106,False
per_theme_day,6,suc_strongest,hold_touch3,402,201,0.5000,176,91,0.5170,226,110,0.4867,False
per_theme_day,6,suc_strongest,maxc3,402,291,0.7239,176,122,0.6932,226,169,0.7478,False
per_theme_day,6,suc_strongest,open_up,380,175,0.4605,165,72,0.4364,215,103,0.4791,False
per_theme_day,6,suc_strongest,open_flat,380,200,0.5263,165,86,0.5212,215,114,0.5302,False
per_theme_day,6,suc_strongest,touch3,380,179,0.4711,165,80,0.4848,215,99,0.4605,False
per_theme_day,6,suc_strongest,open_zt3,380,136,0.3579,165,67,0.4061,215,69,0.3209,False
per_theme_day,6,suc_strongest,hold_zt3,403,158,0.3921,177,78,0.4407,226,80,0.3540,False
per_theme_day,6,early_strongest,hold_close,334,215,0.6437,152,101,0.6645,182,114,0.6264,False
per_theme_day,6,early_strongest,hold_flat,334,216,0.6467,152,101,0.6645,182,115,0.6319,False
per_theme_day,6,early_strongest,hold_touch3,334,204,0.6108,152,93,0.6118,182,111,0.6099,False
per_theme_day,6,early_strongest,maxc3,334,256,0.7665,152,119,0.7829,182,137,0.7527,False
per_theme_day,6,early_strongest,open_up,307,126,0.4104,135,55,0.4074,172,71,0.4128,False
per_theme_day,6,early_strongest,open_flat,307,161,0.5244,135,73,0.5407,172,88,0.5116,False
per_theme_day,6,early_strongest,touch3,307,179,0.5831,135,78,0.5778,172,101,0.5872,False
per_theme_day,6,early_strongest,open_zt3,307,142,0.4625,135,65,0.4815,172,77,0.4477,False
per_theme_day,6,early_strongest,hold_zt3,334,169,0.5060,152,82,0.5395,182,87,0.4780,False
per_theme_day,6,huanshou_strongest,hold_close,392,235,0.5995,167,103,0.6168,225,132,0.5867,False
per_theme_day,6,huanshou_strongest,hold_flat,392,239,0.6097,167,104,0.6228,225,135,0.6000,False
per_theme_day,6,huanshou_strongest,hold_touch3,392,218,0.5561,167,94,0.5629,225,124,0.5511,False
per_theme_day,6,huanshou_strongest,maxc3,392,285,0.7270,167,123,0.7365,225,162,0.7200,False
per_theme_day,6,huanshou_strongest,open_up,366,158,0.4317,152,63,0.4145,214,95,0.4439,False
per_theme_day,6,huanshou_strongest,open_flat,366,187,0.5109,152,78,0.5132,214,109,0.5093,False
per_theme_day,6,huanshou_strongest,touch3,366,193,0.5273,152,80,0.5263,214,113,0.5280,False
per_theme_day,6,huanshou_strongest,open_zt3,366,149,0.4071,152,63,0.4145,214,86,0.4019,False
per_theme_day,6,huanshou_strongest,hold_zt3,393,175,0.4453,168,78,0.4643,225,97,0.4311,False
per_theme_day,6,tzi_strongest,hold_close,86,55,0.6395,49,33,0.6735,37,22,0.5946,False
per_theme_day,6,tzi_strongest,hold_flat,86,55,0.6395,49,33,0.6735,37,22,0.5946,False
per_theme_day,6,tzi_strongest,hold_touch3,86,49,0.5698,49,26,0.5306,37,23,0.6216,False
per_theme_day,6,tzi_strongest,maxc3,86,66,0.7674,49,37,0.7551,37,29,0.7838,False
per_theme_day,6,tzi_strongest,open_up,79,34,0.4304,45,21,0.4667,34,13,0.3824,False
per_theme_day,6,tzi_strongest,open_flat,79,46,0.5823,45,29,0.6444,34,17,0.5000,False
per_theme_day,6,tzi_strongest,touch3,79,43,0.5443,45,23,0.5111,34,20,0.5882,False
per_theme_day,6,tzi_strongest,open_zt3,79,41,0.5190,45,22,0.4889,34,19,0.5588,False
per_theme_day,6,tzi_strongest,hold_zt3,86,48,0.5581,49,26,0.5306,37,22,0.5946,False
per_day_max_theme,6,earliest_seal,hold_close,184,120,0.6522,87,56,0.6437,97,64,0.6598,False
per_day_max_theme,6,earliest_seal,hold_flat,184,120,0.6522,87,56,0.6437,97,64,0.6598,False
per_day_max_theme,6,earliest_seal,hold_touch3,184,123,0.6685,87,60,0.6897,97,63,0.6495,False
per_day_max_theme,6,earliest_seal,maxc3,184,147,0.7989,87,70,0.8046,97,77,0.7938,False
per_day_max_theme,6,earliest_seal,open_up,172,73,0.4244,80,35,0.4375,92,38,0.4130,False
per_day_max_theme,6,earliest_seal,open_flat,172,91,0.5291,80,44,0.5500,92,47,0.5109,False
per_day_max_theme,6,earliest_seal,touch3,172,112,0.6512,80,54,0.6750,92,58,0.6304,False
per_day_max_theme,6,earliest_seal,open_zt3,172,87,0.5058,80,41,0.5125,92,46,0.5000,False
per_day_max_theme,6,earliest_seal,hold_zt3,184,99,0.5380,87,48,0.5517,97,51,0.5258,False
per_day_max_theme,6,latest_seal,hold_close,184,112,0.6087,87,47,0.5402,97,65,0.6701,False
per_day_max_theme,6,latest_seal,hold_flat,184,113,0.6141,87,47,0.5402,97,66,0.6804,False
per_day_max_theme,6,latest_seal,hold_touch3,184,97,0.5272,87,48,0.5517,97,49,0.5052,False
per_day_max_theme,6,latest_seal,maxc3,184,137,0.7446,87,61,0.7011,97,76,0.7835,False
per_day_max_theme,6,latest_seal,open_up,178,98,0.5506,84,40,0.4762,94,58,0.6170,False
per_day_max_theme,6,latest_seal,open_flat,178,108,0.6067,84,46,0.5476,94,62,0.6596,False
per_day_max_theme,6,latest_seal,touch3,178,91,0.5112,84,45,0.5357,94,46,0.4894,False
per_day_max_theme,6,latest_seal,open_zt3,178,75,0.4213,84,36,0.4286,94,39,0.4149,False
per_day_max_theme,6,latest_seal,hold_zt3,184,81,0.4402,87,39,0.4483,97,42,0.4330,False
per_day_max_theme,6,strongest_seal,hold_close,184,123,0.6685,87,59,0.6782,97,64,0.6598,False
per_day_max_theme,6,strongest_seal,hold_flat,184,124,0.6739,87,59,0.6782,97,65,0.6701,False
per_day_max_theme,6,strongest_seal,hold_touch3,184,123,0.6685,87,57,0.6552,97,66,0.6804,False
per_day_max_theme,6,strongest_seal,maxc3,184,147,0.7989,87,71,0.8161,97,76,0.7835,False
per_day_max_theme,6,strongest_seal,open_up,168,73,0.4345,77,35,0.4545,91,38,0.4176,False
per_day_max_theme,6,strongest_seal,open_flat,168,89,0.5298,77,42,0.5455,91,47,0.5165,False
per_day_max_theme,6,strongest_seal,touch3,168,107,0.6369,77,47,0.6104,91,60,0.6593,False
per_day_max_theme,6,strongest_seal,open_zt3,168,89,0.5298,77,40,0.5195,91,49,0.5385,False
per_day_max_theme,6,strongest_seal,hold_zt3,184,105,0.5707,87,50,0.5747,97,55,0.5670,False
per_day_max_theme,6,weakest_seal,hold_close,184,111,0.6033,87,49,0.5632,97,62,0.6392,False
per_day_max_theme,6,weakest_seal,hold_flat,184,111,0.6033,87,49,0.5632,97,62,0.6392,False
per_day_max_theme,6,weakest_seal,hold_touch3,184,94,0.5109,87,45,0.5172,97,49,0.5052,False
per_day_max_theme,6,weakest_seal,maxc3,184,136,0.7391,87,61,0.7011,97,75,0.7732,False
per_day_max_theme,6,weakest_seal,open_up,179,99,0.5531,85,41,0.4824,94,58,0.6170,False
per_day_max_theme,6,weakest_seal,open_flat,179,112,0.6257,85,50,0.5882,94,62,0.6596,False
per_day_max_theme,6,weakest_seal,touch3,179,89,0.4972,85,43,0.5059,94,46,0.4894,False
per_day_max_theme,6,weakest_seal,open_zt3,179,75,0.4190,85,38,0.4471,94,37,0.3936,False
per_day_max_theme,6,weakest_seal,hold_zt3,184,80,0.4348,87,40,0.4598,97,40,0.4124,False
per_day_max_theme,6,fewest_opens,hold_close,184,125,0.6793,87,57,0.6552,97,68,0.7010,False
per_day_max_theme,6,fewest_opens,hold_flat,184,126,0.6848,87,57,0.6552,97,69,0.7113,False
per_day_max_theme,6,fewest_opens,hold_touch3,184,120,0.6522,87,53,0.6092,97,67,0.6907,False
per_day_max_theme,6,fewest_opens,maxc3,184,148,0.8043,87,68,0.7816,97,80,0.8247,False
per_day_max_theme,6,fewest_opens,open_up,172,80,0.4651,81,37,0.4568,91,43,0.4725,False
per_day_max_theme,6,fewest_opens,open_flat,172,97,0.5640,81,46,0.5679,91,51,0.5604,False
per_day_max_theme,6,fewest_opens,touch3,172,108,0.6279,81,47,0.5802,91,61,0.6703,False
per_day_max_theme,6,fewest_opens,open_zt3,172,84,0.4884,81,35,0.4321,91,49,0.5385,False
per_day_max_theme,6,fewest_opens,hold_zt3,184,96,0.5217,87,41,0.4713,97,55,0.5670,False
per_day_max_theme,6,unopened_strongest,hold_close,113,73,0.6460,53,35,0.6604,60,38,0.6333,False
per_day_max_theme,6,unopened_strongest,hold_flat,113,74,0.6549,53,35,0.6604,60,39,0.6500,False
per_day_max_theme,6,unopened_strongest,hold_touch3,113,74,0.6549,53,32,0.6038,60,42,0.7000,False
per_day_max_theme,6,unopened_strongest,maxc3,113,89,0.7876,53,40,0.7547,60,49,0.8167,False
per_day_max_theme,6,unopened_strongest,open_up,103,41,0.3981,47,18,0.3830,56,23,0.4107,False
per_day_max_theme,6,unopened_strongest,open_flat,103,51,0.4951,47,23,0.4894,56,28,0.5000,False
per_day_max_theme,6,unopened_strongest,touch3,103,64,0.6214,47,26,0.5532,56,38,0.6786,False
per_day_max_theme,6,unopened_strongest,open_zt3,103,47,0.4563,47,16,0.3404,56,31,0.5536,False
per_day_max_theme,6,unopened_strongest,hold_zt3,113,57,0.5044,53,22,0.4151,60,35,0.5833,False
per_day_max_theme,6,unopened_earliest,hold_close,113,73,0.6460,53,35,0.6604,60,38,0.6333,False
per_day_max_theme,6,unopened_earliest,hold_flat,113,75,0.6637,53,36,0.6792,60,39,0.6500,False
per_day_max_theme,6,unopened_earliest,hold_touch3,113,72,0.6372,53,31,0.5849,60,41,0.6833,False
per_day_max_theme,6,unopened_earliest,maxc3,113,88,0.7788,53,39,0.7358,60,49,0.8167,False
per_day_max_theme,6,unopened_earliest,open_up,105,44,0.4190,49,21,0.4286,56,23,0.4107,False
per_day_max_theme,6,unopened_earliest,open_flat,105,54,0.5143,49,26,0.5306,56,28,0.5000,False
per_day_max_theme,6,unopened_earliest,touch3,105,64,0.6095,49,27,0.5510,56,37,0.6607,False
per_day_max_theme,6,unopened_earliest,open_zt3,105,48,0.4571,49,18,0.3673,56,30,0.5357,False
per_day_max_theme,6,unopened_earliest,hold_zt3,113,56,0.4956,53,22,0.4151,60,34,0.5667,False
per_day_max_theme,6,opened_strongest,hold_close,148,100,0.6757,75,51,0.6800,73,49,0.6712,False
per_day_max_theme,6,opened_strongest,hold_flat,148,100,0.6757,75,51,0.6800,73,49,0.6712,False
per_day_max_theme,6,opened_strongest,hold_touch3,148,87,0.5878,75,45,0.6000,73,42,0.5753,False
per_day_max_theme,6,opened_strongest,maxc3,148,118,0.7973,75,63,0.8400,73,55,0.7534,False
per_day_max_theme,6,opened_strongest,open_up,138,75,0.5435,67,36,0.5373,71,39,0.5493,False
per_day_max_theme,6,opened_strongest,open_flat,138,84,0.6087,67,41,0.6119,71,43,0.6056,False
per_day_max_theme,6,opened_strongest,touch3,138,78,0.5652,67,38,0.5672,71,40,0.5634,False
per_day_max_theme,6,opened_strongest,open_zt3,138,68,0.4928,67,35,0.5224,71,33,0.4648,False
per_day_max_theme,6,opened_strongest,hold_zt3,148,78,0.5270,75,43,0.5733,73,35,0.4795,False
per_day_max_theme,6,fanbao_strongest,hold_close,25,16,0.6400,1,0,0.0000,24,16,0.6667,False
per_day_max_theme,6,fanbao_strongest,hold_flat,25,16,0.6400,1,0,0.0000,24,16,0.6667,False
per_day_max_theme,6,fanbao_strongest,hold_touch3,25,9,0.3600,1,0,0.0000,24,9,0.3750,False
per_day_max_theme,6,fanbao_strongest,maxc3,25,16,0.6400,1,0,0.0000,24,16,0.6667,False
per_day_max_theme,6,fanbao_strongest,open_up,25,12,0.4800,1,0,0.0000,24,12,0.5000,False
per_day_max_theme,6,fanbao_strongest,open_flat,25,14,0.5600,1,0,0.0000,24,14,0.5833,False
per_day_max_theme,6,fanbao_strongest,touch3,25,9,0.3600,1,0,0.0000,24,9,0.3750,False
per_day_max_theme,6,fanbao_strongest,open_zt3,25,8,0.3200,1,0,0.0000,24,8,0.3333,False
per_day_max_theme,6,fanbao_strongest,hold_zt3,25,8,0.3200,1,0,0.0000,24,8,0.3333,False
per_day_max_theme,6,earliest_final,hold_close,184,124,0.6739,87,57,0.6552,97,67,0.6907,False
per_day_max_theme,6,earliest_final,hold_flat,184,125,0.6793,87,58,0.6667,97,67,0.6907,False
per_day_max_theme,6,earliest_final,hold_touch3,184,120,0.6522,87,56,0.6437,97,64,0.6598,False
per_day_max_theme,6,earliest_final,maxc3,184,148,0.8043,87,70,0.8046,97,78,0.8041,False
per_day_max_theme,6,earliest_final,open_up,173,76,0.4393,81,36,0.4444,92,40,0.4348,False
per_day_max_theme,6,earliest_final,open_flat,173,96,0.5549,81,46,0.5679,92,50,0.5435,False
per_day_max_theme,6,earliest_final,touch3,173,109,0.6301,81,50,0.6173,92,59,0.6413,False
per_day_max_theme,6,earliest_final,open_zt3,173,86,0.4971,81,40,0.4938,92,46,0.5000,False
per_day_max_theme,6,earliest_final,hold_zt3,184,97,0.5272,87,46,0.5287,97,51,0.5258,False
per_day_max_theme,6,highest_board,hold_close,184,119,0.6467,87,57,0.6552,97,62,0.6392,False
per_day_max_theme,6,highest_board,hold_flat,184,120,0.6522,87,57,0.6552,97,63,0.6495,False
per_day_max_theme,6,highest_board,hold_touch3,184,127,0.6902,87,59,0.6782,97,68,0.7010,False
per_day_max_theme,6,highest_board,maxc3,184,144,0.7826,87,68,0.7816,97,76,0.7835,False
per_day_max_theme,6,highest_board,open_up,171,75,0.4386,80,38,0.4750,91,37,0.4066,False
per_day_max_theme,6,highest_board,open_flat,171,92,0.5380,80,46,0.5750,91,46,0.5055,False
per_day_max_theme,6,highest_board,touch3,171,115,0.6725,80,53,0.6625,91,62,0.6813,False
per_day_max_theme,6,highest_board,open_zt3,171,93,0.5439,80,44,0.5500,91,49,0.5385,False
per_day_max_theme,6,highest_board,hold_zt3,184,106,0.5761,87,51,0.5862,97,55,0.5670,False
per_day_max_theme,6,lowest_board,hold_close,184,118,0.6413,87,57,0.6552,97,61,0.6289,False
per_day_max_theme,6,lowest_board,hold_flat,184,120,0.6522,87,58,0.6667,97,62,0.6392,False
per_day_max_theme,6,lowest_board,hold_touch3,184,105,0.5707,87,52,0.5977,97,53,0.5464,False
per_day_max_theme,6,lowest_board,maxc3,184,143,0.7772,87,70,0.8046,97,73,0.7526,False
per_day_max_theme,6,lowest_board,open_up,173,82,0.4740,79,36,0.4557,94,46,0.4894,False
per_day_max_theme,6,lowest_board,open_flat,173,94,0.5434,79,42,0.5316,94,52,0.5532,False
per_day_max_theme,6,lowest_board,touch3,173,94,0.5434,79,44,0.5570,94,50,0.5319,False
per_day_max_theme,6,lowest_board,open_zt3,173,77,0.4451,79,36,0.4557,94,41,0.4362,False
per_day_max_theme,6,lowest_board,hold_zt3,184,88,0.4783,87,44,0.5057,97,44,0.4536,False
per_day_max_theme,6,board2_strongest,hold_close,149,95,0.6376,70,47,0.6714,79,48,0.6076,False
per_day_max_theme,6,board2_strongest,hold_flat,149,97,0.6510,70,48,0.6857,79,49,0.6203,False
per_day_max_theme,6,board2_strongest,hold_touch3,149,82,0.5503,70,40,0.5714,79,42,0.5316,False
per_day_max_theme,6,board2_strongest,maxc3,149,114,0.7651,70,56,0.8000,79,58,0.7342,False
per_day_max_theme,6,board2_strongest,open_up,139,69,0.4964,63,30,0.4762,76,39,0.5132,False
per_day_max_theme,6,board2_strongest,open_flat,139,74,0.5324,63,32,0.5079,76,42,0.5526,False
per_day_max_theme,6,board2_strongest,touch3,139,72,0.5180,63,33,0.5238,76,39,0.5132,False
per_day_max_theme,6,board2_strongest,open_zt3,139,57,0.4101,63,27,0.4286,76,30,0.3947,False
per_day_max_theme,6,board2_strongest,hold_zt3,149,67,0.4497,70,34,0.4857,79,33,0.4177,False
per_day_max_theme,6,board3_strongest,hold_close,62,40,0.6452,27,19,0.7037,35,21,0.6000,False
per_day_max_theme,6,board3_strongest,hold_flat,62,40,0.6452,27,19,0.7037,35,21,0.6000,False
per_day_max_theme,6,board3_strongest,hold_touch3,62,43,0.6935,27,19,0.7037,35,24,0.6857,False
per_day_max_theme,6,board3_strongest,maxc3,62,51,0.8226,27,22,0.8148,35,29,0.8286,False
per_day_max_theme,6,board3_strongest,open_up,60,25,0.4167,26,14,0.5385,34,11,0.3235,False
per_day_max_theme,6,board3_strongest,open_flat,60,33,0.5500,26,19,0.7308,34,14,0.4118,False
per_day_max_theme,6,board3_strongest,touch3,60,41,0.6833,26,18,0.6923,34,23,0.6765,False
per_day_max_theme,6,board3_strongest,open_zt3,60,33,0.5500,26,14,0.5385,34,19,0.5588,False
per_day_max_theme,6,board3_strongest,hold_zt3,62,35,0.5645,27,15,0.5556,35,20,0.5714,False
per_day_max_theme,6,board4_strongest,hold_close,30,20,0.6667,16,10,0.6250,14,10,0.7143,False
per_day_max_theme,6,board4_strongest,hold_flat,30,20,0.6667,16,10,0.6250,14,10,0.7143,False
per_day_max_theme,6,board4_strongest,hold_touch3,30,19,0.6333,16,9,0.5625,14,10,0.7143,False
per_day_max_theme,6,board4_strongest,maxc3,30,23,0.7667,16,12,0.7500,14,11,0.7857,False
per_day_max_theme,6,board4_strongest,open_up,27,10,0.3704,14,4,0.2857,13,6,0.4615,False
per_day_max_theme,6,board4_strongest,open_flat,27,17,0.6296,14,8,0.5714,13,9,0.6923,False
per_day_max_theme,6,board4_strongest,touch3,27,16,0.5926,14,7,0.5000,13,9,0.6923,False
per_day_max_theme,6,board4_strongest,open_zt3,27,15,0.5556,14,7,0.5000,13,8,0.6154,False
per_day_max_theme,6,board4_strongest,hold_zt3,30,18,0.6000,16,9,0.5625,14,9,0.6429,False
per_day_max_theme,6,board5p_strongest,hold_close,30,20,0.6667,19,12,0.6316,11,8,0.7273,False
per_day_max_theme,6,board5p_strongest,hold_flat,30,20,0.6667,19,12,0.6316,11,8,0.7273,False
per_day_max_theme,6,board5p_strongest,hold_touch3,30,23,0.7667,19,13,0.6842,11,10,0.9091,False
per_day_max_theme,6,board5p_strongest,maxc3,30,21,0.7000,19,12,0.6316,11,9,0.8182,False
per_day_max_theme,6,board5p_strongest,open_up,27,13,0.4815,17,8,0.4706,10,5,0.5000,False
per_day_max_theme,6,board5p_strongest,open_flat,27,16,0.5926,17,10,0.5882,10,6,0.6000,False
per_day_max_theme,6,board5p_strongest,touch3,27,21,0.7778,17,12,0.7059,10,9,0.9000,False
per_day_max_theme,6,board5p_strongest,open_zt3,27,17,0.6296,17,11,0.6471,10,6,0.6000,False
per_day_max_theme,6,board5p_strongest,hold_zt3,30,20,0.6667,19,13,0.6842,11,7,0.6364,False
per_day_max_theme,6,board2_earliest,hold_close,149,93,0.6242,70,45,0.6429,79,48,0.6076,False
per_day_max_theme,6,board2_earliest,hold_flat,149,93,0.6242,70,45,0.6429,79,48,0.6076,False
per_day_max_theme,6,board2_earliest,hold_touch3,149,83,0.5570,70,43,0.6143,79,40,0.5063,False
per_day_max_theme,6,board2_earliest,maxc3,149,114,0.7651,70,55,0.7857,79,59,0.7468,False
per_day_max_theme,6,board2_earliest,open_up,141,70,0.4965,65,31,0.4769,76,39,0.5132,False
per_day_max_theme,6,board2_earliest,open_flat,141,77,0.5461,65,35,0.5385,76,42,0.5526,False
per_day_max_theme,6,board2_earliest,touch3,141,75,0.5319,65,38,0.5846,76,37,0.4868,False
per_day_max_theme,6,board2_earliest,open_zt3,141,58,0.4113,65,29,0.4462,76,29,0.3816,False
per_day_max_theme,6,board2_earliest,hold_zt3,149,66,0.4430,70,34,0.4857,79,32,0.4051,False
per_day_max_theme,6,board3_earliest,hold_close,62,40,0.6452,27,19,0.7037,35,21,0.6000,False
per_day_max_theme,6,board3_earliest,hold_flat,62,40,0.6452,27,19,0.7037,35,21,0.6000,False
per_day_max_theme,6,board3_earliest,hold_touch3,62,43,0.6935,27,20,0.7407,35,23,0.6571,False
per_day_max_theme,6,board3_earliest,maxc3,62,50,0.8065,27,22,0.8148,35,28,0.8000,False
per_day_max_theme,6,board3_earliest,open_up,59,24,0.4068,25,13,0.5200,34,11,0.3235,False
per_day_max_theme,6,board3_earliest,open_flat,59,32,0.5424,25,18,0.7200,34,14,0.4118,False
per_day_max_theme,6,board3_earliest,touch3,59,40,0.6780,25,18,0.7200,34,22,0.6471,False
per_day_max_theme,6,board3_earliest,open_zt3,59,32,0.5424,25,14,0.5600,34,18,0.5294,False
per_day_max_theme,6,board3_earliest,hold_zt3,62,35,0.5645,27,16,0.5926,35,19,0.5429,False
per_day_max_theme,6,cihigh_strongest,hold_close,46,28,0.6087,17,11,0.6471,29,17,0.5862,False
per_day_max_theme,6,cihigh_strongest,hold_flat,46,28,0.6087,17,11,0.6471,29,17,0.5862,False
per_day_max_theme,6,cihigh_strongest,hold_touch3,46,24,0.5217,17,10,0.5882,29,14,0.4828,False
per_day_max_theme,6,cihigh_strongest,maxc3,46,34,0.7391,17,13,0.7647,29,21,0.7241,False
per_day_max_theme,6,cihigh_strongest,open_up,43,20,0.4651,16,6,0.3750,27,14,0.5185,False
per_day_max_theme,6,cihigh_strongest,open_flat,43,21,0.4884,16,6,0.3750,27,15,0.5556,False
per_day_max_theme,6,cihigh_strongest,touch3,43,21,0.4884,16,9,0.5625,27,12,0.4444,False
per_day_max_theme,6,cihigh_strongest,open_zt3,43,17,0.3953,16,8,0.5000,27,9,0.3333,False
per_day_max_theme,6,cihigh_strongest,hold_zt3,46,20,0.4348,17,9,0.5294,29,11,0.3793,False
per_day_max_theme,6,mid_strongest,hold_close,173,113,0.6532,82,55,0.6707,91,58,0.6374,False
per_day_max_theme,6,mid_strongest,hold_flat,173,115,0.6647,82,56,0.6829,91,59,0.6484,False
per_day_max_theme,6,mid_strongest,hold_touch3,173,105,0.6069,82,50,0.6098,91,55,0.6044,False
per_day_max_theme,6,mid_strongest,maxc3,173,138,0.7977,82,67,0.8171,91,71,0.7802,False
per_day_max_theme,6,mid_strongest,open_up,161,76,0.4720,74,37,0.5000,87,39,0.4483,False
per_day_max_theme,6,mid_strongest,open_flat,161,86,0.5342,74,41,0.5541,87,45,0.5172,False
per_day_max_theme,6,mid_strongest,touch3,161,93,0.5776,74,42,0.5676,87,51,0.5862,False
per_day_max_theme,6,mid_strongest,open_zt3,161,78,0.4845,74,36,0.4865,87,42,0.4828,False
per_day_max_theme,6,mid_strongest,hold_zt3,173,90,0.5202,82,44,0.5366,91,46,0.5055,False
per_day_max_theme,6,newh_strongest,hold_close,40,24,0.6000,14,8,0.5714,26,16,0.6154,False
per_day_max_theme,6,newh_strongest,hold_flat,40,24,0.6000,14,8,0.5714,26,16,0.6154,False
per_day_max_theme,6,newh_strongest,hold_touch3,40,25,0.6250,14,6,0.4286,26,19,0.7308,False
per_day_max_theme,6,newh_strongest,maxc3,40,27,0.6750,14,8,0.5714,26,19,0.7308,False
per_day_max_theme,6,newh_strongest,open_up,38,15,0.3947,14,8,0.5714,24,7,0.2917,False
per_day_max_theme,6,newh_strongest,open_flat,38,21,0.5526,14,10,0.7143,24,11,0.4583,False
per_day_max_theme,6,newh_strongest,touch3,38,23,0.6053,14,6,0.4286,24,17,0.7083,False
per_day_max_theme,6,newh_strongest,open_zt3,38,21,0.5526,14,6,0.4286,24,15,0.6250,False
per_day_max_theme,6,newh_strongest,hold_zt3,40,23,0.5750,14,6,0.4286,26,17,0.6538,False
per_day_max_theme,6,mid_earliest,hold_close,173,114,0.6590,82,55,0.6707,91,59,0.6484,False
per_day_max_theme,6,mid_earliest,hold_flat,173,114,0.6590,82,55,0.6707,91,59,0.6484,False
per_day_max_theme,6,mid_earliest,hold_touch3,173,106,0.6127,82,54,0.6585,91,52,0.5714,False
per_day_max_theme,6,mid_earliest,maxc3,173,139,0.8035,82,68,0.8293,91,71,0.7802,False
per_day_max_theme,6,mid_earliest,open_up,165,76,0.4606,77,37,0.4805,88,39,0.4432,False
per_day_max_theme,6,mid_earliest,open_flat,165,90,0.5455,77,45,0.5844,88,45,0.5114,False
per_day_max_theme,6,mid_earliest,touch3,165,98,0.5939,77,49,0.6364,88,49,0.5568,False
per_day_max_theme,6,mid_earliest,open_zt3,165,77,0.4667,77,38,0.4935,88,39,0.4432,False
per_day_max_theme,6,mid_earliest,hold_zt3,173,85,0.4913,82,43,0.5244,91,42,0.4615,False
per_day_max_theme,6,cihigh_earliest,hold_close,46,25,0.5435,17,11,0.6471,29,14,0.4828,False
per_day_max_theme,6,cihigh_earliest,hold_flat,46,25,0.5435,17,11,0.6471,29,14,0.4828,False
per_day_max_theme,6,cihigh_earliest,hold_touch3,46,23,0.5000,17,11,0.6471,29,12,0.4138,False
per_day_max_theme,6,cihigh_earliest,maxc3,46,33,0.7174,17,13,0.7647,29,20,0.6897,False
per_day_max_theme,6,cihigh_earliest,open_up,43,18,0.4186,16,6,0.3750,27,12,0.4444,False
per_day_max_theme,6,cihigh_earliest,open_flat,43,19,0.4419,16,6,0.3750,27,13,0.4815,False
per_day_max_theme,6,cihigh_earliest,touch3,43,20,0.4651,16,10,0.6250,27,10,0.3704,False
per_day_max_theme,6,cihigh_earliest,open_zt3,43,17,0.3953,16,9,0.5625,27,8,0.2963,False
per_day_max_theme,6,cihigh_earliest,hold_zt3,46,20,0.4348,17,10,0.5882,29,10,0.3448,False
per_day_max_theme,6,max_amount,hold_close,184,115,0.6250,87,53,0.6092,97,62,0.6392,False
per_day_max_theme,6,max_amount,hold_flat,184,115,0.6250,87,53,0.6092,97,62,0.6392,False
per_day_max_theme,6,max_amount,hold_touch3,184,98,0.5326,87,48,0.5517,97,50,0.5155,False
per_day_max_theme,6,max_amount,maxc3,184,139,0.7554,87,63,0.7241,97,76,0.7835,False
per_day_max_theme,6,max_amount,open_up,177,92,0.5198,83,41,0.4940,94,51,0.5426,False
per_day_max_theme,6,max_amount,open_flat,177,106,0.5989,83,50,0.6024,94,56,0.5957,False
per_day_max_theme,6,max_amount,touch3,177,91,0.5141,83,44,0.5301,94,47,0.5000,False
per_day_max_theme,6,max_amount,open_zt3,177,69,0.3898,83,34,0.4096,94,35,0.3723,False
per_day_max_theme,6,max_amount,hold_zt3,184,76,0.4130,87,38,0.4368,97,38,0.3918,False
per_day_max_theme,6,min_amount,hold_close,184,120,0.6522,87,54,0.6207,97,66,0.6804,False
per_day_max_theme,6,min_amount,hold_flat,184,121,0.6576,87,54,0.6207,97,67,0.6907,False
per_day_max_theme,6,min_amount,hold_touch3,184,113,0.6141,87,54,0.6207,97,59,0.6082,False
per_day_max_theme,6,min_amount,maxc3,184,146,0.7935,87,68,0.7816,97,78,0.8041,False
per_day_max_theme,6,min_amount,open_up,175,78,0.4457,83,35,0.4217,92,43,0.4674,False
per_day_max_theme,6,min_amount,open_flat,175,97,0.5543,83,45,0.5422,92,52,0.5652,False
per_day_max_theme,6,min_amount,touch3,175,105,0.6000,83,51,0.6145,92,54,0.5870,False
per_day_max_theme,6,min_amount,open_zt3,175,88,0.5029,83,41,0.4940,92,47,0.5109,False
per_day_max_theme,6,min_amount,hold_zt3,184,97,0.5272,87,45,0.5172,97,52,0.5361,False
per_day_max_theme,6,max_turn,hold_close,184,105,0.5707,87,48,0.5517,97,57,0.5876,False
per_day_max_theme,6,max_turn,hold_flat,184,106,0.5761,87,48,0.5517,97,58,0.5979,False
per_day_max_theme,6,max_turn,hold_touch3,184,102,0.5543,87,48,0.5517,97,54,0.5567,False
per_day_max_theme,6,max_turn,maxc3,184,131,0.7120,87,60,0.6897,97,71,0.7320,False
per_day_max_theme,6,max_turn,open_up,176,89,0.5057,82,39,0.4756,94,50,0.5319,False
per_day_max_theme,6,max_turn,open_flat,176,98,0.5568,82,44,0.5366,94,54,0.5745,False
per_day_max_theme,6,max_turn,touch3,176,94,0.5341,82,43,0.5244,94,51,0.5426,False
per_day_max_theme,6,max_turn,open_zt3,176,71,0.4034,82,32,0.3902,94,39,0.4149,False
per_day_max_theme,6,max_turn,hold_zt3,184,79,0.4293,87,37,0.4253,97,42,0.4330,False
per_day_max_theme,6,min_turn,hold_close,184,126,0.6848,87,59,0.6782,97,67,0.6907,False
per_day_max_theme,6,min_turn,hold_flat,184,129,0.7011,87,61,0.7011,97,68,0.7010,False
per_day_max_theme,6,min_turn,hold_touch3,184,107,0.5815,87,53,0.6092,97,54,0.5567,False
per_day_max_theme,6,min_turn,maxc3,184,147,0.7989,87,70,0.8046,97,77,0.7938,False
per_day_max_theme,6,min_turn,open_up,173,83,0.4798,81,38,0.4691,92,45,0.4891,False
per_day_max_theme,6,min_turn,open_flat,173,102,0.5896,81,49,0.6049,92,53,0.5761,False
per_day_max_theme,6,min_turn,touch3,173,97,0.5607,81,48,0.5926,92,49,0.5326,False
per_day_max_theme,6,min_turn,open_zt3,173,80,0.4624,81,41,0.5062,92,39,0.4239,False
per_day_max_theme,6,min_turn,hold_zt3,184,91,0.4946,87,47,0.5402,97,44,0.4536,False
per_day_max_theme,6,intact_strongest,hold_close,112,73,0.6518,55,34,0.6182,57,39,0.6842,False
per_day_max_theme,6,intact_strongest,hold_flat,112,74,0.6607,55,34,0.6182,57,40,0.7018,False
per_day_max_theme,6,intact_strongest,hold_touch3,112,79,0.7054,55,36,0.6545,57,43,0.7544,False
per_day_max_theme,6,intact_strongest,maxc3,112,90,0.8036,55,43,0.7818,57,47,0.8246,False
per_day_max_theme,6,intact_strongest,open_up,104,45,0.4327,49,21,0.4286,55,24,0.4364,False
per_day_max_theme,6,intact_strongest,open_flat,104,55,0.5288,49,26,0.5306,55,29,0.5273,False
per_day_max_theme,6,intact_strongest,touch3,104,71,0.6827,49,30,0.6122,55,41,0.7455,False
per_day_max_theme,6,intact_strongest,open_zt3,104,53,0.5096,49,22,0.4490,55,31,0.5636,False
per_day_max_theme,6,intact_strongest,hold_zt3,112,61,0.5446,55,28,0.5091,57,33,0.5789,False
per_day_max_theme,6,intact_earliest,hold_close,112,74,0.6607,55,31,0.5636,57,43,0.7544,False
per_day_max_theme,6,intact_earliest,hold_flat,112,74,0.6607,55,31,0.5636,57,43,0.7544,False
per_day_max_theme,6,intact_earliest,hold_touch3,112,76,0.6786,55,36,0.6545,57,40,0.7018,False
per_day_max_theme,6,intact_earliest,maxc3,112,89,0.7946,55,42,0.7636,57,47,0.8246,False
per_day_max_theme,6,intact_earliest,open_up,106,46,0.4340,51,20,0.3922,55,26,0.4727,False
per_day_max_theme,6,intact_earliest,open_flat,106,57,0.5377,51,26,0.5098,55,31,0.5636,False
per_day_max_theme,6,intact_earliest,touch3,106,71,0.6698,51,33,0.6471,55,38,0.6909,False
per_day_max_theme,6,intact_earliest,open_zt3,106,50,0.4717,51,21,0.4118,55,29,0.5273,False
per_day_max_theme,6,intact_earliest,hold_zt3,112,56,0.5000,55,25,0.4545,57,31,0.5439,False
per_day_max_theme,6,break_strongest,hold_close,58,41,0.7069,24,20,0.8333,34,21,0.6176,False
per_day_max_theme,6,break_strongest,hold_flat,58,42,0.7241,24,20,0.8333,34,22,0.6471,False
per_day_max_theme,6,break_strongest,hold_touch3,58,33,0.5690,24,14,0.5833,34,19,0.5588,False
per_day_max_theme,6,break_strongest,maxc3,58,47,0.8103,24,21,0.8750,34,26,0.7647,False
per_day_max_theme,6,break_strongest,open_up,51,24,0.4706,20,11,0.5500,31,13,0.4194,False
per_day_max_theme,6,break_strongest,open_flat,51,29,0.5686,20,13,0.6500,31,16,0.5161,False
per_day_max_theme,6,break_strongest,touch3,51,26,0.5098,20,10,0.5000,31,16,0.5161,False
per_day_max_theme,6,break_strongest,open_zt3,51,28,0.5490,20,13,0.6500,31,15,0.4839,False
per_day_max_theme,6,break_strongest,hold_zt3,58,35,0.6034,24,17,0.7083,34,18,0.5294,False
per_day_max_theme,6,stock_unbroken_strongest,hold_close,175,116,0.6629,81,55,0.6790,94,61,0.6489,False
per_day_max_theme,6,stock_unbroken_strongest,hold_flat,175,117,0.6686,81,55,0.6790,94,62,0.6596,False
per_day_max_theme,6,stock_unbroken_strongest,hold_touch3,175,111,0.6343,81,49,0.6049,94,62,0.6596,False
per_day_max_theme,6,stock_unbroken_strongest,maxc3,175,142,0.8114,81,68,0.8395,94,74,0.7872,False
per_day_max_theme,6,stock_unbroken_strongest,open_up,160,69,0.4313,72,32,0.4444,88,37,0.4205,False
per_day_max_theme,6,stock_unbroken_strongest,open_flat,160,83,0.5188,72,39,0.5417,88,44,0.5000,False
per_day_max_theme,6,stock_unbroken_strongest,touch3,160,96,0.6000,72,40,0.5556,88,56,0.6364,False
per_day_max_theme,6,stock_unbroken_strongest,open_zt3,160,80,0.5000,72,35,0.4861,88,45,0.5114,False
per_day_max_theme,6,stock_unbroken_strongest,hold_zt3,175,95,0.5429,81,44,0.5432,94,51,0.5426,False
per_day_max_theme,6,stock_broken_strongest,hold_close,50,32,0.6400,23,15,0.6522,27,17,0.6296,False
per_day_max_theme,6,stock_broken_strongest,hold_flat,50,32,0.6400,23,15,0.6522,27,17,0.6296,False
per_day_max_theme,6,stock_broken_strongest,hold_touch3,50,25,0.5000,23,14,0.6087,27,11,0.4074,False
per_day_max_theme,6,stock_broken_strongest,maxc3,50,33,0.6600,23,16,0.6957,27,17,0.6296,False
per_day_max_theme,6,stock_broken_strongest,open_up,49,26,0.5306,22,12,0.5455,27,14,0.5185,False
per_day_max_theme,6,stock_broken_strongest,open_flat,49,29,0.5918,22,13,0.5909,27,16,0.5926,False
per_day_max_theme,6,stock_broken_strongest,touch3,49,24,0.4898,22,13,0.5909,27,11,0.4074,False
per_day_max_theme,6,stock_broken_strongest,open_zt3,49,18,0.3673,22,10,0.4545,27,8,0.2963,False
per_day_max_theme,6,stock_broken_strongest,hold_zt3,50,19,0.3800,23,11,0.4783,27,8,0.2963,False
per_day_max_theme,6,stock_unbroken_earliest,hold_close,175,111,0.6343,81,52,0.6420,94,59,0.6277,False
per_day_max_theme,6,stock_unbroken_earliest,hold_flat,175,111,0.6343,81,52,0.6420,94,59,0.6277,False
per_day_max_theme,6,stock_unbroken_earliest,hold_touch3,175,111,0.6343,81,53,0.6543,94,58,0.6170,False
per_day_max_theme,6,stock_unbroken_earliest,maxc3,175,139,0.7943,81,66,0.8148,94,73,0.7766,False
per_day_max_theme,6,stock_unbroken_earliest,open_up,164,68,0.4146,75,32,0.4267,89,36,0.4045,False
per_day_max_theme,6,stock_unbroken_earliest,open_flat,164,84,0.5122,75,41,0.5467,89,43,0.4831,False
per_day_max_theme,6,stock_unbroken_earliest,touch3,164,101,0.6159,75,48,0.6400,89,53,0.5955,False
per_day_max_theme,6,stock_unbroken_earliest,open_zt3,164,79,0.4817,75,37,0.4933,89,42,0.4719,False
per_day_max_theme,6,stock_unbroken_earliest,hold_zt3,175,90,0.5143,81,43,0.5309,94,47,0.5000,False
per_day_max_theme,6,H_strongest,hold_close,40,24,0.6000,14,8,0.5714,26,16,0.6154,False
per_day_max_theme,6,H_strongest,hold_flat,40,24,0.6000,14,8,0.5714,26,16,0.6154,False
per_day_max_theme,6,H_strongest,hold_touch3,40,25,0.6250,14,6,0.4286,26,19,0.7308,False
per_day_max_theme,6,H_strongest,maxc3,40,27,0.6750,14,8,0.5714,26,19,0.7308,False
per_day_max_theme,6,H_strongest,open_up,38,15,0.3947,14,8,0.5714,24,7,0.2917,False
per_day_max_theme,6,H_strongest,open_flat,38,21,0.5526,14,10,0.7143,24,11,0.4583,False
per_day_max_theme,6,H_strongest,touch3,38,23,0.6053,14,6,0.4286,24,17,0.7083,False
per_day_max_theme,6,H_strongest,open_zt3,38,21,0.5526,14,6,0.4286,24,15,0.6250,False
per_day_max_theme,6,H_strongest,hold_zt3,40,23,0.5750,14,6,0.4286,26,17,0.6538,False
per_day_max_theme,6,Hm1_strongest,hold_close,46,28,0.6087,17,11,0.6471,29,17,0.5862,False
per_day_max_theme,6,Hm1_strongest,hold_flat,46,28,0.6087,17,11,0.6471,29,17,0.5862,False
per_day_max_theme,6,Hm1_strongest,hold_touch3,46,24,0.5217,17,10,0.5882,29,14,0.4828,False
per_day_max_theme,6,Hm1_strongest,maxc3,46,34,0.7391,17,13,0.7647,29,21,0.7241,False
per_day_max_theme,6,Hm1_strongest,open_up,43,20,0.4651,16,6,0.3750,27,14,0.5185,False
per_day_max_theme,6,Hm1_strongest,open_flat,43,21,0.4884,16,6,0.3750,27,15,0.5556,False
per_day_max_theme,6,Hm1_strongest,touch3,43,21,0.4884,16,9,0.5625,27,12,0.4444,False
per_day_max_theme,6,Hm1_strongest,open_zt3,43,17,0.3953,16,8,0.5000,27,9,0.3333,False
per_day_max_theme,6,Hm1_strongest,hold_zt3,46,20,0.4348,17,9,0.5294,29,11,0.3793,False
per_day_max_theme,6,belowH_strongest,hold_close,177,118,0.6667,84,57,0.6786,93,61,0.6559,False
per_day_max_theme,6,belowH_strongest,hold_flat,177,119,0.6723,84,57,0.6786,93,62,0.6667,False
per_day_max_theme,6,belowH_strongest,hold_touch3,177,110,0.6215,84,55,0.6548,93,55,0.5914,False
per_day_max_theme,6,belowH_strongest,maxc3,177,142,0.8023,84,70,0.8333,93,72,0.7742,False
per_day_max_theme,6,belowH_strongest,open_up,163,77,0.4724,74,32,0.4324,89,45,0.5056,False
per_day_max_theme,6,belowH_strongest,open_flat,163,89,0.5460,74,39,0.5270,89,50,0.5618,False
per_day_max_theme,6,belowH_strongest,touch3,163,96,0.5890,74,45,0.6081,89,51,0.5730,False
per_day_max_theme,6,belowH_strongest,open_zt3,163,78,0.4785,74,38,0.5135,89,40,0.4494,False
per_day_max_theme,6,belowH_strongest,hold_zt3,177,92,0.5198,84,48,0.5714,93,44,0.4731,False
per_day_max_theme,6,ge3_strongest,hold_close,97,64,0.6598,44,30,0.6818,53,34,0.6415,False
per_day_max_theme,6,ge3_strongest,hold_flat,97,64,0.6598,44,30,0.6818,53,34,0.6415,False
per_day_max_theme,6,ge3_strongest,hold_touch3,97,71,0.7320,44,31,0.7045,53,40,0.7547,False
per_day_max_theme,6,ge3_strongest,maxc3,97,78,0.8041,44,35,0.7955,53,43,0.8113,False
per_day_max_theme,6,ge3_strongest,open_up,89,35,0.3933,39,18,0.4615,50,17,0.3400,False
per_day_max_theme,6,ge3_strongest,open_flat,89,48,0.5393,39,24,0.6154,50,24,0.4800,False
per_day_max_theme,6,ge3_strongest,touch3,89,64,0.7191,39,27,0.6923,50,37,0.7400,False
per_day_max_theme,6,ge3_strongest,open_zt3,89,51,0.5730,39,21,0.5385,50,30,0.6000,False
per_day_max_theme,6,ge3_strongest,hold_zt3,97,59,0.6082,44,26,0.5909,53,33,0.6226,False
per_day_max_theme,6,ge3_earliest,hold_close,97,63,0.6495,44,29,0.6591,53,34,0.6415,False
per_day_max_theme,6,ge3_earliest,hold_flat,97,63,0.6495,44,29,0.6591,53,34,0.6415,False
per_day_max_theme,6,ge3_earliest,hold_touch3,97,70,0.7216,44,31,0.7045,53,39,0.7358,False
per_day_max_theme,6,ge3_earliest,maxc3,97,77,0.7938,44,34,0.7727,53,43,0.8113,False
per_day_max_theme,6,ge3_earliest,open_up,88,34,0.3864,38,17,0.4474,50,17,0.3400,False
per_day_max_theme,6,ge3_earliest,open_flat,88,46,0.5227,38,22,0.5789,50,24,0.4800,False
per_day_max_theme,6,ge3_earliest,touch3,88,62,0.7045,38,26,0.6842,50,36,0.7200,False
per_day_max_theme,6,ge3_earliest,open_zt3,88,49,0.5568,38,20,0.5263,50,29,0.5800,False
per_day_max_theme,6,ge3_earliest,hold_zt3,97,58,0.5979,44,26,0.5909,53,32,0.6038,False
per_day_max_theme,6,ge4_strongest,hold_close,52,37,0.7115,29,20,0.6897,23,17,0.7391,False
per_day_max_theme,6,ge4_strongest,hold_flat,52,37,0.7115,29,20,0.6897,23,17,0.7391,False
per_day_max_theme,6,ge4_strongest,hold_touch3,52,38,0.7308,29,19,0.6552,23,19,0.8261,False
per_day_max_theme,6,ge4_strongest,maxc3,52,41,0.7885,29,22,0.7586,23,19,0.8261,False
per_day_max_theme,6,ge4_strongest,open_up,46,19,0.4130,25,10,0.4000,21,9,0.4286,False
per_day_max_theme,6,ge4_strongest,open_flat,46,29,0.6304,25,16,0.6400,21,13,0.6190,False
per_day_max_theme,6,ge4_strongest,touch3,46,33,0.7174,25,16,0.6400,21,17,0.8095,False
per_day_max_theme,6,ge4_strongest,open_zt3,46,29,0.6304,25,15,0.6000,21,14,0.6667,False
per_day_max_theme,6,ge4_strongest,hold_zt3,52,35,0.6731,29,19,0.6552,23,16,0.6957,False
per_day_max_theme,6,ge4_earliest,hold_close,52,36,0.6923,29,19,0.6552,23,17,0.7391,False
per_day_max_theme,6,ge4_earliest,hold_flat,52,36,0.6923,29,19,0.6552,23,17,0.7391,False
per_day_max_theme,6,ge4_earliest,hold_touch3,52,37,0.7115,29,19,0.6552,23,18,0.7826,False
per_day_max_theme,6,ge4_earliest,maxc3,52,40,0.7692,29,21,0.7241,23,19,0.8261,False
per_day_max_theme,6,ge4_earliest,open_up,46,19,0.4130,25,10,0.4000,21,9,0.4286,False
per_day_max_theme,6,ge4_earliest,open_flat,46,28,0.6087,25,15,0.6000,21,13,0.6190,False
per_day_max_theme,6,ge4_earliest,touch3,46,32,0.6957,25,16,0.6400,21,16,0.7619,False
per_day_max_theme,6,ge4_earliest,open_zt3,46,28,0.6087,25,15,0.6000,21,13,0.6190,False
per_day_max_theme,6,ge4_earliest,hold_zt3,52,34,0.6538,29,19,0.6552,23,15,0.6522,False
per_day_max_theme,6,ge4_unopened,hold_close,21,15,0.7143,11,8,0.7273,10,7,0.7000,False
per_day_max_theme,6,ge4_unopened,hold_flat,21,15,0.7143,11,8,0.7273,10,7,0.7000,False
per_day_max_theme,6,ge4_unopened,hold_touch3,21,14,0.6667,11,7,0.6364,10,7,0.7000,False
per_day_max_theme,6,ge4_unopened,maxc3,21,16,0.7619,11,9,0.8182,10,7,0.7000,False
per_day_max_theme,6,ge4_unopened,open_up,19,9,0.4737,10,5,0.5000,9,4,0.4444,False
per_day_max_theme,6,ge4_unopened,open_flat,19,13,0.6842,10,7,0.7000,9,6,0.6667,False
per_day_max_theme,6,ge4_unopened,touch3,19,12,0.6316,10,6,0.6000,9,6,0.6667,False
per_day_max_theme,6,ge4_unopened,open_zt3,19,11,0.5789,10,6,0.6000,9,5,0.5556,False
per_day_max_theme,6,ge4_unopened,hold_zt3,21,13,0.6190,11,7,0.6364,10,6,0.6000,False
per_day_max_theme,6,ge3_unopened,hold_close,44,27,0.6136,17,12,0.7059,27,15,0.5556,False
per_day_max_theme,6,ge3_unopened,hold_flat,44,27,0.6136,17,12,0.7059,27,15,0.5556,False
per_day_max_theme,6,ge3_unopened,hold_touch3,44,34,0.7727,17,12,0.7059,27,22,0.8148,False
per_day_max_theme,6,ge3_unopened,maxc3,44,35,0.7955,17,13,0.7647,27,22,0.8148,False
per_day_max_theme,6,ge3_unopened,open_up,41,13,0.3171,16,8,0.5000,25,5,0.2000,False
per_day_max_theme,6,ge3_unopened,open_flat,41,19,0.4634,16,11,0.6875,25,8,0.3200,False
per_day_max_theme,6,ge3_unopened,touch3,41,31,0.7561,16,11,0.6875,25,20,0.8000,False
per_day_max_theme,6,ge3_unopened,open_zt3,41,25,0.6098,16,9,0.5625,25,16,0.6400,False
per_day_max_theme,6,ge3_unopened,hold_zt3,44,28,0.6364,17,10,0.5882,27,18,0.6667,False
per_day_max_theme,6,suc_strongest,hold_close,181,113,0.6243,85,50,0.5882,96,63,0.6562,False
per_day_max_theme,6,suc_strongest,hold_flat,181,113,0.6243,85,50,0.5882,96,63,0.6562,False
per_day_max_theme,6,suc_strongest,hold_touch3,181,102,0.5635,85,50,0.5882,96,52,0.5417,False
per_day_max_theme,6,suc_strongest,maxc3,181,137,0.7569,85,62,0.7294,96,75,0.7812,False
per_day_max_theme,6,suc_strongest,open_up,170,81,0.4765,79,35,0.4430,91,46,0.5055,False
per_day_max_theme,6,suc_strongest,open_flat,170,95,0.5588,79,42,0.5316,91,53,0.5824,False
per_day_max_theme,6,suc_strongest,touch3,170,91,0.5353,79,44,0.5570,91,47,0.5165,False
per_day_max_theme,6,suc_strongest,open_zt3,170,70,0.4118,79,34,0.4304,91,36,0.3956,False
per_day_max_theme,6,suc_strongest,hold_zt3,181,81,0.4475,85,40,0.4706,96,41,0.4271,False
per_day_max_theme,6,early_strongest,hold_close,155,103,0.6645,78,51,0.6538,77,52,0.6753,False
per_day_max_theme,6,early_strongest,hold_flat,155,103,0.6645,78,51,0.6538,77,52,0.6753,False
per_day_max_theme,6,early_strongest,hold_touch3,155,106,0.6839,78,51,0.6538,77,55,0.7143,False
per_day_max_theme,6,early_strongest,maxc3,155,127,0.8194,78,64,0.8205,77,63,0.8182,False
per_day_max_theme,6,early_strongest,open_up,141,60,0.4255,68,31,0.4559,73,29,0.3973,False
per_day_max_theme,6,early_strongest,open_flat,141,75,0.5319,68,37,0.5441,73,38,0.5205,False
per_day_max_theme,6,early_strongest,touch3,141,93,0.6596,68,42,0.6176,73,51,0.6986,False
per_day_max_theme,6,early_strongest,open_zt3,141,75,0.5319,68,35,0.5147,73,40,0.5479,False
per_day_max_theme,6,early_strongest,hold_zt3,155,89,0.5742,78,45,0.5769,77,44,0.5714,False
per_day_max_theme,6,huanshou_strongest,hold_close,179,118,0.6592,85,57,0.6706,94,61,0.6489,False
per_day_max_theme,6,huanshou_strongest,hold_flat,179,120,0.6704,85,58,0.6824,94,62,0.6596,False
per_day_max_theme,6,huanshou_strongest,hold_touch3,179,115,0.6425,85,55,0.6471,94,60,0.6383,False
per_day_max_theme,6,huanshou_strongest,maxc3,179,141,0.7877,85,68,0.8000,94,73,0.7766,False
per_day_max_theme,6,huanshou_strongest,open_up,167,74,0.4431,77,36,0.4675,90,38,0.4222,False
per_day_max_theme,6,huanshou_strongest,open_flat,167,89,0.5329,77,43,0.5584,90,46,0.5111,False
per_day_max_theme,6,huanshou_strongest,touch3,167,103,0.6168,77,47,0.6104,90,56,0.6222,False
per_day_max_theme,6,huanshou_strongest,open_zt3,167,80,0.4790,77,36,0.4675,90,44,0.4889,False
per_day_max_theme,6,huanshou_strongest,hold_zt3,179,92,0.5140,85,44,0.5176,94,48,0.5106,False
per_day_max_theme,6,tzi_strongest,hold_close,39,26,0.6667,19,12,0.6316,20,14,0.7000,False
per_day_max_theme,6,tzi_strongest,hold_flat,39,26,0.6667,19,12,0.6316,20,14,0.7000,False
per_day_max_theme,6,tzi_strongest,hold_touch3,39,26,0.6667,19,12,0.6316,20,14,0.7000,False
per_day_max_theme,6,tzi_strongest,maxc3,39,33,0.8462,19,16,0.8421,20,17,0.8500,False
per_day_max_theme,6,tzi_strongest,open_up,34,16,0.4706,16,7,0.4375,18,9,0.5000,False
per_day_max_theme,6,tzi_strongest,open_flat,34,20,0.5882,16,9,0.5625,18,11,0.6111,False
per_day_max_theme,6,tzi_strongest,touch3,34,22,0.6471,16,10,0.6250,18,12,0.6667,False
per_day_max_theme,6,tzi_strongest,open_zt3,34,19,0.5588,16,9,0.5625,18,10,0.5556,False
per_day_max_theme,6,tzi_strongest,hold_zt3,39,24,0.6154,19,12,0.6316,20,12,0.6000,False
per_day,8,earliest_seal,hold_close,162,110,0.6790,77,47,0.6104,85,63,0.7412,False
per_day,8,earliest_seal,hold_flat,162,111,0.6852,77,47,0.6104,85,64,0.7529,False
per_day,8,earliest_seal,hold_touch3,162,106,0.6543,77,47,0.6104,85,59,0.6941,False
per_day,8,earliest_seal,maxc3,162,128,0.7901,77,58,0.7532,85,70,0.8235,False
per_day,8,earliest_seal,open_up,152,68,0.4474,71,29,0.4085,81,39,0.4815,False
per_day,8,earliest_seal,open_flat,152,84,0.5526,71,36,0.5070,81,48,0.5926,False
per_day,8,earliest_seal,touch3,152,98,0.6447,71,43,0.6056,81,55,0.6790,False
per_day,8,earliest_seal,open_zt3,152,73,0.4803,71,30,0.4225,81,43,0.5309,False
per_day,8,earliest_seal,hold_zt3,162,83,0.5123,77,36,0.4675,85,47,0.5529,False
per_day,8,latest_seal,hold_close,162,99,0.6111,77,38,0.4935,85,61,0.7176,False
per_day,8,latest_seal,hold_flat,162,100,0.6173,77,38,0.4935,85,62,0.7294,False
per_day,8,latest_seal,hold_touch3,162,81,0.5000,77,39,0.5065,85,42,0.4941,False
per_day,8,latest_seal,maxc3,162,120,0.7407,77,51,0.6623,85,69,0.8118,False
per_day,8,latest_seal,open_up,156,89,0.5705,75,36,0.4800,81,53,0.6543,False
per_day,8,latest_seal,open_flat,156,94,0.6026,75,40,0.5333,81,54,0.6667,False
per_day,8,latest_seal,touch3,156,75,0.4808,75,37,0.4933,81,38,0.4691,False
per_day,8,latest_seal,open_zt3,156,60,0.3846,75,26,0.3467,81,34,0.4198,False
per_day,8,latest_seal,hold_zt3,162,66,0.4074,77,28,0.3636,85,38,0.4471,False
per_day,8,strongest_seal,hold_close,162,111,0.6852,77,49,0.6364,85,62,0.7294,False
per_day,8,strongest_seal,hold_flat,162,111,0.6852,77,49,0.6364,85,62,0.7294,False
per_day,8,strongest_seal,hold_touch3,162,110,0.6790,77,45,0.5844,85,65,0.7647,False
per_day,8,strongest_seal,maxc3,162,126,0.7778,77,57,0.7403,85,69,0.8118,False
per_day,8,strongest_seal,open_up,146,63,0.4315,68,26,0.3824,78,37,0.4744,False
per_day,8,strongest_seal,open_flat,146,79,0.5411,68,33,0.4853,78,46,0.5897,False
per_day,8,strongest_seal,touch3,146,94,0.6438,68,36,0.5294,78,58,0.7436,False
per_day,8,strongest_seal,open_zt3,146,77,0.5274,68,29,0.4265,78,48,0.6154,False
per_day,8,strongest_seal,hold_zt3,162,93,0.5741,77,38,0.4935,85,55,0.6471,False
per_day,8,weakest_seal,hold_close,162,87,0.5370,77,41,0.5325,85,46,0.5412,False
per_day,8,weakest_seal,hold_flat,162,87,0.5370,77,41,0.5325,85,46,0.5412,False
per_day,8,weakest_seal,hold_touch3,162,73,0.4506,77,36,0.4675,85,37,0.4353,False
per_day,8,weakest_seal,maxc3,162,117,0.7222,77,53,0.6883,85,64,0.7529,False
per_day,8,weakest_seal,open_up,159,88,0.5535,76,43,0.5658,83,45,0.5422,False
per_day,8,weakest_seal,open_flat,159,92,0.5786,76,46,0.6053,83,46,0.5542,False
per_day,8,weakest_seal,touch3,159,70,0.4403,76,35,0.4605,83,35,0.4217,False
per_day,8,weakest_seal,open_zt3,159,55,0.3459,76,30,0.3947,83,25,0.3012,False
per_day,8,weakest_seal,hold_zt3,162,58,0.3580,77,31,0.4026,85,27,0.3176,False
per_day,8,fewest_opens,hold_close,162,110,0.6790,77,50,0.6494,85,60,0.7059,False
per_day,8,fewest_opens,hold_flat,162,110,0.6790,77,50,0.6494,85,60,0.7059,False
per_day,8,fewest_opens,hold_touch3,162,110,0.6790,77,45,0.5844,85,65,0.7647,False
per_day,8,fewest_opens,maxc3,162,126,0.7778,77,59,0.7662,85,67,0.7882,False
per_day,8,fewest_opens,open_up,148,69,0.4662,70,31,0.4429,78,38,0.4872,False
per_day,8,fewest_opens,open_flat,148,84,0.5676,70,39,0.5571,78,45,0.5769,False
per_day,8,fewest_opens,touch3,148,96,0.6486,70,38,0.5429,78,58,0.7436,False
per_day,8,fewest_opens,open_zt3,148,76,0.5135,70,27,0.3857,78,49,0.6282,False
per_day,8,fewest_opens,hold_zt3,162,90,0.5556,77,34,0.4416,85,56,0.6588,False
per_day,8,unopened_strongest,hold_close,118,77,0.6525,56,36,0.6429,62,41,0.6613,False
per_day,8,unopened_strongest,hold_flat,118,77,0.6525,56,36,0.6429,62,41,0.6613,False
per_day,8,unopened_strongest,hold_touch3,118,81,0.6864,56,32,0.5714,62,49,0.7903,False
per_day,8,unopened_strongest,maxc3,118,88,0.7458,56,40,0.7143,62,48,0.7742,False
per_day,8,unopened_strongest,open_up,105,42,0.4000,49,18,0.3673,56,24,0.4286,False
per_day,8,unopened_strongest,open_flat,105,53,0.5048,49,24,0.4898,56,29,0.5179,False
per_day,8,unopened_strongest,touch3,105,68,0.6476,49,25,0.5102,56,43,0.7679,False
per_day,8,unopened_strongest,open_zt3,105,51,0.4857,49,17,0.3469,56,34,0.6071,False
per_day,8,unopened_strongest,hold_zt3,118,64,0.5424,56,24,0.4286,62,40,0.6452,False
per_day,8,unopened_earliest,hold_close,118,80,0.6780,56,37,0.6607,62,43,0.6935,False
per_day,8,unopened_earliest,hold_flat,118,81,0.6864,56,38,0.6786,62,43,0.6935,False
per_day,8,unopened_earliest,hold_touch3,118,75,0.6356,56,31,0.5536,62,44,0.7097,False
per_day,8,unopened_earliest,maxc3,118,88,0.7458,56,40,0.7143,62,48,0.7742,False
per_day,8,unopened_earliest,open_up,110,44,0.4000,51,17,0.3333,59,27,0.4576,False
per_day,8,unopened_earliest,open_flat,110,59,0.5364,51,26,0.5098,59,33,0.5593,False
per_day,8,unopened_earliest,touch3,110,67,0.6091,51,26,0.5098,59,41,0.6949,False
per_day,8,unopened_earliest,open_zt3,110,48,0.4364,51,18,0.3529,59,30,0.5085,False
per_day,8,unopened_earliest,hold_zt3,118,56,0.4746,56,23,0.4107,62,33,0.5323,False
per_day,8,opened_strongest,hold_close,145,102,0.7034,69,42,0.6087,76,60,0.7895,False
per_day,8,opened_strongest,hold_flat,145,102,0.7034,69,42,0.6087,76,60,0.7895,False
per_day,8,opened_strongest,hold_touch3,145,83,0.5724,69,40,0.5797,76,43,0.5658,False
per_day,8,opened_strongest,maxc3,145,118,0.8138,69,55,0.7971,76,63,0.8289,False
per_day,8,opened_strongest,open_up,131,68,0.5191,62,29,0.4677,69,39,0.5652,False
per_day,8,opened_strongest,open_flat,131,79,0.6031,62,34,0.5484,69,45,0.6522,False
per_day,8,opened_strongest,touch3,131,71,0.5420,62,35,0.5645,69,36,0.5217,False
per_day,8,opened_strongest,open_zt3,131,60,0.4580,62,27,0.4355,69,33,0.4783,False
per_day,8,opened_strongest,hold_zt3,145,74,0.5103,69,34,0.4928,76,40,0.5263,False
per_day,8,fanbao_strongest,hold_close,35,27,0.7714,1,0,0.0000,34,27,0.7941,False
per_day,8,fanbao_strongest,hold_flat,35,27,0.7714,1,0,0.0000,34,27,0.7941,False
per_day,8,fanbao_strongest,hold_touch3,35,14,0.4000,1,0,0.0000,34,14,0.4118,False
per_day,8,fanbao_strongest,maxc3,35,27,0.7714,1,0,0.0000,34,27,0.7941,False
per_day,8,fanbao_strongest,open_up,34,18,0.5294,1,0,0.0000,33,18,0.5455,False
per_day,8,fanbao_strongest,open_flat,34,21,0.6176,1,0,0.0000,33,21,0.6364,False
per_day,8,fanbao_strongest,touch3,34,13,0.3824,1,0,0.0000,33,13,0.3939,False
per_day,8,fanbao_strongest,open_zt3,34,12,0.3529,1,0,0.0000,33,12,0.3636,False
per_day,8,fanbao_strongest,hold_zt3,35,13,0.3714,1,0,0.0000,34,13,0.3824,False
per_day,8,earliest_final,hold_close,162,109,0.6728,77,48,0.6234,85,61,0.7176,False
per_day,8,earliest_final,hold_flat,162,110,0.6790,77,49,0.6364,85,61,0.7176,False
per_day,8,earliest_final,hold_touch3,162,107,0.6605,77,48,0.6234,85,59,0.6941,False
per_day,8,earliest_final,maxc3,162,126,0.7778,77,57,0.7403,85,69,0.8118,False
per_day,8,earliest_final,open_up,153,61,0.3987,71,25,0.3521,82,36,0.4390,False
per_day,8,earliest_final,open_flat,153,83,0.5425,71,37,0.5211,82,46,0.5610,False
per_day,8,earliest_final,touch3,153,98,0.6405,71,42,0.5915,82,56,0.6829,False
per_day,8,earliest_final,open_zt3,153,78,0.5098,71,33,0.4648,82,45,0.5488,False
per_day,8,earliest_final,hold_zt3,162,87,0.5370,77,39,0.5065,85,48,0.5647,False
per_day,8,highest_board,hold_close,161,112,0.6957,76,51,0.6711,85,61,0.7176,False
per_day,8,highest_board,hold_flat,161,112,0.6957,76,51,0.6711,85,61,0.7176,False
per_day,8,highest_board,hold_touch3,161,115,0.7143,76,51,0.6711,85,64,0.7529,False
per_day,8,highest_board,maxc3,161,128,0.7950,76,58,0.7632,85,70,0.8235,False
per_day,8,highest_board,open_up,149,73,0.4899,71,33,0.4648,78,40,0.5128,False
per_day,8,highest_board,open_flat,149,89,0.5973,71,41,0.5775,78,48,0.6154,False
per_day,8,highest_board,touch3,149,103,0.6913,71,46,0.6479,78,57,0.7308,False
per_day,8,highest_board,open_zt3,149,85,0.5705,71,38,0.5352,78,47,0.6026,False
per_day,8,highest_board,hold_zt3,162,97,0.5988,77,43,0.5584,85,54,0.6353,False
per_day,8,lowest_board,hold_close,162,110,0.6790,77,52,0.6753,85,58,0.6824,False
per_day,8,lowest_board,hold_flat,162,112,0.6914,77,53,0.6883,85,59,0.6941,False
per_day,8,lowest_board,hold_touch3,162,92,0.5679,77,43,0.5584,85,49,0.5765,False
per_day,8,lowest_board,maxc3,162,125,0.7716,77,60,0.7792,85,65,0.7647,False
per_day,8,lowest_board,open_up,147,75,0.5102,68,34,0.5000,79,41,0.5190,False
per_day,8,lowest_board,open_flat,147,83,0.5646,68,38,0.5588,79,45,0.5696,False
per_day,8,lowest_board,touch3,147,78,0.5306,68,35,0.5147,79,43,0.5443,False
per_day,8,lowest_board,open_zt3,147,65,0.4422,68,28,0.4118,79,37,0.4684,False
per_day,8,lowest_board,hold_zt3,162,80,0.4938,77,37,0.4805,85,43,0.5059,False
per_day,8,board2_strongest,hold_close,142,96,0.6761,65,44,0.6769,77,52,0.6753,False
per_day,8,board2_strongest,hold_flat,142,98,0.6901,65,45,0.6923,77,53,0.6883,False
per_day,8,board2_strongest,hold_touch3,142,78,0.5493,65,35,0.5385,77,43,0.5584,False
per_day,8,board2_strongest,maxc3,142,108,0.7606,65,50,0.7692,77,58,0.7532,False
per_day,8,board2_strongest,open_up,128,65,0.5078,57,29,0.5088,71,36,0.5070,False
per_day,8,board2_strongest,open_flat,128,71,0.5547,57,31,0.5439,71,40,0.5634,False
per_day,8,board2_strongest,touch3,128,64,0.5000,57,27,0.4737,71,37,0.5211,False
per_day,8,board2_strongest,open_zt3,128,53,0.4141,57,22,0.3860,71,31,0.4366,False
per_day,8,board2_strongest,hold_zt3,142,67,0.4718,65,30,0.4615,77,37,0.4805,False
per_day,8,board3_strongest,hold_close,71,48,0.6761,32,22,0.6875,39,26,0.6667,False
per_day,8,board3_strongest,hold_flat,71,48,0.6761,32,22,0.6875,39,26,0.6667,False
per_day,8,board3_strongest,hold_touch3,71,46,0.6479,32,21,0.6562,39,25,0.6410,False
per_day,8,board3_strongest,maxc3,71,58,0.8169,32,26,0.8125,39,32,0.8205,False
per_day,8,board3_strongest,open_up,69,30,0.4348,31,15,0.4839,38,15,0.3947,False
per_day,8,board3_strongest,open_flat,69,37,0.5362,31,19,0.6129,38,18,0.4737,False
per_day,8,board3_strongest,touch3,69,45,0.6522,31,21,0.6774,38,24,0.6316,False
per_day,8,board3_strongest,open_zt3,69,34,0.4928,31,15,0.4839,38,19,0.5000,False
per_day,8,board3_strongest,hold_zt3,71,36,0.5070,32,16,0.5000,39,20,0.5128,False
per_day,8,board4_strongest,hold_close,40,26,0.6500,22,14,0.6364,18,12,0.6667,False
per_day,8,board4_strongest,hold_flat,40,26,0.6500,22,14,0.6364,18,12,0.6667,False
per_day,8,board4_strongest,hold_touch3,40,25,0.6250,22,11,0.5000,18,14,0.7778,False
per_day,8,board4_strongest,maxc3,40,29,0.7250,22,16,0.7273,18,13,0.7222,False
per_day,8,board4_strongest,open_up,35,13,0.3714,20,6,0.3000,15,7,0.4667,False
per_day,8,board4_strongest,open_flat,35,21,0.6000,20,10,0.5000,15,11,0.7333,False
per_day,8,board4_strongest,touch3,35,20,0.5714,20,9,0.4500,15,11,0.7333,False
per_day,8,board4_strongest,open_zt3,35,17,0.4857,20,8,0.4000,15,9,0.6000,False
per_day,8,board4_strongest,hold_zt3,40,22,0.5500,22,10,0.4545,18,12,0.6667,False
per_day,8,board5p_strongest,hold_close,39,28,0.7179,23,15,0.6522,16,13,0.8125,False
per_day,8,board5p_strongest,hold_flat,39,28,0.7179,23,15,0.6522,16,13,0.8125,False
per_day,8,board5p_strongest,hold_touch3,39,29,0.7436,23,17,0.7391,16,12,0.7500,False
per_day,8,board5p_strongest,maxc3,39,30,0.7692,23,15,0.6522,16,15,0.9375,False
per_day,8,board5p_strongest,open_up,37,19,0.5135,22,10,0.4545,15,9,0.6000,False
per_day,8,board5p_strongest,open_flat,37,24,0.6486,22,14,0.6364,15,10,0.6667,False
per_day,8,board5p_strongest,touch3,37,27,0.7297,22,16,0.7273,15,11,0.7333,False
per_day,8,board5p_strongest,open_zt3,37,24,0.6486,22,15,0.6818,15,9,0.6000,False
per_day,8,board5p_strongest,hold_zt3,39,26,0.6667,23,16,0.6957,16,10,0.6250,False
per_day,8,board2_earliest,hold_close,142,88,0.6197,65,42,0.6462,77,46,0.5974,False
per_day,8,board2_earliest,hold_flat,142,89,0.6268,65,42,0.6462,77,47,0.6104,False
per_day,8,board2_earliest,hold_touch3,142,77,0.5423,65,36,0.5538,77,41,0.5325,False
per_day,8,board2_earliest,maxc3,142,108,0.7606,65,51,0.7846,77,57,0.7403,False
per_day,8,board2_earliest,open_up,137,63,0.4599,62,30,0.4839,75,33,0.4400,False
per_day,8,board2_earliest,open_flat,137,74,0.5401,62,36,0.5806,75,38,0.5067,False
per_day,8,board2_earliest,touch3,137,72,0.5255,62,33,0.5323,75,39,0.5200,False
per_day,8,board2_earliest,open_zt3,137,56,0.4088,62,26,0.4194,75,30,0.4000,False
per_day,8,board2_earliest,hold_zt3,142,61,0.4296,65,29,0.4462,77,32,0.4156,False
per_day,8,board3_earliest,hold_close,71,46,0.6479,32,21,0.6562,39,25,0.6410,False
per_day,8,board3_earliest,hold_flat,71,46,0.6479,32,21,0.6562,39,25,0.6410,False
per_day,8,board3_earliest,hold_touch3,71,47,0.6620,32,22,0.6875,39,25,0.6410,False
per_day,8,board3_earliest,maxc3,71,55,0.7746,32,24,0.7500,39,31,0.7949,False
per_day,8,board3_earliest,open_up,68,27,0.3971,30,12,0.4000,38,15,0.3947,False
per_day,8,board3_earliest,open_flat,68,37,0.5441,30,19,0.6333,38,18,0.4737,False
per_day,8,board3_earliest,touch3,68,45,0.6618,30,21,0.7000,38,24,0.6316,False
per_day,8,board3_earliest,open_zt3,68,35,0.5147,30,16,0.5333,38,19,0.5000,False
per_day,8,board3_earliest,hold_zt3,71,38,0.5352,32,18,0.5625,39,20,0.5128,False
per_day,8,cihigh_strongest,hold_close,48,28,0.5833,18,9,0.5000,30,19,0.6333,False
per_day,8,cihigh_strongest,hold_flat,48,28,0.5833,18,9,0.5000,30,19,0.6333,False
per_day,8,cihigh_strongest,hold_touch3,48,28,0.5833,18,10,0.5556,30,18,0.6000,False
per_day,8,cihigh_strongest,maxc3,48,33,0.6875,18,11,0.6111,30,22,0.7333,False
per_day,8,cihigh_strongest,open_up,45,22,0.4889,17,4,0.2353,28,18,0.6429,False
per_day,8,cihigh_strongest,open_flat,45,23,0.5111,17,4,0.2353,28,19,0.6786,False
per_day,8,cihigh_strongest,touch3,45,25,0.5556,17,9,0.5294,28,16,0.5714,False
per_day,8,cihigh_strongest,open_zt3,45,17,0.3778,17,4,0.2353,28,13,0.4643,False
per_day,8,cihigh_strongest,hold_zt3,48,20,0.4167,18,5,0.2778,30,15,0.5000,False
per_day,8,mid_strongest,hold_close,155,106,0.6839,74,49,0.6622,81,57,0.7037,False
per_day,8,mid_strongest,hold_flat,155,107,0.6903,74,50,0.6757,81,57,0.7037,False
per_day,8,mid_strongest,hold_touch3,155,94,0.6065,74,42,0.5676,81,52,0.6420,False
per_day,8,mid_strongest,maxc3,155,122,0.7871,74,57,0.7703,81,65,0.8025,False
per_day,8,mid_strongest,open_up,140,65,0.4643,65,31,0.4769,75,34,0.4533,False
per_day,8,mid_strongest,open_flat,140,76,0.5429,65,35,0.5385,75,41,0.5467,False
per_day,8,mid_strongest,touch3,140,80,0.5714,65,34,0.5231,75,46,0.6133,False
per_day,8,mid_strongest,open_zt3,140,67,0.4786,65,28,0.4308,75,39,0.5200,False
per_day,8,mid_strongest,hold_zt3,155,82,0.5290,74,37,0.5000,81,45,0.5556,False
per_day,8,newh_strongest,hold_close,52,34,0.6538,19,10,0.5263,33,24,0.7273,False
per_day,8,newh_strongest,hold_flat,52,34,0.6538,19,10,0.5263,33,24,0.7273,False
per_day,8,newh_strongest,hold_touch3,52,34,0.6538,19,8,0.4211,33,26,0.7879,False
per_day,8,newh_strongest,maxc3,52,38,0.7308,19,10,0.5263,33,28,0.8485,False
per_day,8,newh_strongest,open_up,48,25,0.5208,19,10,0.5263,29,15,0.5172,False
per_day,8,newh_strongest,open_flat,48,31,0.6458,19,12,0.6316,29,19,0.6552,False
per_day,8,newh_strongest,touch3,48,30,0.6250,19,8,0.4211,29,22,0.7586,False
per_day,8,newh_strongest,open_zt3,48,27,0.5625,19,7,0.3684,29,20,0.6897,False
per_day,8,newh_strongest,hold_zt3,53,31,0.5849,20,7,0.3500,33,24,0.7273,False
per_day,8,mid_earliest,hold_close,155,103,0.6645,74,47,0.6351,81,56,0.6914,False
per_day,8,mid_earliest,hold_flat,155,104,0.6710,74,47,0.6351,81,57,0.7037,False
per_day,8,mid_earliest,hold_touch3,155,90,0.5806,74,43,0.5811,81,47,0.5802,False
per_day,8,mid_earliest,maxc3,155,120,0.7742,74,57,0.7703,81,63,0.7778,False
per_day,8,mid_earliest,open_up,148,66,0.4459,69,30,0.4348,79,36,0.4557,False
per_day,8,mid_earliest,open_flat,148,83,0.5608,69,40,0.5797,79,43,0.5443,False
per_day,8,mid_earliest,touch3,148,84,0.5676,69,39,0.5652,79,45,0.5696,False
per_day,8,mid_earliest,open_zt3,148,64,0.4324,69,28,0.4058,79,36,0.4557,False
per_day,8,mid_earliest,hold_zt3,155,71,0.4581,74,33,0.4459,81,38,0.4691,False
per_day,8,cihigh_earliest,hold_close,48,21,0.4375,18,8,0.4444,30,13,0.4333,False
per_day,8,cihigh_earliest,hold_flat,48,22,0.4583,18,8,0.4444,30,14,0.4667,False
per_day,8,cihigh_earliest,hold_touch3,48,24,0.5000,18,9,0.5000,30,15,0.5000,False
per_day,8,cihigh_earliest,maxc3,48,30,0.6250,18,10,0.5556,30,20,0.6667,False
per_day,8,cihigh_earliest,open_up,46,19,0.4130,17,4,0.2353,29,15,0.5172,False
per_day,8,cihigh_earliest,open_flat,46,20,0.4348,17,4,0.2353,29,16,0.5517,False
per_day,8,cihigh_earliest,touch3,46,22,0.4783,17,8,0.4706,29,14,0.4828,False
per_day,8,cihigh_earliest,open_zt3,46,15,0.3261,17,4,0.2353,29,11,0.3793,False
per_day,8,cihigh_earliest,hold_zt3,48,17,0.3542,18,5,0.2778,30,12,0.4000,False
per_day,8,max_amount,hold_close,162,100,0.6173,77,42,0.5455,85,58,0.6824,False
per_day,8,max_amount,hold_flat,162,100,0.6173,77,42,0.5455,85,58,0.6824,False
per_day,8,max_amount,hold_touch3,162,79,0.4877,77,41,0.5325,85,38,0.4471,False
per_day,8,max_amount,maxc3,162,129,0.7963,77,58,0.7532,85,71,0.8353,False
per_day,8,max_amount,open_up,157,82,0.5223,75,39,0.5200,82,43,0.5244,False
per_day,8,max_amount,open_flat,157,91,0.5796,75,45,0.6000,82,46,0.5610,False
per_day,8,max_amount,touch3,157,74,0.4713,75,39,0.5200,82,35,0.4268,False
per_day,8,max_amount,open_zt3,157,55,0.3503,75,27,0.3600,82,28,0.3415,False
per_day,8,max_amount,hold_zt3,162,60,0.3704,77,29,0.3766,85,31,0.3647,False
per_day,8,min_amount,hold_close,162,100,0.6173,77,47,0.6104,85,53,0.6235,False
per_day,8,min_amount,hold_flat,162,100,0.6173,77,47,0.6104,85,53,0.6235,False
per_day,8,min_amount,hold_touch3,162,99,0.6111,77,44,0.5714,85,55,0.6471,False
per_day,8,min_amount,maxc3,162,119,0.7346,77,58,0.7532,85,61,0.7176,False
per_day,8,min_amount,open_up,151,65,0.4305,71,28,0.3944,80,37,0.4625,False
per_day,8,min_amount,open_flat,151,78,0.5166,71,36,0.5070,80,42,0.5250,False
per_day,8,min_amount,touch3,151,90,0.5960,71,40,0.5634,80,50,0.6250,False
per_day,8,min_amount,open_zt3,151,74,0.4901,71,33,0.4648,80,41,0.5125,False
per_day,8,min_amount,hold_zt3,162,85,0.5247,77,39,0.5065,85,46,0.5412,False
per_day,8,max_turn,hold_close,162,91,0.5617,77,40,0.5195,85,51,0.6000,False
per_day,8,max_turn,hold_flat,162,93,0.5741,77,40,0.5195,85,53,0.6235,False
per_day,8,max_turn,hold_touch3,162,84,0.5185,77,40,0.5195,85,44,0.5176,False
per_day,8,max_turn,maxc3,162,117,0.7222,77,52,0.6753,85,65,0.7647,False
per_day,8,max_turn,open_up,156,82,0.5256,74,37,0.5000,82,45,0.5488,False
per_day,8,max_turn,open_flat,156,86,0.5513,74,40,0.5405,82,46,0.5610,False
per_day,8,max_turn,touch3,156,78,0.5000,74,37,0.5000,82,41,0.5000,False
per_day,8,max_turn,open_zt3,156,56,0.3590,74,24,0.3243,82,32,0.3902,False
per_day,8,max_turn,hold_zt3,162,62,0.3827,77,27,0.3506,85,35,0.4118,False
per_day,8,min_turn,hold_close,162,113,0.6975,77,52,0.6753,85,61,0.7176,False
per_day,8,min_turn,hold_flat,162,116,0.7160,77,54,0.7013,85,62,0.7294,False
per_day,8,min_turn,hold_touch3,162,92,0.5679,77,44,0.5714,85,48,0.5647,False
per_day,8,min_turn,maxc3,162,132,0.8148,77,61,0.7922,85,71,0.8353,False
per_day,8,min_turn,open_up,149,72,0.4832,69,32,0.4638,80,40,0.5000,False
per_day,8,min_turn,open_flat,149,84,0.5638,69,39,0.5652,80,45,0.5625,False
per_day,8,min_turn,touch3,149,81,0.5436,69,38,0.5507,80,43,0.5375,False
per_day,8,min_turn,open_zt3,149,64,0.4295,69,30,0.4348,80,34,0.4250,False
per_day,8,min_turn,hold_zt3,162,77,0.4753,77,38,0.4935,85,39,0.4588,False
per_day,8,intact_strongest,hold_close,103,73,0.7087,53,33,0.6226,50,40,0.8000,False
per_day,8,intact_strongest,hold_flat,103,73,0.7087,53,33,0.6226,50,40,0.8000,False
per_day,8,intact_strongest,hold_touch3,103,74,0.7184,53,31,0.5849,50,43,0.8600,False
per_day,8,intact_strongest,maxc3,103,84,0.8155,53,39,0.7358,50,45,0.9000,False
per_day,8,intact_strongest,open_up,94,41,0.4362,46,18,0.3913,48,23,0.4792,False
per_day,8,intact_strongest,open_flat,94,53,0.5638,46,23,0.5000,48,30,0.6250,False
per_day,8,intact_strongest,touch3,94,65,0.6915,46,24,0.5217,48,41,0.8542,False
per_day,8,intact_strongest,open_zt3,94,51,0.5426,46,20,0.4348,48,31,0.6458,False
per_day,8,intact_strongest,hold_zt3,103,60,0.5825,53,27,0.5094,50,33,0.6600,False
per_day,8,intact_earliest,hold_close,103,73,0.7087,53,31,0.5849,50,42,0.8400,False
per_day,8,intact_earliest,hold_flat,103,73,0.7087,53,31,0.5849,50,42,0.8400,False
per_day,8,intact_earliest,hold_touch3,103,73,0.7087,53,32,0.6038,50,41,0.8200,False
per_day,8,intact_earliest,maxc3,103,84,0.8155,53,40,0.7547,50,44,0.8800,False
per_day,8,intact_earliest,open_up,97,43,0.4433,49,20,0.4082,48,23,0.4792,False
per_day,8,intact_earliest,open_flat,97,54,0.5567,49,25,0.5102,48,29,0.6042,False
per_day,8,intact_earliest,touch3,97,69,0.7113,49,30,0.6122,48,39,0.8125,False
per_day,8,intact_earliest,open_zt3,97,45,0.4639,49,19,0.3878,48,26,0.5417,False
per_day,8,intact_earliest,hold_zt3,103,51,0.4951,53,23,0.4340,50,28,0.5600,False
per_day,8,break_strongest,hold_close,52,35,0.6731,20,15,0.7500,32,20,0.6250,False
per_day,8,break_strongest,hold_flat,52,36,0.6923,20,15,0.7500,32,21,0.6562,False
per_day,8,break_strongest,hold_touch3,52,31,0.5962,20,13,0.6500,32,18,0.5625,False
per_day,8,break_strongest,maxc3,52,39,0.7500,20,16,0.8000,32,23,0.7188,False
per_day,8,break_strongest,open_up,47,22,0.4681,19,9,0.4737,28,13,0.4643,False
per_day,8,break_strongest,open_flat,47,26,0.5532,19,11,0.5789,28,15,0.5357,False
per_day,8,break_strongest,touch3,47,26,0.5532,19,12,0.6316,28,14,0.5000,False
per_day,8,break_strongest,open_zt3,47,23,0.4894,19,9,0.4737,28,14,0.5000,False
per_day,8,break_strongest,hold_zt3,52,28,0.5385,20,10,0.5000,32,18,0.5625,False
per_day,8,stock_unbroken_strongest,hold_close,156,105,0.6731,73,47,0.6438,83,58,0.6988,False
per_day,8,stock_unbroken_strongest,hold_flat,156,105,0.6731,73,47,0.6438,83,58,0.6988,False
per_day,8,stock_unbroken_strongest,hold_touch3,156,99,0.6346,73,40,0.5479,83,59,0.7108,False
per_day,8,stock_unbroken_strongest,maxc3,156,121,0.7756,73,56,0.7671,83,65,0.7831,False
per_day,8,stock_unbroken_strongest,open_up,140,59,0.4214,65,24,0.3692,75,35,0.4667,False
per_day,8,stock_unbroken_strongest,open_flat,140,74,0.5286,65,31,0.4769,75,43,0.5733,False
per_day,8,stock_unbroken_strongest,touch3,140,83,0.5929,65,32,0.4923,75,51,0.6800,False
per_day,8,stock_unbroken_strongest,open_zt3,140,71,0.5071,65,27,0.4154,75,44,0.5867,False
per_day,8,stock_unbroken_strongest,hold_zt3,156,87,0.5577,73,35,0.4795,83,52,0.6265,False
per_day,8,stock_broken_strongest,hold_close,65,46,0.7077,26,17,0.6538,39,29,0.7436,False
per_day,8,stock_broken_strongest,hold_flat,65,47,0.7231,26,17,0.6538,39,30,0.7692,False
per_day,8,stock_broken_strongest,hold_touch3,65,30,0.4615,26,14,0.5385,39,16,0.4103,False
per_day,8,stock_broken_strongest,maxc3,65,48,0.7385,26,18,0.6923,39,30,0.7692,False
per_day,8,stock_broken_strongest,open_up,63,34,0.5397,25,13,0.5200,38,21,0.5526,False
per_day,8,stock_broken_strongest,open_flat,63,38,0.6032,25,14,0.5600,38,24,0.6316,False
per_day,8,stock_broken_strongest,touch3,63,28,0.4444,25,13,0.5200,38,15,0.3947,False
per_day,8,stock_broken_strongest,open_zt3,63,22,0.3492,25,10,0.4000,38,12,0.3158,False
per_day,8,stock_broken_strongest,hold_zt3,65,24,0.3692,26,11,0.4231,39,13,0.3333,False
per_day,8,stock_unbroken_earliest,hold_close,156,99,0.6346,73,42,0.5753,83,57,0.6867,False
per_day,8,stock_unbroken_earliest,hold_flat,156,100,0.6410,73,42,0.5753,83,58,0.6988,False
per_day,8,stock_unbroken_earliest,hold_touch3,156,95,0.6090,73,40,0.5479,83,55,0.6627,False
per_day,8,stock_unbroken_earliest,maxc3,156,119,0.7628,73,54,0.7397,83,65,0.7831,False
per_day,8,stock_unbroken_earliest,open_up,145,61,0.4207,68,26,0.3824,77,35,0.4545,False
per_day,8,stock_unbroken_earliest,open_flat,145,76,0.5241,68,34,0.5000,77,42,0.5455,False
per_day,8,stock_unbroken_earliest,touch3,145,86,0.5931,68,37,0.5441,77,49,0.6364,False
per_day,8,stock_unbroken_earliest,open_zt3,145,67,0.4621,68,29,0.4265,77,38,0.4935,False
per_day,8,stock_unbroken_earliest,hold_zt3,156,78,0.5000,73,34,0.4658,83,44,0.5301,False
per_day,8,H_strongest,hold_close,52,34,0.6538,19,10,0.5263,33,24,0.7273,False
per_day,8,H_strongest,hold_flat,52,34,0.6538,19,10,0.5263,33,24,0.7273,False
per_day,8,H_strongest,hold_touch3,52,34,0.6538,19,8,0.4211,33,26,0.7879,False
per_day,8,H_strongest,maxc3,52,38,0.7308,19,10,0.5263,33,28,0.8485,False
per_day,8,H_strongest,open_up,48,25,0.5208,19,10,0.5263,29,15,0.5172,False
per_day,8,H_strongest,open_flat,48,31,0.6458,19,12,0.6316,29,19,0.6552,False
per_day,8,H_strongest,touch3,48,30,0.6250,19,8,0.4211,29,22,0.7586,False
per_day,8,H_strongest,open_zt3,48,27,0.5625,19,7,0.3684,29,20,0.6897,False
per_day,8,H_strongest,hold_zt3,53,31,0.5849,20,7,0.3500,33,24,0.7273,False
per_day,8,Hm1_strongest,hold_close,48,28,0.5833,18,9,0.5000,30,19,0.6333,False
per_day,8,Hm1_strongest,hold_flat,48,28,0.5833,18,9,0.5000,30,19,0.6333,False
per_day,8,Hm1_strongest,hold_touch3,48,28,0.5833,18,10,0.5556,30,18,0.6000,False
per_day,8,Hm1_strongest,maxc3,48,33,0.6875,18,11,0.6111,30,22,0.7333,False
per_day,8,Hm1_strongest,open_up,45,22,0.4889,17,4,0.2353,28,18,0.6429,False
per_day,8,Hm1_strongest,open_flat,45,23,0.5111,17,4,0.2353,28,19,0.6786,False
per_day,8,Hm1_strongest,touch3,45,25,0.5556,17,9,0.5294,28,16,0.5714,False
per_day,8,Hm1_strongest,open_zt3,45,17,0.3778,17,4,0.2353,28,13,0.4643,False
per_day,8,Hm1_strongest,hold_zt3,48,20,0.4167,18,5,0.2778,30,15,0.5000,False
per_day,8,belowH_strongest,hold_close,157,109,0.6943,74,49,0.6622,83,60,0.7229,False
per_day,8,belowH_strongest,hold_flat,157,109,0.6943,74,49,0.6622,83,60,0.7229,False
per_day,8,belowH_strongest,hold_touch3,157,99,0.6306,74,46,0.6216,83,53,0.6386,False
per_day,8,belowH_strongest,maxc3,157,124,0.7898,74,58,0.7838,83,66,0.7952,False
per_day,8,belowH_strongest,open_up,142,65,0.4577,65,26,0.4000,77,39,0.5065,False
per_day,8,belowH_strongest,open_flat,142,79,0.5563,65,33,0.5077,77,46,0.5974,False
per_day,8,belowH_strongest,touch3,142,84,0.5915,65,37,0.5692,77,47,0.6104,False
per_day,8,belowH_strongest,open_zt3,142,69,0.4859,65,30,0.4615,77,39,0.5065,False
per_day,8,belowH_strongest,hold_zt3,157,84,0.5350,74,39,0.5270,83,45,0.5422,False
per_day,8,ge3_strongest,hold_close,103,75,0.7282,48,34,0.7083,55,41,0.7455,False
per_day,8,ge3_strongest,hold_flat,103,75,0.7282,48,34,0.7083,55,41,0.7455,False
per_day,8,ge3_strongest,hold_touch3,103,77,0.7476,48,34,0.7083,55,43,0.7818,False
per_day,8,ge3_strongest,maxc3,103,84,0.8155,48,37,0.7708,55,47,0.8545,False
per_day,8,ge3_strongest,open_up,96,43,0.4479,45,19,0.4222,51,24,0.4706,False
per_day,8,ge3_strongest,open_flat,96,58,0.6042,45,27,0.6000,51,31,0.6078,False
per_day,8,ge3_strongest,touch3,96,70,0.7292,45,31,0.6889,51,39,0.7647,False
per_day,8,ge3_strongest,open_zt3,96,55,0.5729,45,24,0.5333,51,31,0.6078,False
per_day,8,ge3_strongest,hold_zt3,103,62,0.6019,48,27,0.5625,55,35,0.6364,False
per_day,8,ge3_earliest,hold_close,103,72,0.6990,48,33,0.6875,55,39,0.7091,False
per_day,8,ge3_earliest,hold_flat,103,72,0.6990,48,33,0.6875,55,39,0.7091,False
per_day,8,ge3_earliest,hold_touch3,103,75,0.7282,48,33,0.6875,55,42,0.7636,False
per_day,8,ge3_earliest,maxc3,103,84,0.8155,48,37,0.7708,55,47,0.8545,False
per_day,8,ge3_earliest,open_up,95,43,0.4526,43,20,0.4651,52,23,0.4423,False
per_day,8,ge3_earliest,open_flat,95,55,0.5789,43,25,0.5814,52,30,0.5769,False
per_day,8,ge3_earliest,touch3,95,69,0.7263,43,30,0.6977,52,39,0.7500,False
per_day,8,ge3_earliest,open_zt3,95,54,0.5684,43,23,0.5349,52,31,0.5962,False
per_day,8,ge3_earliest,hold_zt3,103,62,0.6019,48,28,0.5833,55,34,0.6182,False
per_day,8,ge4_strongest,hold_close,66,49,0.7424,36,25,0.6944,30,24,0.8000,False
per_day,8,ge4_strongest,hold_flat,66,49,0.7424,36,25,0.6944,30,24,0.8000,False
per_day,8,ge4_strongest,hold_touch3,66,49,0.7424,36,25,0.6944,30,24,0.8000,False
per_day,8,ge4_strongest,maxc3,66,53,0.8030,36,27,0.7500,30,26,0.8667,False
per_day,8,ge4_strongest,open_up,59,27,0.4576,33,13,0.3939,26,14,0.5385,False
per_day,8,ge4_strongest,open_flat,59,40,0.6780,33,21,0.6364,26,19,0.7308,False
per_day,8,ge4_strongest,touch3,59,42,0.7119,33,22,0.6667,26,20,0.7692,False
per_day,8,ge4_strongest,open_zt3,59,36,0.6102,33,19,0.5758,26,17,0.6538,False
per_day,8,ge4_strongest,hold_zt3,66,43,0.6515,36,22,0.6111,30,21,0.7000,False
per_day,8,ge4_earliest,hold_close,66,46,0.6970,36,23,0.6389,30,23,0.7667,False
per_day,8,ge4_earliest,hold_flat,66,46,0.6970,36,23,0.6389,30,23,0.7667,False
per_day,8,ge4_earliest,hold_touch3,66,47,0.7121,36,24,0.6667,30,23,0.7667,False
per_day,8,ge4_earliest,maxc3,66,51,0.7727,36,25,0.6944,30,26,0.8667,False
per_day,8,ge4_earliest,open_up,59,27,0.4576,32,14,0.4375,27,13,0.4815,False
per_day,8,ge4_earliest,open_flat,59,38,0.6441,32,19,0.5938,27,19,0.7037,False
per_day,8,ge4_earliest,touch3,59,41,0.6949,32,21,0.6562,27,20,0.7407,False
per_day,8,ge4_earliest,open_zt3,59,35,0.5932,32,18,0.5625,27,17,0.6296,False
per_day,8,ge4_earliest,hold_zt3,66,42,0.6364,36,22,0.6111,30,20,0.6667,False
per_day,8,ge4_unopened,hold_close,31,24,0.7742,19,14,0.7368,12,10,0.8333,False
per_day,8,ge4_unopened,hold_flat,31,24,0.7742,19,14,0.7368,12,10,0.8333,False
per_day,8,ge4_unopened,hold_touch3,31,22,0.7097,19,13,0.6842,12,9,0.7500,False
per_day,8,ge4_unopened,maxc3,31,26,0.8387,19,16,0.8421,12,10,0.8333,False
per_day,8,ge4_unopened,open_up,28,13,0.4643,18,8,0.4444,10,5,0.5000,False
per_day,8,ge4_unopened,open_flat,28,19,0.6786,18,11,0.6111,10,8,0.8000,False
per_day,8,ge4_unopened,touch3,28,19,0.6786,18,12,0.6667,10,7,0.7000,False
per_day,8,ge4_unopened,open_zt3,28,16,0.5714,18,9,0.5000,10,7,0.7000,False
per_day,8,ge4_unopened,hold_zt3,31,19,0.6129,19,10,0.5263,12,9,0.7500,False
per_day,8,ge3_unopened,hold_close,53,36,0.6792,26,18,0.6923,27,18,0.6667,False
per_day,8,ge3_unopened,hold_flat,53,36,0.6792,26,18,0.6923,27,18,0.6667,False
per_day,8,ge3_unopened,hold_touch3,53,40,0.7547,26,17,0.6538,27,23,0.8519,False
per_day,8,ge3_unopened,maxc3,53,43,0.8113,26,20,0.7692,27,23,0.8519,False
per_day,8,ge3_unopened,open_up,50,20,0.4000,25,11,0.4400,25,9,0.3600,False
per_day,8,ge3_unopened,open_flat,50,26,0.5200,25,14,0.5600,25,12,0.4800,False
per_day,8,ge3_unopened,touch3,50,37,0.7400,25,16,0.6400,25,21,0.8400,False
per_day,8,ge3_unopened,open_zt3,50,30,0.6000,25,12,0.4800,25,18,0.7200,False
per_day,8,ge3_unopened,hold_zt3,53,33,0.6226,26,13,0.5000,27,20,0.7407,False
per_day,8,suc_strongest,hold_close,161,95,0.5901,76,44,0.5789,85,51,0.6000,False
per_day,8,suc_strongest,hold_flat,161,96,0.5963,76,44,0.5789,85,52,0.6118,False
per_day,8,suc_strongest,hold_touch3,161,81,0.5031,76,42,0.5526,85,39,0.4588,False
per_day,8,suc_strongest,maxc3,161,116,0.7205,76,55,0.7237,85,61,0.7176,False
per_day,8,suc_strongest,open_up,151,72,0.4768,71,33,0.4648,80,39,0.4875,False
per_day,8,suc_strongest,open_flat,151,78,0.5166,71,37,0.5211,80,41,0.5125,False
per_day,8,suc_strongest,touch3,151,71,0.4702,71,37,0.5211,80,34,0.4250,False
per_day,8,suc_strongest,open_zt3,151,52,0.3444,71,28,0.3944,80,24,0.3000,False
per_day,8,suc_strongest,hold_zt3,161,62,0.3851,76,33,0.4342,85,29,0.3412,False
per_day,8,early_strongest,hold_close,147,103,0.7007,73,47,0.6438,74,56,0.7568,False
per_day,8,early_strongest,hold_flat,147,103,0.7007,73,47,0.6438,74,56,0.7568,False
per_day,8,early_strongest,hold_touch3,147,103,0.7007,73,45,0.6164,74,58,0.7838,False
per_day,8,early_strongest,maxc3,147,118,0.8027,73,56,0.7671,74,62,0.8378,False
per_day,8,early_strongest,open_up,131,57,0.4351,64,25,0.3906,67,32,0.4776,False
per_day,8,early_strongest,open_flat,131,74,0.5649,64,33,0.5156,67,41,0.6119,False
per_day,8,early_strongest,touch3,131,88,0.6718,64,37,0.5781,67,51,0.7612,False
per_day,8,early_strongest,open_zt3,131,71,0.5420,64,29,0.4531,67,42,0.6269,False
per_day,8,early_strongest,hold_zt3,147,87,0.5918,73,38,0.5205,74,49,0.6622,False
per_day,8,huanshou_strongest,hold_close,160,106,0.6625,76,49,0.6447,84,57,0.6786,False
per_day,8,huanshou_strongest,hold_flat,160,107,0.6687,76,50,0.6579,84,57,0.6786,False
per_day,8,huanshou_strongest,hold_touch3,160,102,0.6375,76,44,0.5789,84,58,0.6905,False
per_day,8,huanshou_strongest,maxc3,160,120,0.7500,76,56,0.7368,84,64,0.7619,False
per_day,8,huanshou_strongest,open_up,147,66,0.4490,68,29,0.4265,79,37,0.4684,False
per_day,8,huanshou_strongest,open_flat,147,81,0.5510,68,36,0.5294,79,45,0.5696,False
per_day,8,huanshou_strongest,touch3,147,89,0.6054,68,36,0.5294,79,53,0.6709,False
per_day,8,huanshou_strongest,open_zt3,147,68,0.4626,68,27,0.3971,79,41,0.5190,False
per_day,8,huanshou_strongest,hold_zt3,160,81,0.5062,76,35,0.4605,84,46,0.5476,False
per_day,8,tzi_strongest,hold_close,51,33,0.6471,27,16,0.5926,24,17,0.7083,False
per_day,8,tzi_strongest,hold_flat,51,33,0.6471,27,16,0.5926,24,17,0.7083,False
per_day,8,tzi_strongest,hold_touch3,51,31,0.6078,27,15,0.5556,24,16,0.6667,False
per_day,8,tzi_strongest,maxc3,51,41,0.8039,27,20,0.7407,24,21,0.8750,False
per_day,8,tzi_strongest,open_up,45,18,0.4000,24,8,0.3333,21,10,0.4762,False
per_day,8,tzi_strongest,open_flat,45,23,0.5111,24,11,0.4583,21,12,0.5714,False
per_day,8,tzi_strongest,touch3,45,25,0.5556,24,12,0.5000,21,13,0.6190,False
per_day,8,tzi_strongest,open_zt3,45,24,0.5333,24,10,0.4167,21,14,0.6667,False
per_day,8,tzi_strongest,hold_zt3,51,30,0.5882,27,13,0.4815,24,17,0.7083,False
per_theme_day,8,earliest_seal,hold_close,281,179,0.6370,119,73,0.6134,162,106,0.6543,False
per_theme_day,8,earliest_seal,hold_flat,281,182,0.6477,119,73,0.6134,162,109,0.6728,False
per_theme_day,8,earliest_seal,hold_touch3,281,166,0.5907,119,73,0.6134,162,93,0.5741,False
per_theme_day,8,earliest_seal,maxc3,281,214,0.7616,119,88,0.7395,162,126,0.7778,False
per_theme_day,8,earliest_seal,open_up,262,110,0.4198,110,44,0.4000,152,66,0.4342,False
per_theme_day,8,earliest_seal,open_flat,262,138,0.5267,110,58,0.5273,152,80,0.5263,False
per_theme_day,8,earliest_seal,touch3,262,149,0.5687,110,66,0.6000,152,83,0.5461,False
per_theme_day,8,earliest_seal,open_zt3,262,112,0.4275,110,47,0.4273,152,65,0.4276,False
per_theme_day,8,earliest_seal,hold_zt3,281,131,0.4662,119,56,0.4706,162,75,0.4630,False
per_theme_day,8,latest_seal,hold_close,280,166,0.5929,118,59,0.5000,162,107,0.6605,False
per_theme_day,8,latest_seal,hold_flat,280,168,0.6000,118,59,0.5000,162,109,0.6728,False
per_theme_day,8,latest_seal,hold_touch3,280,135,0.4821,118,58,0.4915,162,77,0.4753,False
per_theme_day,8,latest_seal,maxc3,280,200,0.7143,118,77,0.6525,162,123,0.7593,False
per_theme_day,8,latest_seal,open_up,269,140,0.5204,113,51,0.4513,156,89,0.5705,False
per_theme_day,8,latest_seal,open_flat,269,148,0.5502,113,56,0.4956,156,92,0.5897,False
per_theme_day,8,latest_seal,touch3,269,124,0.4610,113,53,0.4690,156,71,0.4551,False
per_theme_day,8,latest_seal,open_zt3,269,97,0.3606,113,41,0.3628,156,56,0.3590,False
per_theme_day,8,latest_seal,hold_zt3,281,108,0.3843,119,46,0.3866,162,62,0.3827,False
per_theme_day,8,strongest_seal,hold_close,281,181,0.6441,119,75,0.6303,162,106,0.6543,False
per_theme_day,8,strongest_seal,hold_flat,281,184,0.6548,119,75,0.6303,162,109,0.6728,False
per_theme_day,8,strongest_seal,hold_touch3,281,169,0.6014,119,71,0.5966,162,98,0.6049,False
per_theme_day,8,strongest_seal,maxc3,281,213,0.7580,119,90,0.7563,162,123,0.7593,False
per_theme_day,8,strongest_seal,open_up,256,113,0.4414,106,44,0.4151,150,69,0.4600,False
per_theme_day,8,strongest_seal,open_flat,256,136,0.5312,106,54,0.5094,150,82,0.5467,False
per_theme_day,8,strongest_seal,touch3,256,145,0.5664,106,59,0.5566,150,86,0.5733,False
per_theme_day,8,strongest_seal,open_zt3,256,118,0.4609,106,48,0.4528,150,70,0.4667,False
per_theme_day,8,strongest_seal,hold_zt3,281,143,0.5089,119,61,0.5126,162,82,0.5062,False
per_theme_day,8,weakest_seal,hold_close,280,160,0.5714,118,64,0.5424,162,96,0.5926,False
per_theme_day,8,weakest_seal,hold_flat,280,162,0.5786,118,64,0.5424,162,98,0.6049,False
per_theme_day,8,weakest_seal,hold_touch3,280,134,0.4786,118,58,0.4915,162,76,0.4691,False
per_theme_day,8,weakest_seal,maxc3,280,201,0.7179,118,79,0.6695,162,122,0.7531,False
per_theme_day,8,weakest_seal,open_up,269,139,0.5167,113,55,0.4867,156,84,0.5385,False
per_theme_day,8,weakest_seal,open_flat,269,151,0.5613,113,64,0.5664,156,87,0.5577,False
per_theme_day,8,weakest_seal,touch3,269,123,0.4572,113,53,0.4690,156,70,0.4487,False
per_theme_day,8,weakest_seal,open_zt3,269,100,0.3717,113,45,0.3982,156,55,0.3526,False
per_theme_day,8,weakest_seal,hold_zt3,281,111,0.3950,119,50,0.4202,162,61,0.3765,False
per_theme_day,8,fewest_opens,hold_close,281,186,0.6619,119,76,0.6387,162,110,0.6790,False
per_theme_day,8,fewest_opens,hold_flat,281,189,0.6726,119,76,0.6387,162,113,0.6975,False
per_theme_day,8,fewest_opens,hold_touch3,281,169,0.6014,119,68,0.5714,162,101,0.6235,False
per_theme_day,8,fewest_opens,maxc3,281,218,0.7758,119,90,0.7563,162,128,0.7901,False
per_theme_day,8,fewest_opens,open_up,260,122,0.4692,109,48,0.4404,151,74,0.4901,False
per_theme_day,8,fewest_opens,open_flat,260,144,0.5538,109,59,0.5413,151,85,0.5629,False
per_theme_day,8,fewest_opens,touch3,260,149,0.5731,109,59,0.5413,151,90,0.5960,False
per_theme_day,8,fewest_opens,open_zt3,260,115,0.4423,109,42,0.3853,151,73,0.4834,False
per_theme_day,8,fewest_opens,hold_zt3,281,136,0.4840,119,52,0.4370,162,84,0.5185,False
per_theme_day,8,unopened_strongest,hold_close,174,118,0.6782,76,51,0.6711,98,67,0.6837,False
per_theme_day,8,unopened_strongest,hold_flat,174,119,0.6839,76,51,0.6711,98,68,0.6939,False
per_theme_day,8,unopened_strongest,hold_touch3,174,113,0.6494,76,46,0.6053,98,67,0.6837,False
per_theme_day,8,unopened_strongest,maxc3,174,135,0.7759,76,57,0.7500,98,78,0.7959,False
per_theme_day,8,unopened_strongest,open_up,158,70,0.4430,67,26,0.3881,91,44,0.4835,False
per_theme_day,8,unopened_strongest,open_flat,158,85,0.5380,67,34,0.5075,91,51,0.5604,False
per_theme_day,8,unopened_strongest,touch3,158,97,0.6139,67,37,0.5522,91,60,0.6593,False
per_theme_day,8,unopened_strongest,open_zt3,158,72,0.4557,67,24,0.3582,91,48,0.5275,False
per_theme_day,8,unopened_strongest,hold_zt3,174,88,0.5057,76,33,0.4342,98,55,0.5612,False
per_theme_day,8,unopened_earliest,hold_close,174,119,0.6839,76,51,0.6711,98,68,0.6939,False
per_theme_day,8,unopened_earliest,hold_flat,174,121,0.6954,76,52,0.6842,98,69,0.7041,False
per_theme_day,8,unopened_earliest,hold_touch3,174,108,0.6207,76,44,0.5789,98,64,0.6531,False
per_theme_day,8,unopened_earliest,maxc3,174,135,0.7759,76,56,0.7368,98,79,0.8061,False
per_theme_day,8,unopened_earliest,open_up,160,71,0.4437,69,28,0.4058,91,43,0.4725,False
per_theme_day,8,unopened_earliest,open_flat,160,88,0.5500,69,37,0.5362,91,51,0.5604,False
per_theme_day,8,unopened_earliest,touch3,160,94,0.5875,69,37,0.5362,91,57,0.6264,False
per_theme_day,8,unopened_earliest,open_zt3,160,70,0.4375,69,25,0.3623,91,45,0.4945,False
per_theme_day,8,unopened_earliest,hold_zt3,174,84,0.4828,76,32,0.4211,98,52,0.5306,False
per_theme_day,8,opened_strongest,hold_close,228,148,0.6491,100,60,0.6000,128,88,0.6875,False
per_theme_day,8,opened_strongest,hold_flat,228,150,0.6579,100,60,0.6000,128,90,0.7031,False
per_theme_day,8,opened_strongest,hold_touch3,228,122,0.5351,100,55,0.5500,128,67,0.5234,False
per_theme_day,8,opened_strongest,maxc3,228,174,0.7632,100,76,0.7600,128,98,0.7656,False
per_theme_day,8,opened_strongest,open_up,211,106,0.5024,90,41,0.4556,121,65,0.5372,False
per_theme_day,8,opened_strongest,open_flat,211,119,0.5640,90,47,0.5222,121,72,0.5950,False
per_theme_day,8,opened_strongest,touch3,211,107,0.5071,90,47,0.5222,121,60,0.4959,False
per_theme_day,8,opened_strongest,open_zt3,211,88,0.4171,90,38,0.4222,121,50,0.4132,False
per_theme_day,8,opened_strongest,hold_zt3,228,105,0.4605,100,48,0.4800,128,57,0.4453,False
per_theme_day,8,fanbao_strongest,hold_close,44,29,0.6591,1,0,0.0000,43,29,0.6744,False
per_theme_day,8,fanbao_strongest,hold_flat,44,29,0.6591,1,0,0.0000,43,29,0.6744,False
per_theme_day,8,fanbao_strongest,hold_touch3,44,16,0.3636,1,0,0.0000,43,16,0.3721,False
per_theme_day,8,fanbao_strongest,maxc3,44,32,0.7273,1,0,0.0000,43,32,0.7442,False
per_theme_day,8,fanbao_strongest,open_up,43,21,0.4884,1,0,0.0000,42,21,0.5000,False
per_theme_day,8,fanbao_strongest,open_flat,43,25,0.5814,1,0,0.0000,42,25,0.5952,False
per_theme_day,8,fanbao_strongest,touch3,43,15,0.3488,1,0,0.0000,42,15,0.3571,False
per_theme_day,8,fanbao_strongest,open_zt3,43,15,0.3488,1,0,0.0000,42,15,0.3571,False
per_theme_day,8,fanbao_strongest,hold_zt3,44,16,0.3636,1,0,0.0000,43,16,0.3721,False
per_theme_day,8,earliest_final,hold_close,281,187,0.6655,119,76,0.6387,162,111,0.6852,False
per_theme_day,8,earliest_final,hold_flat,281,189,0.6726,119,77,0.6471,162,112,0.6914,False
per_theme_day,8,earliest_final,hold_touch3,281,168,0.5979,119,72,0.6050,162,96,0.5926,False
per_theme_day,8,earliest_final,maxc3,281,220,0.7829,119,91,0.7647,162,129,0.7963,False
per_theme_day,8,earliest_final,open_up,262,117,0.4466,110,46,0.4182,152,71,0.4671,False
per_theme_day,8,earliest_final,open_flat,262,145,0.5534,110,60,0.5455,152,85,0.5592,False
per_theme_day,8,earliest_final,touch3,262,149,0.5687,110,63,0.5727,152,86,0.5658,False
per_theme_day,8,earliest_final,open_zt3,262,115,0.4389,110,47,0.4273,152,68,0.4474,False
per_theme_day,8,earliest_final,hold_zt3,281,134,0.4769,119,56,0.4706,162,78,0.4815,False
per_theme_day,8,highest_board,hold_close,280,175,0.6250,118,72,0.6102,162,103,0.6358,False
per_theme_day,8,highest_board,hold_flat,280,178,0.6357,118,72,0.6102,162,106,0.6543,False
per_theme_day,8,highest_board,hold_touch3,280,171,0.6107,118,72,0.6102,162,99,0.6111,False
per_theme_day,8,highest_board,maxc3,280,210,0.7500,118,86,0.7288,162,124,0.7654,False
per_theme_day,8,highest_board,open_up,261,117,0.4483,109,47,0.4312,152,70,0.4605,False
per_theme_day,8,highest_board,open_flat,261,140,0.5364,109,58,0.5321,152,82,0.5395,False
per_theme_day,8,highest_board,touch3,261,154,0.5900,109,65,0.5963,152,89,0.5855,False
per_theme_day,8,highest_board,open_zt3,261,120,0.4598,109,52,0.4771,152,68,0.4474,False
per_theme_day,8,highest_board,hold_zt3,281,139,0.4947,119,61,0.5126,162,78,0.4815,False
per_theme_day,8,lowest_board,hold_close,281,173,0.6157,119,71,0.5966,162,102,0.6296,False
per_theme_day,8,lowest_board,hold_flat,281,177,0.6299,119,72,0.6050,162,105,0.6481,False
per_theme_day,8,lowest_board,hold_touch3,281,150,0.5338,119,64,0.5378,162,86,0.5309,False
per_theme_day,8,lowest_board,maxc3,281,207,0.7367,119,87,0.7311,162,120,0.7407,False
per_theme_day,8,lowest_board,open_up,262,121,0.4618,108,47,0.4352,154,74,0.4805,False
per_theme_day,8,lowest_board,open_flat,262,136,0.5191,108,54,0.5000,154,82,0.5325,False
per_theme_day,8,lowest_board,touch3,262,132,0.5038,108,54,0.5000,154,78,0.5065,False
per_theme_day,8,lowest_board,open_zt3,262,103,0.3931,108,42,0.3889,154,61,0.3961,False
per_theme_day,8,lowest_board,hold_zt3,281,122,0.4342,119,53,0.4454,162,69,0.4259,False
per_theme_day,8,board2_strongest,hold_close,236,146,0.6186,95,60,0.6316,141,86,0.6099,False
per_theme_day,8,board2_strongest,hold_flat,236,150,0.6356,95,61,0.6421,141,89,0.6312,False
per_theme_day,8,board2_strongest,hold_touch3,236,122,0.5169,95,49,0.5158,141,73,0.5177,False
per_theme_day,8,board2_strongest,maxc3,236,173,0.7331,95,71,0.7474,141,102,0.7234,False
per_theme_day,8,board2_strongest,open_up,219,105,0.4795,86,41,0.4767,133,64,0.4812,False
per_theme_day,8,board2_strongest,open_flat,219,112,0.5114,86,43,0.5000,133,69,0.5188,False
per_theme_day,8,board2_strongest,touch3,219,105,0.4795,86,40,0.4651,133,65,0.4887,False
per_theme_day,8,board2_strongest,open_zt3,219,80,0.3653,86,32,0.3721,133,48,0.3609,False
per_theme_day,8,board2_strongest,hold_zt3,236,97,0.4110,95,41,0.4316,141,56,0.3972,False
per_theme_day,8,board3_strongest,hold_close,83,54,0.6506,38,24,0.6316,45,30,0.6667,False
per_theme_day,8,board3_strongest,hold_flat,83,54,0.6506,38,24,0.6316,45,30,0.6667,False
per_theme_day,8,board3_strongest,hold_touch3,83,53,0.6386,38,24,0.6316,45,29,0.6444,False
per_theme_day,8,board3_strongest,maxc3,83,66,0.7952,38,28,0.7368,45,38,0.8444,False
per_theme_day,8,board3_strongest,open_up,80,33,0.4125,36,15,0.4167,44,18,0.4091,False
per_theme_day,8,board3_strongest,open_flat,80,42,0.5250,36,21,0.5833,44,21,0.4773,False
per_theme_day,8,board3_strongest,touch3,80,51,0.6375,36,23,0.6389,44,28,0.6364,False
per_theme_day,8,board3_strongest,open_zt3,80,38,0.4750,36,16,0.4444,44,22,0.5000,False
per_theme_day,8,board3_strongest,hold_zt3,83,41,0.4940,38,18,0.4737,45,23,0.5111,False
per_theme_day,8,board4_strongest,hold_close,44,29,0.6591,23,14,0.6087,21,15,0.7143,False
per_theme_day,8,board4_strongest,hold_flat,44,29,0.6591,23,14,0.6087,21,15,0.7143,False
per_theme_day,8,board4_strongest,hold_touch3,44,27,0.6136,23,12,0.5217,21,15,0.7143,False
per_theme_day,8,board4_strongest,maxc3,44,33,0.7500,23,17,0.7391,21,16,0.7619,False
per_theme_day,8,board4_strongest,open_up,39,14,0.3590,21,7,0.3333,18,7,0.3889,False
per_theme_day,8,board4_strongest,open_flat,39,23,0.5897,21,11,0.5238,18,12,0.6667,False
per_theme_day,8,board4_strongest,touch3,39,22,0.5641,21,10,0.4762,18,12,0.6667,False
per_theme_day,8,board4_strongest,open_zt3,39,19,0.4872,21,9,0.4286,18,10,0.5556,False
per_theme_day,8,board4_strongest,hold_zt3,44,24,0.5455,23,11,0.4783,21,13,0.6190,False
per_theme_day,8,board5p_strongest,hold_close,43,29,0.6744,26,16,0.6154,17,13,0.7647,False
per_theme_day,8,board5p_strongest,hold_flat,43,29,0.6744,26,16,0.6154,17,13,0.7647,False
per_theme_day,8,board5p_strongest,hold_touch3,43,30,0.6977,26,18,0.6923,17,12,0.7059,False
per_theme_day,8,board5p_strongest,maxc3,43,31,0.7209,26,16,0.6154,17,15,0.8824,False
per_theme_day,8,board5p_strongest,open_up,40,20,0.5000,24,11,0.4583,16,9,0.5625,False
per_theme_day,8,board5p_strongest,open_flat,40,25,0.6250,24,15,0.6250,16,10,0.6250,False
per_theme_day,8,board5p_strongest,touch3,40,28,0.7000,24,17,0.7083,16,11,0.6875,False
per_theme_day,8,board5p_strongest,open_zt3,40,25,0.6250,24,16,0.6667,16,9,0.5625,False
per_theme_day,8,board5p_strongest,hold_zt3,44,28,0.6364,27,18,0.6667,17,10,0.5882,False
per_theme_day,8,board2_earliest,hold_close,236,142,0.6017,95,58,0.6105,141,84,0.5957,False
per_theme_day,8,board2_earliest,hold_flat,236,145,0.6144,95,58,0.6105,141,87,0.6170,False
per_theme_day,8,board2_earliest,hold_touch3,236,121,0.5127,95,52,0.5474,141,69,0.4894,False
per_theme_day,8,board2_earliest,maxc3,236,175,0.7415,95,70,0.7368,141,105,0.7447,False
per_theme_day,8,board2_earliest,open_up,223,103,0.4619,89,43,0.4831,134,60,0.4478,False
per_theme_day,8,board2_earliest,open_flat,223,115,0.5157,89,49,0.5506,134,66,0.4925,False
per_theme_day,8,board2_earliest,touch3,223,108,0.4843,89,46,0.5169,134,62,0.4627,False
per_theme_day,8,board2_earliest,open_zt3,223,83,0.3722,89,35,0.3933,134,48,0.3582,False
per_theme_day,8,board2_earliest,hold_zt3,236,96,0.4068,95,41,0.4316,141,55,0.3901,False
per_theme_day,8,board3_earliest,hold_close,83,54,0.6506,38,24,0.6316,45,30,0.6667,False
per_theme_day,8,board3_earliest,hold_flat,83,54,0.6506,38,24,0.6316,45,30,0.6667,False
per_theme_day,8,board3_earliest,hold_touch3,83,52,0.6265,38,24,0.6316,45,28,0.6222,False
per_theme_day,8,board3_earliest,maxc3,83,64,0.7711,38,27,0.7105,45,37,0.8222,False
per_theme_day,8,board3_earliest,open_up,79,32,0.4051,35,14,0.4000,44,18,0.4091,False
per_theme_day,8,board3_earliest,open_flat,79,42,0.5316,35,21,0.6000,44,21,0.4773,False
per_theme_day,8,board3_earliest,touch3,79,49,0.6203,35,22,0.6286,44,27,0.6136,False
per_theme_day,8,board3_earliest,open_zt3,79,38,0.4810,35,17,0.4857,44,21,0.4773,False
per_theme_day,8,board3_earliest,hold_zt3,83,42,0.5060,38,20,0.5263,45,22,0.4889,False
per_theme_day,8,cihigh_strongest,hold_close,64,37,0.5781,21,12,0.5714,43,25,0.5814,False
per_theme_day,8,cihigh_strongest,hold_flat,64,37,0.5781,21,12,0.5714,43,25,0.5814,False
per_theme_day,8,cihigh_strongest,hold_touch3,64,33,0.5156,21,10,0.4762,43,23,0.5349,False
per_theme_day,8,cihigh_strongest,maxc3,64,45,0.7031,21,14,0.6667,43,31,0.7209,False
per_theme_day,8,cihigh_strongest,open_up,60,29,0.4833,20,6,0.3000,40,23,0.5750,False
per_theme_day,8,cihigh_strongest,open_flat,60,30,0.5000,20,6,0.3000,40,24,0.6000,False
per_theme_day,8,cihigh_strongest,touch3,60,29,0.4833,20,9,0.4500,40,20,0.5000,False
per_theme_day,8,cihigh_strongest,open_zt3,60,19,0.3167,20,5,0.2500,40,14,0.3500,False
per_theme_day,8,cihigh_strongest,hold_zt3,64,23,0.3594,21,6,0.2857,43,17,0.3953,False
per_theme_day,8,mid_strongest,hold_close,267,170,0.6367,111,70,0.6306,156,100,0.6410,False
per_theme_day,8,mid_strongest,hold_flat,267,174,0.6517,111,71,0.6396,156,103,0.6603,False
per_theme_day,8,mid_strongest,hold_touch3,267,147,0.5506,111,61,0.5495,156,86,0.5513,False
per_theme_day,8,mid_strongest,maxc3,267,202,0.7566,111,84,0.7568,156,118,0.7564,False
per_theme_day,8,mid_strongest,open_up,247,116,0.4696,100,46,0.4600,147,70,0.4762,False
per_theme_day,8,mid_strongest,open_flat,247,129,0.5223,100,51,0.5100,147,78,0.5306,False
per_theme_day,8,mid_strongest,touch3,247,128,0.5182,100,51,0.5100,147,77,0.5238,False
per_theme_day,8,mid_strongest,open_zt3,247,103,0.4170,100,42,0.4200,147,61,0.4150,False
per_theme_day,8,mid_strongest,hold_zt3,267,123,0.4607,111,53,0.4775,156,70,0.4487,False
per_theme_day,8,newh_strongest,hold_close,60,40,0.6667,19,10,0.5263,41,30,0.7317,False
per_theme_day,8,newh_strongest,hold_flat,60,40,0.6667,19,10,0.5263,41,30,0.7317,False
per_theme_day,8,newh_strongest,hold_touch3,60,38,0.6333,19,8,0.4211,41,30,0.7317,False
per_theme_day,8,newh_strongest,maxc3,60,44,0.7333,19,10,0.5263,41,34,0.8293,False
per_theme_day,8,newh_strongest,open_up,56,28,0.5000,19,10,0.5263,37,18,0.4865,False
per_theme_day,8,newh_strongest,open_flat,56,35,0.6250,19,12,0.6316,37,23,0.6216,False
per_theme_day,8,newh_strongest,touch3,56,34,0.6071,19,8,0.4211,37,26,0.7027,False
per_theme_day,8,newh_strongest,open_zt3,56,30,0.5357,19,7,0.3684,37,23,0.6216,False
per_theme_day,8,newh_strongest,hold_zt3,61,34,0.5574,20,7,0.3500,41,27,0.6585,False
per_theme_day,8,mid_earliest,hold_close,267,171,0.6404,111,70,0.6306,156,101,0.6474,False
per_theme_day,8,mid_earliest,hold_flat,267,174,0.6517,111,70,0.6306,156,104,0.6667,False
per_theme_day,8,mid_earliest,hold_touch3,267,145,0.5431,111,64,0.5766,156,81,0.5192,False
per_theme_day,8,mid_earliest,maxc3,267,204,0.7640,111,84,0.7568,156,120,0.7692,False
per_theme_day,8,mid_earliest,open_up,253,115,0.4545,104,47,0.4519,149,68,0.4564,False
per_theme_day,8,mid_earliest,open_flat,253,135,0.5336,104,58,0.5577,149,77,0.5168,False
per_theme_day,8,mid_earliest,touch3,253,132,0.5217,104,58,0.5577,149,74,0.4966,False
per_theme_day,8,mid_earliest,open_zt3,253,102,0.4032,104,44,0.4231,149,58,0.3893,False
per_theme_day,8,mid_earliest,hold_zt3,267,116,0.4345,111,51,0.4595,156,65,0.4167,False
per_theme_day,8,cihigh_earliest,hold_close,64,32,0.5000,21,11,0.5238,43,21,0.4884,False
per_theme_day,8,cihigh_earliest,hold_flat,64,33,0.5156,21,11,0.5238,43,22,0.5116,False
per_theme_day,8,cihigh_earliest,hold_touch3,64,31,0.4844,21,10,0.4762,43,21,0.4884,False
per_theme_day,8,cihigh_earliest,maxc3,64,42,0.6562,21,13,0.6190,43,29,0.6744,False
per_theme_day,8,cihigh_earliest,open_up,60,26,0.4333,20,6,0.3000,40,20,0.5000,False
per_theme_day,8,cihigh_earliest,open_flat,60,27,0.4500,20,6,0.3000,40,21,0.5250,False
per_theme_day,8,cihigh_earliest,touch3,60,27,0.4500,20,9,0.4500,40,18,0.4500,False
per_theme_day,8,cihigh_earliest,open_zt3,60,19,0.3167,20,6,0.3000,40,13,0.3250,False
per_theme_day,8,cihigh_earliest,hold_zt3,64,23,0.3594,21,7,0.3333,43,16,0.3721,False
per_theme_day,8,max_amount,hold_close,281,164,0.5836,119,66,0.5546,162,98,0.6049,False
per_theme_day,8,max_amount,hold_flat,281,166,0.5907,119,66,0.5546,162,100,0.6173,False
per_theme_day,8,max_amount,hold_touch3,281,134,0.4769,119,57,0.4790,162,77,0.4753,False
per_theme_day,8,max_amount,maxc3,281,205,0.7295,119,82,0.6891,162,123,0.7593,False
per_theme_day,8,max_amount,open_up,269,132,0.4907,113,55,0.4867,156,77,0.4936,False
per_theme_day,8,max_amount,open_flat,269,147,0.5465,113,64,0.5664,156,83,0.5321,False
per_theme_day,8,max_amount,touch3,269,122,0.4535,113,51,0.4513,156,71,0.4551,False
per_theme_day,8,max_amount,open_zt3,269,92,0.3420,113,40,0.3540,156,52,0.3333,False
per_theme_day,8,max_amount,hold_zt3,281,104,0.3701,119,46,0.3866,162,58,0.3580,False
per_theme_day,8,min_amount,hold_close,281,176,0.6263,119,71,0.5966,162,105,0.6481,False
per_theme_day,8,min_amount,hold_flat,281,179,0.6370,119,71,0.5966,162,108,0.6667,False
per_theme_day,8,min_amount,hold_touch3,281,158,0.5623,119,69,0.5798,162,89,0.5494,False
per_theme_day,8,min_amount,maxc3,281,208,0.7402,119,86,0.7227,162,122,0.7531,False
per_theme_day,8,min_amount,open_up,265,120,0.4528,112,44,0.3929,153,76,0.4967,False
per_theme_day,8,min_amount,open_flat,265,144,0.5434,112,58,0.5179,153,86,0.5621,False
per_theme_day,8,min_amount,touch3,265,144,0.5434,112,64,0.5714,153,80,0.5229,False
per_theme_day,8,min_amount,open_zt3,265,117,0.4415,112,50,0.4464,153,67,0.4379,False
per_theme_day,8,min_amount,hold_zt3,281,133,0.4733,119,57,0.4790,162,76,0.4691,False
per_theme_day,8,max_turn,hold_close,281,156,0.5552,119,60,0.5042,162,96,0.5926,False
per_theme_day,8,max_turn,hold_flat,281,158,0.5623,119,60,0.5042,162,98,0.6049,False
per_theme_day,8,max_turn,hold_touch3,281,136,0.4840,119,56,0.4706,162,80,0.4938,False
per_theme_day,8,max_turn,maxc3,281,194,0.6904,119,76,0.6387,162,118,0.7284,False
per_theme_day,8,max_turn,open_up,270,130,0.4815,114,53,0.4649,156,77,0.4936,False
per_theme_day,8,max_turn,open_flat,270,140,0.5185,114,59,0.5175,156,81,0.5192,False
per_theme_day,8,max_turn,touch3,270,125,0.4630,114,51,0.4474,156,74,0.4744,False
per_theme_day,8,max_turn,open_zt3,270,94,0.3481,114,38,0.3333,156,56,0.3590,False
per_theme_day,8,max_turn,hold_zt3,281,105,0.3737,119,43,0.3613,162,62,0.3827,False
per_theme_day,8,min_turn,hold_close,281,189,0.6726,119,79,0.6639,162,110,0.6790,False
per_theme_day,8,min_turn,hold_flat,281,194,0.6904,119,81,0.6807,162,113,0.6975,False
per_theme_day,8,min_turn,hold_touch3,281,156,0.5552,119,71,0.5966,162,85,0.5247,False
per_theme_day,8,min_turn,maxc3,281,219,0.7794,119,92,0.7731,162,127,0.7840,False
per_theme_day,8,min_turn,open_up,259,123,0.4749,107,45,0.4206,152,78,0.5132,False
per_theme_day,8,min_turn,open_flat,259,146,0.5637,107,59,0.5514,152,87,0.5724,False
per_theme_day,8,min_turn,touch3,259,136,0.5251,107,61,0.5701,152,75,0.4934,False
per_theme_day,8,min_turn,open_zt3,259,109,0.4208,107,49,0.4579,152,60,0.3947,False
per_theme_day,8,min_turn,hold_zt3,281,131,0.4662,119,61,0.5126,162,70,0.4321,False
per_theme_day,8,intact_strongest,hold_close,175,112,0.6400,78,47,0.6026,97,65,0.6701,False
per_theme_day,8,intact_strongest,hold_flat,175,115,0.6571,78,47,0.6026,97,68,0.7010,False
per_theme_day,8,intact_strongest,hold_touch3,175,109,0.6229,78,48,0.6154,97,61,0.6289,False
per_theme_day,8,intact_strongest,maxc3,175,134,0.7657,78,57,0.7308,97,77,0.7938,False
per_theme_day,8,intact_strongest,open_up,162,66,0.4074,69,27,0.3913,93,39,0.4194,False
per_theme_day,8,intact_strongest,open_flat,162,83,0.5123,69,34,0.4928,93,49,0.5269,False
per_theme_day,8,intact_strongest,touch3,162,97,0.5988,69,40,0.5797,93,57,0.6129,False
per_theme_day,8,intact_strongest,open_zt3,162,73,0.4506,69,30,0.4348,93,43,0.4624,False
per_theme_day,8,intact_strongest,hold_zt3,175,86,0.4914,78,39,0.5000,97,47,0.4845,False
per_theme_day,8,intact_earliest,hold_close,175,116,0.6629,78,45,0.5769,97,71,0.7320,False
per_theme_day,8,intact_earliest,hold_flat,175,118,0.6743,78,45,0.5769,97,73,0.7526,False
per_theme_day,8,intact_earliest,hold_touch3,175,107,0.6114,78,48,0.6154,97,59,0.6082,False
per_theme_day,8,intact_earliest,maxc3,175,135,0.7714,78,56,0.7179,97,79,0.8144,False
per_theme_day,8,intact_earliest,open_up,165,67,0.4061,72,26,0.3611,93,41,0.4409,False
per_theme_day,8,intact_earliest,open_flat,165,87,0.5273,72,35,0.4861,93,52,0.5591,False
per_theme_day,8,intact_earliest,touch3,165,99,0.6000,72,44,0.6111,93,55,0.5914,False
per_theme_day,8,intact_earliest,open_zt3,165,67,0.4061,72,28,0.3889,93,39,0.4194,False
per_theme_day,8,intact_earliest,hold_zt3,175,77,0.4400,78,34,0.4359,97,43,0.4433,False
per_theme_day,8,break_strongest,hold_close,84,57,0.6786,31,24,0.7742,53,33,0.6226,False
per_theme_day,8,break_strongest,hold_flat,84,58,0.6905,31,24,0.7742,53,34,0.6415,False
per_theme_day,8,break_strongest,hold_touch3,84,47,0.5595,31,19,0.6129,53,28,0.5283,False
per_theme_day,8,break_strongest,maxc3,84,64,0.7619,31,26,0.8387,53,38,0.7170,False
per_theme_day,8,break_strongest,open_up,75,38,0.5067,28,14,0.5000,47,24,0.5106,False
per_theme_day,8,break_strongest,open_flat,75,44,0.5867,28,17,0.6071,47,27,0.5745,False
per_theme_day,8,break_strongest,touch3,75,38,0.5067,28,16,0.5714,47,22,0.4681,False
per_theme_day,8,break_strongest,open_zt3,75,35,0.4667,28,15,0.5357,47,20,0.4255,False
per_theme_day,8,break_strongest,hold_zt3,84,44,0.5238,31,18,0.5806,53,26,0.4906,False
per_theme_day,8,stock_unbroken_strongest,hold_close,260,165,0.6346,112,69,0.6161,148,96,0.6486,False
per_theme_day,8,stock_unbroken_strongest,hold_flat,260,167,0.6423,112,69,0.6161,148,98,0.6622,False
per_theme_day,8,stock_unbroken_strongest,hold_touch3,260,149,0.5731,112,62,0.5536,148,87,0.5878,False
per_theme_day,8,stock_unbroken_strongest,maxc3,260,199,0.7654,112,86,0.7679,148,113,0.7635,False
per_theme_day,8,stock_unbroken_strongest,open_up,238,101,0.4244,101,40,0.3960,137,61,0.4453,False
per_theme_day,8,stock_unbroken_strongest,open_flat,238,120,0.5042,101,50,0.4950,137,70,0.5109,False
per_theme_day,8,stock_unbroken_strongest,touch3,238,128,0.5378,101,52,0.5149,137,76,0.5547,False
per_theme_day,8,stock_unbroken_strongest,open_zt3,238,103,0.4328,101,43,0.4257,137,60,0.4380,False
per_theme_day,8,stock_unbroken_strongest,hold_zt3,260,125,0.4808,112,54,0.4821,148,71,0.4797,False
per_theme_day,8,stock_broken_strongest,hold_close,82,54,0.6585,29,20,0.6897,53,34,0.6415,False
per_theme_day,8,stock_broken_strongest,hold_flat,82,55,0.6707,29,20,0.6897,53,35,0.6604,False
per_theme_day,8,stock_broken_strongest,hold_touch3,82,37,0.4512,29,17,0.5862,53,20,0.3774,False
per_theme_day,8,stock_broken_strongest,maxc3,82,60,0.7317,29,21,0.7241,53,39,0.7358,False
per_theme_day,8,stock_broken_strongest,open_up,79,41,0.5190,27,14,0.5185,52,27,0.5192,False
per_theme_day,8,stock_broken_strongest,open_flat,79,46,0.5823,27,15,0.5556,52,31,0.5962,False
per_theme_day,8,stock_broken_strongest,touch3,79,34,0.4304,27,15,0.5556,52,19,0.3654,False
per_theme_day,8,stock_broken_strongest,open_zt3,79,27,0.3418,27,11,0.4074,52,16,0.3077,False
per_theme_day,8,stock_broken_strongest,hold_zt3,82,30,0.3659,29,13,0.4483,53,17,0.3208,False
per_theme_day,8,stock_unbroken_earliest,hold_close,260,164,0.6308,112,68,0.6071,148,96,0.6486,False
per_theme_day,8,stock_unbroken_earliest,hold_flat,260,166,0.6385,112,68,0.6071,148,98,0.6622,False
per_theme_day,8,stock_unbroken_earliest,hold_touch3,260,149,0.5731,112,66,0.5893,148,83,0.5608,False
per_theme_day,8,stock_unbroken_earliest,maxc3,260,199,0.7654,112,83,0.7411,148,116,0.7838,False
per_theme_day,8,stock_unbroken_earliest,open_up,242,99,0.4091,103,40,0.3883,139,59,0.4245,False
per_theme_day,8,stock_unbroken_earliest,open_flat,242,124,0.5124,103,54,0.5243,139,70,0.5036,False
per_theme_day,8,stock_unbroken_earliest,touch3,242,133,0.5496,103,59,0.5728,139,74,0.5324,False
per_theme_day,8,stock_unbroken_earliest,open_zt3,242,100,0.4132,103,42,0.4078,139,58,0.4173,False
per_theme_day,8,stock_unbroken_earliest,hold_zt3,260,118,0.4538,112,51,0.4554,148,67,0.4527,False
per_theme_day,8,H_strongest,hold_close,60,40,0.6667,19,10,0.5263,41,30,0.7317,False
per_theme_day,8,H_strongest,hold_flat,60,40,0.6667,19,10,0.5263,41,30,0.7317,False
per_theme_day,8,H_strongest,hold_touch3,60,38,0.6333,19,8,0.4211,41,30,0.7317,False
per_theme_day,8,H_strongest,maxc3,60,44,0.7333,19,10,0.5263,41,34,0.8293,False
per_theme_day,8,H_strongest,open_up,56,28,0.5000,19,10,0.5263,37,18,0.4865,False
per_theme_day,8,H_strongest,open_flat,56,35,0.6250,19,12,0.6316,37,23,0.6216,False
per_theme_day,8,H_strongest,touch3,56,34,0.6071,19,8,0.4211,37,26,0.7027,False
per_theme_day,8,H_strongest,open_zt3,56,30,0.5357,19,7,0.3684,37,23,0.6216,False
per_theme_day,8,H_strongest,hold_zt3,61,34,0.5574,20,7,0.3500,41,27,0.6585,False
per_theme_day,8,Hm1_strongest,hold_close,64,37,0.5781,21,12,0.5714,43,25,0.5814,False
per_theme_day,8,Hm1_strongest,hold_flat,64,37,0.5781,21,12,0.5714,43,25,0.5814,False
per_theme_day,8,Hm1_strongest,hold_touch3,64,33,0.5156,21,10,0.4762,43,23,0.5349,False
per_theme_day,8,Hm1_strongest,maxc3,64,45,0.7031,21,14,0.6667,43,31,0.7209,False
per_theme_day,8,Hm1_strongest,open_up,60,29,0.4833,20,6,0.3000,40,23,0.5750,False
per_theme_day,8,Hm1_strongest,open_flat,60,30,0.5000,20,6,0.3000,40,24,0.6000,False
per_theme_day,8,Hm1_strongest,touch3,60,29,0.4833,20,9,0.4500,40,20,0.5000,False
per_theme_day,8,Hm1_strongest,open_zt3,60,19,0.3167,20,5,0.2500,40,14,0.3500,False
per_theme_day,8,Hm1_strongest,hold_zt3,64,23,0.3594,21,6,0.2857,43,17,0.3953,False
per_theme_day,8,belowH_strongest,hold_close,269,172,0.6394,115,73,0.6348,154,99,0.6429,False
per_theme_day,8,belowH_strongest,hold_flat,269,175,0.6506,115,73,0.6348,154,102,0.6623,False
per_theme_day,8,belowH_strongest,hold_touch3,269,151,0.5613,115,68,0.5913,154,83,0.5390,False
per_theme_day,8,belowH_strongest,maxc3,269,204,0.7584,115,89,0.7739,154,115,0.7468,False
per_theme_day,8,belowH_strongest,open_up,247,112,0.4534,102,42,0.4118,145,70,0.4828,False
per_theme_day,8,belowH_strongest,open_flat,247,130,0.5263,102,52,0.5098,145,78,0.5379,False
per_theme_day,8,belowH_strongest,touch3,247,130,0.5263,102,56,0.5490,145,74,0.5103,False
per_theme_day,8,belowH_strongest,open_zt3,247,104,0.4211,102,47,0.4608,145,57,0.3931,False
per_theme_day,8,belowH_strongest,hold_zt3,269,126,0.4684,115,60,0.5217,154,66,0.4286,False
per_theme_day,8,ge3_strongest,hold_close,136,90,0.6618,65,40,0.6154,71,50,0.7042,False
per_theme_day,8,ge3_strongest,hold_flat,136,90,0.6618,65,40,0.6154,71,50,0.7042,False
per_theme_day,8,ge3_strongest,hold_touch3,136,93,0.6838,65,42,0.6462,71,51,0.7183,False
per_theme_day,8,ge3_strongest,maxc3,136,107,0.7868,65,47,0.7231,71,60,0.8451,False
per_theme_day,8,ge3_strongest,open_up,125,53,0.4240,59,24,0.4068,66,29,0.4394,False
per_theme_day,8,ge3_strongest,open_flat,125,71,0.5680,59,33,0.5593,66,38,0.5758,False
per_theme_day,8,ge3_strongest,touch3,125,84,0.6720,59,38,0.6441,66,46,0.6970,False
per_theme_day,8,ge3_strongest,open_zt3,125,66,0.5280,59,29,0.4915,66,37,0.5606,False
per_theme_day,8,ge3_strongest,hold_zt3,136,77,0.5662,65,35,0.5385,71,42,0.5915,False
per_theme_day,8,ge3_earliest,hold_close,136,91,0.6691,65,41,0.6308,71,50,0.7042,False
per_theme_day,8,ge3_earliest,hold_flat,136,91,0.6691,65,41,0.6308,71,50,0.7042,False
per_theme_day,8,ge3_earliest,hold_touch3,136,92,0.6765,65,42,0.6462,71,50,0.7042,False
per_theme_day,8,ge3_earliest,maxc3,136,106,0.7794,65,46,0.7077,71,60,0.8451,False
per_theme_day,8,ge3_earliest,open_up,124,50,0.4032,58,22,0.3793,66,28,0.4242,False
per_theme_day,8,ge3_earliest,open_flat,124,68,0.5484,58,31,0.5345,66,37,0.5606,False
per_theme_day,8,ge3_earliest,touch3,124,82,0.6613,58,37,0.6379,66,45,0.6818,False
per_theme_day,8,ge3_earliest,open_zt3,124,63,0.5081,58,27,0.4655,66,36,0.5455,False
per_theme_day,8,ge3_earliest,hold_zt3,136,75,0.5515,65,34,0.5231,71,41,0.5775,False
per_theme_day,8,ge4_strongest,hold_close,77,54,0.7013,42,27,0.6429,35,27,0.7714,False
per_theme_day,8,ge4_strongest,hold_flat,77,54,0.7013,42,27,0.6429,35,27,0.7714,False
per_theme_day,8,ge4_strongest,hold_touch3,77,53,0.6883,42,27,0.6429,35,26,0.7429,False
per_theme_day,8,ge4_strongest,maxc3,77,60,0.7792,42,30,0.7143,35,30,0.8571,False
per_theme_day,8,ge4_strongest,open_up,69,29,0.4203,38,15,0.3947,31,14,0.4516,False
per_theme_day,8,ge4_strongest,open_flat,69,43,0.6232,38,23,0.6053,31,20,0.6452,False
per_theme_day,8,ge4_strongest,touch3,69,46,0.6667,38,24,0.6316,31,22,0.7097,False
per_theme_day,8,ge4_strongest,open_zt3,69,40,0.5797,38,21,0.5526,31,19,0.6129,False
per_theme_day,8,ge4_strongest,hold_zt3,78,48,0.6154,43,25,0.5814,35,23,0.6571,False
per_theme_day,8,ge4_earliest,hold_close,77,54,0.7013,42,27,0.6429,35,27,0.7714,False
per_theme_day,8,ge4_earliest,hold_flat,77,54,0.7013,42,27,0.6429,35,27,0.7714,False
per_theme_day,8,ge4_earliest,hold_touch3,77,52,0.6753,42,27,0.6429,35,25,0.7143,False
per_theme_day,8,ge4_earliest,maxc3,77,59,0.7662,42,29,0.6905,35,30,0.8571,False
per_theme_day,8,ge4_earliest,open_up,69,29,0.4203,38,15,0.3947,31,14,0.4516,False
per_theme_day,8,ge4_earliest,open_flat,69,42,0.6087,38,22,0.5789,31,20,0.6452,False
per_theme_day,8,ge4_earliest,touch3,69,45,0.6522,38,24,0.6316,31,21,0.6774,False
per_theme_day,8,ge4_earliest,open_zt3,69,38,0.5507,38,20,0.5263,31,18,0.5806,False
per_theme_day,8,ge4_earliest,hold_zt3,78,46,0.5897,43,24,0.5581,35,22,0.6286,False
per_theme_day,8,ge4_unopened,hold_close,34,25,0.7353,20,14,0.7000,14,11,0.7857,False
per_theme_day,8,ge4_unopened,hold_flat,34,25,0.7353,20,14,0.7000,14,11,0.7857,False
per_theme_day,8,ge4_unopened,hold_touch3,34,23,0.6765,20,13,0.6500,14,10,0.7143,False
per_theme_day,8,ge4_unopened,maxc3,34,28,0.8235,20,16,0.8000,14,12,0.8571,False
per_theme_day,8,ge4_unopened,open_up,31,13,0.4194,19,8,0.4211,12,5,0.4167,False
per_theme_day,8,ge4_unopened,open_flat,31,19,0.6129,19,11,0.5789,12,8,0.6667,False
per_theme_day,8,ge4_unopened,touch3,31,20,0.6452,19,12,0.6316,12,8,0.6667,False
per_theme_day,8,ge4_unopened,open_zt3,31,17,0.5484,19,9,0.4737,12,8,0.6667,False
per_theme_day,8,ge4_unopened,hold_zt3,34,20,0.5882,20,10,0.5000,14,10,0.7143,False
per_theme_day,8,ge3_unopened,hold_close,60,41,0.6833,29,20,0.6897,31,21,0.6774,False
per_theme_day,8,ge3_unopened,hold_flat,60,41,0.6833,29,20,0.6897,31,21,0.6774,False
per_theme_day,8,ge3_unopened,hold_touch3,60,44,0.7333,29,18,0.6207,31,26,0.8387,False
per_theme_day,8,ge3_unopened,maxc3,60,49,0.8167,29,22,0.7586,31,27,0.8710,False
per_theme_day,8,ge3_unopened,open_up,56,22,0.3929,28,12,0.4286,28,10,0.3571,False
per_theme_day,8,ge3_unopened,open_flat,56,29,0.5179,28,16,0.5714,28,13,0.4643,False
per_theme_day,8,ge3_unopened,touch3,56,40,0.7143,28,17,0.6071,28,23,0.8214,False
per_theme_day,8,ge3_unopened,open_zt3,56,32,0.5714,28,13,0.4643,28,19,0.6786,False
per_theme_day,8,ge3_unopened,hold_zt3,60,36,0.6000,29,14,0.4828,31,22,0.7097,False
per_theme_day,8,suc_strongest,hold_close,279,173,0.6201,118,68,0.5763,161,105,0.6522,False
per_theme_day,8,suc_strongest,hold_flat,279,176,0.6308,118,68,0.5763,161,108,0.6708,False
per_theme_day,8,suc_strongest,hold_touch3,279,138,0.4946,118,63,0.5339,161,75,0.4658,False
per_theme_day,8,suc_strongest,maxc3,279,205,0.7348,118,82,0.6949,161,123,0.7640,False
per_theme_day,8,suc_strongest,open_up,262,126,0.4809,111,50,0.4505,151,76,0.5033,False
per_theme_day,8,suc_strongest,open_flat,262,140,0.5344,111,56,0.5045,151,84,0.5563,False
per_theme_day,8,suc_strongest,touch3,262,121,0.4618,111,56,0.5045,151,65,0.4305,False
per_theme_day,8,suc_strongest,open_zt3,262,87,0.3321,111,42,0.3784,151,45,0.2980,False
per_theme_day,8,suc_strongest,hold_zt3,279,104,0.3728,118,49,0.4153,161,55,0.3416,False
per_theme_day,8,early_strongest,hold_close,235,156,0.6638,105,67,0.6381,130,89,0.6846,False
per_theme_day,8,early_strongest,hold_flat,235,157,0.6681,105,67,0.6381,130,90,0.6923,False
per_theme_day,8,early_strongest,hold_touch3,235,149,0.6340,105,65,0.6190,130,84,0.6462,False
per_theme_day,8,early_strongest,maxc3,235,184,0.7830,105,81,0.7714,130,103,0.7923,False
per_theme_day,8,early_strongest,open_up,212,89,0.4198,92,36,0.3913,120,53,0.4417,False
per_theme_day,8,early_strongest,open_flat,212,112,0.5283,92,46,0.5000,120,66,0.5500,False
per_theme_day,8,early_strongest,touch3,212,128,0.6038,92,54,0.5870,120,74,0.6167,False
per_theme_day,8,early_strongest,open_zt3,212,100,0.4717,92,42,0.4565,120,58,0.4833,False
per_theme_day,8,early_strongest,hold_zt3,235,123,0.5234,105,55,0.5238,130,68,0.5231,False
per_theme_day,8,huanshou_strongest,hold_close,274,172,0.6277,114,71,0.6228,160,101,0.6312,False
per_theme_day,8,huanshou_strongest,hold_flat,274,176,0.6423,114,72,0.6316,160,104,0.6500,False
per_theme_day,8,huanshou_strongest,hold_touch3,274,155,0.5657,114,65,0.5702,160,90,0.5625,False
per_theme_day,8,huanshou_strongest,maxc3,274,204,0.7445,114,86,0.7544,160,118,0.7375,False
per_theme_day,8,huanshou_strongest,open_up,255,114,0.4471,104,44,0.4231,151,70,0.4636,False
per_theme_day,8,huanshou_strongest,open_flat,255,134,0.5255,104,52,0.5000,151,82,0.5430,False
per_theme_day,8,huanshou_strongest,touch3,255,137,0.5373,104,56,0.5385,151,81,0.5364,False
per_theme_day,8,huanshou_strongest,open_zt3,255,103,0.4039,104,41,0.3942,151,62,0.4106,False
per_theme_day,8,huanshou_strongest,hold_zt3,274,122,0.4453,114,51,0.4474,160,71,0.4437,False
per_theme_day,8,tzi_strongest,hold_close,60,37,0.6167,34,19,0.5588,26,18,0.6923,False
per_theme_day,8,tzi_strongest,hold_flat,60,37,0.6167,34,19,0.5588,26,18,0.6923,False
per_theme_day,8,tzi_strongest,hold_touch3,60,37,0.6167,34,19,0.5588,26,18,0.6923,False
per_theme_day,8,tzi_strongest,maxc3,60,46,0.7667,34,23,0.6765,26,23,0.8846,False
per_theme_day,8,tzi_strongest,open_up,53,21,0.3962,30,11,0.3667,23,10,0.4348,False
per_theme_day,8,tzi_strongest,open_flat,53,28,0.5283,30,16,0.5333,23,12,0.5217,False
per_theme_day,8,tzi_strongest,touch3,53,31,0.5849,30,16,0.5333,23,15,0.6522,False
per_theme_day,8,tzi_strongest,open_zt3,53,30,0.5660,30,15,0.5000,23,15,0.6522,False
per_theme_day,8,tzi_strongest,hold_zt3,60,37,0.6167,34,19,0.5588,26,18,0.6923,False
per_day_max_theme,8,earliest_seal,hold_close,162,107,0.6605,77,49,0.6364,85,58,0.6824,False
per_day_max_theme,8,earliest_seal,hold_flat,162,107,0.6605,77,49,0.6364,85,58,0.6824,False
per_day_max_theme,8,earliest_seal,hold_touch3,162,110,0.6790,77,53,0.6883,85,57,0.6706,False
per_day_max_theme,8,earliest_seal,maxc3,162,131,0.8086,77,63,0.8182,85,68,0.8000,False
per_day_max_theme,8,earliest_seal,open_up,151,66,0.4371,71,32,0.4507,80,34,0.4250,False
per_day_max_theme,8,earliest_seal,open_flat,151,81,0.5364,71,39,0.5493,80,42,0.5250,False
per_day_max_theme,8,earliest_seal,touch3,151,100,0.6623,71,48,0.6761,80,52,0.6500,False
per_day_max_theme,8,earliest_seal,open_zt3,151,76,0.5033,71,35,0.4930,80,41,0.5125,False
per_day_max_theme,8,earliest_seal,hold_zt3,162,87,0.5370,77,41,0.5325,85,46,0.5412,False
per_day_max_theme,8,latest_seal,hold_close,162,102,0.6296,77,41,0.5325,85,61,0.7176,False
per_day_max_theme,8,latest_seal,hold_flat,162,103,0.6358,77,41,0.5325,85,62,0.7294,False
per_day_max_theme,8,latest_seal,hold_touch3,162,84,0.5185,77,43,0.5584,85,41,0.4824,False
per_day_max_theme,8,latest_seal,maxc3,162,122,0.7531,77,54,0.7013,85,68,0.8000,False
per_day_max_theme,8,latest_seal,open_up,156,88,0.5641,74,36,0.4865,82,52,0.6341,False
per_day_max_theme,8,latest_seal,open_flat,156,95,0.6090,74,40,0.5405,82,55,0.6707,False
per_day_max_theme,8,latest_seal,touch3,156,78,0.5000,74,40,0.5405,82,38,0.4634,False
per_day_max_theme,8,latest_seal,open_zt3,156,63,0.4038,74,30,0.4054,82,33,0.4024,False
per_day_max_theme,8,latest_seal,hold_zt3,162,69,0.4259,77,33,0.4286,85,36,0.4235,False
per_day_max_theme,8,strongest_seal,hold_close,162,111,0.6852,77,52,0.6753,85,59,0.6941,False
per_day_max_theme,8,strongest_seal,hold_flat,162,112,0.6914,77,52,0.6753,85,60,0.7059,False
per_day_max_theme,8,strongest_seal,hold_touch3,162,110,0.6790,77,50,0.6494,85,60,0.7059,False
per_day_max_theme,8,strongest_seal,maxc3,162,132,0.8148,77,64,0.8312,85,68,0.8000,False
per_day_max_theme,8,strongest_seal,open_up,147,67,0.4558,68,32,0.4706,79,35,0.4430,False
per_day_max_theme,8,strongest_seal,open_flat,147,80,0.5442,68,37,0.5441,79,43,0.5443,False
per_day_max_theme,8,strongest_seal,touch3,147,95,0.6463,68,41,0.6029,79,54,0.6835,False
per_day_max_theme,8,strongest_seal,open_zt3,147,79,0.5374,68,34,0.5000,79,45,0.5696,False
per_day_max_theme,8,strongest_seal,hold_zt3,162,94,0.5802,77,43,0.5584,85,51,0.6000,False
per_day_max_theme,8,weakest_seal,hold_close,162,100,0.6173,77,43,0.5584,85,57,0.6706,False
per_day_max_theme,8,weakest_seal,hold_flat,162,100,0.6173,77,43,0.5584,85,57,0.6706,False
per_day_max_theme,8,weakest_seal,hold_touch3,162,81,0.5000,77,40,0.5195,85,41,0.4824,False
per_day_max_theme,8,weakest_seal,maxc3,162,121,0.7469,77,54,0.7013,85,67,0.7882,False
per_day_max_theme,8,weakest_seal,open_up,157,89,0.5669,75,37,0.4933,82,52,0.6341,False
per_day_max_theme,8,weakest_seal,open_flat,157,99,0.6306,75,44,0.5867,82,55,0.6707,False
per_day_max_theme,8,weakest_seal,touch3,157,76,0.4841,75,38,0.5067,82,38,0.4634,False
per_day_max_theme,8,weakest_seal,open_zt3,157,62,0.3949,75,32,0.4267,82,30,0.3659,False
per_day_max_theme,8,weakest_seal,hold_zt3,162,67,0.4136,77,34,0.4416,85,33,0.3882,False
per_day_max_theme,8,fewest_opens,hold_close,162,114,0.7037,77,51,0.6623,85,63,0.7412,False
per_day_max_theme,8,fewest_opens,hold_flat,162,115,0.7099,77,51,0.6623,85,64,0.7529,False
per_day_max_theme,8,fewest_opens,hold_touch3,162,107,0.6605,77,47,0.6104,85,60,0.7059,False
per_day_max_theme,8,fewest_opens,maxc3,162,134,0.8272,77,62,0.8052,85,72,0.8471,False
per_day_max_theme,8,fewest_opens,open_up,151,72,0.4768,72,34,0.4722,79,38,0.4810,False
per_day_max_theme,8,fewest_opens,open_flat,151,86,0.5695,72,41,0.5694,79,45,0.5696,False
per_day_max_theme,8,fewest_opens,touch3,151,96,0.6358,72,42,0.5833,79,54,0.6835,False
per_day_max_theme,8,fewest_opens,open_zt3,151,74,0.4901,72,30,0.4167,79,44,0.5570,False
per_day_max_theme,8,fewest_opens,hold_zt3,162,85,0.5247,77,35,0.4545,85,50,0.5882,False
per_day_max_theme,8,unopened_strongest,hold_close,101,68,0.6733,50,33,0.6600,51,35,0.6863,False
per_day_max_theme,8,unopened_strongest,hold_flat,101,69,0.6832,50,33,0.6600,51,36,0.7059,False
per_day_max_theme,8,unopened_strongest,hold_touch3,101,64,0.6337,50,29,0.5800,51,35,0.6863,False
per_day_max_theme,8,unopened_strongest,maxc3,101,81,0.8020,50,38,0.7600,51,43,0.8431,False
per_day_max_theme,8,unopened_strongest,open_up,92,37,0.4022,45,17,0.3778,47,20,0.4255,False
per_day_max_theme,8,unopened_strongest,open_flat,92,46,0.5000,45,22,0.4889,47,24,0.5106,False
per_day_max_theme,8,unopened_strongest,touch3,92,55,0.5978,45,24,0.5333,47,31,0.6596,False
per_day_max_theme,8,unopened_strongest,open_zt3,92,41,0.4457,45,15,0.3333,47,26,0.5532,False
per_day_max_theme,8,unopened_strongest,hold_zt3,101,50,0.4950,50,20,0.4000,51,30,0.5882,False
per_day_max_theme,8,unopened_earliest,hold_close,101,68,0.6733,50,33,0.6600,51,35,0.6863,False
per_day_max_theme,8,unopened_earliest,hold_flat,101,70,0.6931,50,34,0.6800,51,36,0.7059,False
per_day_max_theme,8,unopened_earliest,hold_touch3,101,62,0.6139,50,28,0.5600,51,34,0.6667,False
per_day_max_theme,8,unopened_earliest,maxc3,101,80,0.7921,50,37,0.7400,51,43,0.8431,False
per_day_max_theme,8,unopened_earliest,open_up,94,40,0.4255,47,20,0.4255,47,20,0.4255,False
per_day_max_theme,8,unopened_earliest,open_flat,94,49,0.5213,47,25,0.5319,47,24,0.5106,False
per_day_max_theme,8,unopened_earliest,touch3,94,55,0.5851,47,25,0.5319,47,30,0.6383,False
per_day_max_theme,8,unopened_earliest,open_zt3,94,42,0.4468,47,17,0.3617,47,25,0.5319,False
per_day_max_theme,8,unopened_earliest,hold_zt3,101,49,0.4851,50,20,0.4000,51,29,0.5686,False
per_day_max_theme,8,opened_strongest,hold_close,129,89,0.6899,65,44,0.6769,64,45,0.7031,False
per_day_max_theme,8,opened_strongest,hold_flat,129,89,0.6899,65,44,0.6769,64,45,0.7031,False
per_day_max_theme,8,opened_strongest,hold_touch3,129,79,0.6124,65,40,0.6154,64,39,0.6094,False
per_day_max_theme,8,opened_strongest,maxc3,129,105,0.8140,65,56,0.8615,64,49,0.7656,False
per_day_max_theme,8,opened_strongest,open_up,119,67,0.5630,57,32,0.5614,62,35,0.5645,False
per_day_max_theme,8,opened_strongest,open_flat,119,74,0.6218,57,35,0.6140,62,39,0.6290,False
per_day_max_theme,8,opened_strongest,touch3,119,70,0.5882,57,33,0.5789,62,37,0.5968,False
per_day_max_theme,8,opened_strongest,open_zt3,119,60,0.5042,57,29,0.5088,62,31,0.5000,False
per_day_max_theme,8,opened_strongest,hold_zt3,129,70,0.5426,65,37,0.5692,64,33,0.5156,False
per_day_max_theme,8,fanbao_strongest,hold_close,23,16,0.6957,1,0,0.0000,22,16,0.7273,False
per_day_max_theme,8,fanbao_strongest,hold_flat,23,16,0.6957,1,0,0.0000,22,16,0.7273,False
per_day_max_theme,8,fanbao_strongest,hold_touch3,23,8,0.3478,1,0,0.0000,22,8,0.3636,False
per_day_max_theme,8,fanbao_strongest,maxc3,23,16,0.6957,1,0,0.0000,22,16,0.7273,False
per_day_max_theme,8,fanbao_strongest,open_up,23,11,0.4783,1,0,0.0000,22,11,0.5000,False
per_day_max_theme,8,fanbao_strongest,open_flat,23,13,0.5652,1,0,0.0000,22,13,0.5909,False
per_day_max_theme,8,fanbao_strongest,touch3,23,8,0.3478,1,0,0.0000,22,8,0.3636,False
per_day_max_theme,8,fanbao_strongest,open_zt3,23,8,0.3478,1,0,0.0000,22,8,0.3636,False
per_day_max_theme,8,fanbao_strongest,hold_zt3,23,8,0.3478,1,0,0.0000,22,8,0.3636,False
per_day_max_theme,8,earliest_final,hold_close,162,112,0.6914,77,50,0.6494,85,62,0.7294,False
per_day_max_theme,8,earliest_final,hold_flat,162,113,0.6975,77,51,0.6623,85,62,0.7294,False
per_day_max_theme,8,earliest_final,hold_touch3,162,107,0.6605,77,49,0.6364,85,58,0.6824,False
per_day_max_theme,8,earliest_final,maxc3,162,134,0.8272,77,63,0.8182,85,71,0.8353,False
per_day_max_theme,8,earliest_final,open_up,152,70,0.4605,72,33,0.4583,80,37,0.4625,False
per_day_max_theme,8,earliest_final,open_flat,152,87,0.5724,72,41,0.5694,80,46,0.5750,False
per_day_max_theme,8,earliest_final,touch3,152,97,0.6382,72,44,0.6111,80,53,0.6625,False
per_day_max_theme,8,earliest_final,open_zt3,152,75,0.4934,72,34,0.4722,80,41,0.5125,False
per_day_max_theme,8,earliest_final,hold_zt3,162,85,0.5247,77,39,0.5065,85,46,0.5412,False
per_day_max_theme,8,highest_board,hold_close,162,107,0.6605,77,50,0.6494,85,57,0.6706,False
per_day_max_theme,8,highest_board,hold_flat,162,108,0.6667,77,50,0.6494,85,58,0.6824,False
per_day_max_theme,8,highest_board,hold_touch3,162,114,0.7037,77,52,0.6753,85,62,0.7294,False
per_day_max_theme,8,highest_board,maxc3,162,129,0.7963,77,61,0.7922,85,68,0.8000,False
per_day_max_theme,8,highest_board,open_up,150,69,0.4600,71,35,0.4930,79,34,0.4304,False
per_day_max_theme,8,highest_board,open_flat,150,83,0.5533,71,41,0.5775,79,42,0.5316,False
per_day_max_theme,8,highest_board,touch3,150,103,0.6867,71,47,0.6620,79,56,0.7089,False
per_day_max_theme,8,highest_board,open_zt3,150,83,0.5533,71,38,0.5352,79,45,0.5696,False
per_day_max_theme,8,highest_board,hold_zt3,162,95,0.5864,77,44,0.5714,85,51,0.6000,False
per_day_max_theme,8,lowest_board,hold_close,162,105,0.6481,77,50,0.6494,85,55,0.6471,False
per_day_max_theme,8,lowest_board,hold_flat,162,107,0.6605,77,51,0.6623,85,56,0.6588,False
per_day_max_theme,8,lowest_board,hold_touch3,162,94,0.5802,77,47,0.6104,85,47,0.5529,False
per_day_max_theme,8,lowest_board,maxc3,162,127,0.7840,77,63,0.8182,85,64,0.7529,False
per_day_max_theme,8,lowest_board,open_up,152,72,0.4737,70,32,0.4571,82,40,0.4878,False
per_day_max_theme,8,lowest_board,open_flat,152,81,0.5329,70,36,0.5143,82,45,0.5488,False
per_day_max_theme,8,lowest_board,touch3,152,84,0.5526,70,40,0.5714,82,44,0.5366,False
per_day_max_theme,8,lowest_board,open_zt3,152,67,0.4408,70,31,0.4429,82,36,0.4390,False
per_day_max_theme,8,lowest_board,hold_zt3,162,77,0.4753,77,38,0.4935,85,39,0.4588,False
per_day_max_theme,8,board2_strongest,hold_close,133,85,0.6391,62,41,0.6613,71,44,0.6197,False
per_day_max_theme,8,board2_strongest,hold_flat,133,87,0.6541,62,42,0.6774,71,45,0.6338,False
per_day_max_theme,8,board2_strongest,hold_touch3,133,73,0.5489,62,35,0.5645,71,38,0.5352,False
per_day_max_theme,8,board2_strongest,maxc3,133,102,0.7669,62,50,0.8065,71,52,0.7324,False
per_day_max_theme,8,board2_strongest,open_up,124,61,0.4919,56,27,0.4821,68,34,0.5000,False
per_day_max_theme,8,board2_strongest,open_flat,124,65,0.5242,56,28,0.5000,68,37,0.5441,False
per_day_max_theme,8,board2_strongest,touch3,124,64,0.5161,56,29,0.5179,68,35,0.5147,False
per_day_max_theme,8,board2_strongest,open_zt3,124,50,0.4032,56,23,0.4107,68,27,0.3971,False
per_day_max_theme,8,board2_strongest,hold_zt3,133,59,0.4436,62,29,0.4677,71,30,0.4225,False
per_day_max_theme,8,board3_strongest,hold_close,53,37,0.6981,24,18,0.7500,29,19,0.6552,False
per_day_max_theme,8,board3_strongest,hold_flat,53,37,0.6981,24,18,0.7500,29,19,0.6552,False
per_day_max_theme,8,board3_strongest,hold_touch3,53,39,0.7358,24,18,0.7500,29,21,0.7241,False
per_day_max_theme,8,board3_strongest,maxc3,53,46,0.8679,24,21,0.8750,29,25,0.8621,False
per_day_max_theme,8,board3_strongest,open_up,51,24,0.4706,23,13,0.5652,28,11,0.3929,False
per_day_max_theme,8,board3_strongest,open_flat,51,30,0.5882,23,17,0.7391,28,13,0.4643,False
per_day_max_theme,8,board3_strongest,touch3,51,37,0.7255,23,17,0.7391,28,20,0.7143,False
per_day_max_theme,8,board3_strongest,open_zt3,51,29,0.5686,23,13,0.5652,28,16,0.5714,False
per_day_max_theme,8,board3_strongest,hold_zt3,53,31,0.5849,24,14,0.5833,29,17,0.5862,False
per_day_max_theme,8,board4_strongest,hold_close,29,19,0.6552,16,10,0.6250,13,9,0.6923,False
per_day_max_theme,8,board4_strongest,hold_flat,29,19,0.6552,16,10,0.6250,13,9,0.6923,False
per_day_max_theme,8,board4_strongest,hold_touch3,29,19,0.6552,16,9,0.5625,13,10,0.7692,False
per_day_max_theme,8,board4_strongest,maxc3,29,22,0.7586,16,12,0.7500,13,10,0.7692,False
per_day_max_theme,8,board4_strongest,open_up,26,9,0.3462,14,4,0.2857,12,5,0.4167,False
per_day_max_theme,8,board4_strongest,open_flat,26,16,0.6154,14,8,0.5714,12,8,0.6667,False
per_day_max_theme,8,board4_strongest,touch3,26,16,0.6154,14,7,0.5000,12,9,0.7500,False
per_day_max_theme,8,board4_strongest,open_zt3,26,15,0.5769,14,7,0.5000,12,8,0.6667,False
per_day_max_theme,8,board4_strongest,hold_zt3,29,18,0.6207,16,9,0.5625,13,9,0.6923,False
per_day_max_theme,8,board5p_strongest,hold_close,28,19,0.6786,18,11,0.6111,10,8,0.8000,False
per_day_max_theme,8,board5p_strongest,hold_flat,28,19,0.6786,18,11,0.6111,10,8,0.8000,False
per_day_max_theme,8,board5p_strongest,hold_touch3,28,21,0.7500,18,12,0.6667,10,9,0.9000,False
per_day_max_theme,8,board5p_strongest,maxc3,28,20,0.7143,18,11,0.6111,10,9,0.9000,False
per_day_max_theme,8,board5p_strongest,open_up,25,13,0.5200,16,8,0.5000,9,5,0.5556,False
per_day_max_theme,8,board5p_strongest,open_flat,25,16,0.6400,16,10,0.6250,9,6,0.6667,False
per_day_max_theme,8,board5p_strongest,touch3,25,19,0.7600,16,11,0.6875,9,8,0.8889,False
per_day_max_theme,8,board5p_strongest,open_zt3,25,16,0.6400,16,10,0.6250,9,6,0.6667,False
per_day_max_theme,8,board5p_strongest,hold_zt3,28,19,0.6786,18,12,0.6667,10,7,0.7000,False
per_day_max_theme,8,board2_earliest,hold_close,133,83,0.6241,62,39,0.6290,71,44,0.6197,False
per_day_max_theme,8,board2_earliest,hold_flat,133,83,0.6241,62,39,0.6290,71,44,0.6197,False
per_day_max_theme,8,board2_earliest,hold_touch3,133,74,0.5564,62,38,0.6129,71,36,0.5070,False
per_day_max_theme,8,board2_earliest,maxc3,133,102,0.7669,62,49,0.7903,71,53,0.7465,False
per_day_max_theme,8,board2_earliest,open_up,126,62,0.4921,58,28,0.4828,68,34,0.5000,False
per_day_max_theme,8,board2_earliest,open_flat,126,68,0.5397,58,31,0.5345,68,37,0.5441,False
per_day_max_theme,8,board2_earliest,touch3,126,67,0.5317,58,34,0.5862,68,33,0.4853,False
per_day_max_theme,8,board2_earliest,open_zt3,126,51,0.4048,58,25,0.4310,68,26,0.3824,False
per_day_max_theme,8,board2_earliest,hold_zt3,133,58,0.4361,62,29,0.4677,71,29,0.4085,False
per_day_max_theme,8,board3_earliest,hold_close,53,37,0.6981,24,18,0.7500,29,19,0.6552,False
per_day_max_theme,8,board3_earliest,hold_flat,53,37,0.6981,24,18,0.7500,29,19,0.6552,False
per_day_max_theme,8,board3_earliest,hold_touch3,53,39,0.7358,24,19,0.7917,29,20,0.6897,False
per_day_max_theme,8,board3_earliest,maxc3,53,45,0.8491,24,21,0.8750,29,24,0.8276,False
per_day_max_theme,8,board3_earliest,open_up,50,23,0.4600,22,12,0.5455,28,11,0.3929,False
per_day_max_theme,8,board3_earliest,open_flat,50,29,0.5800,22,16,0.7273,28,13,0.4643,False
per_day_max_theme,8,board3_earliest,touch3,50,36,0.7200,22,17,0.7727,28,19,0.6786,False
per_day_max_theme,8,board3_earliest,open_zt3,50,28,0.5600,22,13,0.5909,28,15,0.5357,False
per_day_max_theme,8,board3_earliest,hold_zt3,53,31,0.5849,24,15,0.6250,29,16,0.5517,False
per_day_max_theme,8,cihigh_strongest,hold_close,40,23,0.5750,14,8,0.5714,26,15,0.5769,False
per_day_max_theme,8,cihigh_strongest,hold_flat,40,23,0.5750,14,8,0.5714,26,15,0.5769,False
per_day_max_theme,8,cihigh_strongest,hold_touch3,40,22,0.5500,14,8,0.5714,26,14,0.5385,False
per_day_max_theme,8,cihigh_strongest,maxc3,40,29,0.7250,14,10,0.7143,26,19,0.7308,False
per_day_max_theme,8,cihigh_strongest,open_up,37,17,0.4595,13,5,0.3846,24,12,0.5000,False
per_day_max_theme,8,cihigh_strongest,open_flat,37,18,0.4865,13,5,0.3846,24,13,0.5417,False
per_day_max_theme,8,cihigh_strongest,touch3,37,19,0.5135,13,7,0.5385,24,12,0.5000,False
per_day_max_theme,8,cihigh_strongest,open_zt3,37,14,0.3784,13,5,0.3846,24,9,0.3750,False
per_day_max_theme,8,cihigh_strongest,hold_zt3,40,17,0.4250,14,6,0.4286,26,11,0.4231,False
per_day_max_theme,8,mid_strongest,hold_close,152,102,0.6711,72,49,0.6806,80,53,0.6625,False
per_day_max_theme,8,mid_strongest,hold_flat,152,104,0.6842,72,50,0.6944,80,54,0.6750,False
per_day_max_theme,8,mid_strongest,hold_touch3,152,93,0.6118,72,44,0.6111,80,49,0.6125,False
per_day_max_theme,8,mid_strongest,maxc3,152,124,0.8158,72,61,0.8472,80,63,0.7875,False
per_day_max_theme,8,mid_strongest,open_up,141,70,0.4965,65,34,0.5231,76,36,0.4737,False
per_day_max_theme,8,mid_strongest,open_flat,141,77,0.5461,65,36,0.5538,76,41,0.5395,False
per_day_max_theme,8,mid_strongest,touch3,141,82,0.5816,65,37,0.5692,76,45,0.5921,False
per_day_max_theme,8,mid_strongest,open_zt3,141,68,0.4823,65,31,0.4769,76,37,0.4868,False
per_day_max_theme,8,mid_strongest,hold_zt3,152,79,0.5197,72,38,0.5278,80,41,0.5125,False
per_day_max_theme,8,newh_strongest,hold_close,35,22,0.6286,14,8,0.5714,21,14,0.6667,False
per_day_max_theme,8,newh_strongest,hold_flat,35,22,0.6286,14,8,0.5714,21,14,0.6667,False
per_day_max_theme,8,newh_strongest,hold_touch3,35,23,0.6571,14,6,0.4286,21,17,0.8095,False
per_day_max_theme,8,newh_strongest,maxc3,35,25,0.7143,14,8,0.5714,21,17,0.8095,False
per_day_max_theme,8,newh_strongest,open_up,33,15,0.4545,14,8,0.5714,19,7,0.3684,False
per_day_max_theme,8,newh_strongest,open_flat,33,20,0.6061,14,10,0.7143,19,10,0.5263,False
per_day_max_theme,8,newh_strongest,touch3,33,21,0.6364,14,6,0.4286,19,15,0.7895,False
per_day_max_theme,8,newh_strongest,open_zt3,33,20,0.6061,14,6,0.4286,19,14,0.7368,False
per_day_max_theme,8,newh_strongest,hold_zt3,35,22,0.6286,14,6,0.4286,21,16,0.7619,False
per_day_max_theme,8,mid_earliest,hold_close,152,103,0.6776,72,49,0.6806,80,54,0.6750,False
per_day_max_theme,8,mid_earliest,hold_flat,152,103,0.6776,72,49,0.6806,80,54,0.6750,False
per_day_max_theme,8,mid_earliest,hold_touch3,152,94,0.6184,72,48,0.6667,80,46,0.5750,False
per_day_max_theme,8,mid_earliest,maxc3,152,125,0.8224,72,62,0.8611,80,63,0.7875,False
per_day_max_theme,8,mid_earliest,open_up,145,70,0.4828,68,34,0.5000,77,36,0.4675,False
per_day_max_theme,8,mid_earliest,open_flat,145,81,0.5586,68,40,0.5882,77,41,0.5325,False
per_day_max_theme,8,mid_earliest,touch3,145,87,0.6000,68,44,0.6471,77,43,0.5584,False
per_day_max_theme,8,mid_earliest,open_zt3,145,67,0.4621,68,33,0.4853,77,34,0.4416,False
per_day_max_theme,8,mid_earliest,hold_zt3,152,74,0.4868,72,37,0.5139,80,37,0.4625,False
per_day_max_theme,8,cihigh_earliest,hold_close,40,20,0.5000,14,8,0.5714,26,12,0.4615,False
per_day_max_theme,8,cihigh_earliest,hold_flat,40,20,0.5000,14,8,0.5714,26,12,0.4615,False
per_day_max_theme,8,cihigh_earliest,hold_touch3,40,21,0.5250,14,9,0.6429,26,12,0.4615,False
per_day_max_theme,8,cihigh_earliest,maxc3,40,28,0.7000,14,10,0.7143,26,18,0.6923,False
per_day_max_theme,8,cihigh_earliest,open_up,37,15,0.4054,13,5,0.3846,24,10,0.4167,False
per_day_max_theme,8,cihigh_earliest,open_flat,37,16,0.4324,13,5,0.3846,24,11,0.4583,False
per_day_max_theme,8,cihigh_earliest,touch3,37,18,0.4865,13,8,0.6154,24,10,0.4167,False
per_day_max_theme,8,cihigh_earliest,open_zt3,37,14,0.3784,13,6,0.4615,24,8,0.3333,False
per_day_max_theme,8,cihigh_earliest,hold_zt3,40,17,0.4250,14,7,0.5000,26,10,0.3846,False
per_day_max_theme,8,max_amount,hold_close,162,103,0.6358,77,46,0.5974,85,57,0.6706,False
per_day_max_theme,8,max_amount,hold_flat,162,103,0.6358,77,46,0.5974,85,57,0.6706,False
per_day_max_theme,8,max_amount,hold_touch3,162,86,0.5309,77,43,0.5584,85,43,0.5059,False
per_day_max_theme,8,max_amount,maxc3,162,124,0.7654,77,56,0.7273,85,68,0.8000,False
per_day_max_theme,8,max_amount,open_up,155,82,0.5290,73,37,0.5068,82,45,0.5488,False
per_day_max_theme,8,max_amount,open_flat,155,93,0.6000,73,44,0.6027,82,49,0.5976,False
per_day_max_theme,8,max_amount,touch3,155,79,0.5097,73,39,0.5342,82,40,0.4878,False
per_day_max_theme,8,max_amount,open_zt3,155,57,0.3677,73,28,0.3836,82,29,0.3537,False
per_day_max_theme,8,max_amount,hold_zt3,162,64,0.3951,77,32,0.4156,85,32,0.3765,False
per_day_max_theme,8,min_amount,hold_close,162,108,0.6667,77,48,0.6234,85,60,0.7059,False
per_day_max_theme,8,min_amount,hold_flat,162,109,0.6728,77,48,0.6234,85,61,0.7176,False
per_day_max_theme,8,min_amount,hold_touch3,162,100,0.6173,77,48,0.6234,85,52,0.6118,False
per_day_max_theme,8,min_amount,maxc3,162,131,0.8086,77,62,0.8052,85,69,0.8118,False
per_day_max_theme,8,min_amount,open_up,154,71,0.4610,74,32,0.4324,80,39,0.4875,False
per_day_max_theme,8,min_amount,open_flat,154,87,0.5649,74,40,0.5405,80,47,0.5875,False
per_day_max_theme,8,min_amount,touch3,154,93,0.6039,74,46,0.6216,80,47,0.5875,False
per_day_max_theme,8,min_amount,open_zt3,154,77,0.5000,74,36,0.4865,80,41,0.5125,False
per_day_max_theme,8,min_amount,hold_zt3,162,85,0.5247,77,39,0.5065,85,46,0.5412,False
per_day_max_theme,8,max_turn,hold_close,162,94,0.5802,77,42,0.5455,85,52,0.6118,False
per_day_max_theme,8,max_turn,hold_flat,162,95,0.5864,77,42,0.5455,85,53,0.6235,False
per_day_max_theme,8,max_turn,hold_touch3,162,89,0.5494,77,42,0.5455,85,47,0.5529,False
per_day_max_theme,8,max_turn,maxc3,162,117,0.7222,77,54,0.7013,85,63,0.7412,False
per_day_max_theme,8,max_turn,open_up,155,81,0.5226,73,37,0.5068,82,44,0.5366,False
per_day_max_theme,8,max_turn,open_flat,155,87,0.5613,73,40,0.5479,82,47,0.5732,False
per_day_max_theme,8,max_turn,touch3,155,82,0.5290,73,38,0.5205,82,44,0.5366,False
per_day_max_theme,8,max_turn,open_zt3,155,60,0.3871,73,27,0.3699,82,33,0.4024,False
per_day_max_theme,8,max_turn,hold_zt3,162,67,0.4136,77,31,0.4026,85,36,0.4235,False
per_day_max_theme,8,min_turn,hold_close,162,114,0.7037,77,52,0.6753,85,62,0.7294,False
per_day_max_theme,8,min_turn,hold_flat,162,117,0.7222,77,54,0.7013,85,63,0.7412,False
per_day_max_theme,8,min_turn,hold_touch3,162,95,0.5864,77,48,0.6234,85,47,0.5529,False
per_day_max_theme,8,min_turn,maxc3,162,132,0.8148,77,63,0.8182,85,69,0.8118,False
per_day_max_theme,8,min_turn,open_up,151,75,0.4967,71,33,0.4648,80,42,0.5250,False
per_day_max_theme,8,min_turn,open_flat,151,91,0.6026,71,42,0.5915,80,49,0.6125,False
per_day_max_theme,8,min_turn,touch3,151,85,0.5629,71,43,0.6056,80,42,0.5250,False
per_day_max_theme,8,min_turn,open_zt3,151,69,0.4570,71,35,0.4930,80,34,0.4250,False
per_day_max_theme,8,min_turn,hold_zt3,162,80,0.4938,77,41,0.5325,85,39,0.4588,False
per_day_max_theme,8,intact_strongest,hold_close,103,69,0.6699,53,33,0.6226,50,36,0.7200,False
per_day_max_theme,8,intact_strongest,hold_flat,103,70,0.6796,53,33,0.6226,50,37,0.7400,False
per_day_max_theme,8,intact_strongest,hold_touch3,103,74,0.7184,53,35,0.6604,50,39,0.7800,False
per_day_max_theme,8,intact_strongest,maxc3,103,84,0.8155,53,42,0.7925,50,42,0.8400,False
per_day_max_theme,8,intact_strongest,open_up,95,42,0.4421,47,20,0.4255,48,22,0.4583,False
per_day_max_theme,8,intact_strongest,open_flat,95,51,0.5368,47,24,0.5106,48,27,0.5625,False
per_day_max_theme,8,intact_strongest,touch3,95,66,0.6947,47,29,0.6170,48,37,0.7708,False
per_day_max_theme,8,intact_strongest,open_zt3,95,49,0.5158,47,21,0.4468,48,28,0.5833,False
per_day_max_theme,8,intact_strongest,hold_zt3,103,57,0.5534,53,27,0.5094,50,30,0.6000,False
per_day_max_theme,8,intact_earliest,hold_close,103,69,0.6699,53,30,0.5660,50,39,0.7800,False
per_day_max_theme,8,intact_earliest,hold_flat,103,69,0.6699,53,30,0.5660,50,39,0.7800,False
per_day_max_theme,8,intact_earliest,hold_touch3,103,71,0.6893,53,35,0.6604,50,36,0.7200,False
per_day_max_theme,8,intact_earliest,maxc3,103,82,0.7961,53,41,0.7736,50,41,0.8200,False
per_day_max_theme,8,intact_earliest,open_up,97,42,0.4330,49,19,0.3878,48,23,0.4792,False
per_day_max_theme,8,intact_earliest,open_flat,97,52,0.5361,49,24,0.4898,48,28,0.5833,False
per_day_max_theme,8,intact_earliest,touch3,97,66,0.6804,49,32,0.6531,48,34,0.7083,False
per_day_max_theme,8,intact_earliest,open_zt3,97,45,0.4639,49,20,0.4082,48,25,0.5208,False
per_day_max_theme,8,intact_earliest,hold_zt3,103,51,0.4951,53,24,0.4528,50,27,0.5400,False
per_day_max_theme,8,break_strongest,hold_close,49,36,0.7347,19,16,0.8421,30,20,0.6667,False
per_day_max_theme,8,break_strongest,hold_flat,49,37,0.7551,19,16,0.8421,30,21,0.7000,False
per_day_max_theme,8,break_strongest,hold_touch3,49,29,0.5918,19,11,0.5789,30,18,0.6000,False
per_day_max_theme,8,break_strongest,maxc3,49,41,0.8367,19,17,0.8947,30,24,0.8000,False
per_day_max_theme,8,break_strongest,open_up,43,22,0.5116,16,10,0.6250,27,12,0.4444,False
per_day_max_theme,8,break_strongest,open_flat,43,26,0.6047,16,11,0.6875,27,15,0.5556,False
per_day_max_theme,8,break_strongest,touch3,43,23,0.5349,16,8,0.5000,27,15,0.5556,False
per_day_max_theme,8,break_strongest,open_zt3,43,25,0.5814,16,10,0.6250,27,15,0.5556,False
per_day_max_theme,8,break_strongest,hold_zt3,49,31,0.6327,19,13,0.6842,30,18,0.6000,False
per_day_max_theme,8,stock_unbroken_strongest,hold_close,153,103,0.6732,71,48,0.6761,82,55,0.6707,False
per_day_max_theme,8,stock_unbroken_strongest,hold_flat,153,104,0.6797,71,48,0.6761,82,56,0.6829,False
per_day_max_theme,8,stock_unbroken_strongest,hold_touch3,153,98,0.6405,71,42,0.5915,82,56,0.6829,False
per_day_max_theme,8,stock_unbroken_strongest,maxc3,153,126,0.8235,71,61,0.8592,82,65,0.7927,False
per_day_max_theme,8,stock_unbroken_strongest,open_up,139,62,0.4460,63,29,0.4603,76,33,0.4342,False
per_day_max_theme,8,stock_unbroken_strongest,open_flat,139,73,0.5252,63,34,0.5397,76,39,0.5132,False
per_day_max_theme,8,stock_unbroken_strongest,touch3,139,84,0.6043,63,34,0.5397,76,50,0.6579,False
per_day_max_theme,8,stock_unbroken_strongest,open_zt3,139,69,0.4964,63,29,0.4603,76,40,0.5263,False
per_day_max_theme,8,stock_unbroken_strongest,hold_zt3,153,83,0.5425,71,37,0.5211,82,46,0.5610,False
per_day_max_theme,8,stock_broken_strongest,hold_close,46,31,0.6739,21,14,0.6667,25,17,0.6800,False
per_day_max_theme,8,stock_broken_strongest,hold_flat,46,31,0.6739,21,14,0.6667,25,17,0.6800,False
per_day_max_theme,8,stock_broken_strongest,hold_touch3,46,23,0.5000,21,13,0.6190,25,10,0.4000,False
per_day_max_theme,8,stock_broken_strongest,maxc3,46,32,0.6957,21,15,0.7143,25,17,0.6800,False
per_day_max_theme,8,stock_broken_strongest,open_up,45,24,0.5333,20,11,0.5500,25,13,0.5200,False
per_day_max_theme,8,stock_broken_strongest,open_flat,45,27,0.6000,20,12,0.6000,25,15,0.6000,False
per_day_max_theme,8,stock_broken_strongest,touch3,45,22,0.4889,20,12,0.6000,25,10,0.4000,False
per_day_max_theme,8,stock_broken_strongest,open_zt3,45,17,0.3778,20,9,0.4500,25,8,0.3200,False
per_day_max_theme,8,stock_broken_strongest,hold_zt3,46,18,0.3913,21,10,0.4762,25,8,0.3200,False
per_day_max_theme,8,stock_unbroken_earliest,hold_close,153,98,0.6405,71,45,0.6338,82,53,0.6463,False
per_day_max_theme,8,stock_unbroken_earliest,hold_flat,153,98,0.6405,71,45,0.6338,82,53,0.6463,False
per_day_max_theme,8,stock_unbroken_earliest,hold_touch3,153,98,0.6405,71,46,0.6479,82,52,0.6341,False
per_day_max_theme,8,stock_unbroken_earliest,maxc3,153,123,0.8039,71,59,0.8310,82,64,0.7805,False
per_day_max_theme,8,stock_unbroken_earliest,open_up,143,61,0.4266,66,29,0.4394,77,32,0.4156,False
per_day_max_theme,8,stock_unbroken_earliest,open_flat,143,74,0.5175,66,36,0.5455,77,38,0.4935,False
per_day_max_theme,8,stock_unbroken_earliest,touch3,143,89,0.6224,66,42,0.6364,77,47,0.6104,False
per_day_max_theme,8,stock_unbroken_earliest,open_zt3,143,68,0.4755,66,31,0.4697,77,37,0.4805,False
per_day_max_theme,8,stock_unbroken_earliest,hold_zt3,153,78,0.5098,71,36,0.5070,82,42,0.5122,False
per_day_max_theme,8,H_strongest,hold_close,35,22,0.6286,14,8,0.5714,21,14,0.6667,False
per_day_max_theme,8,H_strongest,hold_flat,35,22,0.6286,14,8,0.5714,21,14,0.6667,False
per_day_max_theme,8,H_strongest,hold_touch3,35,23,0.6571,14,6,0.4286,21,17,0.8095,False
per_day_max_theme,8,H_strongest,maxc3,35,25,0.7143,14,8,0.5714,21,17,0.8095,False
per_day_max_theme,8,H_strongest,open_up,33,15,0.4545,14,8,0.5714,19,7,0.3684,False
per_day_max_theme,8,H_strongest,open_flat,33,20,0.6061,14,10,0.7143,19,10,0.5263,False
per_day_max_theme,8,H_strongest,touch3,33,21,0.6364,14,6,0.4286,19,15,0.7895,False
per_day_max_theme,8,H_strongest,open_zt3,33,20,0.6061,14,6,0.4286,19,14,0.7368,False
per_day_max_theme,8,H_strongest,hold_zt3,35,22,0.6286,14,6,0.4286,21,16,0.7619,False
per_day_max_theme,8,Hm1_strongest,hold_close,40,23,0.5750,14,8,0.5714,26,15,0.5769,False
per_day_max_theme,8,Hm1_strongest,hold_flat,40,23,0.5750,14,8,0.5714,26,15,0.5769,False
per_day_max_theme,8,Hm1_strongest,hold_touch3,40,22,0.5500,14,8,0.5714,26,14,0.5385,False
per_day_max_theme,8,Hm1_strongest,maxc3,40,29,0.7250,14,10,0.7143,26,19,0.7308,False
per_day_max_theme,8,Hm1_strongest,open_up,37,17,0.4595,13,5,0.3846,24,12,0.5000,False
per_day_max_theme,8,Hm1_strongest,open_flat,37,18,0.4865,13,5,0.3846,24,13,0.5417,False
per_day_max_theme,8,Hm1_strongest,touch3,37,19,0.5135,13,7,0.5385,24,12,0.5000,False
per_day_max_theme,8,Hm1_strongest,open_zt3,37,14,0.3784,13,5,0.3846,24,9,0.3750,False
per_day_max_theme,8,Hm1_strongest,hold_zt3,40,17,0.4250,14,6,0.4286,26,11,0.4231,False
per_day_max_theme,8,belowH_strongest,hold_close,157,106,0.6752,74,50,0.6757,83,56,0.6747,False
per_day_max_theme,8,belowH_strongest,hold_flat,157,107,0.6815,74,50,0.6757,83,57,0.6867,False
per_day_max_theme,8,belowH_strongest,hold_touch3,157,98,0.6242,74,48,0.6486,83,50,0.6024,False
per_day_max_theme,8,belowH_strongest,maxc3,157,127,0.8089,74,63,0.8514,83,64,0.7711,False
per_day_max_theme,8,belowH_strongest,open_up,144,69,0.4792,65,29,0.4462,79,40,0.5063,False
per_day_max_theme,8,belowH_strongest,open_flat,144,79,0.5486,65,34,0.5231,79,45,0.5696,False
per_day_max_theme,8,belowH_strongest,touch3,144,85,0.5903,65,39,0.6000,79,46,0.5823,False
per_day_max_theme,8,belowH_strongest,open_zt3,144,68,0.4722,65,32,0.4923,79,36,0.4557,False
per_day_max_theme,8,belowH_strongest,hold_zt3,157,81,0.5159,74,41,0.5541,83,40,0.4819,False
per_day_max_theme,8,ge3_strongest,hold_close,85,59,0.6941,40,28,0.7000,45,31,0.6889,False
per_day_max_theme,8,ge3_strongest,hold_flat,85,59,0.6941,40,28,0.7000,45,31,0.6889,False
per_day_max_theme,8,ge3_strongest,hold_touch3,85,65,0.7647,40,29,0.7250,45,36,0.8000,False
per_day_max_theme,8,ge3_strongest,maxc3,85,71,0.8353,40,33,0.8250,45,38,0.8444,False
per_day_max_theme,8,ge3_strongest,open_up,77,33,0.4286,35,17,0.4857,42,16,0.3810,False
per_day_max_theme,8,ge3_strongest,open_flat,77,44,0.5714,35,22,0.6286,42,22,0.5238,False
per_day_max_theme,8,ge3_strongest,touch3,77,58,0.7532,35,25,0.7143,42,33,0.7857,False
per_day_max_theme,8,ge3_strongest,open_zt3,77,46,0.5974,35,19,0.5429,42,27,0.6429,False
per_day_max_theme,8,ge3_strongest,hold_zt3,85,54,0.6353,40,24,0.6000,45,30,0.6667,False
per_day_max_theme,8,ge3_earliest,hold_close,85,58,0.6824,40,27,0.6750,45,31,0.6889,False
per_day_max_theme,8,ge3_earliest,hold_flat,85,58,0.6824,40,27,0.6750,45,31,0.6889,False
per_day_max_theme,8,ge3_earliest,hold_touch3,85,64,0.7529,40,29,0.7250,45,35,0.7778,False
per_day_max_theme,8,ge3_earliest,maxc3,85,70,0.8235,40,32,0.8000,45,38,0.8444,False
per_day_max_theme,8,ge3_earliest,open_up,76,32,0.4211,34,16,0.4706,42,16,0.3810,False
per_day_max_theme,8,ge3_earliest,open_flat,76,42,0.5526,34,20,0.5882,42,22,0.5238,False
per_day_max_theme,8,ge3_earliest,touch3,76,56,0.7368,34,24,0.7059,42,32,0.7619,False
per_day_max_theme,8,ge3_earliest,open_zt3,76,44,0.5789,34,18,0.5294,42,26,0.6190,False
per_day_max_theme,8,ge3_earliest,hold_zt3,85,53,0.6235,40,24,0.6000,45,29,0.6444,False
per_day_max_theme,8,ge4_strongest,hold_close,49,35,0.7143,28,19,0.6786,21,16,0.7619,False
per_day_max_theme,8,ge4_strongest,hold_flat,49,35,0.7143,28,19,0.6786,21,16,0.7619,False
per_day_max_theme,8,ge4_strongest,hold_touch3,49,36,0.7347,28,18,0.6429,21,18,0.8571,False
per_day_max_theme,8,ge4_strongest,maxc3,49,39,0.7959,28,21,0.7500,21,18,0.8571,False
per_day_max_theme,8,ge4_strongest,open_up,43,18,0.4186,24,10,0.4167,19,8,0.4211,False
per_day_max_theme,8,ge4_strongest,open_flat,43,28,0.6512,24,16,0.6667,19,12,0.6316,False
per_day_max_theme,8,ge4_strongest,touch3,43,31,0.7209,24,15,0.6250,19,16,0.8421,False
per_day_max_theme,8,ge4_strongest,open_zt3,43,28,0.6512,24,14,0.5833,19,14,0.7368,False
per_day_max_theme,8,ge4_strongest,hold_zt3,49,34,0.6939,28,18,0.6429,21,16,0.7619,False
per_day_max_theme,8,ge4_earliest,hold_close,49,34,0.6939,28,18,0.6429,21,16,0.7619,False
per_day_max_theme,8,ge4_earliest,hold_flat,49,34,0.6939,28,18,0.6429,21,16,0.7619,False
per_day_max_theme,8,ge4_earliest,hold_touch3,49,35,0.7143,28,18,0.6429,21,17,0.8095,False
per_day_max_theme,8,ge4_earliest,maxc3,49,38,0.7755,28,20,0.7143,21,18,0.8571,False
per_day_max_theme,8,ge4_earliest,open_up,43,18,0.4186,24,10,0.4167,19,8,0.4211,False
per_day_max_theme,8,ge4_earliest,open_flat,43,27,0.6279,24,15,0.6250,19,12,0.6316,False
per_day_max_theme,8,ge4_earliest,touch3,43,30,0.6977,24,15,0.6250,19,15,0.7895,False
per_day_max_theme,8,ge4_earliest,open_zt3,43,27,0.6279,24,14,0.5833,19,13,0.6842,False
per_day_max_theme,8,ge4_earliest,hold_zt3,49,33,0.6735,28,18,0.6429,21,15,0.7143,False
per_day_max_theme,8,ge4_unopened,hold_close,20,15,0.7500,11,8,0.7273,9,7,0.7778,False
per_day_max_theme,8,ge4_unopened,hold_flat,20,15,0.7500,11,8,0.7273,9,7,0.7778,False
per_day_max_theme,8,ge4_unopened,hold_touch3,20,13,0.6500,11,7,0.6364,9,6,0.6667,False
per_day_max_theme,8,ge4_unopened,maxc3,20,16,0.8000,11,9,0.8182,9,7,0.7778,False
per_day_max_theme,8,ge4_unopened,open_up,18,9,0.5000,10,5,0.5000,8,4,0.5000,False
per_day_max_theme,8,ge4_unopened,open_flat,18,13,0.7222,10,7,0.7000,8,6,0.7500,False
per_day_max_theme,8,ge4_unopened,touch3,18,11,0.6111,10,6,0.6000,8,5,0.6250,False
per_day_max_theme,8,ge4_unopened,open_zt3,18,11,0.6111,10,6,0.6000,8,5,0.6250,False
per_day_max_theme,8,ge4_unopened,hold_zt3,20,13,0.6500,11,7,0.6364,9,6,0.6667,False
per_day_max_theme,8,ge3_unopened,hold_close,39,26,0.6667,16,12,0.7500,23,14,0.6087,False
per_day_max_theme,8,ge3_unopened,hold_flat,39,26,0.6667,16,12,0.7500,23,14,0.6087,False
per_day_max_theme,8,ge3_unopened,hold_touch3,39,29,0.7436,16,11,0.6875,23,18,0.7826,False
per_day_max_theme,8,ge3_unopened,maxc3,39,32,0.8205,16,13,0.8125,23,19,0.8261,False
per_day_max_theme,8,ge3_unopened,open_up,36,13,0.3611,15,8,0.5333,21,5,0.2381,False
per_day_max_theme,8,ge3_unopened,open_flat,36,18,0.5000,15,11,0.7333,21,7,0.3333,False
per_day_max_theme,8,ge3_unopened,touch3,36,26,0.7222,15,10,0.6667,21,16,0.7619,False
per_day_max_theme,8,ge3_unopened,open_zt3,36,22,0.6111,15,9,0.6000,21,13,0.6190,False
per_day_max_theme,8,ge3_unopened,hold_zt3,39,25,0.6410,16,10,0.6250,23,15,0.6522,False
per_day_max_theme,8,suc_strongest,hold_close,161,102,0.6335,76,44,0.5789,85,58,0.6824,False
per_day_max_theme,8,suc_strongest,hold_flat,161,102,0.6335,76,44,0.5789,85,58,0.6824,False
per_day_max_theme,8,suc_strongest,hold_touch3,161,89,0.5528,76,44,0.5789,85,45,0.5294,False
per_day_max_theme,8,suc_strongest,maxc3,161,122,0.7578,76,56,0.7368,85,66,0.7765,False
per_day_max_theme,8,suc_strongest,open_up,151,74,0.4901,71,33,0.4648,80,41,0.5125,False
per_day_max_theme,8,suc_strongest,open_flat,151,85,0.5629,71,38,0.5352,80,47,0.5875,False
per_day_max_theme,8,suc_strongest,touch3,151,79,0.5232,71,39,0.5493,80,40,0.5000,False
per_day_max_theme,8,suc_strongest,open_zt3,151,60,0.3974,71,29,0.4085,80,31,0.3875,False
per_day_max_theme,8,suc_strongest,hold_zt3,161,70,0.4348,76,34,0.4474,85,36,0.4235,False
per_day_max_theme,8,early_strongest,hold_close,137,92,0.6715,70,45,0.6429,67,47,0.7015,False
per_day_max_theme,8,early_strongest,hold_flat,137,92,0.6715,70,45,0.6429,67,47,0.7015,False
per_day_max_theme,8,early_strongest,hold_touch3,137,95,0.6934,70,45,0.6429,67,50,0.7463,False
per_day_max_theme,8,early_strongest,maxc3,137,114,0.8321,70,58,0.8286,67,56,0.8358,False
per_day_max_theme,8,early_strongest,open_up,124,55,0.4435,61,29,0.4754,63,26,0.4127,False
per_day_max_theme,8,early_strongest,open_flat,124,67,0.5403,61,33,0.5410,63,34,0.5397,False
per_day_max_theme,8,early_strongest,touch3,124,83,0.6694,61,37,0.6066,63,46,0.7302,False
per_day_max_theme,8,early_strongest,open_zt3,124,67,0.5403,61,30,0.4918,63,37,0.5873,False
per_day_max_theme,8,early_strongest,hold_zt3,137,80,0.5839,70,39,0.5571,67,41,0.6119,False
per_day_max_theme,8,huanshou_strongest,hold_close,159,107,0.6730,76,51,0.6711,83,56,0.6747,False
per_day_max_theme,8,huanshou_strongest,hold_flat,159,109,0.6855,76,52,0.6842,83,57,0.6867,False
per_day_max_theme,8,huanshou_strongest,hold_touch3,159,103,0.6478,76,49,0.6447,83,54,0.6506,False
per_day_max_theme,8,huanshou_strongest,maxc3,159,127,0.7987,76,62,0.8158,83,65,0.7831,False
per_day_max_theme,8,huanshou_strongest,open_up,148,68,0.4595,69,33,0.4783,79,35,0.4430,False
per_day_max_theme,8,huanshou_strongest,open_flat,148,81,0.5473,69,39,0.5652,79,42,0.5316,False
per_day_max_theme,8,huanshou_strongest,touch3,148,92,0.6216,69,42,0.6087,79,50,0.6329,False
per_day_max_theme,8,huanshou_strongest,open_zt3,148,70,0.4730,69,31,0.4493,79,39,0.4937,False
per_day_max_theme,8,huanshou_strongest,hold_zt3,159,81,0.5094,76,38,0.5000,83,43,0.5181,False
per_day_max_theme,8,tzi_strongest,hold_close,35,24,0.6857,18,11,0.6111,17,13,0.7647,False
per_day_max_theme,8,tzi_strongest,hold_flat,35,24,0.6857,18,11,0.6111,17,13,0.7647,False
per_day_max_theme,8,tzi_strongest,hold_touch3,35,24,0.6857,18,11,0.6111,17,13,0.7647,False
per_day_max_theme,8,tzi_strongest,maxc3,35,31,0.8857,18,15,0.8333,17,16,0.9412,False
per_day_max_theme,8,tzi_strongest,open_up,30,15,0.5000,15,7,0.4667,15,8,0.5333,False
per_day_max_theme,8,tzi_strongest,open_flat,30,18,0.6000,15,8,0.5333,15,10,0.6667,False
per_day_max_theme,8,tzi_strongest,touch3,30,20,0.6667,15,9,0.6000,15,11,0.7333,False
per_day_max_theme,8,tzi_strongest,open_zt3,30,18,0.6000,15,8,0.5333,15,10,0.6667,False
per_day_max_theme,8,tzi_strongest,hold_zt3,35,23,0.6571,18,11,0.6111,17,12,0.7059,False
per_day,10,earliest_seal,hold_close,130,92,0.7077,58,38,0.6552,72,54,0.7500,False
per_day,10,earliest_seal,hold_flat,130,93,0.7154,58,38,0.6552,72,55,0.7639,False
per_day,10,earliest_seal,hold_touch3,130,86,0.6615,58,37,0.6379,72,49,0.6806,False
per_day,10,earliest_seal,maxc3,130,105,0.8077,58,46,0.7931,72,59,0.8194,False
per_day,10,earliest_seal,open_up,119,53,0.4454,51,22,0.4314,68,31,0.4559,False
per_day,10,earliest_seal,open_flat,119,67,0.5630,51,26,0.5098,68,41,0.6029,False
per_day,10,earliest_seal,touch3,119,77,0.6471,51,32,0.6275,68,45,0.6618,False
per_day,10,earliest_seal,open_zt3,119,55,0.4622,51,22,0.4314,68,33,0.4853,False
per_day,10,earliest_seal,hold_zt3,130,66,0.5077,58,29,0.5000,72,37,0.5139,False
per_day,10,latest_seal,hold_close,130,79,0.6077,58,29,0.5000,72,50,0.6944,False
per_day,10,latest_seal,hold_flat,130,80,0.6154,58,29,0.5000,72,51,0.7083,False
per_day,10,latest_seal,hold_touch3,130,68,0.5231,58,30,0.5172,72,38,0.5278,False
per_day,10,latest_seal,maxc3,130,96,0.7385,58,38,0.6552,72,58,0.8056,False
per_day,10,latest_seal,open_up,123,65,0.5285,56,26,0.4643,67,39,0.5821,False
per_day,10,latest_seal,open_flat,123,69,0.5610,56,28,0.5000,67,41,0.6119,False
per_day,10,latest_seal,touch3,123,61,0.4959,56,28,0.5000,67,33,0.4925,False
per_day,10,latest_seal,open_zt3,123,46,0.3740,56,20,0.3571,67,26,0.3881,False
per_day,10,latest_seal,hold_zt3,130,53,0.4077,58,22,0.3793,72,31,0.4306,False
per_day,10,strongest_seal,hold_close,130,92,0.7077,58,39,0.6724,72,53,0.7361,False
per_day,10,strongest_seal,hold_flat,130,92,0.7077,58,39,0.6724,72,53,0.7361,False
per_day,10,strongest_seal,hold_touch3,130,90,0.6923,58,35,0.6034,72,55,0.7639,False
per_day,10,strongest_seal,maxc3,130,104,0.8000,58,45,0.7759,72,59,0.8194,False
per_day,10,strongest_seal,open_up,112,46,0.4107,47,19,0.4043,65,27,0.4154,False
per_day,10,strongest_seal,open_flat,112,59,0.5268,47,22,0.4681,65,37,0.5692,False
per_day,10,strongest_seal,touch3,112,72,0.6429,47,24,0.5106,65,48,0.7385,False
per_day,10,strongest_seal,open_zt3,112,56,0.5000,47,20,0.4255,65,36,0.5538,False
per_day,10,strongest_seal,hold_zt3,130,74,0.5692,58,31,0.5345,72,43,0.5972,False
per_day,10,weakest_seal,hold_close,130,75,0.5769,58,32,0.5517,72,43,0.5972,False
per_day,10,weakest_seal,hold_flat,130,75,0.5769,58,32,0.5517,72,43,0.5972,False
per_day,10,weakest_seal,hold_touch3,130,61,0.4692,58,27,0.4655,72,34,0.4722,False
per_day,10,weakest_seal,maxc3,130,95,0.7308,58,39,0.6724,72,56,0.7778,False
per_day,10,weakest_seal,open_up,126,71,0.5635,57,32,0.5614,69,39,0.5652,False
per_day,10,weakest_seal,open_flat,126,75,0.5952,57,34,0.5965,69,41,0.5942,False
per_day,10,weakest_seal,touch3,126,57,0.4524,57,26,0.4561,69,31,0.4493,False
per_day,10,weakest_seal,open_zt3,126,45,0.3571,57,25,0.4386,69,20,0.2899,False
per_day,10,weakest_seal,hold_zt3,130,49,0.3769,58,26,0.4483,72,23,0.3194,False
per_day,10,fewest_opens,hold_close,130,88,0.6769,58,38,0.6552,72,50,0.6944,False
per_day,10,fewest_opens,hold_flat,130,88,0.6769,58,38,0.6552,72,50,0.6944,False
per_day,10,fewest_opens,hold_touch3,130,91,0.7000,58,35,0.6034,72,56,0.7778,False
per_day,10,fewest_opens,maxc3,130,102,0.7846,58,45,0.7759,72,57,0.7917,False
per_day,10,fewest_opens,open_up,116,48,0.4138,51,23,0.4510,65,25,0.3846,False
per_day,10,fewest_opens,open_flat,116,61,0.5259,51,27,0.5294,65,34,0.5231,False
per_day,10,fewest_opens,touch3,116,77,0.6638,51,28,0.5490,65,49,0.7538,False
per_day,10,fewest_opens,open_zt3,116,57,0.4914,51,20,0.3922,65,37,0.5692,False
per_day,10,fewest_opens,hold_zt3,130,71,0.5462,58,27,0.4655,72,44,0.6111,False
per_day,10,unopened_strongest,hold_close,92,60,0.6522,42,27,0.6429,50,33,0.6600,False
per_day,10,unopened_strongest,hold_flat,92,60,0.6522,42,27,0.6429,50,33,0.6600,False
per_day,10,unopened_strongest,hold_touch3,92,64,0.6957,42,25,0.5952,50,39,0.7800,False
per_day,10,unopened_strongest,maxc3,92,72,0.7826,42,32,0.7619,50,40,0.8000,False
per_day,10,unopened_strongest,open_up,80,27,0.3375,35,12,0.3429,45,15,0.3333,False
per_day,10,unopened_strongest,open_flat,80,36,0.4500,35,15,0.4286,45,21,0.4667,False
per_day,10,unopened_strongest,touch3,80,52,0.6500,35,18,0.5143,45,34,0.7556,False
per_day,10,unopened_strongest,open_zt3,80,38,0.4750,35,12,0.3429,45,26,0.5778,False
per_day,10,unopened_strongest,hold_zt3,92,50,0.5435,42,19,0.4524,50,31,0.6200,False
per_day,10,unopened_earliest,hold_close,92,62,0.6739,42,27,0.6429,50,35,0.7000,False
per_day,10,unopened_earliest,hold_flat,92,63,0.6848,42,28,0.6667,50,35,0.7000,False
per_day,10,unopened_earliest,hold_touch3,92,59,0.6413,42,23,0.5476,50,36,0.7200,False
per_day,10,unopened_earliest,maxc3,92,71,0.7717,42,31,0.7381,50,40,0.8000,False
per_day,10,unopened_earliest,open_up,86,32,0.3721,38,13,0.3421,48,19,0.3958,False
per_day,10,unopened_earliest,open_flat,86,43,0.5000,38,17,0.4474,48,26,0.5417,False
per_day,10,unopened_earliest,touch3,86,53,0.6163,38,19,0.5000,48,34,0.7083,False
per_day,10,unopened_earliest,open_zt3,86,37,0.4302,38,13,0.3421,48,24,0.5000,False
per_day,10,unopened_earliest,hold_zt3,92,43,0.4674,42,17,0.4048,50,26,0.5200,False
per_day,10,opened_strongest,hold_close,115,84,0.7304,53,35,0.6604,62,49,0.7903,False
per_day,10,opened_strongest,hold_flat,115,84,0.7304,53,35,0.6604,62,49,0.7903,False
per_day,10,opened_strongest,hold_touch3,115,66,0.5739,53,30,0.5660,62,36,0.5806,False
per_day,10,opened_strongest,maxc3,115,93,0.8087,53,42,0.7925,62,51,0.8226,False
per_day,10,opened_strongest,open_up,101,52,0.5149,45,22,0.4889,56,30,0.5357,False
per_day,10,opened_strongest,open_flat,101,61,0.6040,45,25,0.5556,56,36,0.6429,False
per_day,10,opened_strongest,touch3,101,54,0.5347,45,24,0.5333,56,30,0.5357,False
per_day,10,opened_strongest,open_zt3,101,46,0.4554,45,21,0.4667,56,25,0.4464,False
per_day,10,opened_strongest,hold_zt3,115,60,0.5217,53,29,0.5472,62,31,0.5000,False
per_day,10,fanbao_strongest,hold_close,31,23,0.7419,1,0,0.0000,30,23,0.7667,False
per_day,10,fanbao_strongest,hold_flat,31,23,0.7419,1,0,0.0000,30,23,0.7667,False
per_day,10,fanbao_strongest,hold_touch3,31,12,0.3871,1,0,0.0000,30,12,0.4000,False
per_day,10,fanbao_strongest,maxc3,31,23,0.7419,1,0,0.0000,30,23,0.7667,False
per_day,10,fanbao_strongest,open_up,30,14,0.4667,1,0,0.0000,29,14,0.4828,False
per_day,10,fanbao_strongest,open_flat,30,17,0.5667,1,0,0.0000,29,17,0.5862,False
per_day,10,fanbao_strongest,touch3,30,11,0.3667,1,0,0.0000,29,11,0.3793,False
per_day,10,fanbao_strongest,open_zt3,30,10,0.3333,1,0,0.0000,29,10,0.3448,False
per_day,10,fanbao_strongest,hold_zt3,31,11,0.3548,1,0,0.0000,30,11,0.3667,False
per_day,10,earliest_final,hold_close,130,91,0.7000,58,38,0.6552,72,53,0.7361,False
per_day,10,earliest_final,hold_flat,130,92,0.7077,58,39,0.6724,72,53,0.7361,False
per_day,10,earliest_final,hold_touch3,130,88,0.6769,58,36,0.6207,72,52,0.7222,False
per_day,10,earliest_final,maxc3,130,103,0.7923,58,44,0.7586,72,59,0.8194,False
per_day,10,earliest_final,open_up,120,50,0.4167,52,22,0.4231,68,28,0.4118,False
per_day,10,earliest_final,open_flat,120,68,0.5667,52,28,0.5385,68,40,0.5882,False
per_day,10,earliest_final,touch3,120,78,0.6500,52,30,0.5769,68,48,0.7059,False
per_day,10,earliest_final,open_zt3,120,58,0.4833,52,25,0.4808,68,33,0.4853,False
per_day,10,earliest_final,hold_zt3,130,68,0.5231,58,31,0.5345,72,37,0.5139,False
per_day,10,highest_board,hold_close,129,89,0.6899,57,38,0.6667,72,51,0.7083,False
per_day,10,highest_board,hold_flat,129,89,0.6899,57,38,0.6667,72,51,0.7083,False
per_day,10,highest_board,hold_touch3,129,95,0.7364,57,39,0.6842,72,56,0.7778,False
per_day,10,highest_board,maxc3,129,103,0.7984,57,43,0.7544,72,60,0.8333,False
per_day,10,highest_board,open_up,117,50,0.4274,52,24,0.4615,65,26,0.4000,False
per_day,10,highest_board,open_flat,117,66,0.5641,52,29,0.5577,65,37,0.5692,False
per_day,10,highest_board,touch3,117,83,0.7094,52,34,0.6538,65,49,0.7538,False
per_day,10,highest_board,open_zt3,117,68,0.5812,52,29,0.5577,65,39,0.6000,False
per_day,10,highest_board,hold_zt3,130,80,0.6154,58,34,0.5862,72,46,0.6389,False
per_day,10,lowest_board,hold_close,130,94,0.7231,58,41,0.7069,72,53,0.7361,False
per_day,10,lowest_board,hold_flat,130,96,0.7385,58,42,0.7241,72,54,0.7500,False
per_day,10,lowest_board,hold_touch3,130,78,0.6000,58,34,0.5862,72,44,0.6111,False
per_day,10,lowest_board,maxc3,130,105,0.8077,58,47,0.8103,72,58,0.8056,False
per_day,10,lowest_board,open_up,114,55,0.4825,48,24,0.5000,66,31,0.4697,False
per_day,10,lowest_board,open_flat,114,62,0.5439,48,25,0.5208,66,37,0.5606,False
per_day,10,lowest_board,touch3,114,63,0.5526,48,25,0.5208,66,38,0.5758,False
per_day,10,lowest_board,open_zt3,114,46,0.4035,48,18,0.3750,66,28,0.4242,False
per_day,10,lowest_board,hold_zt3,130,62,0.4769,58,28,0.4828,72,34,0.4722,False
per_day,10,board2_strongest,hold_close,115,82,0.7130,50,35,0.7000,65,47,0.7231,False
per_day,10,board2_strongest,hold_flat,115,84,0.7304,50,36,0.7200,65,48,0.7385,False
per_day,10,board2_strongest,hold_touch3,115,66,0.5739,50,28,0.5600,65,38,0.5846,False
per_day,10,board2_strongest,maxc3,115,91,0.7913,50,40,0.8000,65,51,0.7846,False
per_day,10,board2_strongest,open_up,101,49,0.4851,42,22,0.5238,59,27,0.4576,False
per_day,10,board2_strongest,open_flat,101,54,0.5347,42,22,0.5238,59,32,0.5424,False
per_day,10,board2_strongest,touch3,101,52,0.5149,42,20,0.4762,59,32,0.5424,False
per_day,10,board2_strongest,open_zt3,101,36,0.3564,42,14,0.3333,59,22,0.3729,False
per_day,10,board2_strongest,hold_zt3,115,50,0.4348,50,22,0.4400,65,28,0.4308,False
per_day,10,board3_strongest,hold_close,55,40,0.7273,26,21,0.8077,29,19,0.6552,False
per_day,10,board3_strongest,hold_flat,55,40,0.7273,26,21,0.8077,29,19,0.6552,False
per_day,10,board3_strongest,hold_touch3,55,40,0.7273,26,19,0.7308,29,21,0.7241,False
per_day,10,board3_strongest,maxc3,55,48,0.8727,26,23,0.8846,29,25,0.8621,False
per_day,10,board3_strongest,open_up,53,23,0.4340,24,12,0.5000,29,11,0.3793,False
per_day,10,board3_strongest,open_flat,53,29,0.5472,24,16,0.6667,29,13,0.4483,False
per_day,10,board3_strongest,touch3,53,39,0.7358,24,18,0.7500,29,21,0.7241,False
per_day,10,board3_strongest,open_zt3,53,32,0.6038,24,14,0.5833,29,18,0.6207,False
per_day,10,board3_strongest,hold_zt3,55,34,0.6182,26,16,0.6154,29,18,0.6207,False
per_day,10,board4_strongest,hold_close,31,20,0.6452,17,11,0.6471,14,9,0.6429,False
per_day,10,board4_strongest,hold_flat,31,20,0.6452,17,11,0.6471,14,9,0.6429,False
per_day,10,board4_strongest,hold_touch3,31,19,0.6129,17,8,0.4706,14,11,0.7857,False
per_day,10,board4_strongest,maxc3,31,23,0.7419,17,13,0.7647,14,10,0.7143,False
per_day,10,board4_strongest,open_up,26,9,0.3462,15,5,0.3333,11,4,0.3636,False
per_day,10,board4_strongest,open_flat,26,15,0.5769,15,7,0.4667,11,8,0.7273,False
per_day,10,board4_strongest,touch3,26,14,0.5385,15,6,0.4000,11,8,0.7273,False
per_day,10,board4_strongest,open_zt3,26,14,0.5385,15,7,0.4667,11,7,0.6364,False
per_day,10,board4_strongest,hold_zt3,31,19,0.6129,17,9,0.5294,14,10,0.7143,False
per_day,10,board5p_strongest,hold_close,30,20,0.6667,20,12,0.6000,10,8,0.8000,False
per_day,10,board5p_strongest,hold_flat,30,20,0.6667,20,12,0.6000,10,8,0.8000,False
per_day,10,board5p_strongest,hold_touch3,30,22,0.7333,20,15,0.7500,10,7,0.7000,False
per_day,10,board5p_strongest,maxc3,30,22,0.7333,20,12,0.6000,10,10,1.0000,False
per_day,10,board5p_strongest,open_up,28,13,0.4643,19,9,0.4737,9,4,0.4444,False
per_day,10,board5p_strongest,open_flat,28,17,0.6071,19,12,0.6316,9,5,0.5556,False
per_day,10,board5p_strongest,touch3,28,20,0.7143,19,14,0.7368,9,6,0.6667,False
per_day,10,board5p_strongest,open_zt3,28,19,0.6786,19,14,0.7368,9,5,0.5556,False
per_day,10,board5p_strongest,hold_zt3,30,21,0.7000,20,15,0.7500,10,6,0.6000,False
per_day,10,board2_earliest,hold_close,115,76,0.6609,50,35,0.7000,65,41,0.6308,False
per_day,10,board2_earliest,hold_flat,115,77,0.6696,50,35,0.7000,65,42,0.6462,False
per_day,10,board2_earliest,hold_touch3,115,63,0.5478,50,29,0.5800,65,34,0.5231,False
per_day,10,board2_earliest,maxc3,115,90,0.7826,50,42,0.8400,65,48,0.7385,False
per_day,10,board2_earliest,open_up,110,53,0.4818,47,25,0.5319,63,28,0.4444,False
per_day,10,board2_earliest,open_flat,110,60,0.5455,47,27,0.5745,63,33,0.5238,False
per_day,10,board2_earliest,touch3,110,58,0.5273,47,26,0.5532,63,32,0.5079,False
per_day,10,board2_earliest,open_zt3,110,42,0.3818,47,19,0.4043,63,23,0.3651,False
per_day,10,board2_earliest,hold_zt3,115,47,0.4087,50,22,0.4400,65,25,0.3846,False
per_day,10,board3_earliest,hold_close,55,38,0.6909,26,20,0.7692,29,18,0.6207,False
per_day,10,board3_earliest,hold_flat,55,38,0.6909,26,20,0.7692,29,18,0.6207,False
per_day,10,board3_earliest,hold_touch3,55,40,0.7273,26,20,0.7692,29,20,0.6897,False
per_day,10,board3_earliest,maxc3,55,45,0.8182,26,21,0.8077,29,24,0.8276,False
per_day,10,board3_earliest,open_up,52,20,0.3846,23,9,0.3913,29,11,0.3793,False
per_day,10,board3_earliest,open_flat,52,29,0.5577,23,16,0.6957,29,13,0.4483,False
per_day,10,board3_earliest,touch3,52,38,0.7308,23,18,0.7826,29,20,0.6897,False
per_day,10,board3_earliest,open_zt3,52,32,0.6154,23,15,0.6522,29,17,0.5862,False
per_day,10,board3_earliest,hold_zt3,55,35,0.6364,26,18,0.6923,29,17,0.5862,False
per_day,10,cihigh_strongest,hold_close,36,25,0.6944,13,8,0.6154,23,17,0.7391,False
per_day,10,cihigh_strongest,hold_flat,36,25,0.6944,13,8,0.6154,23,17,0.7391,False
per_day,10,cihigh_strongest,hold_touch3,36,24,0.6667,13,8,0.6154,23,16,0.6957,False
per_day,10,cihigh_strongest,maxc3,36,29,0.8056,13,9,0.6923,23,20,0.8696,False
per_day,10,cihigh_strongest,open_up,33,15,0.4545,12,4,0.3333,21,11,0.5238,False
per_day,10,cihigh_strongest,open_flat,33,16,0.4848,12,4,0.3333,21,12,0.5714,False
per_day,10,cihigh_strongest,touch3,33,21,0.6364,12,7,0.5833,21,14,0.6667,False
per_day,10,cihigh_strongest,open_zt3,33,14,0.4242,12,4,0.3333,21,10,0.4762,False
per_day,10,cihigh_strongest,hold_zt3,36,17,0.4722,13,5,0.3846,23,12,0.5217,False
per_day,10,mid_strongest,hold_close,127,91,0.7165,56,41,0.7321,71,50,0.7042,False
per_day,10,mid_strongest,hold_flat,127,92,0.7244,56,42,0.7500,71,50,0.7042,False
per_day,10,mid_strongest,hold_touch3,127,81,0.6378,56,34,0.6071,71,47,0.6620,False
per_day,10,mid_strongest,maxc3,127,103,0.8110,56,46,0.8214,71,57,0.8028,False
per_day,10,mid_strongest,open_up,112,50,0.4464,46,23,0.5000,66,27,0.4091,False
per_day,10,mid_strongest,open_flat,112,59,0.5268,46,25,0.5435,66,34,0.5152,False
per_day,10,mid_strongest,touch3,112,67,0.5982,46,25,0.5435,66,42,0.6364,False
per_day,10,mid_strongest,open_zt3,112,51,0.4554,46,20,0.4348,66,31,0.4697,False
per_day,10,mid_strongest,hold_zt3,127,66,0.5197,56,30,0.5357,71,36,0.5070,False
per_day,10,newh_strongest,hold_close,38,23,0.6053,12,5,0.4167,26,18,0.6923,False
per_day,10,newh_strongest,hold_flat,38,23,0.6053,12,5,0.4167,26,18,0.6923,False
per_day,10,newh_strongest,hold_touch3,38,26,0.6842,12,6,0.5000,26,20,0.7692,False
per_day,10,newh_strongest,maxc3,38,27,0.7105,12,5,0.4167,26,22,0.8462,False
per_day,10,newh_strongest,open_up,34,15,0.4412,12,6,0.5000,22,9,0.4091,False
per_day,10,newh_strongest,open_flat,34,20,0.5882,12,7,0.5833,22,13,0.5909,False
per_day,10,newh_strongest,touch3,34,22,0.6471,12,6,0.5000,22,16,0.7273,False
per_day,10,newh_strongest,open_zt3,34,21,0.6176,12,6,0.5000,22,15,0.6818,False
per_day,10,newh_strongest,hold_zt3,39,25,0.6410,13,6,0.4615,26,19,0.7308,False
per_day,10,mid_earliest,hold_close,127,93,0.7323,56,41,0.7321,71,52,0.7324,False
per_day,10,mid_earliest,hold_flat,127,94,0.7402,56,41,0.7321,71,53,0.7465,False
per_day,10,mid_earliest,hold_touch3,127,80,0.6299,56,37,0.6607,71,43,0.6056,False
per_day,10,mid_earliest,maxc3,127,104,0.8189,56,48,0.8571,71,56,0.7887,False
per_day,10,mid_earliest,open_up,119,55,0.4622,50,23,0.4600,69,32,0.4638,False
per_day,10,mid_earliest,open_flat,119,68,0.5714,50,29,0.5800,69,39,0.5652,False
per_day,10,mid_earliest,touch3,119,73,0.6134,50,32,0.6400,69,41,0.5942,False
per_day,10,mid_earliest,open_zt3,119,52,0.4370,50,21,0.4200,69,31,0.4493,False
per_day,10,mid_earliest,hold_zt3,127,60,0.4724,56,27,0.4821,71,33,0.4648,False
per_day,10,cihigh_earliest,hold_close,36,17,0.4722,13,7,0.5385,23,10,0.4348,False
per_day,10,cihigh_earliest,hold_flat,36,18,0.5000,13,7,0.5385,23,11,0.4783,False
per_day,10,cihigh_earliest,hold_touch3,36,19,0.5278,13,7,0.5385,23,12,0.5217,False
per_day,10,cihigh_earliest,maxc3,36,25,0.6944,13,8,0.6154,23,17,0.7391,False
per_day,10,cihigh_earliest,open_up,34,13,0.3824,12,4,0.3333,22,9,0.4091,False
per_day,10,cihigh_earliest,open_flat,34,14,0.4118,12,4,0.3333,22,10,0.4545,False
per_day,10,cihigh_earliest,touch3,34,17,0.5000,12,6,0.5000,22,11,0.5000,False
per_day,10,cihigh_earliest,open_zt3,34,12,0.3529,12,4,0.3333,22,8,0.3636,False
per_day,10,cihigh_earliest,hold_zt3,36,14,0.3889,13,5,0.3846,23,9,0.3913,False
per_day,10,max_amount,hold_close,130,85,0.6538,58,35,0.6034,72,50,0.6944,False
per_day,10,max_amount,hold_flat,130,85,0.6538,58,35,0.6034,72,50,0.6944,False
per_day,10,max_amount,hold_touch3,130,71,0.5462,58,33,0.5690,72,38,0.5278,False
per_day,10,max_amount,maxc3,130,106,0.8154,58,45,0.7759,72,61,0.8472,False
per_day,10,max_amount,open_up,122,62,0.5082,54,28,0.5185,68,34,0.5000,False
per_day,10,max_amount,open_flat,122,71,0.5820,54,33,0.6111,68,38,0.5588,False
per_day,10,max_amount,touch3,122,63,0.5164,54,29,0.5370,68,34,0.5000,False
per_day,10,max_amount,open_zt3,122,43,0.3525,54,21,0.3889,68,22,0.3235,False
per_day,10,max_amount,hold_zt3,130,51,0.3923,58,25,0.4310,72,26,0.3611,False
per_day,10,min_amount,hold_close,130,86,0.6615,58,35,0.6034,72,51,0.7083,False
per_day,10,min_amount,hold_flat,130,86,0.6615,58,35,0.6034,72,51,0.7083,False
per_day,10,min_amount,hold_touch3,130,77,0.5923,58,32,0.5517,72,45,0.6250,False
per_day,10,min_amount,maxc3,130,100,0.7692,58,43,0.7414,72,57,0.7917,False
per_day,10,min_amount,open_up,120,54,0.4500,53,22,0.4151,67,32,0.4776,False
per_day,10,min_amount,open_flat,120,64,0.5333,53,25,0.4717,67,39,0.5821,False
per_day,10,min_amount,touch3,120,69,0.5750,53,29,0.5472,67,40,0.5970,False
per_day,10,min_amount,open_zt3,120,57,0.4750,53,24,0.4528,67,33,0.4925,False
per_day,10,min_amount,hold_zt3,130,67,0.5154,58,29,0.5000,72,38,0.5278,False
per_day,10,max_turn,hold_close,130,73,0.5615,58,31,0.5345,72,42,0.5833,False
per_day,10,max_turn,hold_flat,130,74,0.5692,58,31,0.5345,72,43,0.5972,False
per_day,10,max_turn,hold_touch3,130,69,0.5308,58,29,0.5000,72,40,0.5556,False
per_day,10,max_turn,maxc3,130,92,0.7077,58,39,0.6724,72,53,0.7361,False
per_day,10,max_turn,open_up,121,60,0.4959,54,28,0.5185,67,32,0.4776,False
per_day,10,max_turn,open_flat,121,63,0.5207,54,29,0.5370,67,34,0.5075,False
per_day,10,max_turn,touch3,121,60,0.4959,54,25,0.4630,67,35,0.5224,False
per_day,10,max_turn,open_zt3,121,45,0.3719,54,18,0.3333,67,27,0.4030,False
per_day,10,max_turn,hold_zt3,130,54,0.4154,58,22,0.3793,72,32,0.4444,False
per_day,10,min_turn,hold_close,130,93,0.7154,58,42,0.7241,72,51,0.7083,False
per_day,10,min_turn,hold_flat,130,96,0.7385,58,44,0.7586,72,52,0.7222,False
per_day,10,min_turn,hold_touch3,130,74,0.5692,58,35,0.6034,72,39,0.5417,False
per_day,10,min_turn,maxc3,130,107,0.8231,58,48,0.8276,72,59,0.8194,False
per_day,10,min_turn,open_up,118,55,0.4661,50,22,0.4400,68,33,0.4853,False
per_day,10,min_turn,open_flat,118,67,0.5678,50,28,0.5600,68,39,0.5735,False
per_day,10,min_turn,touch3,118,64,0.5424,50,29,0.5800,68,35,0.5147,False
per_day,10,min_turn,open_zt3,118,47,0.3983,50,23,0.4600,68,24,0.3529,False
per_day,10,min_turn,hold_zt3,130,59,0.4538,58,31,0.5345,72,28,0.3889,False
per_day,10,intact_strongest,hold_close,83,60,0.7229,41,26,0.6341,42,34,0.8095,False
per_day,10,intact_strongest,hold_flat,83,60,0.7229,41,26,0.6341,42,34,0.8095,False
per_day,10,intact_strongest,hold_touch3,83,62,0.7470,41,25,0.6098,42,37,0.8810,False
per_day,10,intact_strongest,maxc3,83,69,0.8313,41,31,0.7561,42,38,0.9048,False
per_day,10,intact_strongest,open_up,74,31,0.4189,34,12,0.3529,40,19,0.4750,False
per_day,10,intact_strongest,open_flat,74,42,0.5676,34,15,0.4412,40,27,0.6750,False
per_day,10,intact_strongest,touch3,74,53,0.7162,34,18,0.5294,40,35,0.8750,False
per_day,10,intact_strongest,open_zt3,74,39,0.5270,34,15,0.4412,40,24,0.6000,False
per_day,10,intact_strongest,hold_zt3,83,48,0.5783,41,22,0.5366,42,26,0.6190,False
per_day,10,intact_earliest,hold_close,83,62,0.7470,41,25,0.6098,42,37,0.8810,False
per_day,10,intact_earliest,hold_flat,83,62,0.7470,41,25,0.6098,42,37,0.8810,False
per_day,10,intact_earliest,hold_touch3,83,60,0.7229,41,25,0.6098,42,35,0.8333,False
per_day,10,intact_earliest,maxc3,83,70,0.8434,41,32,0.7805,42,38,0.9048,False
per_day,10,intact_earliest,open_up,77,34,0.4416,37,14,0.3784,40,20,0.5000,False
per_day,10,intact_earliest,open_flat,77,44,0.5714,37,17,0.4595,40,27,0.6750,False
per_day,10,intact_earliest,touch3,77,56,0.7273,37,23,0.6216,40,33,0.8250,False
per_day,10,intact_earliest,open_zt3,77,36,0.4675,37,15,0.4054,40,21,0.5250,False
per_day,10,intact_earliest,hold_zt3,83,42,0.5060,41,19,0.4634,42,23,0.5476,False
per_day,10,break_strongest,hold_close,39,27,0.6923,13,10,0.7692,26,17,0.6538,False
per_day,10,break_strongest,hold_flat,39,28,0.7179,13,10,0.7692,26,18,0.6923,False
per_day,10,break_strongest,hold_touch3,39,24,0.6154,13,9,0.6923,26,15,0.5769,False
per_day,10,break_strongest,maxc3,39,31,0.7949,13,11,0.8462,26,20,0.7692,False
per_day,10,break_strongest,open_up,32,13,0.4062,10,5,0.5000,22,8,0.3636,False
per_day,10,break_strongest,open_flat,32,15,0.4688,10,5,0.5000,22,10,0.4545,False
per_day,10,break_strongest,touch3,32,17,0.5312,10,6,0.6000,22,11,0.5000,False
per_day,10,break_strongest,open_zt3,32,15,0.4688,10,5,0.5000,22,10,0.4545,False
per_day,10,break_strongest,hold_zt3,39,22,0.5641,13,8,0.6154,26,14,0.5385,False
per_day,10,stock_unbroken_strongest,hold_close,124,86,0.6935,54,36,0.6667,70,50,0.7143,False
per_day,10,stock_unbroken_strongest,hold_flat,124,86,0.6935,54,36,0.6667,70,50,0.7143,False
per_day,10,stock_unbroken_strongest,hold_touch3,124,78,0.6290,54,29,0.5370,70,49,0.7000,False
per_day,10,stock_unbroken_strongest,maxc3,124,99,0.7984,54,43,0.7963,70,56,0.8000,False
per_day,10,stock_unbroken_strongest,open_up,107,42,0.3925,44,16,0.3636,63,26,0.4127,False
per_day,10,stock_unbroken_strongest,open_flat,107,53,0.4953,44,19,0.4318,63,34,0.5397,False
per_day,10,stock_unbroken_strongest,touch3,107,61,0.5701,44,19,0.4318,63,42,0.6667,False
per_day,10,stock_unbroken_strongest,open_zt3,107,49,0.4579,44,17,0.3864,63,32,0.5079,False
per_day,10,stock_unbroken_strongest,hold_zt3,124,66,0.5323,54,27,0.5000,70,39,0.5571,False
per_day,10,stock_broken_strongest,hold_close,58,40,0.6897,24,16,0.6667,34,24,0.7059,False
per_day,10,stock_broken_strongest,hold_flat,58,40,0.6897,24,16,0.6667,34,24,0.7059,False
per_day,10,stock_broken_strongest,hold_touch3,58,28,0.4828,24,14,0.5833,34,14,0.4118,False
per_day,10,stock_broken_strongest,maxc3,58,42,0.7241,24,17,0.7083,34,25,0.7353,False
per_day,10,stock_broken_strongest,open_up,56,27,0.4821,23,12,0.5217,33,15,0.4545,False
per_day,10,stock_broken_strongest,open_flat,56,31,0.5536,23,13,0.5652,33,18,0.5455,False
per_day,10,stock_broken_strongest,touch3,56,26,0.4643,23,13,0.5652,33,13,0.3939,False
per_day,10,stock_broken_strongest,open_zt3,56,20,0.3571,23,10,0.4348,33,10,0.3030,False
per_day,10,stock_broken_strongest,hold_zt3,58,22,0.3793,24,11,0.4583,34,11,0.3235,False
per_day,10,stock_unbroken_earliest,hold_close,124,79,0.6371,54,33,0.6111,70,46,0.6571,False
per_day,10,stock_unbroken_earliest,hold_flat,124,80,0.6452,54,33,0.6111,70,47,0.6714,False
per_day,10,stock_unbroken_earliest,hold_touch3,124,74,0.5968,54,30,0.5556,70,44,0.6286,False
per_day,10,stock_unbroken_earliest,maxc3,124,95,0.7661,54,42,0.7778,70,53,0.7571,False
per_day,10,stock_unbroken_earliest,open_up,113,45,0.3982,48,19,0.3958,65,26,0.4000,False
per_day,10,stock_unbroken_earliest,open_flat,113,57,0.5044,48,23,0.4792,65,34,0.5231,False
per_day,10,stock_unbroken_earliest,touch3,113,65,0.5752,48,26,0.5417,65,39,0.6000,False
per_day,10,stock_unbroken_earliest,open_zt3,113,48,0.4248,48,20,0.4167,65,28,0.4308,False
per_day,10,stock_unbroken_earliest,hold_zt3,124,59,0.4758,54,26,0.4815,70,33,0.4714,False
per_day,10,H_strongest,hold_close,38,23,0.6053,12,5,0.4167,26,18,0.6923,False
per_day,10,H_strongest,hold_flat,38,23,0.6053,12,5,0.4167,26,18,0.6923,False
per_day,10,H_strongest,hold_touch3,38,26,0.6842,12,6,0.5000,26,20,0.7692,False
per_day,10,H_strongest,maxc3,38,27,0.7105,12,5,0.4167,26,22,0.8462,False
per_day,10,H_strongest,open_up,34,15,0.4412,12,6,0.5000,22,9,0.4091,False
per_day,10,H_strongest,open_flat,34,20,0.5882,12,7,0.5833,22,13,0.5909,False
per_day,10,H_strongest,touch3,34,22,0.6471,12,6,0.5000,22,16,0.7273,False
per_day,10,H_strongest,open_zt3,34,21,0.6176,12,6,0.5000,22,15,0.6818,False
per_day,10,H_strongest,hold_zt3,39,25,0.6410,13,6,0.4615,26,19,0.7308,False
per_day,10,Hm1_strongest,hold_close,36,25,0.6944,13,8,0.6154,23,17,0.7391,False
per_day,10,Hm1_strongest,hold_flat,36,25,0.6944,13,8,0.6154,23,17,0.7391,False
per_day,10,Hm1_strongest,hold_touch3,36,24,0.6667,13,8,0.6154,23,16,0.6957,False
per_day,10,Hm1_strongest,maxc3,36,29,0.8056,13,9,0.6923,23,20,0.8696,False
per_day,10,Hm1_strongest,open_up,33,15,0.4545,12,4,0.3333,21,11,0.5238,False
per_day,10,Hm1_strongest,open_flat,33,16,0.4848,12,4,0.3333,21,12,0.5714,False
per_day,10,Hm1_strongest,touch3,33,21,0.6364,12,7,0.5833,21,14,0.6667,False
per_day,10,Hm1_strongest,open_zt3,33,14,0.4242,12,4,0.3333,21,10,0.4762,False
per_day,10,Hm1_strongest,hold_zt3,36,17,0.4722,13,5,0.3846,23,12,0.5217,False
per_day,10,belowH_strongest,hold_close,129,95,0.7364,58,42,0.7241,71,53,0.7465,False
per_day,10,belowH_strongest,hold_flat,129,95,0.7364,58,42,0.7241,71,53,0.7465,False
per_day,10,belowH_strongest,hold_touch3,129,84,0.6512,58,36,0.6207,71,48,0.6761,False
per_day,10,belowH_strongest,maxc3,129,106,0.8217,58,48,0.8276,71,58,0.8169,False
per_day,10,belowH_strongest,open_up,113,51,0.4513,47,21,0.4468,66,30,0.4545,False
per_day,10,belowH_strongest,open_flat,113,61,0.5398,47,24,0.5106,66,37,0.5606,False
per_day,10,belowH_strongest,touch3,113,68,0.6018,47,25,0.5319,66,43,0.6515,False
per_day,10,belowH_strongest,open_zt3,113,51,0.4513,47,21,0.4468,66,30,0.4545,False
per_day,10,belowH_strongest,hold_zt3,129,67,0.5194,58,32,0.5517,71,35,0.4930,False
per_day,10,ge3_strongest,hold_close,80,58,0.7250,37,28,0.7568,43,30,0.6977,False
per_day,10,ge3_strongest,hold_flat,80,58,0.7250,37,28,0.7568,43,30,0.6977,False
per_day,10,ge3_strongest,hold_touch3,80,63,0.7875,37,29,0.7838,43,34,0.7907,False
per_day,10,ge3_strongest,maxc3,80,67,0.8375,37,30,0.8108,43,37,0.8605,False
per_day,10,ge3_strongest,open_up,73,30,0.4110,33,14,0.4242,40,16,0.4000,False
per_day,10,ge3_strongest,open_flat,73,43,0.5890,33,20,0.6061,40,23,0.5750,False
per_day,10,ge3_strongest,touch3,73,56,0.7671,33,25,0.7576,40,31,0.7750,False
per_day,10,ge3_strongest,open_zt3,73,47,0.6438,33,21,0.6364,40,26,0.6500,False
per_day,10,ge3_strongest,hold_zt3,80,54,0.6750,37,25,0.6757,43,29,0.6744,False
per_day,10,ge3_earliest,hold_close,80,54,0.6750,37,26,0.7027,43,28,0.6512,False
per_day,10,ge3_earliest,hold_flat,80,54,0.6750,37,26,0.7027,43,28,0.6512,False
per_day,10,ge3_earliest,hold_touch3,80,59,0.7375,37,27,0.7297,43,32,0.7442,False
per_day,10,ge3_earliest,maxc3,80,66,0.8250,37,29,0.7838,43,37,0.8605,False
per_day,10,ge3_earliest,open_up,72,28,0.3889,31,14,0.4516,41,14,0.3415,False
per_day,10,ge3_earliest,open_flat,72,40,0.5556,31,18,0.5806,41,22,0.5366,False
per_day,10,ge3_earliest,touch3,72,53,0.7361,31,23,0.7419,41,30,0.7317,False
per_day,10,ge3_earliest,open_zt3,72,45,0.6250,31,20,0.6452,41,25,0.6098,False
per_day,10,ge3_earliest,hold_zt3,80,53,0.6625,37,26,0.7027,43,27,0.6279,False
per_day,10,ge4_strongest,hold_close,51,36,0.7059,29,19,0.6552,22,17,0.7727,False
per_day,10,ge4_strongest,hold_flat,51,36,0.7059,29,19,0.6552,22,17,0.7727,False
per_day,10,ge4_strongest,hold_touch3,51,37,0.7255,29,20,0.6897,22,17,0.7727,False
per_day,10,ge4_strongest,maxc3,51,40,0.7843,29,21,0.7241,22,19,0.8636,False
per_day,10,ge4_strongest,open_up,44,19,0.4318,26,11,0.4231,18,8,0.4444,False
per_day,10,ge4_strongest,open_flat,44,29,0.6591,26,16,0.6154,18,13,0.7222,False
per_day,10,ge4_strongest,touch3,44,30,0.6818,26,17,0.6538,18,13,0.7222,False
per_day,10,ge4_strongest,open_zt3,44,28,0.6364,26,17,0.6538,18,11,0.6111,False
per_day,10,ge4_strongest,hold_zt3,51,35,0.6863,29,20,0.6897,22,15,0.6818,False
per_day,10,ge4_earliest,hold_close,51,33,0.6471,29,17,0.5862,22,16,0.7273,False
per_day,10,ge4_earliest,hold_flat,51,33,0.6471,29,17,0.5862,22,16,0.7273,False
per_day,10,ge4_earliest,hold_touch3,51,35,0.6863,29,19,0.6552,22,16,0.7273,False
per_day,10,ge4_earliest,maxc3,51,38,0.7451,29,19,0.6552,22,19,0.8636,False
per_day,10,ge4_earliest,open_up,44,18,0.4091,25,11,0.4400,19,7,0.3684,False
per_day,10,ge4_earliest,open_flat,44,27,0.6136,25,14,0.5600,19,13,0.6842,False
per_day,10,ge4_earliest,touch3,44,29,0.6591,25,16,0.6400,19,13,0.6842,False
per_day,10,ge4_earliest,open_zt3,44,27,0.6136,25,16,0.6400,19,11,0.5789,False
per_day,10,ge4_earliest,hold_zt3,51,34,0.6667,29,20,0.6897,22,14,0.6364,False
per_day,10,ge4_unopened,hold_close,25,19,0.7600,15,11,0.7333,10,8,0.8000,False
per_day,10,ge4_unopened,hold_flat,25,19,0.7600,15,11,0.7333,10,8,0.8000,False
per_day,10,ge4_unopened,hold_touch3,25,16,0.6400,15,9,0.6000,10,7,0.7000,False
per_day,10,ge4_unopened,maxc3,25,20,0.8000,15,12,0.8000,10,8,0.8000,False
per_day,10,ge4_unopened,open_up,22,9,0.4091,14,6,0.4286,8,3,0.3750,False
per_day,10,ge4_unopened,open_flat,22,15,0.6818,14,9,0.6429,8,6,0.7500,False
per_day,10,ge4_unopened,touch3,22,13,0.5909,14,8,0.5714,8,5,0.6250,False
per_day,10,ge4_unopened,open_zt3,22,13,0.5909,14,8,0.5714,8,5,0.6250,False
per_day,10,ge4_unopened,hold_zt3,25,16,0.6400,15,9,0.6000,10,7,0.7000,False
per_day,10,ge3_unopened,hold_close,45,30,0.6667,22,16,0.7273,23,14,0.6087,False
per_day,10,ge3_unopened,hold_flat,45,30,0.6667,22,16,0.7273,23,14,0.6087,False
per_day,10,ge3_unopened,hold_touch3,45,33,0.7333,22,14,0.6364,23,19,0.8261,False
per_day,10,ge3_unopened,maxc3,45,36,0.8000,22,17,0.7727,23,19,0.8261,False
per_day,10,ge3_unopened,open_up,43,15,0.3488,21,9,0.4286,22,6,0.2727,False
per_day,10,ge3_unopened,open_flat,43,22,0.5116,21,13,0.6190,22,9,0.4091,False
per_day,10,ge3_unopened,touch3,43,31,0.7209,21,13,0.6190,22,18,0.8182,False
per_day,10,ge3_unopened,open_zt3,43,27,0.6279,21,12,0.5714,22,15,0.6818,False
per_day,10,ge3_unopened,hold_zt3,45,29,0.6444,22,13,0.5909,23,16,0.6957,False
per_day,10,suc_strongest,hold_close,129,85,0.6589,57,37,0.6491,72,48,0.6667,False
per_day,10,suc_strongest,hold_flat,129,86,0.6667,57,37,0.6491,72,49,0.6806,False
per_day,10,suc_strongest,hold_touch3,129,68,0.5271,57,31,0.5439,72,37,0.5139,False
per_day,10,suc_strongest,maxc3,129,99,0.7674,57,43,0.7544,72,56,0.7778,False
per_day,10,suc_strongest,open_up,119,56,0.4706,52,24,0.4615,67,32,0.4776,False
per_day,10,suc_strongest,open_flat,119,65,0.5462,52,27,0.5192,67,38,0.5672,False
per_day,10,suc_strongest,touch3,119,58,0.4874,52,26,0.5000,67,32,0.4776,False
per_day,10,suc_strongest,open_zt3,119,45,0.3782,52,22,0.4231,67,23,0.3433,False
per_day,10,suc_strongest,hold_zt3,129,55,0.4264,57,27,0.4737,72,28,0.3889,False
per_day,10,early_strongest,hold_close,114,82,0.7193,54,37,0.6852,60,45,0.7500,False
per_day,10,early_strongest,hold_flat,114,82,0.7193,54,37,0.6852,60,45,0.7500,False
per_day,10,early_strongest,hold_touch3,114,82,0.7193,54,34,0.6296,60,48,0.8000,False
per_day,10,early_strongest,maxc3,114,94,0.8246,54,43,0.7963,60,51,0.8500,False
per_day,10,early_strongest,open_up,97,40,0.4124,43,18,0.4186,54,22,0.4074,False
per_day,10,early_strongest,open_flat,97,53,0.5464,43,21,0.4884,54,32,0.5926,False
per_day,10,early_strongest,touch3,97,66,0.6804,43,24,0.5581,54,42,0.7778,False
per_day,10,early_strongest,open_zt3,97,50,0.5155,43,20,0.4651,54,30,0.5556,False
per_day,10,early_strongest,hold_zt3,114,67,0.5877,54,31,0.5741,60,36,0.6000,False
per_day,10,huanshou_strongest,hold_close,130,89,0.6846,58,39,0.6724,72,50,0.6944,False
per_day,10,huanshou_strongest,hold_flat,130,90,0.6923,58,40,0.6897,72,50,0.6944,False
per_day,10,huanshou_strongest,hold_touch3,130,87,0.6692,58,36,0.6207,72,51,0.7083,False
per_day,10,huanshou_strongest,maxc3,130,102,0.7846,58,45,0.7759,72,57,0.7917,False
per_day,10,huanshou_strongest,open_up,116,49,0.4224,49,23,0.4694,67,26,0.3881,False
per_day,10,huanshou_strongest,open_flat,116,61,0.5259,49,26,0.5306,67,35,0.5224,False
per_day,10,huanshou_strongest,touch3,116,73,0.6293,49,27,0.5510,67,46,0.6866,False
per_day,10,huanshou_strongest,open_zt3,116,53,0.4569,49,20,0.4082,67,33,0.4925,False
per_day,10,huanshou_strongest,hold_zt3,130,67,0.5154,58,29,0.5000,72,38,0.5278,False
per_day,10,tzi_strongest,hold_close,38,27,0.7105,20,13,0.6500,18,14,0.7778,False
per_day,10,tzi_strongest,hold_flat,38,27,0.7105,20,13,0.6500,18,14,0.7778,False
per_day,10,tzi_strongest,hold_touch3,38,24,0.6316,20,12,0.6000,18,12,0.6667,False
per_day,10,tzi_strongest,maxc3,38,32,0.8421,20,16,0.8000,18,16,0.8889,False
per_day,10,tzi_strongest,open_up,34,15,0.4412,18,6,0.3333,16,9,0.5625,False
per_day,10,tzi_strongest,open_flat,34,19,0.5588,18,8,0.4444,16,11,0.6875,False
per_day,10,tzi_strongest,touch3,34,20,0.5882,18,10,0.5556,16,10,0.6250,False
per_day,10,tzi_strongest,open_zt3,34,18,0.5294,18,8,0.4444,16,10,0.6250,False
per_day,10,tzi_strongest,hold_zt3,38,22,0.5789,20,10,0.5000,18,12,0.6667,False
per_theme_day,10,earliest_seal,hold_close,201,134,0.6667,84,54,0.6429,117,80,0.6838,False
per_theme_day,10,earliest_seal,hold_flat,201,136,0.6766,84,54,0.6429,117,82,0.7009,False
per_theme_day,10,earliest_seal,hold_touch3,201,122,0.6070,84,52,0.6190,117,70,0.5983,False
per_theme_day,10,earliest_seal,maxc3,201,157,0.7811,84,64,0.7619,117,93,0.7949,False
per_theme_day,10,earliest_seal,open_up,183,74,0.4044,75,29,0.3867,108,45,0.4167,False
per_theme_day,10,earliest_seal,open_flat,183,95,0.5191,75,37,0.4933,108,58,0.5370,False
per_theme_day,10,earliest_seal,touch3,183,106,0.5792,75,45,0.6000,108,61,0.5648,False
per_theme_day,10,earliest_seal,open_zt3,183,78,0.4262,75,33,0.4400,108,45,0.4167,False
per_theme_day,10,earliest_seal,hold_zt3,201,96,0.4776,84,42,0.5000,117,54,0.4615,False
per_theme_day,10,latest_seal,hold_close,200,123,0.6150,83,40,0.4819,117,83,0.7094,False
per_theme_day,10,latest_seal,hold_flat,200,124,0.6200,83,40,0.4819,117,84,0.7179,False
per_theme_day,10,latest_seal,hold_touch3,200,100,0.5000,83,40,0.4819,117,60,0.5128,False
per_theme_day,10,latest_seal,maxc3,200,146,0.7300,83,52,0.6265,117,94,0.8034,False
per_theme_day,10,latest_seal,open_up,190,97,0.5105,79,34,0.4304,111,63,0.5676,False
per_theme_day,10,latest_seal,open_flat,190,102,0.5368,79,36,0.4557,111,66,0.5946,False
per_theme_day,10,latest_seal,touch3,190,90,0.4737,79,36,0.4557,111,54,0.4865,False
per_theme_day,10,latest_seal,open_zt3,190,67,0.3526,79,28,0.3544,111,39,0.3514,False
per_theme_day,10,latest_seal,hold_zt3,201,77,0.3831,84,32,0.3810,117,45,0.3846,False
per_theme_day,10,strongest_seal,hold_close,201,135,0.6716,84,55,0.6548,117,80,0.6838,False
per_theme_day,10,strongest_seal,hold_flat,201,137,0.6816,84,55,0.6548,117,82,0.7009,False
per_theme_day,10,strongest_seal,hold_touch3,201,125,0.6219,84,50,0.5952,117,75,0.6410,False
per_theme_day,10,strongest_seal,maxc3,201,158,0.7861,84,65,0.7738,117,93,0.7949,False
per_theme_day,10,strongest_seal,open_up,179,75,0.4190,72,29,0.4028,107,46,0.4299,False
per_theme_day,10,strongest_seal,open_flat,179,93,0.5196,72,35,0.4861,107,58,0.5421,False
per_theme_day,10,strongest_seal,touch3,179,104,0.5810,72,39,0.5417,107,65,0.6075,False
per_theme_day,10,strongest_seal,open_zt3,179,81,0.4525,72,32,0.4444,107,49,0.4579,False
per_theme_day,10,strongest_seal,hold_zt3,201,103,0.5124,84,44,0.5238,117,59,0.5043,False
per_theme_day,10,weakest_seal,hold_close,200,120,0.6000,83,45,0.5422,117,75,0.6410,False
per_theme_day,10,weakest_seal,hold_flat,200,121,0.6050,83,45,0.5422,117,76,0.6496,False
per_theme_day,10,weakest_seal,hold_touch3,200,97,0.4850,83,39,0.4699,117,58,0.4957,False
per_theme_day,10,weakest_seal,maxc3,200,146,0.7300,83,54,0.6506,117,92,0.7863,False
per_theme_day,10,weakest_seal,open_up,190,98,0.5158,79,38,0.4810,111,60,0.5405,False
per_theme_day,10,weakest_seal,open_flat,190,106,0.5579,79,43,0.5443,111,63,0.5676,False
per_theme_day,10,weakest_seal,touch3,190,87,0.4579,79,35,0.4430,111,52,0.4685,False
per_theme_day,10,weakest_seal,open_zt3,190,70,0.3684,79,33,0.4177,111,37,0.3333,False
per_theme_day,10,weakest_seal,hold_zt3,201,80,0.3980,84,37,0.4405,117,43,0.3675,False
per_theme_day,10,fewest_opens,hold_close,201,137,0.6816,84,55,0.6548,117,82,0.7009,False
per_theme_day,10,fewest_opens,hold_flat,201,139,0.6915,84,55,0.6548,117,84,0.7179,False
per_theme_day,10,fewest_opens,hold_touch3,201,125,0.6219,84,47,0.5595,117,78,0.6667,False
per_theme_day,10,fewest_opens,maxc3,201,161,0.8010,84,64,0.7619,117,97,0.8291,False
per_theme_day,10,fewest_opens,open_up,182,80,0.4396,75,33,0.4400,107,47,0.4393,False
per_theme_day,10,fewest_opens,open_flat,182,95,0.5220,75,38,0.5067,107,57,0.5327,False
per_theme_day,10,fewest_opens,touch3,182,107,0.5879,75,39,0.5200,107,68,0.6355,False
per_theme_day,10,fewest_opens,open_zt3,182,77,0.4231,75,27,0.3600,107,50,0.4673,False
per_theme_day,10,fewest_opens,hold_zt3,201,96,0.4776,84,36,0.4286,117,60,0.5128,False
per_theme_day,10,unopened_strongest,hold_close,131,91,0.6947,56,39,0.6964,75,52,0.6933,False
per_theme_day,10,unopened_strongest,hold_flat,131,92,0.7023,56,39,0.6964,75,53,0.7067,False
per_theme_day,10,unopened_strongest,hold_touch3,131,85,0.6489,56,34,0.6071,75,51,0.6800,False
per_theme_day,10,unopened_strongest,maxc3,131,106,0.8092,56,44,0.7857,75,62,0.8267,False
per_theme_day,10,unopened_strongest,open_up,117,46,0.3932,48,18,0.3750,69,28,0.4058,False
per_theme_day,10,unopened_strongest,open_flat,117,57,0.4872,48,22,0.4583,69,35,0.5072,False
per_theme_day,10,unopened_strongest,touch3,117,71,0.6068,48,26,0.5417,69,45,0.6522,False
per_theme_day,10,unopened_strongest,open_zt3,117,50,0.4274,48,16,0.3333,69,34,0.4928,False
per_theme_day,10,unopened_strongest,hold_zt3,131,64,0.4885,56,24,0.4286,75,40,0.5333,False
per_theme_day,10,unopened_earliest,hold_close,131,91,0.6947,56,39,0.6964,75,52,0.6933,False
per_theme_day,10,unopened_earliest,hold_flat,131,93,0.7099,56,40,0.7143,75,53,0.7067,False
per_theme_day,10,unopened_earliest,hold_touch3,131,81,0.6183,56,32,0.5714,75,49,0.6533,False
per_theme_day,10,unopened_earliest,maxc3,131,105,0.8015,56,43,0.7679,75,62,0.8267,False
per_theme_day,10,unopened_earliest,open_up,119,48,0.4034,50,21,0.4200,69,27,0.3913,False
per_theme_day,10,unopened_earliest,open_flat,119,60,0.5042,50,25,0.5000,69,35,0.5072,False
per_theme_day,10,unopened_earliest,touch3,119,69,0.5798,50,26,0.5200,69,43,0.6232,False
per_theme_day,10,unopened_earliest,open_zt3,119,49,0.4118,50,17,0.3400,69,32,0.4638,False
per_theme_day,10,unopened_earliest,hold_zt3,131,61,0.4656,56,23,0.4107,75,38,0.5067,False
per_theme_day,10,opened_strongest,hold_close,160,109,0.6813,72,44,0.6111,88,65,0.7386,False
per_theme_day,10,opened_strongest,hold_flat,160,110,0.6875,72,44,0.6111,88,66,0.7500,False
per_theme_day,10,opened_strongest,hold_touch3,160,88,0.5500,72,39,0.5417,88,49,0.5568,False
per_theme_day,10,opened_strongest,maxc3,160,124,0.7750,72,54,0.7500,88,70,0.7955,False
per_theme_day,10,opened_strongest,open_up,145,71,0.4897,63,28,0.4444,82,43,0.5244,False
per_theme_day,10,opened_strongest,open_flat,145,81,0.5586,63,32,0.5079,82,49,0.5976,False
per_theme_day,10,opened_strongest,touch3,145,75,0.5172,63,32,0.5079,82,43,0.5244,False
per_theme_day,10,opened_strongest,open_zt3,145,63,0.4345,63,28,0.4444,82,35,0.4268,False
per_theme_day,10,opened_strongest,hold_zt3,160,78,0.4875,72,37,0.5139,88,41,0.4659,False
per_theme_day,10,fanbao_strongest,hold_close,35,25,0.7143,1,0,0.0000,34,25,0.7353,False
per_theme_day,10,fanbao_strongest,hold_flat,35,25,0.7143,1,0,0.0000,34,25,0.7353,False
per_theme_day,10,fanbao_strongest,hold_touch3,35,12,0.3429,1,0,0.0000,34,12,0.3529,False
per_theme_day,10,fanbao_strongest,maxc3,35,25,0.7143,1,0,0.0000,34,25,0.7353,False
per_theme_day,10,fanbao_strongest,open_up,34,16,0.4706,1,0,0.0000,33,16,0.4848,False
per_theme_day,10,fanbao_strongest,open_flat,34,20,0.5882,1,0,0.0000,33,20,0.6061,False
per_theme_day,10,fanbao_strongest,touch3,34,11,0.3235,1,0,0.0000,33,11,0.3333,False
per_theme_day,10,fanbao_strongest,open_zt3,34,11,0.3235,1,0,0.0000,33,11,0.3333,False
per_theme_day,10,fanbao_strongest,hold_zt3,35,12,0.3429,1,0,0.0000,34,12,0.3529,False
per_theme_day,10,earliest_final,hold_close,201,139,0.6915,84,55,0.6548,117,84,0.7179,False
per_theme_day,10,earliest_final,hold_flat,201,140,0.6965,84,56,0.6667,117,84,0.7179,False
per_theme_day,10,earliest_final,hold_touch3,201,122,0.6070,84,50,0.5952,117,72,0.6154,False
per_theme_day,10,earliest_final,maxc3,201,160,0.7960,84,65,0.7738,117,95,0.8120,False
per_theme_day,10,earliest_final,open_up,184,81,0.4402,76,32,0.4211,108,49,0.4537,False
per_theme_day,10,earliest_final,open_flat,184,102,0.5543,76,40,0.5263,108,62,0.5741,False
per_theme_day,10,earliest_final,touch3,184,105,0.5707,76,42,0.5526,108,63,0.5833,False
per_theme_day,10,earliest_final,open_zt3,184,78,0.4239,76,33,0.4342,108,45,0.4167,False
per_theme_day,10,earliest_final,hold_zt3,201,95,0.4726,84,41,0.4881,117,54,0.4615,False
per_theme_day,10,highest_board,hold_close,200,127,0.6350,83,51,0.6145,117,76,0.6496,False
per_theme_day,10,highest_board,hold_flat,200,129,0.6450,83,51,0.6145,117,78,0.6667,False
per_theme_day,10,highest_board,hold_touch3,200,127,0.6350,83,50,0.6024,117,77,0.6581,False
per_theme_day,10,highest_board,maxc3,200,154,0.7700,83,60,0.7229,117,94,0.8034,False
per_theme_day,10,highest_board,open_up,183,76,0.4153,75,32,0.4267,108,44,0.4074,False
per_theme_day,10,highest_board,open_flat,183,94,0.5137,75,38,0.5067,108,56,0.5185,False
per_theme_day,10,highest_board,touch3,183,112,0.6120,75,44,0.5867,108,68,0.6296,False
per_theme_day,10,highest_board,open_zt3,183,87,0.4754,75,36,0.4800,108,51,0.4722,False
per_theme_day,10,highest_board,hold_zt3,201,104,0.5174,84,44,0.5238,117,60,0.5128,False
per_theme_day,10,lowest_board,hold_close,201,131,0.6517,84,52,0.6190,117,79,0.6752,False
per_theme_day,10,lowest_board,hold_flat,201,134,0.6667,84,53,0.6310,117,81,0.6923,False
per_theme_day,10,lowest_board,hold_touch3,201,112,0.5572,84,45,0.5357,117,67,0.5726,False
per_theme_day,10,lowest_board,maxc3,201,155,0.7711,84,63,0.7500,117,92,0.7863,False
per_theme_day,10,lowest_board,open_up,184,83,0.4511,74,32,0.4324,110,51,0.4636,False
per_theme_day,10,lowest_board,open_flat,184,93,0.5054,74,35,0.4730,110,58,0.5273,False
per_theme_day,10,lowest_board,touch3,184,96,0.5217,74,36,0.4865,110,60,0.5455,False
per_theme_day,10,lowest_board,open_zt3,184,68,0.3696,74,26,0.3514,110,42,0.3818,False
per_theme_day,10,lowest_board,hold_zt3,201,85,0.4229,84,36,0.4286,117,49,0.4188,False
per_theme_day,10,board2_strongest,hold_close,173,112,0.6474,70,45,0.6429,103,67,0.6505,False
per_theme_day,10,board2_strongest,hold_flat,173,115,0.6647,70,46,0.6571,103,69,0.6699,False
per_theme_day,10,board2_strongest,hold_touch3,173,93,0.5376,70,36,0.5143,103,57,0.5534,False
per_theme_day,10,board2_strongest,maxc3,173,133,0.7688,70,54,0.7714,103,79,0.7670,False
per_theme_day,10,board2_strongest,open_up,158,74,0.4684,62,30,0.4839,96,44,0.4583,False
per_theme_day,10,board2_strongest,open_flat,158,79,0.5000,62,30,0.4839,96,49,0.5104,False
per_theme_day,10,board2_strongest,touch3,158,78,0.4937,62,28,0.4516,96,50,0.5208,False
per_theme_day,10,board2_strongest,open_zt3,158,53,0.3354,62,20,0.3226,96,33,0.3438,False
per_theme_day,10,board2_strongest,hold_zt3,173,68,0.3931,70,28,0.4000,103,40,0.3883,False
per_theme_day,10,board3_strongest,hold_close,62,43,0.6935,30,22,0.7333,32,21,0.6562,False
per_theme_day,10,board3_strongest,hold_flat,62,43,0.6935,30,22,0.7333,32,21,0.6562,False
per_theme_day,10,board3_strongest,hold_touch3,62,44,0.7097,30,21,0.7000,32,23,0.7188,False
per_theme_day,10,board3_strongest,maxc3,62,52,0.8387,30,24,0.8000,32,28,0.8750,False
per_theme_day,10,board3_strongest,open_up,60,24,0.4000,28,12,0.4286,32,12,0.3750,False
per_theme_day,10,board3_strongest,open_flat,60,32,0.5333,28,18,0.6429,32,14,0.4375,False
per_theme_day,10,board3_strongest,touch3,60,43,0.7167,28,20,0.7143,32,23,0.7188,False
per_theme_day,10,board3_strongest,open_zt3,60,34,0.5667,28,15,0.5357,32,19,0.5938,False
per_theme_day,10,board3_strongest,hold_zt3,62,36,0.5806,30,17,0.5667,32,19,0.5938,False
per_theme_day,10,board4_strongest,hold_close,33,22,0.6667,17,11,0.6471,16,11,0.6875,False
per_theme_day,10,board4_strongest,hold_flat,33,22,0.6667,17,11,0.6471,16,11,0.6875,False
per_theme_day,10,board4_strongest,hold_touch3,33,20,0.6061,17,8,0.4706,16,12,0.7500,False
per_theme_day,10,board4_strongest,maxc3,33,25,0.7576,17,13,0.7647,16,12,0.7500,False
per_theme_day,10,board4_strongest,open_up,28,9,0.3214,15,5,0.3333,13,4,0.3077,False
per_theme_day,10,board4_strongest,open_flat,28,16,0.5714,15,7,0.4667,13,9,0.6923,False
per_theme_day,10,board4_strongest,touch3,28,15,0.5357,15,6,0.4000,13,9,0.6923,False
per_theme_day,10,board4_strongest,open_zt3,28,15,0.5357,15,7,0.4667,13,8,0.6154,False
per_theme_day,10,board4_strongest,hold_zt3,33,20,0.6061,17,9,0.5294,16,11,0.6875,False
per_theme_day,10,board5p_strongest,hold_close,31,20,0.6452,21,12,0.5714,10,8,0.8000,False
per_theme_day,10,board5p_strongest,hold_flat,31,20,0.6452,21,12,0.5714,10,8,0.8000,False
per_theme_day,10,board5p_strongest,hold_touch3,31,22,0.7097,21,15,0.7143,10,7,0.7000,False
per_theme_day,10,board5p_strongest,maxc3,31,22,0.7097,21,12,0.5714,10,10,1.0000,False
per_theme_day,10,board5p_strongest,open_up,28,13,0.4643,19,9,0.4737,9,4,0.4444,False
per_theme_day,10,board5p_strongest,open_flat,28,17,0.6071,19,12,0.6316,9,5,0.5556,False
per_theme_day,10,board5p_strongest,touch3,28,20,0.7143,19,14,0.7368,9,6,0.6667,False
per_theme_day,10,board5p_strongest,open_zt3,28,19,0.6786,19,14,0.7368,9,5,0.5556,False
per_theme_day,10,board5p_strongest,hold_zt3,32,22,0.6875,22,16,0.7273,10,6,0.6000,False
per_theme_day,10,board2_earliest,hold_close,173,110,0.6358,70,45,0.6429,103,65,0.6311,False
per_theme_day,10,board2_earliest,hold_flat,173,112,0.6474,70,45,0.6429,103,67,0.6505,False
per_theme_day,10,board2_earliest,hold_touch3,173,91,0.5260,70,39,0.5571,103,52,0.5049,False
per_theme_day,10,board2_earliest,maxc3,173,132,0.7630,70,54,0.7714,103,78,0.7573,False
per_theme_day,10,board2_earliest,open_up,161,74,0.4596,64,31,0.4844,97,43,0.4433,False
per_theme_day,10,board2_earliest,open_flat,161,82,0.5093,64,33,0.5156,97,49,0.5052,False
per_theme_day,10,board2_earliest,touch3,161,79,0.4907,64,33,0.5156,97,46,0.4742,False
per_theme_day,10,board2_earliest,open_zt3,161,57,0.3540,64,24,0.3750,97,33,0.3402,False
per_theme_day,10,board2_earliest,hold_zt3,173,69,0.3988,70,30,0.4286,103,39,0.3786,False
per_theme_day,10,board3_earliest,hold_close,62,43,0.6935,30,22,0.7333,32,21,0.6562,False
per_theme_day,10,board3_earliest,hold_flat,62,43,0.6935,30,22,0.7333,32,21,0.6562,False
per_theme_day,10,board3_earliest,hold_touch3,62,42,0.6774,30,21,0.7000,32,21,0.6562,False
per_theme_day,10,board3_earliest,maxc3,62,50,0.8065,30,23,0.7667,32,27,0.8438,False
per_theme_day,10,board3_earliest,open_up,59,23,0.3898,27,11,0.4074,32,12,0.3750,False
per_theme_day,10,board3_earliest,open_flat,59,32,0.5424,27,18,0.6667,32,14,0.4375,False
per_theme_day,10,board3_earliest,touch3,59,40,0.6780,27,19,0.7037,32,21,0.6562,False
per_theme_day,10,board3_earliest,open_zt3,59,33,0.5593,27,16,0.5926,32,17,0.5312,False
per_theme_day,10,board3_earliest,hold_zt3,62,36,0.5806,30,19,0.6333,32,17,0.5312,False
per_theme_day,10,cihigh_strongest,hold_close,47,31,0.6596,16,11,0.6875,31,20,0.6452,False
per_theme_day,10,cihigh_strongest,hold_flat,47,31,0.6596,16,11,0.6875,31,20,0.6452,False
per_theme_day,10,cihigh_strongest,hold_touch3,47,27,0.5745,16,8,0.5000,31,19,0.6129,False
per_theme_day,10,cihigh_strongest,maxc3,47,38,0.8085,16,12,0.7500,31,26,0.8387,False
per_theme_day,10,cihigh_strongest,open_up,44,21,0.4773,15,6,0.4000,29,15,0.5172,False
per_theme_day,10,cihigh_strongest,open_flat,44,22,0.5000,15,6,0.4000,29,16,0.5517,False
per_theme_day,10,cihigh_strongest,touch3,44,24,0.5455,15,7,0.4667,29,17,0.5862,False
per_theme_day,10,cihigh_strongest,open_zt3,44,16,0.3636,15,5,0.3333,29,11,0.3793,False
per_theme_day,10,cihigh_strongest,hold_zt3,47,19,0.4043,16,6,0.3750,31,13,0.4194,False
per_theme_day,10,mid_strongest,hold_close,194,130,0.6701,80,53,0.6625,114,77,0.6754,False
per_theme_day,10,mid_strongest,hold_flat,194,133,0.6856,80,54,0.6750,114,79,0.6930,False
per_theme_day,10,mid_strongest,hold_touch3,194,113,0.5825,80,45,0.5625,114,68,0.5965,False
per_theme_day,10,mid_strongest,maxc3,194,154,0.7938,80,63,0.7875,114,91,0.7982,False
per_theme_day,10,mid_strongest,open_up,177,80,0.4520,70,32,0.4571,107,48,0.4486,False
per_theme_day,10,mid_strongest,open_flat,177,90,0.5085,70,35,0.5000,107,55,0.5140,False
per_theme_day,10,mid_strongest,touch3,177,97,0.5480,70,36,0.5143,107,61,0.5701,False
per_theme_day,10,mid_strongest,open_zt3,177,73,0.4124,70,29,0.4143,107,44,0.4112,False
per_theme_day,10,mid_strongest,hold_zt3,194,90,0.4639,80,39,0.4875,114,51,0.4474,False
per_theme_day,10,newh_strongest,hold_close,41,26,0.6341,12,5,0.4167,29,21,0.7241,False
per_theme_day,10,newh_strongest,hold_flat,41,26,0.6341,12,5,0.4167,29,21,0.7241,False
per_theme_day,10,newh_strongest,hold_touch3,41,28,0.6829,12,6,0.5000,29,22,0.7586,False
per_theme_day,10,newh_strongest,maxc3,41,30,0.7317,12,5,0.4167,29,25,0.8621,False
per_theme_day,10,newh_strongest,open_up,37,16,0.4324,12,6,0.5000,25,10,0.4000,False
per_theme_day,10,newh_strongest,open_flat,37,22,0.5946,12,7,0.5833,25,15,0.6000,False
per_theme_day,10,newh_strongest,touch3,37,24,0.6486,12,6,0.5000,25,18,0.7200,False
per_theme_day,10,newh_strongest,open_zt3,37,22,0.5946,12,6,0.5000,25,16,0.6400,False
per_theme_day,10,newh_strongest,hold_zt3,42,26,0.6190,13,6,0.4615,29,20,0.6897,False
per_theme_day,10,mid_earliest,hold_close,194,133,0.6856,80,55,0.6875,114,78,0.6842,False
per_theme_day,10,mid_earliest,hold_flat,194,135,0.6959,80,55,0.6875,114,80,0.7018,False
per_theme_day,10,mid_earliest,hold_touch3,194,111,0.5722,80,48,0.6000,114,63,0.5526,False
per_theme_day,10,mid_earliest,maxc3,194,154,0.7938,80,64,0.8000,114,90,0.7895,False
per_theme_day,10,mid_earliest,open_up,181,80,0.4420,73,32,0.4384,108,48,0.4444,False
per_theme_day,10,mid_earliest,open_flat,181,95,0.5249,73,39,0.5342,108,56,0.5185,False
per_theme_day,10,mid_earliest,touch3,181,99,0.5470,73,42,0.5753,108,57,0.5278,False
per_theme_day,10,mid_earliest,open_zt3,181,74,0.4088,73,32,0.4384,108,42,0.3889,False
per_theme_day,10,mid_earliest,hold_zt3,194,87,0.4485,80,39,0.4875,114,48,0.4211,False
per_theme_day,10,cihigh_earliest,hold_close,47,26,0.5532,16,10,0.6250,31,16,0.5161,False
per_theme_day,10,cihigh_earliest,hold_flat,47,27,0.5745,16,10,0.6250,31,17,0.5484,False
per_theme_day,10,cihigh_earliest,hold_touch3,47,25,0.5319,16,8,0.5000,31,17,0.5484,False
per_theme_day,10,cihigh_earliest,maxc3,47,35,0.7447,16,11,0.6875,31,24,0.7742,False
per_theme_day,10,cihigh_earliest,open_up,44,19,0.4318,15,6,0.4000,29,13,0.4483,False
per_theme_day,10,cihigh_earliest,open_flat,44,20,0.4545,15,6,0.4000,29,14,0.4828,False
per_theme_day,10,cihigh_earliest,touch3,44,22,0.5000,15,7,0.4667,29,15,0.5172,False
per_theme_day,10,cihigh_earliest,open_zt3,44,16,0.3636,15,6,0.4000,29,10,0.3448,False
per_theme_day,10,cihigh_earliest,hold_zt3,47,19,0.4043,16,7,0.4375,31,12,0.3871,False
per_theme_day,10,max_amount,hold_close,201,122,0.6070,84,48,0.5714,117,74,0.6325,False
per_theme_day,10,max_amount,hold_flat,201,123,0.6119,84,48,0.5714,117,75,0.6410,False
per_theme_day,10,max_amount,hold_touch3,201,99,0.4925,84,40,0.4762,117,59,0.5043,False
per_theme_day,10,max_amount,maxc3,201,150,0.7463,84,58,0.6905,117,92,0.7863,False
per_theme_day,10,max_amount,open_up,190,89,0.4684,79,39,0.4937,111,50,0.4505,False
per_theme_day,10,max_amount,open_flat,190,101,0.5316,79,45,0.5696,111,56,0.5045,False
per_theme_day,10,max_amount,touch3,190,88,0.4632,79,35,0.4430,111,53,0.4775,False
per_theme_day,10,max_amount,open_zt3,190,64,0.3368,79,28,0.3544,111,36,0.3243,False
per_theme_day,10,max_amount,hold_zt3,201,75,0.3731,84,33,0.3929,117,42,0.3590,False
per_theme_day,10,min_amount,hold_close,201,134,0.6667,84,51,0.6071,117,83,0.7094,False
per_theme_day,10,min_amount,hold_flat,201,136,0.6766,84,51,0.6071,117,85,0.7265,False
per_theme_day,10,min_amount,hold_touch3,201,115,0.5721,84,47,0.5595,117,68,0.5812,False
per_theme_day,10,min_amount,maxc3,201,156,0.7761,84,61,0.7262,117,95,0.8120,False
per_theme_day,10,min_amount,open_up,186,83,0.4462,78,29,0.3718,108,54,0.5000,False
per_theme_day,10,min_amount,open_flat,186,100,0.5376,78,37,0.4744,108,63,0.5833,False
per_theme_day,10,min_amount,touch3,186,102,0.5484,78,43,0.5513,108,59,0.5463,False
per_theme_day,10,min_amount,open_zt3,186,81,0.4355,78,35,0.4487,108,46,0.4259,False
per_theme_day,10,min_amount,hold_zt3,201,96,0.4776,84,41,0.4881,117,55,0.4701,False
per_theme_day,10,max_turn,hold_close,201,115,0.5721,84,42,0.5000,117,73,0.6239,False
per_theme_day,10,max_turn,hold_flat,201,116,0.5771,84,42,0.5000,117,74,0.6325,False
per_theme_day,10,max_turn,hold_touch3,201,97,0.4826,84,37,0.4405,117,60,0.5128,False
per_theme_day,10,max_turn,maxc3,201,142,0.7065,84,54,0.6429,117,88,0.7521,False
per_theme_day,10,max_turn,open_up,190,90,0.4737,79,37,0.4684,111,53,0.4775,False
per_theme_day,10,max_turn,open_flat,190,96,0.5053,79,39,0.4937,111,57,0.5135,False
per_theme_day,10,max_turn,touch3,190,86,0.4526,79,32,0.4051,111,54,0.4865,False
per_theme_day,10,max_turn,open_zt3,190,65,0.3421,79,25,0.3165,111,40,0.3604,False
per_theme_day,10,max_turn,hold_zt3,201,76,0.3781,84,30,0.3571,117,46,0.3932,False
per_theme_day,10,min_turn,hold_close,201,143,0.7114,84,60,0.7143,117,83,0.7094,False
per_theme_day,10,min_turn,hold_flat,201,147,0.7313,84,62,0.7381,117,85,0.7265,False
per_theme_day,10,min_turn,hold_touch3,201,114,0.5672,84,51,0.6071,117,63,0.5385,False
per_theme_day,10,min_turn,maxc3,201,161,0.8010,84,67,0.7976,117,94,0.8034,False
per_theme_day,10,min_turn,open_up,183,85,0.4645,74,30,0.4054,109,55,0.5046,False
per_theme_day,10,min_turn,open_flat,183,103,0.5628,74,40,0.5405,109,63,0.5780,False
per_theme_day,10,min_turn,touch3,183,98,0.5355,74,43,0.5811,109,55,0.5046,False
per_theme_day,10,min_turn,open_zt3,183,74,0.4044,74,35,0.4730,109,39,0.3578,False
per_theme_day,10,min_turn,hold_zt3,201,92,0.4577,84,45,0.5357,117,47,0.4017,False
per_theme_day,10,intact_strongest,hold_close,131,87,0.6641,59,37,0.6271,72,50,0.6944,False
per_theme_day,10,intact_strongest,hold_flat,131,89,0.6794,59,37,0.6271,72,52,0.7222,False
per_theme_day,10,intact_strongest,hold_touch3,131,85,0.6489,59,37,0.6271,72,48,0.6667,False
per_theme_day,10,intact_strongest,maxc3,131,103,0.7863,59,44,0.7458,72,59,0.8194,False
per_theme_day,10,intact_strongest,open_up,119,47,0.3950,51,18,0.3529,68,29,0.4265,False
per_theme_day,10,intact_strongest,open_flat,119,61,0.5126,51,23,0.4510,68,38,0.5588,False
per_theme_day,10,intact_strongest,touch3,119,74,0.6218,51,30,0.5882,68,44,0.6471,False
per_theme_day,10,intact_strongest,open_zt3,119,54,0.4538,51,23,0.4510,68,31,0.4559,False
per_theme_day,10,intact_strongest,hold_zt3,131,66,0.5038,59,31,0.5254,72,35,0.4861,False
per_theme_day,10,intact_earliest,hold_close,131,91,0.6947,59,36,0.6102,72,55,0.7639,False
per_theme_day,10,intact_earliest,hold_flat,131,92,0.7023,59,36,0.6102,72,56,0.7778,False
per_theme_day,10,intact_earliest,hold_touch3,131,83,0.6336,59,37,0.6271,72,46,0.6389,False
per_theme_day,10,intact_earliest,maxc3,131,103,0.7863,59,43,0.7288,72,60,0.8333,False
per_theme_day,10,intact_earliest,open_up,121,47,0.3884,53,17,0.3208,68,30,0.4412,False
per_theme_day,10,intact_earliest,open_flat,121,63,0.5207,53,23,0.4340,68,40,0.5882,False
per_theme_day,10,intact_earliest,touch3,121,75,0.6198,53,33,0.6226,68,42,0.6176,False
per_theme_day,10,intact_earliest,open_zt3,121,51,0.4215,53,22,0.4151,68,29,0.4265,False
per_theme_day,10,intact_earliest,hold_zt3,131,61,0.4656,59,28,0.4746,72,33,0.4583,False
per_theme_day,10,break_strongest,hold_close,55,39,0.7091,17,13,0.7647,38,26,0.6842,False
per_theme_day,10,break_strongest,hold_flat,55,40,0.7273,17,13,0.7647,38,27,0.7105,False
per_theme_day,10,break_strongest,hold_touch3,55,32,0.5818,17,10,0.5882,38,22,0.5789,False
per_theme_day,10,break_strongest,maxc3,55,44,0.8000,17,14,0.8235,38,30,0.7895,False
per_theme_day,10,break_strongest,open_up,47,22,0.4681,14,7,0.5000,33,15,0.4545,False
per_theme_day,10,break_strongest,open_flat,47,26,0.5532,14,8,0.5714,33,18,0.5455,False
per_theme_day,10,break_strongest,touch3,47,24,0.5106,14,7,0.5000,33,17,0.5152,False
per_theme_day,10,break_strongest,open_zt3,47,21,0.4468,14,7,0.5000,33,14,0.4242,False
per_theme_day,10,break_strongest,hold_zt3,55,29,0.5273,17,10,0.5882,38,19,0.5000,False
per_theme_day,10,stock_unbroken_strongest,hold_close,190,125,0.6579,79,51,0.6456,111,74,0.6667,False
per_theme_day,10,stock_unbroken_strongest,hold_flat,190,127,0.6684,79,51,0.6456,111,76,0.6847,False
per_theme_day,10,stock_unbroken_strongest,hold_touch3,190,109,0.5737,79,42,0.5316,111,67,0.6036,False
per_theme_day,10,stock_unbroken_strongest,maxc3,190,150,0.7895,79,62,0.7848,111,88,0.7928,False
per_theme_day,10,stock_unbroken_strongest,open_up,170,70,0.4118,68,26,0.3824,102,44,0.4314,False
per_theme_day,10,stock_unbroken_strongest,open_flat,170,84,0.4941,68,32,0.4706,102,52,0.5098,False
per_theme_day,10,stock_unbroken_strongest,touch3,170,90,0.5294,68,32,0.4706,102,58,0.5686,False
per_theme_day,10,stock_unbroken_strongest,open_zt3,170,69,0.4059,68,27,0.3971,102,42,0.4118,False
per_theme_day,10,stock_unbroken_strongest,hold_zt3,190,89,0.4684,79,38,0.4810,111,51,0.4595,False
per_theme_day,10,stock_broken_strongest,hold_close,64,44,0.6875,25,17,0.6800,39,27,0.6923,False
per_theme_day,10,stock_broken_strongest,hold_flat,64,44,0.6875,25,17,0.6800,39,27,0.6923,False
per_theme_day,10,stock_broken_strongest,hold_touch3,64,29,0.4531,25,15,0.6000,39,14,0.3590,False
per_theme_day,10,stock_broken_strongest,maxc3,64,46,0.7188,25,18,0.7200,39,28,0.7179,False
per_theme_day,10,stock_broken_strongest,open_up,62,30,0.4839,24,12,0.5000,38,18,0.4737,False
per_theme_day,10,stock_broken_strongest,open_flat,62,35,0.5645,24,13,0.5417,38,22,0.5789,False
per_theme_day,10,stock_broken_strongest,touch3,62,27,0.4355,24,14,0.5833,38,13,0.3421,False
per_theme_day,10,stock_broken_strongest,open_zt3,62,21,0.3387,24,10,0.4167,38,11,0.2895,False
per_theme_day,10,stock_broken_strongest,hold_zt3,64,23,0.3594,25,11,0.4400,39,12,0.3077,False
per_theme_day,10,stock_unbroken_earliest,hold_close,190,123,0.6474,79,50,0.6329,111,73,0.6577,False
per_theme_day,10,stock_unbroken_earliest,hold_flat,190,125,0.6579,79,50,0.6329,111,75,0.6757,False
per_theme_day,10,stock_unbroken_earliest,hold_touch3,190,110,0.5789,79,46,0.5823,111,64,0.5766,False
per_theme_day,10,stock_unbroken_earliest,maxc3,190,148,0.7789,79,60,0.7595,111,88,0.7928,False
per_theme_day,10,stock_unbroken_earliest,open_up,173,68,0.3931,70,26,0.3714,103,42,0.4078,False
per_theme_day,10,stock_unbroken_earliest,open_flat,173,86,0.4971,70,34,0.4857,103,52,0.5049,False
per_theme_day,10,stock_unbroken_earliest,touch3,173,95,0.5491,70,39,0.5571,103,56,0.5437,False
per_theme_day,10,stock_unbroken_earliest,open_zt3,173,70,0.4046,70,29,0.4143,103,41,0.3981,False
per_theme_day,10,stock_unbroken_earliest,hold_zt3,190,87,0.4579,79,38,0.4810,111,49,0.4414,False
per_theme_day,10,H_strongest,hold_close,41,26,0.6341,12,5,0.4167,29,21,0.7241,False
per_theme_day,10,H_strongest,hold_flat,41,26,0.6341,12,5,0.4167,29,21,0.7241,False
per_theme_day,10,H_strongest,hold_touch3,41,28,0.6829,12,6,0.5000,29,22,0.7586,False
per_theme_day,10,H_strongest,maxc3,41,30,0.7317,12,5,0.4167,29,25,0.8621,False
per_theme_day,10,H_strongest,open_up,37,16,0.4324,12,6,0.5000,25,10,0.4000,False
per_theme_day,10,H_strongest,open_flat,37,22,0.5946,12,7,0.5833,25,15,0.6000,False
per_theme_day,10,H_strongest,touch3,37,24,0.6486,12,6,0.5000,25,18,0.7200,False
per_theme_day,10,H_strongest,open_zt3,37,22,0.5946,12,6,0.5000,25,16,0.6400,False
per_theme_day,10,H_strongest,hold_zt3,42,26,0.6190,13,6,0.4615,29,20,0.6897,False
per_theme_day,10,Hm1_strongest,hold_close,47,31,0.6596,16,11,0.6875,31,20,0.6452,False
per_theme_day,10,Hm1_strongest,hold_flat,47,31,0.6596,16,11,0.6875,31,20,0.6452,False
per_theme_day,10,Hm1_strongest,hold_touch3,47,27,0.5745,16,8,0.5000,31,19,0.6129,False
per_theme_day,10,Hm1_strongest,maxc3,47,38,0.8085,16,12,0.7500,31,26,0.8387,False
per_theme_day,10,Hm1_strongest,open_up,44,21,0.4773,15,6,0.4000,29,15,0.5172,False
per_theme_day,10,Hm1_strongest,open_flat,44,22,0.5000,15,6,0.4000,29,16,0.5517,False
per_theme_day,10,Hm1_strongest,touch3,44,24,0.5455,15,7,0.4667,29,17,0.5862,False
per_theme_day,10,Hm1_strongest,open_zt3,44,16,0.3636,15,5,0.3333,29,11,0.3793,False
per_theme_day,10,Hm1_strongest,hold_zt3,47,19,0.4043,16,6,0.3750,31,13,0.4194,False
per_theme_day,10,belowH_strongest,hold_close,196,133,0.6786,83,56,0.6747,113,77,0.6814,False
per_theme_day,10,belowH_strongest,hold_flat,196,135,0.6888,83,56,0.6747,113,79,0.6991,False
per_theme_day,10,belowH_strongest,hold_touch3,196,115,0.5867,83,49,0.5904,113,66,0.5841,False
per_theme_day,10,belowH_strongest,maxc3,196,156,0.7959,83,67,0.8072,113,89,0.7876,False
per_theme_day,10,belowH_strongest,open_up,177,78,0.4407,71,29,0.4085,106,49,0.4623,False
per_theme_day,10,belowH_strongest,open_flat,177,91,0.5141,71,35,0.4930,106,56,0.5283,False
per_theme_day,10,belowH_strongest,touch3,177,97,0.5480,71,38,0.5352,106,59,0.5566,False
per_theme_day,10,belowH_strongest,open_zt3,177,73,0.4124,71,32,0.4507,106,41,0.3868,False
per_theme_day,10,belowH_strongest,hold_zt3,196,92,0.4694,83,44,0.5301,113,48,0.4248,False
per_theme_day,10,ge3_strongest,hold_close,99,67,0.6768,48,32,0.6667,51,35,0.6863,False
per_theme_day,10,ge3_strongest,hold_flat,99,67,0.6768,48,32,0.6667,51,35,0.6863,False
per_theme_day,10,ge3_strongest,hold_touch3,99,71,0.7172,48,33,0.6875,51,38,0.7451,False
per_theme_day,10,ge3_strongest,maxc3,99,80,0.8081,48,36,0.7500,51,44,0.8627,False
per_theme_day,10,ge3_strongest,open_up,89,35,0.3933,42,17,0.4048,47,18,0.3830,False
per_theme_day,10,ge3_strongest,open_flat,89,50,0.5618,42,24,0.5714,47,26,0.5532,False
per_theme_day,10,ge3_strongest,touch3,89,63,0.7079,42,29,0.6905,47,34,0.7234,False
per_theme_day,10,ge3_strongest,open_zt3,89,52,0.5843,42,24,0.5714,47,28,0.5957,False
per_theme_day,10,ge3_strongest,hold_zt3,99,62,0.6263,48,30,0.6250,51,32,0.6275,False
per_theme_day,10,ge3_earliest,hold_close,99,66,0.6667,48,31,0.6458,51,35,0.6863,False
per_theme_day,10,ge3_earliest,hold_flat,99,66,0.6667,48,31,0.6458,51,35,0.6863,False
per_theme_day,10,ge3_earliest,hold_touch3,99,68,0.6869,48,32,0.6667,51,36,0.7059,False
per_theme_day,10,ge3_earliest,maxc3,99,78,0.7879,48,34,0.7083,51,44,0.8627,False
per_theme_day,10,ge3_earliest,open_up,88,32,0.3636,41,15,0.3659,47,17,0.3617,False
per_theme_day,10,ge3_earliest,open_flat,88,47,0.5341,41,22,0.5366,47,25,0.5319,False
per_theme_day,10,ge3_earliest,touch3,88,59,0.6705,41,27,0.6585,47,32,0.6809,False
per_theme_day,10,ge3_earliest,open_zt3,88,49,0.5568,41,23,0.5610,47,26,0.5532,False
per_theme_day,10,ge3_earliest,hold_zt3,99,60,0.6061,48,30,0.6250,51,30,0.5882,False
per_theme_day,10,ge4_strongest,hold_close,56,39,0.6964,31,20,0.6452,25,19,0.7600,False
per_theme_day,10,ge4_strongest,hold_flat,56,39,0.6964,31,20,0.6452,25,19,0.7600,False
per_theme_day,10,ge4_strongest,hold_touch3,56,39,0.6964,31,20,0.6452,25,19,0.7600,False
per_theme_day,10,ge4_strongest,maxc3,56,44,0.7857,31,22,0.7097,25,22,0.8800,False
per_theme_day,10,ge4_strongest,open_up,48,19,0.3958,27,11,0.4074,21,8,0.3810,False
per_theme_day,10,ge4_strongest,open_flat,48,30,0.6250,27,16,0.5926,21,14,0.6667,False
per_theme_day,10,ge4_strongest,touch3,48,32,0.6667,27,17,0.6296,21,15,0.7143,False
per_theme_day,10,ge4_strongest,open_zt3,48,30,0.6250,27,17,0.6296,21,13,0.6190,False
per_theme_day,10,ge4_strongest,hold_zt3,57,38,0.6667,32,21,0.6562,25,17,0.6800,False
per_theme_day,10,ge4_earliest,hold_close,56,38,0.6786,31,19,0.6129,25,19,0.7600,False
per_theme_day,10,ge4_earliest,hold_flat,56,38,0.6786,31,19,0.6129,25,19,0.7600,False
per_theme_day,10,ge4_earliest,hold_touch3,56,38,0.6786,31,20,0.6452,25,18,0.7200,False
per_theme_day,10,ge4_earliest,maxc3,56,43,0.7679,31,21,0.6774,25,22,0.8800,False
per_theme_day,10,ge4_earliest,open_up,48,19,0.3958,27,11,0.4074,21,8,0.3810,False
per_theme_day,10,ge4_earliest,open_flat,48,29,0.6042,27,15,0.5556,21,14,0.6667,False
per_theme_day,10,ge4_earliest,touch3,48,31,0.6458,27,17,0.6296,21,14,0.6667,False
per_theme_day,10,ge4_earliest,open_zt3,48,29,0.6042,27,17,0.6296,21,12,0.5714,False
per_theme_day,10,ge4_earliest,hold_zt3,57,37,0.6491,32,21,0.6562,25,16,0.6400,False
per_theme_day,10,ge4_unopened,hold_close,26,19,0.7308,15,11,0.7333,11,8,0.7273,False
per_theme_day,10,ge4_unopened,hold_flat,26,19,0.7308,15,11,0.7333,11,8,0.7273,False
per_theme_day,10,ge4_unopened,hold_touch3,26,17,0.6538,15,9,0.6000,11,8,0.7273,False
per_theme_day,10,ge4_unopened,maxc3,26,21,0.8077,15,12,0.8000,11,9,0.8182,False
per_theme_day,10,ge4_unopened,open_up,23,9,0.3913,14,6,0.4286,9,3,0.3333,False
per_theme_day,10,ge4_unopened,open_flat,23,15,0.6522,14,9,0.6429,9,6,0.6667,False
per_theme_day,10,ge4_unopened,touch3,23,14,0.6087,14,8,0.5714,9,6,0.6667,False
per_theme_day,10,ge4_unopened,open_zt3,23,14,0.6087,14,8,0.5714,9,6,0.6667,False
per_theme_day,10,ge4_unopened,hold_zt3,26,17,0.6538,15,9,0.6000,11,8,0.7273,False
per_theme_day,10,ge3_unopened,hold_close,49,33,0.6735,23,17,0.7391,26,16,0.6154,False
per_theme_day,10,ge3_unopened,hold_flat,49,33,0.6735,23,17,0.7391,26,16,0.6154,False
per_theme_day,10,ge3_unopened,hold_touch3,49,35,0.7143,23,14,0.6087,26,21,0.8077,False
per_theme_day,10,ge3_unopened,maxc3,49,40,0.8163,23,18,0.7826,26,22,0.8462,False
per_theme_day,10,ge3_unopened,open_up,46,16,0.3478,22,10,0.4545,24,6,0.2500,False
per_theme_day,10,ge3_unopened,open_flat,46,23,0.5000,22,14,0.6364,24,9,0.3750,False
per_theme_day,10,ge3_unopened,touch3,46,32,0.6957,22,13,0.5909,24,19,0.7917,False
per_theme_day,10,ge3_unopened,open_zt3,46,28,0.6087,22,12,0.5455,24,16,0.6667,False
per_theme_day,10,ge3_unopened,hold_zt3,49,31,0.6327,23,13,0.5652,26,18,0.6923,False
per_theme_day,10,suc_strongest,hold_close,200,129,0.6450,83,49,0.5904,117,80,0.6838,False
per_theme_day,10,suc_strongest,hold_flat,200,131,0.6550,83,49,0.5904,117,82,0.7009,False
per_theme_day,10,suc_strongest,hold_touch3,200,99,0.4950,83,40,0.4819,117,59,0.5043,False
per_theme_day,10,suc_strongest,maxc3,200,150,0.7500,83,57,0.6867,117,93,0.7949,False
per_theme_day,10,suc_strongest,open_up,185,85,0.4595,77,33,0.4286,108,52,0.4815,False
per_theme_day,10,suc_strongest,open_flat,185,97,0.5243,77,37,0.4805,108,60,0.5556,False
per_theme_day,10,suc_strongest,touch3,185,84,0.4541,77,34,0.4416,108,50,0.4630,False
per_theme_day,10,suc_strongest,open_zt3,185,63,0.3405,77,29,0.3766,108,34,0.3148,False
per_theme_day,10,suc_strongest,hold_zt3,200,78,0.3900,83,35,0.4217,117,43,0.3675,False
per_theme_day,10,early_strongest,hold_close,169,114,0.6746,75,49,0.6533,94,65,0.6915,False
per_theme_day,10,early_strongest,hold_flat,169,115,0.6805,75,49,0.6533,94,66,0.7021,False
per_theme_day,10,early_strongest,hold_touch3,169,109,0.6450,75,47,0.6267,94,62,0.6596,False
per_theme_day,10,early_strongest,maxc3,169,136,0.8047,75,59,0.7867,94,77,0.8191,False
per_theme_day,10,early_strongest,open_up,149,60,0.4027,63,25,0.3968,86,35,0.4070,False
per_theme_day,10,early_strongest,open_flat,149,77,0.5168,63,30,0.4762,86,47,0.5465,False
per_theme_day,10,early_strongest,touch3,149,91,0.6107,63,37,0.5873,86,54,0.6279,False
per_theme_day,10,early_strongest,open_zt3,149,68,0.4564,63,29,0.4603,86,39,0.4535,False
per_theme_day,10,early_strongest,hold_zt3,169,88,0.5207,75,41,0.5467,94,47,0.5000,False
per_theme_day,10,huanshou_strongest,hold_close,198,131,0.6616,82,54,0.6585,116,77,0.6638,False
per_theme_day,10,huanshou_strongest,hold_flat,198,134,0.6768,82,55,0.6707,116,79,0.6810,False
per_theme_day,10,huanshou_strongest,hold_touch3,198,117,0.5909,82,47,0.5732,116,70,0.6034,False
per_theme_day,10,huanshou_strongest,maxc3,198,155,0.7828,82,64,0.7805,116,91,0.7845,False
per_theme_day,10,huanshou_strongest,open_up,180,76,0.4222,72,31,0.4306,108,45,0.4167,False
per_theme_day,10,huanshou_strongest,open_flat,180,91,0.5056,72,35,0.4861,108,56,0.5185,False
per_theme_day,10,huanshou_strongest,touch3,180,100,0.5556,72,38,0.5278,108,62,0.5741,False
per_theme_day,10,huanshou_strongest,open_zt3,180,72,0.4000,72,27,0.3750,108,45,0.4167,False
per_theme_day,10,huanshou_strongest,hold_zt3,198,90,0.4545,82,37,0.4512,116,53,0.4569,False
per_theme_day,10,tzi_strongest,hold_close,43,28,0.6512,25,14,0.5600,18,14,0.7778,False
per_theme_day,10,tzi_strongest,hold_flat,43,28,0.6512,25,14,0.5600,18,14,0.7778,False
per_theme_day,10,tzi_strongest,hold_touch3,43,26,0.6047,25,14,0.5600,18,12,0.6667,False
per_theme_day,10,tzi_strongest,maxc3,43,33,0.7674,25,17,0.6800,18,16,0.8889,False
per_theme_day,10,tzi_strongest,open_up,38,17,0.4474,22,8,0.3636,16,9,0.5625,False
per_theme_day,10,tzi_strongest,open_flat,38,22,0.5789,22,11,0.5000,16,11,0.6875,False
per_theme_day,10,tzi_strongest,touch3,38,22,0.5789,22,12,0.5455,16,10,0.6250,False
per_theme_day,10,tzi_strongest,open_zt3,38,21,0.5526,22,11,0.5000,16,10,0.6250,False
per_theme_day,10,tzi_strongest,hold_zt3,43,26,0.6047,25,14,0.5600,18,12,0.6667,False
per_day_max_theme,10,earliest_seal,hold_close,130,89,0.6846,58,39,0.6724,72,50,0.6944,False
per_day_max_theme,10,earliest_seal,hold_flat,130,89,0.6846,58,39,0.6724,72,50,0.6944,False
per_day_max_theme,10,earliest_seal,hold_touch3,130,88,0.6769,58,41,0.7069,72,47,0.6528,False
per_day_max_theme,10,earliest_seal,maxc3,130,106,0.8154,58,48,0.8276,72,58,0.8056,False
per_day_max_theme,10,earliest_seal,open_up,119,48,0.4034,52,22,0.4231,67,26,0.3881,False
per_day_max_theme,10,earliest_seal,open_flat,119,61,0.5126,52,27,0.5192,67,34,0.5075,False
per_day_max_theme,10,earliest_seal,touch3,119,78,0.6555,52,36,0.6923,67,42,0.6269,False
per_day_max_theme,10,earliest_seal,open_zt3,119,58,0.4874,52,27,0.5192,67,31,0.4627,False
per_day_max_theme,10,earliest_seal,hold_zt3,130,69,0.5308,58,33,0.5690,72,36,0.5000,False
per_day_max_theme,10,latest_seal,hold_close,130,83,0.6385,58,32,0.5517,72,51,0.7083,False
per_day_max_theme,10,latest_seal,hold_flat,130,84,0.6462,58,32,0.5517,72,52,0.7222,False
per_day_max_theme,10,latest_seal,hold_touch3,130,68,0.5231,58,33,0.5690,72,35,0.4861,False
per_day_max_theme,10,latest_seal,maxc3,130,99,0.7615,58,41,0.7069,72,58,0.8056,False
per_day_max_theme,10,latest_seal,open_up,124,67,0.5403,55,27,0.4909,69,40,0.5797,False
per_day_max_theme,10,latest_seal,open_flat,124,72,0.5806,55,29,0.5273,69,43,0.6232,False
per_day_max_theme,10,latest_seal,touch3,124,62,0.5000,55,30,0.5455,69,32,0.4638,False
per_day_max_theme,10,latest_seal,open_zt3,124,50,0.4032,55,24,0.4364,69,26,0.3768,False
per_day_max_theme,10,latest_seal,hold_zt3,130,56,0.4308,58,27,0.4655,72,29,0.4028,False
per_day_max_theme,10,strongest_seal,hold_close,130,90,0.6923,58,41,0.7069,72,49,0.6806,False
per_day_max_theme,10,strongest_seal,hold_flat,130,91,0.7000,58,41,0.7069,72,50,0.6944,False
per_day_max_theme,10,strongest_seal,hold_touch3,130,87,0.6692,58,38,0.6552,72,49,0.6806,False
per_day_max_theme,10,strongest_seal,maxc3,130,106,0.8154,58,49,0.8448,72,57,0.7917,False
per_day_max_theme,10,strongest_seal,open_up,116,49,0.4224,49,23,0.4694,67,26,0.3881,False
per_day_max_theme,10,strongest_seal,open_flat,116,60,0.5172,49,26,0.5306,67,34,0.5075,False
per_day_max_theme,10,strongest_seal,touch3,116,73,0.6293,49,29,0.5918,67,44,0.6567,False
per_day_max_theme,10,strongest_seal,open_zt3,116,60,0.5172,49,25,0.5102,67,35,0.5224,False
per_day_max_theme,10,strongest_seal,hold_zt3,130,74,0.5692,58,34,0.5862,72,40,0.5556,False
per_day_max_theme,10,weakest_seal,hold_close,130,83,0.6385,58,35,0.6034,72,48,0.6667,False
per_day_max_theme,10,weakest_seal,hold_flat,130,83,0.6385,58,35,0.6034,72,48,0.6667,False
per_day_max_theme,10,weakest_seal,hold_touch3,130,66,0.5077,58,30,0.5172,72,36,0.5000,False
per_day_max_theme,10,weakest_seal,maxc3,130,99,0.7615,58,41,0.7069,72,58,0.8056,False
per_day_max_theme,10,weakest_seal,open_up,125,70,0.5600,56,29,0.5179,69,41,0.5942,False
per_day_max_theme,10,weakest_seal,open_flat,125,78,0.6240,56,34,0.6071,69,44,0.6377,False
per_day_max_theme,10,weakest_seal,touch3,125,61,0.4880,56,28,0.5000,69,33,0.4783,False
per_day_max_theme,10,weakest_seal,open_zt3,125,50,0.4000,56,26,0.4643,69,24,0.3478,False
per_day_max_theme,10,weakest_seal,hold_zt3,130,55,0.4231,58,28,0.4828,72,27,0.3750,False
per_day_max_theme,10,fewest_opens,hold_close,130,91,0.7000,58,40,0.6897,72,51,0.7083,False
per_day_max_theme,10,fewest_opens,hold_flat,130,92,0.7077,58,40,0.6897,72,52,0.7222,False
per_day_max_theme,10,fewest_opens,hold_touch3,130,86,0.6615,58,36,0.6207,72,50,0.6944,False
per_day_max_theme,10,fewest_opens,maxc3,130,107,0.8231,58,47,0.8103,72,60,0.8333,False
per_day_max_theme,10,fewest_opens,open_up,120,52,0.4333,53,25,0.4717,67,27,0.4030,False
per_day_max_theme,10,fewest_opens,open_flat,120,63,0.5250,53,29,0.5472,67,34,0.5075,False
per_day_max_theme,10,fewest_opens,touch3,120,76,0.6333,53,31,0.5849,67,45,0.6716,False
per_day_max_theme,10,fewest_opens,open_zt3,120,56,0.4667,53,22,0.4151,67,34,0.5075,False
per_day_max_theme,10,fewest_opens,hold_zt3,130,66,0.5077,58,27,0.4655,72,39,0.5417,False
per_day_max_theme,10,unopened_strongest,hold_close,85,57,0.6706,40,27,0.6750,45,30,0.6667,False
per_day_max_theme,10,unopened_strongest,hold_flat,85,58,0.6824,40,27,0.6750,45,31,0.6889,False
per_day_max_theme,10,unopened_strongest,hold_touch3,85,55,0.6471,40,24,0.6000,45,31,0.6889,False
per_day_max_theme,10,unopened_strongest,maxc3,85,70,0.8235,40,32,0.8000,45,38,0.8444,False
per_day_max_theme,10,unopened_strongest,open_up,77,28,0.3636,35,13,0.3714,42,15,0.3571,False
per_day_max_theme,10,unopened_strongest,open_flat,77,35,0.4545,35,16,0.4571,42,19,0.4524,False
per_day_max_theme,10,unopened_strongest,touch3,77,47,0.6104,35,19,0.5429,42,28,0.6667,False
per_day_max_theme,10,unopened_strongest,open_zt3,77,34,0.4416,35,11,0.3143,42,23,0.5476,False
per_day_max_theme,10,unopened_strongest,hold_zt3,85,42,0.4941,40,16,0.4000,45,26,0.5778,False
per_day_max_theme,10,unopened_earliest,hold_close,85,57,0.6706,40,27,0.6750,45,30,0.6667,False
per_day_max_theme,10,unopened_earliest,hold_flat,85,59,0.6941,40,28,0.7000,45,31,0.6889,False
per_day_max_theme,10,unopened_earliest,hold_touch3,85,53,0.6235,40,23,0.5750,45,30,0.6667,False
per_day_max_theme,10,unopened_earliest,maxc3,85,69,0.8118,40,31,0.7750,45,38,0.8444,False
per_day_max_theme,10,unopened_earliest,open_up,79,31,0.3924,37,16,0.4324,42,15,0.3571,False
per_day_max_theme,10,unopened_earliest,open_flat,79,38,0.4810,37,19,0.5135,42,19,0.4524,False
per_day_max_theme,10,unopened_earliest,touch3,79,47,0.5949,37,20,0.5405,42,27,0.6429,False
per_day_max_theme,10,unopened_earliest,open_zt3,79,35,0.4430,37,13,0.3514,42,22,0.5238,False
per_day_max_theme,10,unopened_earliest,hold_zt3,85,41,0.4824,40,16,0.4000,45,25,0.5556,False
per_day_max_theme,10,opened_strongest,hold_close,102,74,0.7255,50,36,0.7200,52,38,0.7308,False
per_day_max_theme,10,opened_strongest,hold_flat,102,74,0.7255,50,36,0.7200,52,38,0.7308,False
per_day_max_theme,10,opened_strongest,hold_touch3,102,61,0.5980,50,31,0.6200,52,30,0.5769,False
per_day_max_theme,10,opened_strongest,maxc3,102,83,0.8137,50,43,0.8600,52,40,0.7692,False
per_day_max_theme,10,opened_strongest,open_up,92,50,0.5435,42,23,0.5476,50,27,0.5400,False
per_day_max_theme,10,opened_strongest,open_flat,92,56,0.6087,42,25,0.5952,50,31,0.6200,False
per_day_max_theme,10,opened_strongest,touch3,92,52,0.5652,42,24,0.5714,50,28,0.5600,False
per_day_max_theme,10,opened_strongest,open_zt3,92,46,0.5000,42,24,0.5714,50,22,0.4400,False
per_day_max_theme,10,opened_strongest,hold_zt3,102,56,0.5490,50,32,0.6400,52,24,0.4615,False
per_day_max_theme,10,fanbao_strongest,hold_close,21,14,0.6667,1,0,0.0000,20,14,0.7000,False
per_day_max_theme,10,fanbao_strongest,hold_flat,21,14,0.6667,1,0,0.0000,20,14,0.7000,False
per_day_max_theme,10,fanbao_strongest,hold_touch3,21,7,0.3333,1,0,0.0000,20,7,0.3500,False
per_day_max_theme,10,fanbao_strongest,maxc3,21,14,0.6667,1,0,0.0000,20,14,0.7000,False
per_day_max_theme,10,fanbao_strongest,open_up,21,9,0.4286,1,0,0.0000,20,9,0.4500,False
per_day_max_theme,10,fanbao_strongest,open_flat,21,11,0.5238,1,0,0.0000,20,11,0.5500,False
per_day_max_theme,10,fanbao_strongest,touch3,21,7,0.3333,1,0,0.0000,20,7,0.3500,False
per_day_max_theme,10,fanbao_strongest,open_zt3,21,7,0.3333,1,0,0.0000,20,7,0.3500,False
per_day_max_theme,10,fanbao_strongest,hold_zt3,21,7,0.3333,1,0,0.0000,20,7,0.3500,False
per_day_max_theme,10,earliest_final,hold_close,130,92,0.7077,58,40,0.6897,72,52,0.7222,False
per_day_max_theme,10,earliest_final,hold_flat,130,93,0.7154,58,41,0.7069,72,52,0.7222,False
per_day_max_theme,10,earliest_final,hold_touch3,130,85,0.6538,58,37,0.6379,72,48,0.6667,False
per_day_max_theme,10,earliest_final,maxc3,130,107,0.8231,58,48,0.8276,72,59,0.8194,False
per_day_max_theme,10,earliest_final,open_up,120,51,0.4250,53,24,0.4528,67,27,0.4030,False
per_day_max_theme,10,earliest_final,open_flat,120,66,0.5500,53,30,0.5660,67,36,0.5373,False
per_day_max_theme,10,earliest_final,touch3,120,75,0.6250,53,32,0.6038,67,43,0.6418,False
per_day_max_theme,10,earliest_final,open_zt3,120,56,0.4667,53,26,0.4906,67,30,0.4478,False
per_day_max_theme,10,earliest_final,hold_zt3,130,66,0.5077,58,31,0.5345,72,35,0.4861,False
per_day_max_theme,10,highest_board,hold_close,130,85,0.6538,58,39,0.6724,72,46,0.6389,False
per_day_max_theme,10,highest_board,hold_flat,130,86,0.6615,58,39,0.6724,72,47,0.6528,False
per_day_max_theme,10,highest_board,hold_touch3,130,91,0.7000,58,40,0.6897,72,51,0.7083,False
per_day_max_theme,10,highest_board,maxc3,130,103,0.7923,58,46,0.7931,72,57,0.7917,False
per_day_max_theme,10,highest_board,open_up,119,50,0.4202,52,26,0.5000,67,24,0.3582,False
per_day_max_theme,10,highest_board,open_flat,119,61,0.5126,52,29,0.5577,67,32,0.4776,False
per_day_max_theme,10,highest_board,touch3,119,81,0.6807,52,35,0.6731,67,46,0.6866,False
per_day_max_theme,10,highest_board,open_zt3,119,65,0.5462,52,29,0.5577,67,36,0.5373,False
per_day_max_theme,10,highest_board,hold_zt3,130,76,0.5846,58,35,0.6034,72,41,0.5694,False
per_day_max_theme,10,lowest_board,hold_close,130,87,0.6692,58,39,0.6724,72,48,0.6667,False
per_day_max_theme,10,lowest_board,hold_flat,130,89,0.6846,58,40,0.6897,72,49,0.6806,False
per_day_max_theme,10,lowest_board,hold_touch3,130,76,0.5846,58,35,0.6034,72,41,0.5694,False
per_day_max_theme,10,lowest_board,maxc3,130,103,0.7923,58,48,0.8276,72,55,0.7639,False
per_day_max_theme,10,lowest_board,open_up,120,54,0.4500,51,23,0.4510,69,31,0.4493,False
per_day_max_theme,10,lowest_board,open_flat,120,61,0.5083,51,25,0.4902,69,36,0.5217,False
per_day_max_theme,10,lowest_board,touch3,120,66,0.5500,51,28,0.5490,69,38,0.5507,False
per_day_max_theme,10,lowest_board,open_zt3,120,51,0.4250,51,22,0.4314,69,29,0.4203,False
per_day_max_theme,10,lowest_board,hold_zt3,130,61,0.4692,58,29,0.5000,72,32,0.4444,False
per_day_max_theme,10,board2_strongest,hold_close,110,72,0.6545,49,33,0.6735,61,39,0.6393,False
per_day_max_theme,10,board2_strongest,hold_flat,110,74,0.6727,49,34,0.6939,61,40,0.6557,False
per_day_max_theme,10,board2_strongest,hold_touch3,110,61,0.5545,49,27,0.5510,61,34,0.5574,False
per_day_max_theme,10,board2_strongest,maxc3,110,85,0.7727,49,40,0.8163,61,45,0.7377,False
per_day_max_theme,10,board2_strongest,open_up,101,48,0.4752,43,21,0.4884,58,27,0.4655,False
per_day_max_theme,10,board2_strongest,open_flat,101,51,0.5050,43,21,0.4884,58,30,0.5172,False
per_day_max_theme,10,board2_strongest,touch3,101,52,0.5149,43,21,0.4884,58,31,0.5345,False
per_day_max_theme,10,board2_strongest,open_zt3,101,38,0.3762,43,16,0.3721,58,22,0.3793,False
per_day_max_theme,10,board2_strongest,hold_zt3,110,47,0.4273,49,22,0.4490,61,25,0.4098,False
per_day_max_theme,10,board3_strongest,hold_close,44,31,0.7045,19,16,0.8421,25,15,0.6000,False
per_day_max_theme,10,board3_strongest,hold_flat,44,31,0.7045,19,16,0.8421,25,15,0.6000,False
per_day_max_theme,10,board3_strongest,hold_touch3,44,33,0.7500,19,15,0.7895,25,18,0.7200,False
per_day_max_theme,10,board3_strongest,maxc3,44,38,0.8636,19,17,0.8947,25,21,0.8400,False
per_day_max_theme,10,board3_strongest,open_up,43,18,0.4186,18,10,0.5556,25,8,0.3200,False
per_day_max_theme,10,board3_strongest,open_flat,43,24,0.5581,18,14,0.7778,25,10,0.4000,False
per_day_max_theme,10,board3_strongest,touch3,43,32,0.7442,18,14,0.7778,25,18,0.7200,False
per_day_max_theme,10,board3_strongest,open_zt3,43,27,0.6279,18,12,0.6667,25,15,0.6000,False
per_day_max_theme,10,board3_strongest,hold_zt3,44,28,0.6364,19,13,0.6842,25,15,0.6000,False
per_day_max_theme,10,board4_strongest,hold_close,23,15,0.6522,14,9,0.6429,9,6,0.6667,False
per_day_max_theme,10,board4_strongest,hold_flat,23,15,0.6522,14,9,0.6429,9,6,0.6667,False
per_day_max_theme,10,board4_strongest,hold_touch3,23,15,0.6522,14,8,0.5714,9,7,0.7778,False
per_day_max_theme,10,board4_strongest,maxc3,23,18,0.7826,14,11,0.7857,9,7,0.7778,False
per_day_max_theme,10,board4_strongest,open_up,20,6,0.3000,12,4,0.3333,8,2,0.2500,False
per_day_max_theme,10,board4_strongest,open_flat,20,11,0.5500,12,6,0.5000,8,5,0.6250,False
per_day_max_theme,10,board4_strongest,touch3,20,12,0.6000,12,6,0.5000,8,6,0.7500,False
per_day_max_theme,10,board4_strongest,open_zt3,20,12,0.6000,12,6,0.5000,8,6,0.7500,False
per_day_max_theme,10,board4_strongest,hold_zt3,23,15,0.6522,14,8,0.5714,9,7,0.7778,False
per_day_max_theme,10,board5p_strongest,hold_close,22,15,0.6818,16,10,0.6250,6,5,0.8333,False
per_day_max_theme,10,board5p_strongest,hold_flat,22,15,0.6818,16,10,0.6250,6,5,0.8333,False
per_day_max_theme,10,board5p_strongest,hold_touch3,22,17,0.7727,16,12,0.7500,6,5,0.8333,False
per_day_max_theme,10,board5p_strongest,maxc3,22,16,0.7273,16,10,0.6250,6,6,1.0000,False
per_day_max_theme,10,board5p_strongest,open_up,19,9,0.4737,14,7,0.5000,5,2,0.4000,False
per_day_max_theme,10,board5p_strongest,open_flat,19,12,0.6316,14,9,0.6429,5,3,0.6000,False
per_day_max_theme,10,board5p_strongest,touch3,19,15,0.7895,14,11,0.7857,5,4,0.8000,False
per_day_max_theme,10,board5p_strongest,open_zt3,19,13,0.6842,14,10,0.7143,5,3,0.6000,False
per_day_max_theme,10,board5p_strongest,hold_zt3,22,16,0.7273,16,12,0.7500,6,4,0.6667,False
per_day_max_theme,10,board2_earliest,hold_close,110,71,0.6455,49,32,0.6531,61,39,0.6393,False
per_day_max_theme,10,board2_earliest,hold_flat,110,71,0.6455,49,32,0.6531,61,39,0.6393,False
per_day_max_theme,10,board2_earliest,hold_touch3,110,62,0.5636,49,30,0.6122,61,32,0.5246,False
per_day_max_theme,10,board2_earliest,maxc3,110,85,0.7727,49,39,0.7959,61,46,0.7541,False
per_day_max_theme,10,board2_earliest,open_up,103,48,0.4660,45,21,0.4667,58,27,0.4655,False
per_day_max_theme,10,board2_earliest,open_flat,103,53,0.5146,45,23,0.5111,58,30,0.5172,False
per_day_max_theme,10,board2_earliest,touch3,103,55,0.5340,45,26,0.5778,58,29,0.5000,False
per_day_max_theme,10,board2_earliest,open_zt3,103,40,0.3883,45,19,0.4222,58,21,0.3621,False
per_day_max_theme,10,board2_earliest,hold_zt3,110,47,0.4273,49,23,0.4694,61,24,0.3934,False
per_day_max_theme,10,board3_earliest,hold_close,44,31,0.7045,19,16,0.8421,25,15,0.6000,False
per_day_max_theme,10,board3_earliest,hold_flat,44,31,0.7045,19,16,0.8421,25,15,0.6000,False
per_day_max_theme,10,board3_earliest,hold_touch3,44,33,0.7500,19,16,0.8421,25,17,0.6800,False
per_day_max_theme,10,board3_earliest,maxc3,44,37,0.8409,19,17,0.8947,25,20,0.8000,False
per_day_max_theme,10,board3_earliest,open_up,42,17,0.4048,17,9,0.5294,25,8,0.3200,False
per_day_max_theme,10,board3_earliest,open_flat,42,23,0.5476,17,13,0.7647,25,10,0.4000,False
per_day_max_theme,10,board3_earliest,touch3,42,31,0.7381,17,14,0.8235,25,17,0.6800,False
per_day_max_theme,10,board3_earliest,open_zt3,42,26,0.6190,17,12,0.7059,25,14,0.5600,False
per_day_max_theme,10,board3_earliest,hold_zt3,44,28,0.6364,19,14,0.7368,25,14,0.5600,False
per_day_max_theme,10,cihigh_strongest,hold_close,34,21,0.6176,12,8,0.6667,22,13,0.5909,False
per_day_max_theme,10,cihigh_strongest,hold_flat,34,21,0.6176,12,8,0.6667,22,13,0.5909,False
per_day_max_theme,10,cihigh_strongest,hold_touch3,34,20,0.5882,12,7,0.5833,22,13,0.5909,False
per_day_max_theme,10,cihigh_strongest,maxc3,34,26,0.7647,12,9,0.7500,22,17,0.7727,False
per_day_max_theme,10,cihigh_strongest,open_up,32,14,0.4375,11,5,0.4545,21,9,0.4286,False
per_day_max_theme,10,cihigh_strongest,open_flat,32,15,0.4688,11,5,0.4545,21,10,0.4762,False
per_day_max_theme,10,cihigh_strongest,touch3,32,18,0.5625,11,6,0.5455,21,12,0.5714,False
per_day_max_theme,10,cihigh_strongest,open_zt3,32,13,0.4062,11,5,0.4545,21,8,0.3810,False
per_day_max_theme,10,cihigh_strongest,hold_zt3,34,15,0.4412,12,6,0.5000,22,9,0.4091,False
per_day_max_theme,10,mid_strongest,hold_close,125,85,0.6800,55,39,0.7091,70,46,0.6571,False
per_day_max_theme,10,mid_strongest,hold_flat,125,87,0.6960,55,40,0.7273,70,47,0.6714,False
per_day_max_theme,10,mid_strongest,hold_touch3,125,77,0.6160,55,33,0.6000,70,44,0.6286,False
per_day_max_theme,10,mid_strongest,maxc3,125,102,0.8160,55,47,0.8545,70,55,0.7857,False
per_day_max_theme,10,mid_strongest,open_up,115,53,0.4609,48,25,0.5208,67,28,0.4179,False
per_day_max_theme,10,mid_strongest,open_flat,115,59,0.5130,48,26,0.5417,67,33,0.4925,False
per_day_max_theme,10,mid_strongest,touch3,115,67,0.5826,48,26,0.5417,67,41,0.6119,False
per_day_max_theme,10,mid_strongest,open_zt3,115,55,0.4783,48,23,0.4792,67,32,0.4776,False
per_day_max_theme,10,mid_strongest,hold_zt3,125,65,0.5200,55,30,0.5455,70,35,0.5000,False
per_day_max_theme,10,newh_strongest,hold_close,25,15,0.6000,9,5,0.5556,16,10,0.6250,False
per_day_max_theme,10,newh_strongest,hold_flat,25,15,0.6000,9,5,0.5556,16,10,0.6250,False
per_day_max_theme,10,newh_strongest,hold_touch3,25,18,0.7200,9,6,0.6667,16,12,0.7500,False
per_day_max_theme,10,newh_strongest,maxc3,25,18,0.7200,9,5,0.5556,16,13,0.8125,False
per_day_max_theme,10,newh_strongest,open_up,23,8,0.3478,9,5,0.5556,14,3,0.2143,False
per_day_max_theme,10,newh_strongest,open_flat,23,12,0.5217,9,6,0.6667,14,6,0.4286,False
per_day_max_theme,10,newh_strongest,touch3,23,16,0.6957,9,6,0.6667,14,10,0.7143,False
per_day_max_theme,10,newh_strongest,open_zt3,23,15,0.6522,9,5,0.5556,14,10,0.7143,False
per_day_max_theme,10,newh_strongest,hold_zt3,25,17,0.6800,9,5,0.5556,16,12,0.7500,False
per_day_max_theme,10,mid_earliest,hold_close,125,89,0.7120,55,40,0.7273,70,49,0.7000,False
per_day_max_theme,10,mid_earliest,hold_flat,125,89,0.7120,55,40,0.7273,70,49,0.7000,False
per_day_max_theme,10,mid_earliest,hold_touch3,125,79,0.6320,55,37,0.6727,70,42,0.6000,False
per_day_max_theme,10,mid_earliest,maxc3,125,104,0.8320,55,48,0.8727,70,56,0.8000,False
per_day_max_theme,10,mid_earliest,open_up,118,53,0.4492,51,24,0.4706,67,29,0.4328,False
per_day_max_theme,10,mid_earliest,open_flat,118,63,0.5339,51,29,0.5686,67,34,0.5075,False
per_day_max_theme,10,mid_earliest,touch3,118,72,0.6102,51,33,0.6471,67,39,0.5821,False
per_day_max_theme,10,mid_earliest,open_zt3,118,55,0.4661,51,26,0.5098,67,29,0.4328,False
per_day_max_theme,10,mid_earliest,hold_zt3,125,62,0.4960,55,30,0.5455,70,32,0.4571,False
per_day_max_theme,10,cihigh_earliest,hold_close,34,18,0.5294,12,8,0.6667,22,10,0.4545,False
per_day_max_theme,10,cihigh_earliest,hold_flat,34,18,0.5294,12,8,0.6667,22,10,0.4545,False
per_day_max_theme,10,cihigh_earliest,hold_touch3,34,19,0.5588,12,8,0.6667,22,11,0.5000,False
per_day_max_theme,10,cihigh_earliest,maxc3,34,25,0.7353,12,9,0.7500,22,16,0.7273,False
per_day_max_theme,10,cihigh_earliest,open_up,32,12,0.3750,11,5,0.4545,21,7,0.3333,False
per_day_max_theme,10,cihigh_earliest,open_flat,32,13,0.4062,11,5,0.4545,21,8,0.3810,False
per_day_max_theme,10,cihigh_earliest,touch3,32,17,0.5312,11,7,0.6364,21,10,0.4762,False
per_day_max_theme,10,cihigh_earliest,open_zt3,32,13,0.4062,11,6,0.5455,21,7,0.3333,False
per_day_max_theme,10,cihigh_earliest,hold_zt3,34,15,0.4412,12,7,0.5833,22,8,0.3636,False
per_day_max_theme,10,max_amount,hold_close,130,84,0.6462,58,37,0.6379,72,47,0.6528,False
per_day_max_theme,10,max_amount,hold_flat,130,84,0.6462,58,37,0.6379,72,47,0.6528,False
per_day_max_theme,10,max_amount,hold_touch3,130,70,0.5385,58,33,0.5690,72,37,0.5139,False
per_day_max_theme,10,max_amount,maxc3,130,101,0.7769,58,43,0.7414,72,58,0.8056,False
per_day_max_theme,10,max_amount,open_up,123,61,0.4959,54,28,0.5185,69,33,0.4783,False
per_day_max_theme,10,max_amount,open_flat,123,70,0.5691,54,33,0.6111,69,37,0.5362,False
per_day_max_theme,10,max_amount,touch3,123,63,0.5122,54,29,0.5370,69,34,0.4928,False
per_day_max_theme,10,max_amount,open_zt3,123,45,0.3659,54,22,0.4074,69,23,0.3333,False
per_day_max_theme,10,max_amount,hold_zt3,130,52,0.4000,58,26,0.4483,72,26,0.3611,False
per_day_max_theme,10,min_amount,hold_close,130,90,0.6923,58,38,0.6552,72,52,0.7222,False
per_day_max_theme,10,min_amount,hold_flat,130,91,0.7000,58,38,0.6552,72,53,0.7361,False
per_day_max_theme,10,min_amount,hold_touch3,130,79,0.6077,58,36,0.6207,72,43,0.5972,False
per_day_max_theme,10,min_amount,maxc3,130,106,0.8154,58,47,0.8103,72,59,0.8194,False
per_day_max_theme,10,min_amount,open_up,122,54,0.4426,55,23,0.4182,67,31,0.4627,False
per_day_max_theme,10,min_amount,open_flat,122,68,0.5574,55,29,0.5273,67,39,0.5821,False
per_day_max_theme,10,min_amount,touch3,122,72,0.5902,55,34,0.6182,67,38,0.5672,False
per_day_max_theme,10,min_amount,open_zt3,122,60,0.4918,55,28,0.5091,67,32,0.4776,False
per_day_max_theme,10,min_amount,hold_zt3,130,68,0.5231,58,31,0.5345,72,37,0.5139,False
per_day_max_theme,10,max_turn,hold_close,130,76,0.5846,58,33,0.5690,72,43,0.5972,False
per_day_max_theme,10,max_turn,hold_flat,130,77,0.5923,58,33,0.5690,72,44,0.6111,False
per_day_max_theme,10,max_turn,hold_touch3,130,71,0.5462,58,32,0.5517,72,39,0.5417,False
per_day_max_theme,10,max_turn,maxc3,130,95,0.7308,58,41,0.7069,72,54,0.7500,False
per_day_max_theme,10,max_turn,open_up,123,61,0.4959,54,28,0.5185,69,33,0.4783,False
per_day_max_theme,10,max_turn,open_flat,123,65,0.5285,54,29,0.5370,69,36,0.5217,False
per_day_max_theme,10,max_turn,touch3,123,64,0.5203,54,28,0.5185,69,36,0.5217,False
per_day_max_theme,10,max_turn,open_zt3,123,48,0.3902,54,21,0.3889,69,27,0.3913,False
per_day_max_theme,10,max_turn,hold_zt3,130,55,0.4231,58,25,0.4310,72,30,0.4167,False
per_day_max_theme,10,min_turn,hold_close,130,95,0.7308,58,43,0.7414,72,52,0.7222,False
per_day_max_theme,10,min_turn,hold_flat,130,98,0.7538,58,45,0.7759,72,53,0.7361,False
per_day_max_theme,10,min_turn,hold_touch3,130,75,0.5769,58,37,0.6379,72,38,0.5278,False
per_day_max_theme,10,min_turn,maxc3,130,107,0.8231,58,49,0.8448,72,58,0.8056,False
per_day_max_theme,10,min_turn,open_up,120,56,0.4667,52,23,0.4423,68,33,0.4853,False
per_day_max_theme,10,min_turn,open_flat,120,71,0.5917,52,31,0.5962,68,40,0.5882,False
per_day_max_theme,10,min_turn,touch3,120,66,0.5500,52,32,0.6154,68,34,0.5000,False
per_day_max_theme,10,min_turn,open_zt3,120,52,0.4333,52,27,0.5192,68,25,0.3676,False
per_day_max_theme,10,min_turn,hold_zt3,130,62,0.4769,58,33,0.5690,72,29,0.4028,False
per_day_max_theme,10,intact_strongest,hold_close,83,57,0.6867,41,27,0.6585,42,30,0.7143,False
per_day_max_theme,10,intact_strongest,hold_flat,83,58,0.6988,41,27,0.6585,42,31,0.7381,False
per_day_max_theme,10,intact_strongest,hold_touch3,83,59,0.7108,41,28,0.6829,42,31,0.7381,False
per_day_max_theme,10,intact_strongest,maxc3,83,68,0.8193,41,33,0.8049,42,35,0.8333,False
per_day_max_theme,10,intact_strongest,open_up,75,31,0.4133,35,14,0.4000,40,17,0.4250,False
per_day_max_theme,10,intact_strongest,open_flat,75,39,0.5200,35,17,0.4857,40,22,0.5500,False
per_day_max_theme,10,intact_strongest,touch3,75,51,0.6800,35,22,0.6286,40,29,0.7250,False
per_day_max_theme,10,intact_strongest,open_zt3,75,38,0.5067,35,17,0.4857,40,21,0.5250,False
per_day_max_theme,10,intact_strongest,hold_zt3,83,46,0.5542,41,23,0.5610,42,23,0.5476,False
per_day_max_theme,10,intact_earliest,hold_close,83,59,0.7108,41,25,0.6098,42,34,0.8095,False
per_day_max_theme,10,intact_earliest,hold_flat,83,59,0.7108,41,25,0.6098,42,34,0.8095,False
per_day_max_theme,10,intact_earliest,hold_touch3,83,57,0.6867,41,28,0.6829,42,29,0.6905,False
per_day_max_theme,10,intact_earliest,maxc3,83,67,0.8072,41,32,0.7805,42,35,0.8333,False
per_day_max_theme,10,intact_earliest,open_up,77,32,0.4156,37,13,0.3514,40,19,0.4750,False
per_day_max_theme,10,intact_earliest,open_flat,77,41,0.5325,37,17,0.4595,40,24,0.6000,False
per_day_max_theme,10,intact_earliest,touch3,77,52,0.6753,37,25,0.6757,40,27,0.6750,False
per_day_max_theme,10,intact_earliest,open_zt3,77,36,0.4675,37,17,0.4595,40,19,0.4750,False
per_day_max_theme,10,intact_earliest,hold_zt3,83,42,0.5060,41,21,0.5122,42,21,0.5000,False
per_day_max_theme,10,break_strongest,hold_close,38,27,0.7105,13,11,0.8462,25,16,0.6400,False
per_day_max_theme,10,break_strongest,hold_flat,38,28,0.7368,13,11,0.8462,25,17,0.6800,False
per_day_max_theme,10,break_strongest,hold_touch3,38,23,0.6053,13,8,0.6154,25,15,0.6000,False
per_day_max_theme,10,break_strongest,maxc3,38,32,0.8421,13,12,0.9231,25,20,0.8000,False
per_day_max_theme,10,break_strongest,open_up,33,14,0.4242,10,6,0.6000,23,8,0.3478,False
per_day_max_theme,10,break_strongest,open_flat,33,17,0.5152,10,6,0.6000,23,11,0.4783,False
per_day_max_theme,10,break_strongest,touch3,33,18,0.5455,10,5,0.5000,23,13,0.5652,False
per_day_max_theme,10,break_strongest,open_zt3,33,18,0.5455,10,6,0.6000,23,12,0.5217,False
per_day_max_theme,10,break_strongest,hold_zt3,38,23,0.6053,13,9,0.6923,25,14,0.5600,False
per_day_max_theme,10,stock_unbroken_strongest,hold_close,123,83,0.6748,53,37,0.6981,70,46,0.6571,False
per_day_max_theme,10,stock_unbroken_strongest,hold_flat,123,84,0.6829,53,37,0.6981,70,47,0.6714,False
per_day_max_theme,10,stock_unbroken_strongest,hold_touch3,123,76,0.6179,53,30,0.5660,70,46,0.6571,False
per_day_max_theme,10,stock_unbroken_strongest,maxc3,123,101,0.8211,53,46,0.8679,70,55,0.7857,False
per_day_max_theme,10,stock_unbroken_strongest,open_up,110,45,0.4091,45,20,0.4444,65,25,0.3846,False
per_day_max_theme,10,stock_unbroken_strongest,open_flat,110,54,0.4909,45,23,0.5111,65,31,0.4769,False
per_day_max_theme,10,stock_unbroken_strongest,touch3,110,63,0.5727,45,22,0.4889,65,41,0.6308,False
per_day_max_theme,10,stock_unbroken_strongest,open_zt3,110,51,0.4636,45,20,0.4444,65,31,0.4769,False
per_day_max_theme,10,stock_unbroken_strongest,hold_zt3,123,64,0.5203,53,28,0.5283,70,36,0.5143,False
per_day_max_theme,10,stock_broken_strongest,hold_close,41,27,0.6585,19,13,0.6842,22,14,0.6364,False
per_day_max_theme,10,stock_broken_strongest,hold_flat,41,27,0.6585,19,13,0.6842,22,14,0.6364,False
per_day_max_theme,10,stock_broken_strongest,hold_touch3,41,21,0.5122,19,13,0.6842,22,8,0.3636,False
per_day_max_theme,10,stock_broken_strongest,maxc3,41,28,0.6829,19,14,0.7368,22,14,0.6364,False
per_day_max_theme,10,stock_broken_strongest,open_up,40,20,0.5000,18,10,0.5556,22,10,0.4545,False
per_day_max_theme,10,stock_broken_strongest,open_flat,40,23,0.5750,18,11,0.6111,22,12,0.5455,False
per_day_max_theme,10,stock_broken_strongest,touch3,40,20,0.5000,18,12,0.6667,22,8,0.3636,False
per_day_max_theme,10,stock_broken_strongest,open_zt3,40,16,0.4000,18,9,0.5000,22,7,0.3182,False
per_day_max_theme,10,stock_broken_strongest,hold_zt3,41,17,0.4146,19,10,0.5263,22,7,0.3182,False
per_day_max_theme,10,stock_unbroken_earliest,hold_close,123,81,0.6585,53,35,0.6604,70,46,0.6571,False
per_day_max_theme,10,stock_unbroken_earliest,hold_flat,123,81,0.6585,53,35,0.6604,70,46,0.6571,False
per_day_max_theme,10,stock_unbroken_earliest,hold_touch3,123,77,0.6260,53,34,0.6415,70,43,0.6143,False
per_day_max_theme,10,stock_unbroken_earliest,maxc3,123,99,0.8049,53,44,0.8302,70,55,0.7857,False
per_day_max_theme,10,stock_unbroken_earliest,open_up,113,44,0.3894,48,19,0.3958,65,25,0.3846,False
per_day_max_theme,10,stock_unbroken_earliest,open_flat,113,55,0.4867,48,24,0.5000,65,31,0.4769,False
per_day_max_theme,10,stock_unbroken_earliest,touch3,113,68,0.6018,48,30,0.6250,65,38,0.5846,False
per_day_max_theme,10,stock_unbroken_earliest,open_zt3,113,51,0.4513,48,23,0.4792,65,28,0.4308,False
per_day_max_theme,10,stock_unbroken_earliest,hold_zt3,123,61,0.4959,53,28,0.5283,70,33,0.4714,False
per_day_max_theme,10,H_strongest,hold_close,25,15,0.6000,9,5,0.5556,16,10,0.6250,False
per_day_max_theme,10,H_strongest,hold_flat,25,15,0.6000,9,5,0.5556,16,10,0.6250,False
per_day_max_theme,10,H_strongest,hold_touch3,25,18,0.7200,9,6,0.6667,16,12,0.7500,False
per_day_max_theme,10,H_strongest,maxc3,25,18,0.7200,9,5,0.5556,16,13,0.8125,False
per_day_max_theme,10,H_strongest,open_up,23,8,0.3478,9,5,0.5556,14,3,0.2143,False
per_day_max_theme,10,H_strongest,open_flat,23,12,0.5217,9,6,0.6667,14,6,0.4286,False
per_day_max_theme,10,H_strongest,touch3,23,16,0.6957,9,6,0.6667,14,10,0.7143,False
per_day_max_theme,10,H_strongest,open_zt3,23,15,0.6522,9,5,0.5556,14,10,0.7143,False
per_day_max_theme,10,H_strongest,hold_zt3,25,17,0.6800,9,5,0.5556,16,12,0.7500,False
per_day_max_theme,10,Hm1_strongest,hold_close,34,21,0.6176,12,8,0.6667,22,13,0.5909,False
per_day_max_theme,10,Hm1_strongest,hold_flat,34,21,0.6176,12,8,0.6667,22,13,0.5909,False
per_day_max_theme,10,Hm1_strongest,hold_touch3,34,20,0.5882,12,7,0.5833,22,13,0.5909,False
per_day_max_theme,10,Hm1_strongest,maxc3,34,26,0.7647,12,9,0.7500,22,17,0.7727,False
per_day_max_theme,10,Hm1_strongest,open_up,32,14,0.4375,11,5,0.4545,21,9,0.4286,False
per_day_max_theme,10,Hm1_strongest,open_flat,32,15,0.4688,11,5,0.4545,21,10,0.4762,False
per_day_max_theme,10,Hm1_strongest,touch3,32,18,0.5625,11,6,0.5455,21,12,0.5714,False
per_day_max_theme,10,Hm1_strongest,open_zt3,32,13,0.4062,11,5,0.4545,21,8,0.3810,False
per_day_max_theme,10,Hm1_strongest,hold_zt3,34,15,0.4412,12,6,0.5000,22,9,0.4091,False
per_day_max_theme,10,belowH_strongest,hold_close,129,89,0.6899,58,41,0.7069,71,48,0.6761,False
per_day_max_theme,10,belowH_strongest,hold_flat,129,90,0.6977,58,41,0.7069,71,49,0.6901,False
per_day_max_theme,10,belowH_strongest,hold_touch3,129,80,0.6202,58,36,0.6207,71,44,0.6197,False
per_day_max_theme,10,belowH_strongest,maxc3,129,105,0.8140,58,50,0.8621,71,55,0.7746,False
per_day_max_theme,10,belowH_strongest,open_up,117,53,0.4530,49,22,0.4490,68,31,0.4559,False
per_day_max_theme,10,belowH_strongest,open_flat,117,61,0.5214,49,25,0.5102,68,36,0.5294,False
per_day_max_theme,10,belowH_strongest,touch3,117,68,0.5812,49,27,0.5510,68,41,0.6029,False
per_day_max_theme,10,belowH_strongest,open_zt3,117,54,0.4615,49,24,0.4898,68,30,0.4412,False
per_day_max_theme,10,belowH_strongest,hold_zt3,129,66,0.5116,58,33,0.5690,71,33,0.4648,False
per_day_max_theme,10,ge3_strongest,hold_close,68,47,0.6912,32,24,0.7500,36,23,0.6389,False
per_day_max_theme,10,ge3_strongest,hold_flat,68,47,0.6912,32,24,0.7500,36,23,0.6389,False
per_day_max_theme,10,ge3_strongest,hold_touch3,68,52,0.7647,32,25,0.7812,36,27,0.7500,False
per_day_max_theme,10,ge3_strongest,maxc3,68,57,0.8382,32,27,0.8438,36,30,0.8333,False
per_day_max_theme,10,ge3_strongest,open_up,61,23,0.3770,27,13,0.4815,34,10,0.2941,False
per_day_max_theme,10,ge3_strongest,open_flat,61,33,0.5410,27,17,0.6296,34,16,0.4706,False
per_day_max_theme,10,ge3_strongest,touch3,61,46,0.7541,27,21,0.7778,34,25,0.7353,False
per_day_max_theme,10,ge3_strongest,open_zt3,61,38,0.6230,27,17,0.6296,34,21,0.6176,False
per_day_max_theme,10,ge3_strongest,hold_zt3,68,45,0.6618,32,22,0.6875,36,23,0.6389,False
per_day_max_theme,10,ge3_earliest,hold_close,68,46,0.6765,32,23,0.7188,36,23,0.6389,False
per_day_max_theme,10,ge3_earliest,hold_flat,68,46,0.6765,32,23,0.7188,36,23,0.6389,False
per_day_max_theme,10,ge3_earliest,hold_touch3,68,51,0.7500,32,25,0.7812,36,26,0.7222,False
per_day_max_theme,10,ge3_earliest,maxc3,68,56,0.8235,32,26,0.8125,36,30,0.8333,False
per_day_max_theme,10,ge3_earliest,open_up,60,22,0.3667,26,12,0.4615,34,10,0.2941,False
per_day_max_theme,10,ge3_earliest,open_flat,60,31,0.5167,26,15,0.5769,34,16,0.4706,False
per_day_max_theme,10,ge3_earliest,touch3,60,44,0.7333,26,20,0.7692,34,24,0.7059,False
per_day_max_theme,10,ge3_earliest,open_zt3,60,36,0.6000,26,16,0.6154,34,20,0.5882,False
per_day_max_theme,10,ge3_earliest,hold_zt3,68,44,0.6471,32,22,0.6875,36,22,0.6111,False
per_day_max_theme,10,ge4_strongest,hold_close,39,28,0.7179,24,17,0.7083,15,11,0.7333,False
per_day_max_theme,10,ge4_strongest,hold_flat,39,28,0.7179,24,17,0.7083,15,11,0.7333,False
per_day_max_theme,10,ge4_strongest,hold_touch3,39,29,0.7436,24,17,0.7083,15,12,0.8000,False
per_day_max_theme,10,ge4_strongest,maxc3,39,32,0.8205,24,19,0.7917,15,13,0.8667,False
per_day_max_theme,10,ge4_strongest,open_up,33,13,0.3939,20,9,0.4500,13,4,0.3077,False
per_day_max_theme,10,ge4_strongest,open_flat,33,21,0.6364,20,13,0.6500,13,8,0.6154,False
per_day_max_theme,10,ge4_strongest,touch3,33,24,0.7273,20,14,0.7000,13,10,0.7692,False
per_day_max_theme,10,ge4_strongest,open_zt3,33,22,0.6667,20,13,0.6500,13,9,0.6923,False
per_day_max_theme,10,ge4_strongest,hold_zt3,39,28,0.7179,24,17,0.7083,15,11,0.7333,False
per_day_max_theme,10,ge4_earliest,hold_close,39,27,0.6923,24,16,0.6667,15,11,0.7333,False
per_day_max_theme,10,ge4_earliest,hold_flat,39,27,0.6923,24,16,0.6667,15,11,0.7333,False
per_day_max_theme,10,ge4_earliest,hold_touch3,39,28,0.7179,24,17,0.7083,15,11,0.7333,False
per_day_max_theme,10,ge4_earliest,maxc3,39,31,0.7949,24,18,0.7500,15,13,0.8667,False
per_day_max_theme,10,ge4_earliest,open_up,33,13,0.3939,20,9,0.4500,13,4,0.3077,False
per_day_max_theme,10,ge4_earliest,open_flat,33,20,0.6061,20,12,0.6000,13,8,0.6154,False
per_day_max_theme,10,ge4_earliest,touch3,33,23,0.6970,20,14,0.7000,13,9,0.6923,False
per_day_max_theme,10,ge4_earliest,open_zt3,33,21,0.6364,20,13,0.6500,13,8,0.6154,False
per_day_max_theme,10,ge4_earliest,hold_zt3,39,27,0.6923,24,17,0.7083,15,10,0.6667,False
per_day_max_theme,10,ge4_unopened,hold_close,17,13,0.7647,10,8,0.8000,7,5,0.7143,False
per_day_max_theme,10,ge4_unopened,hold_flat,17,13,0.7647,10,8,0.8000,7,5,0.7143,False
per_day_max_theme,10,ge4_unopened,hold_touch3,17,11,0.6471,10,7,0.7000,7,4,0.5714,False
per_day_max_theme,10,ge4_unopened,maxc3,17,14,0.8235,10,9,0.9000,7,5,0.7143,False
per_day_max_theme,10,ge4_unopened,open_up,15,7,0.4667,9,5,0.5556,6,2,0.3333,False
per_day_max_theme,10,ge4_unopened,open_flat,15,11,0.7333,9,7,0.7778,6,4,0.6667,False
per_day_max_theme,10,ge4_unopened,touch3,15,9,0.6000,9,6,0.6667,6,3,0.5000,False
per_day_max_theme,10,ge4_unopened,open_zt3,15,9,0.6000,9,6,0.6667,6,3,0.5000,False
per_day_max_theme,10,ge4_unopened,hold_zt3,17,11,0.6471,10,7,0.7000,7,4,0.5714,False
per_day_max_theme,10,ge3_unopened,hold_close,35,23,0.6571,15,12,0.8000,20,11,0.5500,False
per_day_max_theme,10,ge3_unopened,hold_flat,35,23,0.6571,15,12,0.8000,20,11,0.5500,False
per_day_max_theme,10,ge3_unopened,hold_touch3,35,26,0.7429,15,11,0.7333,20,15,0.7500,False
per_day_max_theme,10,ge3_unopened,maxc3,35,29,0.8286,15,13,0.8667,20,16,0.8000,False
per_day_max_theme,10,ge3_unopened,open_up,33,11,0.3333,14,8,0.5714,19,3,0.1579,False
per_day_max_theme,10,ge3_unopened,open_flat,33,16,0.4848,14,11,0.7857,19,5,0.2632,False
per_day_max_theme,10,ge3_unopened,touch3,33,24,0.7273,14,10,0.7143,19,14,0.7368,False
per_day_max_theme,10,ge3_unopened,open_zt3,33,20,0.6061,14,9,0.6429,19,11,0.5789,False
per_day_max_theme,10,ge3_unopened,hold_zt3,35,22,0.6286,15,10,0.6667,20,12,0.6000,False
per_day_max_theme,10,suc_strongest,hold_close,129,85,0.6589,57,36,0.6316,72,49,0.6806,False
per_day_max_theme,10,suc_strongest,hold_flat,129,85,0.6589,57,36,0.6316,72,49,0.6806,False
per_day_max_theme,10,suc_strongest,hold_touch3,129,70,0.5426,57,33,0.5789,72,37,0.5139,False
per_day_max_theme,10,suc_strongest,maxc3,129,100,0.7752,57,43,0.7544,72,57,0.7917,False
per_day_max_theme,10,suc_strongest,open_up,120,55,0.4583,52,23,0.4423,68,32,0.4706,False
per_day_max_theme,10,suc_strongest,open_flat,120,65,0.5417,52,27,0.5192,68,38,0.5588,False
per_day_max_theme,10,suc_strongest,touch3,120,61,0.5083,52,28,0.5385,68,33,0.4853,False
per_day_max_theme,10,suc_strongest,open_zt3,120,47,0.3917,52,23,0.4423,68,24,0.3529,False
per_day_max_theme,10,suc_strongest,hold_zt3,129,56,0.4341,57,28,0.4912,72,28,0.3889,False
per_day_max_theme,10,early_strongest,hold_close,108,72,0.6667,53,35,0.6604,55,37,0.6727,False
per_day_max_theme,10,early_strongest,hold_flat,108,72,0.6667,53,35,0.6604,55,37,0.6727,False
per_day_max_theme,10,early_strongest,hold_touch3,108,73,0.6759,53,34,0.6415,55,39,0.7091,False
per_day_max_theme,10,early_strongest,maxc3,108,89,0.8241,53,44,0.8302,55,45,0.8182,False
per_day_max_theme,10,early_strongest,open_up,96,38,0.3958,44,20,0.4545,52,18,0.3462,False
per_day_max_theme,10,early_strongest,open_flat,96,48,0.5000,44,22,0.5000,52,26,0.5000,False
per_day_max_theme,10,early_strongest,touch3,96,62,0.6458,44,26,0.5909,52,36,0.6923,False
per_day_max_theme,10,early_strongest,open_zt3,96,49,0.5104,44,22,0.5000,52,27,0.5192,False
per_day_max_theme,10,early_strongest,hold_zt3,108,61,0.5648,53,31,0.5849,55,30,0.5455,False
per_day_max_theme,10,huanshou_strongest,hold_close,129,86,0.6667,58,40,0.6897,71,46,0.6479,False
per_day_max_theme,10,huanshou_strongest,hold_flat,129,88,0.6822,58,41,0.7069,71,47,0.6620,False
per_day_max_theme,10,huanshou_strongest,hold_touch3,129,83,0.6434,58,38,0.6552,71,45,0.6338,False
per_day_max_theme,10,huanshou_strongest,maxc3,129,103,0.7984,58,48,0.8276,71,55,0.7746,False
per_day_max_theme,10,huanshou_strongest,open_up,119,50,0.4202,51,25,0.4902,68,25,0.3676,False
per_day_max_theme,10,huanshou_strongest,open_flat,119,60,0.5042,51,28,0.5490,68,32,0.4706,False
per_day_max_theme,10,huanshou_strongest,touch3,119,73,0.6134,51,31,0.6078,68,42,0.6176,False
per_day_max_theme,10,huanshou_strongest,open_zt3,119,55,0.4622,51,23,0.4510,68,32,0.4706,False
per_day_max_theme,10,huanshou_strongest,hold_zt3,129,65,0.5039,58,30,0.5172,71,35,0.4930,False
per_day_max_theme,10,tzi_strongest,hold_close,30,22,0.7333,16,11,0.6875,14,11,0.7857,False
per_day_max_theme,10,tzi_strongest,hold_flat,30,22,0.7333,16,11,0.6875,14,11,0.7857,False
per_day_max_theme,10,tzi_strongest,hold_touch3,30,20,0.6667,16,10,0.6250,14,10,0.7143,False
per_day_max_theme,10,tzi_strongest,maxc3,30,27,0.9000,16,14,0.8750,14,13,0.9286,False
per_day_max_theme,10,tzi_strongest,open_up,25,13,0.5200,13,6,0.4615,12,7,0.5833,False
per_day_max_theme,10,tzi_strongest,open_flat,25,16,0.6400,13,7,0.5385,12,9,0.7500,False
per_day_max_theme,10,tzi_strongest,touch3,25,16,0.6400,13,8,0.6154,12,8,0.6667,False
per_day_max_theme,10,tzi_strongest,open_zt3,25,14,0.5600,13,7,0.5385,12,7,0.5833,False
per_day_max_theme,10,tzi_strongest,hold_zt3,30,19,0.6333,16,10,0.6250,14,9,0.6429,False
per_day,12,earliest_seal,hold_close,111,78,0.7027,47,31,0.6596,64,47,0.7344,False
per_day,12,earliest_seal,hold_flat,111,78,0.7027,47,31,0.6596,64,47,0.7344,False
per_day,12,earliest_seal,hold_touch3,111,74,0.6667,47,33,0.7021,64,41,0.6406,False
per_day,12,earliest_seal,maxc3,111,91,0.8198,47,38,0.8085,64,53,0.8281,False
per_day,12,earliest_seal,open_up,102,43,0.4216,42,18,0.4286,60,25,0.4167,False
per_day,12,earliest_seal,open_flat,102,55,0.5392,42,21,0.5000,60,34,0.5667,False
per_day,12,earliest_seal,touch3,102,66,0.6471,42,29,0.6905,60,37,0.6167,False
per_day,12,earliest_seal,open_zt3,102,48,0.4706,42,20,0.4762,60,28,0.4667,False
per_day,12,earliest_seal,hold_zt3,111,57,0.5135,47,25,0.5319,64,32,0.5000,False
per_day,12,latest_seal,hold_close,111,70,0.6306,47,25,0.5319,64,45,0.7031,False
per_day,12,latest_seal,hold_flat,111,71,0.6396,47,25,0.5319,64,46,0.7188,False
per_day,12,latest_seal,hold_touch3,111,57,0.5135,47,25,0.5319,64,32,0.5000,False
per_day,12,latest_seal,maxc3,111,85,0.7658,47,33,0.7021,64,52,0.8125,False
per_day,12,latest_seal,open_up,105,55,0.5238,45,21,0.4667,60,34,0.5667,False
per_day,12,latest_seal,open_flat,105,60,0.5714,45,23,0.5111,60,37,0.6167,False
per_day,12,latest_seal,touch3,105,51,0.4857,45,23,0.5111,60,28,0.4667,False
per_day,12,latest_seal,open_zt3,105,41,0.3905,45,19,0.4222,60,22,0.3667,False
per_day,12,latest_seal,hold_zt3,111,47,0.4234,47,21,0.4468,64,26,0.4062,False
per_day,12,strongest_seal,hold_close,111,84,0.7568,47,35,0.7447,64,49,0.7656,False
per_day,12,strongest_seal,hold_flat,111,84,0.7568,47,35,0.7447,64,49,0.7656,False
per_day,12,strongest_seal,hold_touch3,111,79,0.7117,47,33,0.7021,64,46,0.7188,False
per_day,12,strongest_seal,maxc3,111,94,0.8468,47,40,0.8511,64,54,0.8438,False
per_day,12,strongest_seal,open_up,96,42,0.4375,39,18,0.4615,57,24,0.4211,False
per_day,12,strongest_seal,open_flat,96,54,0.5625,39,21,0.5385,57,33,0.5789,False
per_day,12,strongest_seal,touch3,96,64,0.6667,39,25,0.6410,57,39,0.6842,False
per_day,12,strongest_seal,open_zt3,96,53,0.5521,39,22,0.5641,57,31,0.5439,False
per_day,12,strongest_seal,hold_zt3,111,68,0.6126,47,30,0.6383,64,38,0.5938,False
per_day,12,weakest_seal,hold_close,111,65,0.5856,47,26,0.5532,64,39,0.6094,False
per_day,12,weakest_seal,hold_flat,111,65,0.5856,47,26,0.5532,64,39,0.6094,False
per_day,12,weakest_seal,hold_touch3,111,51,0.4595,47,21,0.4468,64,30,0.4688,False
per_day,12,weakest_seal,maxc3,111,82,0.7387,47,32,0.6809,64,50,0.7812,False
per_day,12,weakest_seal,open_up,107,58,0.5421,45,24,0.5333,62,34,0.5484,False
per_day,12,weakest_seal,open_flat,107,64,0.5981,45,27,0.6000,62,37,0.5968,False
per_day,12,weakest_seal,touch3,107,47,0.4393,45,19,0.4222,62,28,0.4516,False
per_day,12,weakest_seal,open_zt3,107,36,0.3364,45,19,0.4222,62,17,0.2742,False
per_day,12,weakest_seal,hold_zt3,111,40,0.3604,47,21,0.4468,64,19,0.2969,False
per_day,12,fewest_opens,hold_close,111,80,0.7207,47,34,0.7234,64,46,0.7188,False
per_day,12,fewest_opens,hold_flat,111,80,0.7207,47,34,0.7234,64,46,0.7188,False
per_day,12,fewest_opens,hold_touch3,111,81,0.7297,47,32,0.6809,64,49,0.7656,False
per_day,12,fewest_opens,maxc3,111,92,0.8288,47,39,0.8298,64,53,0.8281,False
per_day,12,fewest_opens,open_up,98,40,0.4082,41,19,0.4634,57,21,0.3684,False
per_day,12,fewest_opens,open_flat,98,51,0.5204,41,22,0.5366,57,29,0.5088,False
per_day,12,fewest_opens,touch3,98,68,0.6939,41,26,0.6341,57,42,0.7368,False
per_day,12,fewest_opens,open_zt3,98,50,0.5102,41,18,0.4390,57,32,0.5614,False
per_day,12,fewest_opens,hold_zt3,111,63,0.5676,47,24,0.5106,64,39,0.6094,False
per_day,12,unopened_strongest,hold_close,77,54,0.7013,33,24,0.7273,44,30,0.6818,False
per_day,12,unopened_strongest,hold_flat,77,54,0.7013,33,24,0.7273,44,30,0.6818,False
per_day,12,unopened_strongest,hold_touch3,77,56,0.7273,33,22,0.6667,44,34,0.7727,False
per_day,12,unopened_strongest,maxc3,77,63,0.8182,33,27,0.8182,44,36,0.8182,False
per_day,12,unopened_strongest,open_up,66,23,0.3485,27,10,0.3704,39,13,0.3333,False
per_day,12,unopened_strongest,open_flat,66,30,0.4545,27,12,0.4444,39,18,0.4615,False
per_day,12,unopened_strongest,touch3,66,45,0.6818,27,16,0.5926,39,29,0.7436,False
per_day,12,unopened_strongest,open_zt3,66,32,0.4848,27,9,0.3333,39,23,0.5897,False
per_day,12,unopened_strongest,hold_zt3,77,43,0.5584,33,15,0.4545,44,28,0.6364,False
per_day,12,unopened_earliest,hold_close,77,53,0.6883,33,22,0.6667,44,31,0.7045,False
per_day,12,unopened_earliest,hold_flat,77,54,0.7013,33,23,0.6970,44,31,0.7045,False
per_day,12,unopened_earliest,hold_touch3,77,50,0.6494,33,19,0.5758,44,31,0.7045,False
per_day,12,unopened_earliest,maxc3,77,61,0.7922,33,25,0.7576,44,36,0.8182,False
per_day,12,unopened_earliest,open_up,72,28,0.3889,30,11,0.3667,42,17,0.4048,False
per_day,12,unopened_earliest,open_flat,72,37,0.5139,30,14,0.4667,42,23,0.5476,False
per_day,12,unopened_earliest,touch3,72,45,0.6250,30,16,0.5333,42,29,0.6905,False
per_day,12,unopened_earliest,open_zt3,72,30,0.4167,30,9,0.3000,42,21,0.5000,False
per_day,12,unopened_earliest,hold_zt3,77,35,0.4545,33,12,0.3636,44,23,0.5227,False
per_day,12,opened_strongest,hold_close,92,67,0.7283,42,26,0.6190,50,41,0.8200,False
per_day,12,opened_strongest,hold_flat,92,67,0.7283,42,26,0.6190,50,41,0.8200,False
per_day,12,opened_strongest,hold_touch3,92,55,0.5978,42,25,0.5952,50,30,0.6000,False
per_day,12,opened_strongest,maxc3,92,76,0.8261,42,33,0.7857,50,43,0.8600,False
per_day,12,opened_strongest,open_up,82,45,0.5488,37,18,0.4865,45,27,0.6000,False
per_day,12,opened_strongest,open_flat,82,51,0.6220,37,20,0.5405,45,31,0.6889,False
per_day,12,opened_strongest,touch3,82,46,0.5610,37,21,0.5676,45,25,0.5556,False
per_day,12,opened_strongest,open_zt3,82,42,0.5122,37,21,0.5676,45,21,0.4667,False
per_day,12,opened_strongest,hold_zt3,92,52,0.5652,42,26,0.6190,50,26,0.5200,False
per_day,12,fanbao_strongest,hold_close,25,19,0.7600,1,0,0.0000,24,19,0.7917,False
per_day,12,fanbao_strongest,hold_flat,25,19,0.7600,1,0,0.0000,24,19,0.7917,False
per_day,12,fanbao_strongest,hold_touch3,25,9,0.3600,1,0,0.0000,24,9,0.3750,False
per_day,12,fanbao_strongest,maxc3,25,19,0.7600,1,0,0.0000,24,19,0.7917,False
per_day,12,fanbao_strongest,open_up,25,12,0.4800,1,0,0.0000,24,12,0.5000,False
per_day,12,fanbao_strongest,open_flat,25,15,0.6000,1,0,0.0000,24,15,0.6250,False
per_day,12,fanbao_strongest,touch3,25,9,0.3600,1,0,0.0000,24,9,0.3750,False
per_day,12,fanbao_strongest,open_zt3,25,10,0.4000,1,0,0.0000,24,10,0.4167,False
per_day,12,fanbao_strongest,hold_zt3,25,10,0.4000,1,0,0.0000,24,10,0.4167,False
per_day,12,earliest_final,hold_close,111,79,0.7117,47,32,0.6809,64,47,0.7344,False
per_day,12,earliest_final,hold_flat,111,80,0.7207,47,33,0.7021,64,47,0.7344,False
per_day,12,earliest_final,hold_touch3,111,76,0.6847,47,31,0.6596,64,45,0.7031,False
per_day,12,earliest_final,maxc3,111,93,0.8378,47,39,0.8298,64,54,0.8438,False
per_day,12,earliest_final,open_up,103,43,0.4175,43,19,0.4419,60,24,0.4000,False
per_day,12,earliest_final,open_flat,103,58,0.5631,43,23,0.5349,60,35,0.5833,False
per_day,12,earliest_final,touch3,103,68,0.6602,43,27,0.6279,60,41,0.6833,False
per_day,12,earliest_final,open_zt3,103,50,0.4854,43,21,0.4884,60,29,0.4833,False
per_day,12,earliest_final,hold_zt3,111,58,0.5225,47,25,0.5319,64,33,0.5156,False
per_day,12,highest_board,hold_close,111,78,0.7027,47,32,0.6809,64,46,0.7188,False
per_day,12,highest_board,hold_flat,111,78,0.7027,47,32,0.6809,64,46,0.7188,False
per_day,12,highest_board,hold_touch3,111,84,0.7568,47,35,0.7447,64,49,0.7656,False
per_day,12,highest_board,maxc3,111,92,0.8288,47,37,0.7872,64,55,0.8594,False
per_day,12,highest_board,open_up,102,42,0.4118,44,20,0.4545,58,22,0.3793,False
per_day,12,highest_board,open_flat,102,55,0.5392,44,24,0.5455,58,31,0.5345,False
per_day,12,highest_board,touch3,102,75,0.7353,44,32,0.7273,58,43,0.7414,False
per_day,12,highest_board,open_zt3,102,60,0.5882,44,26,0.5909,58,34,0.5862,False
per_day,12,highest_board,hold_zt3,111,69,0.6216,47,29,0.6170,64,40,0.6250,False
per_day,12,lowest_board,hold_close,111,81,0.7297,47,34,0.7234,64,47,0.7344,False
per_day,12,lowest_board,hold_flat,111,83,0.7477,47,35,0.7447,64,48,0.7500,False
per_day,12,lowest_board,hold_touch3,111,67,0.6036,47,31,0.6596,64,36,0.5625,False
per_day,12,lowest_board,maxc3,111,92,0.8288,47,40,0.8511,64,52,0.8125,False
per_day,12,lowest_board,open_up,98,45,0.4592,40,18,0.4500,58,27,0.4655,False
per_day,12,lowest_board,open_flat,98,53,0.5408,40,20,0.5000,58,33,0.5690,False
per_day,12,lowest_board,touch3,98,54,0.5510,40,24,0.6000,58,30,0.5172,False
per_day,12,lowest_board,open_zt3,98,41,0.4184,40,18,0.4500,58,23,0.3966,False
per_day,12,lowest_board,hold_zt3,111,54,0.4865,47,25,0.5319,64,29,0.4531,False
per_day,12,board2_strongest,hold_close,96,70,0.7292,40,29,0.7250,56,41,0.7321,False
per_day,12,board2_strongest,hold_flat,96,72,0.7500,40,30,0.7500,56,42,0.7500,False
per_day,12,board2_strongest,hold_touch3,96,55,0.5729,40,24,0.6000,56,31,0.5536,False
per_day,12,board2_strongest,maxc3,96,78,0.8125,40,33,0.8250,56,45,0.8036,False
per_day,12,board2_strongest,open_up,84,41,0.4881,34,17,0.5000,50,24,0.4800,False
per_day,12,board2_strongest,open_flat,84,45,0.5357,34,17,0.5000,50,28,0.5600,False
per_day,12,board2_strongest,touch3,84,43,0.5119,34,18,0.5294,50,25,0.5000,False
per_day,12,board2_strongest,open_zt3,84,31,0.3690,34,13,0.3824,50,18,0.3600,False
per_day,12,board2_strongest,hold_zt3,96,43,0.4479,40,19,0.4750,56,24,0.4286,False
per_day,12,board3_strongest,hold_close,48,34,0.7083,20,15,0.7500,28,19,0.6786,False
per_day,12,board3_strongest,hold_flat,48,34,0.7083,20,15,0.7500,28,19,0.6786,False
per_day,12,board3_strongest,hold_touch3,48,36,0.7500,20,16,0.8000,28,20,0.7143,False
per_day,12,board3_strongest,maxc3,48,41,0.8542,20,17,0.8500,28,24,0.8571,False
per_day,12,board3_strongest,open_up,47,19,0.4043,19,8,0.4211,28,11,0.3929,False
per_day,12,board3_strongest,open_flat,47,25,0.5319,19,12,0.6316,28,13,0.4643,False
per_day,12,board3_strongest,touch3,47,35,0.7447,19,15,0.7895,28,20,0.7143,False
per_day,12,board3_strongest,open_zt3,47,28,0.5957,19,11,0.5789,28,17,0.6071,False
per_day,12,board3_strongest,hold_zt3,48,29,0.6042,20,12,0.6000,28,17,0.6071,False
per_day,12,board4_strongest,hold_close,22,16,0.7273,12,9,0.7500,10,7,0.7000,False
per_day,12,board4_strongest,hold_flat,22,16,0.7273,12,9,0.7500,10,7,0.7000,False
per_day,12,board4_strongest,hold_touch3,22,13,0.5909,12,5,0.4167,10,8,0.8000,False
per_day,12,board4_strongest,maxc3,22,18,0.8182,12,10,0.8333,10,8,0.8000,False
per_day,12,board4_strongest,open_up,19,6,0.3158,11,4,0.3636,8,2,0.2500,False
per_day,12,board4_strongest,open_flat,19,11,0.5789,11,6,0.5455,8,5,0.6250,False
per_day,12,board4_strongest,touch3,19,10,0.5263,11,4,0.3636,8,6,0.7500,False
per_day,12,board4_strongest,open_zt3,19,11,0.5789,11,6,0.5455,8,5,0.6250,False
per_day,12,board4_strongest,hold_zt3,22,14,0.6364,12,7,0.5833,10,7,0.7000,False
per_day,12,board5p_strongest,hold_close,23,16,0.6957,14,9,0.6429,9,7,0.7778,False
per_day,12,board5p_strongest,hold_flat,23,16,0.6957,14,9,0.6429,9,7,0.7778,False
per_day,12,board5p_strongest,hold_touch3,23,19,0.8261,14,12,0.8571,9,7,0.7778,False
per_day,12,board5p_strongest,maxc3,23,18,0.7826,14,9,0.6429,9,9,1.0000,False
per_day,12,board5p_strongest,open_up,21,9,0.4286,13,5,0.3846,8,4,0.5000,False
per_day,12,board5p_strongest,open_flat,21,13,0.6190,13,8,0.6154,8,5,0.6250,False
per_day,12,board5p_strongest,touch3,21,17,0.8095,13,11,0.8462,8,6,0.7500,False
per_day,12,board5p_strongest,open_zt3,21,15,0.7143,13,10,0.7692,8,5,0.6250,False
per_day,12,board5p_strongest,hold_zt3,23,17,0.7391,14,11,0.7857,9,6,0.6667,False
per_day,12,board2_earliest,hold_close,96,63,0.6562,40,27,0.6750,56,36,0.6429,False
per_day,12,board2_earliest,hold_flat,96,63,0.6562,40,27,0.6750,56,36,0.6429,False
per_day,12,board2_earliest,hold_touch3,96,49,0.5104,40,24,0.6000,56,25,0.4464,False
per_day,12,board2_earliest,maxc3,96,74,0.7708,40,32,0.8000,56,42,0.7500,False
per_day,12,board2_earliest,open_up,91,44,0.4835,37,19,0.5135,54,25,0.4630,False
per_day,12,board2_earliest,open_flat,91,47,0.5165,37,19,0.5135,54,28,0.5185,False
per_day,12,board2_earliest,touch3,91,44,0.4835,37,21,0.5676,54,23,0.4259,False
per_day,12,board2_earliest,open_zt3,91,32,0.3516,37,15,0.4054,54,17,0.3148,False
per_day,12,board2_earliest,hold_zt3,96,37,0.3854,40,18,0.4500,56,19,0.3393,False
per_day,12,board3_earliest,hold_close,48,33,0.6875,20,15,0.7500,28,18,0.6429,False
per_day,12,board3_earliest,hold_flat,48,33,0.6875,20,15,0.7500,28,18,0.6429,False
per_day,12,board3_earliest,hold_touch3,48,35,0.7292,20,16,0.8000,28,19,0.6786,False
per_day,12,board3_earliest,maxc3,48,39,0.8125,20,16,0.8000,28,23,0.8214,False
per_day,12,board3_earliest,open_up,46,18,0.3913,18,7,0.3889,28,11,0.3929,False
per_day,12,board3_earliest,open_flat,46,25,0.5435,18,12,0.6667,28,13,0.4643,False
per_day,12,board3_earliest,touch3,46,33,0.7174,18,14,0.7778,28,19,0.6786,False
per_day,12,board3_earliest,open_zt3,46,28,0.6087,18,12,0.6667,28,16,0.5714,False
per_day,12,board3_earliest,hold_zt3,48,30,0.6250,20,14,0.7000,28,16,0.5714,False
per_day,12,cihigh_strongest,hold_close,31,22,0.7097,9,6,0.6667,22,16,0.7273,False
per_day,12,cihigh_strongest,hold_flat,31,22,0.7097,9,6,0.6667,22,16,0.7273,False
per_day,12,cihigh_strongest,hold_touch3,31,20,0.6452,9,5,0.5556,22,15,0.6818,False
per_day,12,cihigh_strongest,maxc3,31,25,0.8065,9,7,0.7778,22,18,0.8182,False
per_day,12,cihigh_strongest,open_up,29,13,0.4483,9,3,0.3333,20,10,0.5000,False
per_day,12,cihigh_strongest,open_flat,29,14,0.4828,9,3,0.3333,20,11,0.5500,False
per_day,12,cihigh_strongest,touch3,29,18,0.6207,9,5,0.5556,20,13,0.6500,False
per_day,12,cihigh_strongest,open_zt3,29,12,0.4138,9,3,0.3333,20,9,0.4500,False
per_day,12,cihigh_strongest,hold_zt3,31,14,0.4516,9,3,0.3333,22,11,0.5000,False
per_day,12,mid_strongest,hold_close,108,80,0.7407,45,33,0.7333,63,47,0.7460,False
per_day,12,mid_strongest,hold_flat,108,81,0.7500,45,34,0.7556,63,47,0.7460,False
per_day,12,mid_strongest,hold_touch3,108,69,0.6389,45,29,0.6444,63,40,0.6349,False
per_day,12,mid_strongest,maxc3,108,91,0.8426,45,38,0.8444,63,53,0.8413,False
per_day,12,mid_strongest,open_up,96,45,0.4688,38,19,0.5000,58,26,0.4483,False
per_day,12,mid_strongest,open_flat,96,52,0.5417,38,20,0.5263,58,32,0.5517,False
per_day,12,mid_strongest,touch3,96,57,0.5938,38,22,0.5789,58,35,0.6034,False
per_day,12,mid_strongest,open_zt3,96,46,0.4792,38,19,0.5000,58,27,0.4655,False
per_day,12,mid_strongest,hold_zt3,108,58,0.5370,45,26,0.5778,63,32,0.5079,False
per_day,12,newh_strongest,hold_close,31,20,0.6452,8,4,0.5000,23,16,0.6957,False
per_day,12,newh_strongest,hold_flat,31,20,0.6452,8,4,0.5000,23,16,0.6957,False
per_day,12,newh_strongest,hold_touch3,31,23,0.7419,8,5,0.6250,23,18,0.7826,False
per_day,12,newh_strongest,maxc3,31,24,0.7742,8,4,0.5000,23,20,0.8696,False
per_day,12,newh_strongest,open_up,28,12,0.4286,8,4,0.5000,20,8,0.4000,False
per_day,12,newh_strongest,open_flat,28,16,0.5714,8,5,0.6250,20,11,0.5500,False
per_day,12,newh_strongest,touch3,28,20,0.7143,8,5,0.6250,20,15,0.7500,False
per_day,12,newh_strongest,open_zt3,28,18,0.6429,8,4,0.5000,20,14,0.7000,False
per_day,12,newh_strongest,hold_zt3,31,21,0.6774,8,4,0.5000,23,17,0.7391,False
per_day,12,mid_earliest,hold_close,108,78,0.7222,45,32,0.7111,63,46,0.7302,False
per_day,12,mid_earliest,hold_flat,108,78,0.7222,45,32,0.7111,63,46,0.7302,False
per_day,12,mid_earliest,hold_touch3,108,66,0.6111,45,30,0.6667,63,36,0.5714,False
per_day,12,mid_earliest,maxc3,108,89,0.8241,45,38,0.8444,63,51,0.8095,False
per_day,12,mid_earliest,open_up,102,48,0.4706,41,19,0.4634,61,29,0.4754,False
per_day,12,mid_earliest,open_flat,102,56,0.5490,41,22,0.5366,61,34,0.5574,False
per_day,12,mid_earliest,touch3,102,60,0.5882,41,26,0.6341,61,34,0.5574,False
per_day,12,mid_earliest,open_zt3,102,45,0.4412,41,19,0.4634,61,26,0.4262,False
per_day,12,mid_earliest,hold_zt3,108,51,0.4722,45,23,0.5111,63,28,0.4444,False
per_day,12,cihigh_earliest,hold_close,31,15,0.4839,9,5,0.5556,22,10,0.4545,False
per_day,12,cihigh_earliest,hold_flat,31,15,0.4839,9,5,0.5556,22,10,0.4545,False
per_day,12,cihigh_earliest,hold_touch3,31,15,0.4839,9,4,0.4444,22,11,0.5000,False
per_day,12,cihigh_earliest,maxc3,31,22,0.7097,9,6,0.6667,22,16,0.7273,False
per_day,12,cihigh_earliest,open_up,30,11,0.3667,9,3,0.3333,21,8,0.3810,False
per_day,12,cihigh_earliest,open_flat,30,12,0.4000,9,3,0.3333,21,9,0.4286,False
per_day,12,cihigh_earliest,touch3,30,14,0.4667,9,4,0.4444,21,10,0.4762,False
per_day,12,cihigh_earliest,open_zt3,30,10,0.3333,9,3,0.3333,21,7,0.3333,False
per_day,12,cihigh_earliest,hold_zt3,31,11,0.3548,9,3,0.3333,22,8,0.3636,False
per_day,12,max_amount,hold_close,111,73,0.6577,47,30,0.6383,64,43,0.6719,False
per_day,12,max_amount,hold_flat,111,73,0.6577,47,30,0.6383,64,43,0.6719,False
per_day,12,max_amount,hold_touch3,111,58,0.5225,47,27,0.5745,64,31,0.4844,False
per_day,12,max_amount,maxc3,111,92,0.8288,47,38,0.8085,64,54,0.8438,False
per_day,12,max_amount,open_up,105,53,0.5048,44,24,0.5455,61,29,0.4754,False
per_day,12,max_amount,open_flat,105,61,0.5810,44,28,0.6364,61,33,0.5410,False
per_day,12,max_amount,touch3,105,52,0.4952,44,24,0.5455,61,28,0.4590,False
per_day,12,max_amount,open_zt3,105,38,0.3619,44,20,0.4545,61,18,0.2951,False
per_day,12,max_amount,hold_zt3,111,44,0.3964,47,23,0.4894,64,21,0.3281,False
per_day,12,min_amount,hold_close,111,78,0.7027,47,31,0.6596,64,47,0.7344,False
per_day,12,min_amount,hold_flat,111,78,0.7027,47,31,0.6596,64,47,0.7344,False
per_day,12,min_amount,hold_touch3,111,67,0.6036,47,27,0.5745,64,40,0.6250,False
per_day,12,min_amount,maxc3,111,89,0.8018,47,37,0.7872,64,52,0.8125,False
per_day,12,min_amount,open_up,103,48,0.4660,44,20,0.4545,59,28,0.4746,False
per_day,12,min_amount,open_flat,103,58,0.5631,44,23,0.5227,59,35,0.5932,False
per_day,12,min_amount,touch3,103,60,0.5825,44,25,0.5682,59,35,0.5932,False
per_day,12,min_amount,open_zt3,103,53,0.5146,44,23,0.5227,59,30,0.5085,False
per_day,12,min_amount,hold_zt3,111,61,0.5495,47,26,0.5532,64,35,0.5469,False
per_day,12,max_turn,hold_close,111,60,0.5405,47,23,0.4894,64,37,0.5781,False
per_day,12,max_turn,hold_flat,111,61,0.5495,47,23,0.4894,64,38,0.5938,False
per_day,12,max_turn,hold_touch3,111,61,0.5495,47,26,0.5532,64,35,0.5469,False
per_day,12,max_turn,maxc3,111,79,0.7117,47,31,0.6596,64,48,0.7500,False
per_day,12,max_turn,open_up,105,51,0.4857,45,23,0.5111,60,28,0.4667,False
per_day,12,max_turn,open_flat,105,55,0.5238,45,24,0.5333,60,31,0.5167,False
per_day,12,max_turn,touch3,105,55,0.5238,45,24,0.5333,60,31,0.5167,False
per_day,12,max_turn,open_zt3,105,41,0.3905,45,17,0.3778,60,24,0.4000,False
per_day,12,max_turn,hold_zt3,111,47,0.4234,47,19,0.4043,64,28,0.4375,False
per_day,12,min_turn,hold_close,111,81,0.7297,47,35,0.7447,64,46,0.7188,False
per_day,12,min_turn,hold_flat,111,84,0.7568,47,37,0.7872,64,47,0.7344,False
per_day,12,min_turn,hold_touch3,111,64,0.5766,47,31,0.6596,64,33,0.5156,False
per_day,12,min_turn,maxc3,111,93,0.8378,47,40,0.8511,64,53,0.8281,False
per_day,12,min_turn,open_up,102,46,0.4510,41,17,0.4146,61,29,0.4754,False
per_day,12,min_turn,open_flat,102,59,0.5784,41,23,0.5610,61,36,0.5902,False
per_day,12,min_turn,touch3,102,56,0.5490,41,26,0.6341,61,30,0.4918,False
per_day,12,min_turn,open_zt3,102,39,0.3824,41,18,0.4390,61,21,0.3443,False
per_day,12,min_turn,hold_zt3,111,48,0.4324,47,24,0.5106,64,24,0.3750,False
per_day,12,intact_strongest,hold_close,69,52,0.7536,33,23,0.6970,36,29,0.8056,False
per_day,12,intact_strongest,hold_flat,69,52,0.7536,33,23,0.6970,36,29,0.8056,False
per_day,12,intact_strongest,hold_touch3,69,53,0.7681,33,25,0.7576,36,28,0.7778,False
per_day,12,intact_strongest,maxc3,69,59,0.8551,33,27,0.8182,36,32,0.8889,False
per_day,12,intact_strongest,open_up,61,25,0.4098,27,10,0.3704,34,15,0.4412,False
per_day,12,intact_strongest,open_flat,61,35,0.5738,27,13,0.4815,34,22,0.6471,False
per_day,12,intact_strongest,touch3,61,45,0.7377,27,19,0.7037,34,26,0.7647,False
per_day,12,intact_strongest,open_zt3,61,34,0.5574,27,15,0.5556,34,19,0.5588,False
per_day,12,intact_strongest,hold_zt3,69,42,0.6087,33,21,0.6364,36,21,0.5833,False
per_day,12,intact_earliest,hold_close,69,52,0.7536,33,21,0.6364,36,31,0.8611,False
per_day,12,intact_earliest,hold_flat,69,52,0.7536,33,21,0.6364,36,31,0.8611,False
per_day,12,intact_earliest,hold_touch3,69,51,0.7391,33,24,0.7273,36,27,0.7500,False
per_day,12,intact_earliest,maxc3,69,58,0.8406,33,26,0.7879,36,32,0.8889,False
per_day,12,intact_earliest,open_up,63,27,0.4286,29,11,0.3793,34,16,0.4706,False
per_day,12,intact_earliest,open_flat,63,35,0.5556,29,13,0.4483,34,22,0.6471,False
per_day,12,intact_earliest,touch3,63,46,0.7302,29,21,0.7241,34,25,0.7353,False
per_day,12,intact_earliest,open_zt3,63,30,0.4762,29,13,0.4483,34,17,0.5000,False
per_day,12,intact_earliest,hold_zt3,69,36,0.5217,33,17,0.5152,36,19,0.5278,False
per_day,12,break_strongest,hold_close,35,28,0.8000,11,10,0.9091,24,18,0.7500,False
per_day,12,break_strongest,hold_flat,35,29,0.8286,11,10,0.9091,24,19,0.7917,False
per_day,12,break_strongest,hold_touch3,35,21,0.6000,11,7,0.6364,24,14,0.5833,False
per_day,12,break_strongest,maxc3,35,30,0.8571,11,10,0.9091,24,20,0.8333,False
per_day,12,break_strongest,open_up,29,15,0.5172,9,6,0.6667,20,9,0.4500,False
per_day,12,break_strongest,open_flat,29,17,0.5862,9,6,0.6667,20,11,0.5500,False
per_day,12,break_strongest,touch3,29,15,0.5172,9,5,0.5556,20,10,0.5000,False
per_day,12,break_strongest,open_zt3,29,15,0.5172,9,6,0.6667,20,9,0.4500,False
per_day,12,break_strongest,hold_zt3,35,21,0.6000,11,8,0.7273,24,13,0.5417,False
per_day,12,stock_unbroken_strongest,hold_close,106,78,0.7358,44,33,0.7500,62,45,0.7258,False
per_day,12,stock_unbroken_strongest,hold_flat,106,78,0.7358,44,33,0.7500,62,45,0.7258,False
per_day,12,stock_unbroken_strongest,hold_touch3,106,68,0.6415,44,27,0.6136,62,41,0.6613,False
per_day,12,stock_unbroken_strongest,maxc3,106,90,0.8491,44,39,0.8864,62,51,0.8226,False
per_day,12,stock_unbroken_strongest,open_up,92,38,0.4130,37,16,0.4324,55,22,0.4000,False
per_day,12,stock_unbroken_strongest,open_flat,92,48,0.5217,37,19,0.5135,55,29,0.5273,False
per_day,12,stock_unbroken_strongest,touch3,92,54,0.5870,37,20,0.5405,55,34,0.6182,False
per_day,12,stock_unbroken_strongest,open_zt3,92,44,0.4783,37,19,0.5135,55,25,0.4545,False
per_day,12,stock_unbroken_strongest,hold_zt3,106,58,0.5472,44,26,0.5909,62,32,0.5161,False
per_day,12,stock_broken_strongest,hold_close,47,31,0.6596,20,12,0.6000,27,19,0.7037,False
per_day,12,stock_broken_strongest,hold_flat,47,31,0.6596,20,12,0.6000,27,19,0.7037,False
per_day,12,stock_broken_strongest,hold_touch3,47,22,0.4681,20,11,0.5500,27,11,0.4074,False
per_day,12,stock_broken_strongest,maxc3,47,33,0.7021,20,13,0.6500,27,20,0.7407,False
per_day,12,stock_broken_strongest,open_up,46,21,0.4565,19,8,0.4211,27,13,0.4815,False
per_day,12,stock_broken_strongest,open_flat,46,25,0.5435,19,9,0.4737,27,16,0.5926,False
per_day,12,stock_broken_strongest,touch3,46,21,0.4565,19,10,0.5263,27,11,0.4074,False
per_day,12,stock_broken_strongest,open_zt3,46,17,0.3696,19,7,0.3684,27,10,0.3704,False
per_day,12,stock_broken_strongest,hold_zt3,47,18,0.3830,20,8,0.4000,27,10,0.3704,False
per_day,12,stock_unbroken_earliest,hold_close,106,69,0.6509,44,28,0.6364,62,41,0.6613,False
per_day,12,stock_unbroken_earliest,hold_flat,106,69,0.6509,44,28,0.6364,62,41,0.6613,False
per_day,12,stock_unbroken_earliest,hold_touch3,106,66,0.6226,44,27,0.6136,62,39,0.6290,False
per_day,12,stock_unbroken_earliest,maxc3,106,84,0.7925,44,35,0.7955,62,49,0.7903,False
per_day,12,stock_unbroken_earliest,open_up,97,39,0.4021,40,17,0.4250,57,22,0.3860,False
per_day,12,stock_unbroken_earliest,open_flat,97,49,0.5052,40,20,0.5000,57,29,0.5088,False
per_day,12,stock_unbroken_earliest,touch3,97,58,0.5979,40,24,0.6000,57,34,0.5965,False
per_day,12,stock_unbroken_earliest,open_zt3,97,42,0.4330,40,18,0.4500,57,24,0.4211,False
per_day,12,stock_unbroken_earliest,hold_zt3,106,51,0.4811,44,22,0.5000,62,29,0.4677,False
per_day,12,H_strongest,hold_close,31,20,0.6452,8,4,0.5000,23,16,0.6957,False
per_day,12,H_strongest,hold_flat,31,20,0.6452,8,4,0.5000,23,16,0.6957,False
per_day,12,H_strongest,hold_touch3,31,23,0.7419,8,5,0.6250,23,18,0.7826,False
per_day,12,H_strongest,maxc3,31,24,0.7742,8,4,0.5000,23,20,0.8696,False
per_day,12,H_strongest,open_up,28,12,0.4286,8,4,0.5000,20,8,0.4000,False
per_day,12,H_strongest,open_flat,28,16,0.5714,8,5,0.6250,20,11,0.5500,False
per_day,12,H_strongest,touch3,28,20,0.7143,8,5,0.6250,20,15,0.7500,False
per_day,12,H_strongest,open_zt3,28,18,0.6429,8,4,0.5000,20,14,0.7000,False
per_day,12,H_strongest,hold_zt3,31,21,0.6774,8,4,0.5000,23,17,0.7391,False
per_day,12,Hm1_strongest,hold_close,31,22,0.7097,9,6,0.6667,22,16,0.7273,False
per_day,12,Hm1_strongest,hold_flat,31,22,0.7097,9,6,0.6667,22,16,0.7273,False
per_day,12,Hm1_strongest,hold_touch3,31,20,0.6452,9,5,0.5556,22,15,0.6818,False
per_day,12,Hm1_strongest,maxc3,31,25,0.8065,9,7,0.7778,22,18,0.8182,False
per_day,12,Hm1_strongest,open_up,29,13,0.4483,9,3,0.3333,20,10,0.5000,False
per_day,12,Hm1_strongest,open_flat,29,14,0.4828,9,3,0.3333,20,11,0.5500,False
per_day,12,Hm1_strongest,touch3,29,18,0.6207,9,5,0.5556,20,13,0.6500,False
per_day,12,Hm1_strongest,open_zt3,29,12,0.4138,9,3,0.3333,20,9,0.4500,False
per_day,12,Hm1_strongest,hold_zt3,31,14,0.4516,9,3,0.3333,22,11,0.5000,False
per_day,12,belowH_strongest,hold_close,110,83,0.7545,47,35,0.7447,63,48,0.7619,False
per_day,12,belowH_strongest,hold_flat,110,83,0.7545,47,35,0.7447,63,48,0.7619,False
per_day,12,belowH_strongest,hold_touch3,110,71,0.6455,47,31,0.6596,63,40,0.6349,False
per_day,12,belowH_strongest,maxc3,110,93,0.8455,47,41,0.8723,63,52,0.8254,False
per_day,12,belowH_strongest,open_up,97,44,0.4536,39,17,0.4359,58,27,0.4655,False
per_day,12,belowH_strongest,open_flat,97,53,0.5464,39,20,0.5128,58,33,0.5690,False
per_day,12,belowH_strongest,touch3,97,58,0.5979,39,23,0.5897,58,35,0.6034,False
per_day,12,belowH_strongest,open_zt3,97,46,0.4742,39,21,0.5385,58,25,0.4310,False
per_day,12,belowH_strongest,hold_zt3,110,59,0.5364,47,29,0.6170,63,30,0.4762,False
per_day,12,ge3_strongest,hold_close,68,51,0.7500,29,23,0.7931,39,28,0.7179,False
per_day,12,ge3_strongest,hold_flat,68,51,0.7500,29,23,0.7931,39,28,0.7179,False
per_day,12,ge3_strongest,hold_touch3,68,55,0.8088,29,24,0.8276,39,31,0.7949,False
per_day,12,ge3_strongest,maxc3,68,59,0.8676,29,25,0.8621,39,34,0.8718,False
per_day,12,ge3_strongest,open_up,62,26,0.4194,26,12,0.4615,36,14,0.3889,False
per_day,12,ge3_strongest,open_flat,62,37,0.5968,26,17,0.6538,36,20,0.5556,False
per_day,12,ge3_strongest,touch3,62,49,0.7903,26,21,0.8077,36,28,0.7778,False
per_day,12,ge3_strongest,open_zt3,62,42,0.6774,26,19,0.7308,36,23,0.6389,False
per_day,12,ge3_strongest,hold_zt3,68,48,0.7059,29,22,0.7586,39,26,0.6667,False
per_day,12,ge3_earliest,hold_close,68,47,0.6912,29,21,0.7241,39,26,0.6667,False
per_day,12,ge3_earliest,hold_flat,68,47,0.6912,29,21,0.7241,39,26,0.6667,False
per_day,12,ge3_earliest,hold_touch3,68,54,0.7941,29,24,0.8276,39,30,0.7692,False
per_day,12,ge3_earliest,maxc3,68,57,0.8382,29,23,0.7931,39,34,0.8718,False
per_day,12,ge3_earliest,open_up,61,22,0.3607,24,10,0.4167,37,12,0.3243,False
per_day,12,ge3_earliest,open_flat,61,33,0.5410,24,14,0.5833,37,19,0.5135,False
per_day,12,ge3_earliest,touch3,61,48,0.7869,24,20,0.8333,37,28,0.7568,False
per_day,12,ge3_earliest,open_zt3,61,40,0.6557,24,17,0.7083,37,23,0.6216,False
per_day,12,ge3_earliest,hold_zt3,68,47,0.6912,29,22,0.7586,39,25,0.6410,False
per_day,12,ge4_strongest,hold_close,38,29,0.7632,20,15,0.7500,18,14,0.7778,False
per_day,12,ge4_strongest,hold_flat,38,29,0.7632,20,15,0.7500,18,14,0.7778,False
per_day,12,ge4_strongest,hold_touch3,38,29,0.7632,20,15,0.7500,18,14,0.7778,False
per_day,12,ge4_strongest,maxc3,38,32,0.8421,20,16,0.8000,18,16,0.8889,False
per_day,12,ge4_strongest,open_up,33,13,0.3939,18,7,0.3889,15,6,0.4000,False
per_day,12,ge4_strongest,open_flat,33,22,0.6667,18,12,0.6667,15,10,0.6667,False
per_day,12,ge4_strongest,touch3,33,24,0.7273,18,13,0.7222,15,11,0.7333,False
per_day,12,ge4_strongest,open_zt3,33,22,0.6667,18,13,0.7222,15,9,0.6000,False
per_day,12,ge4_strongest,hold_zt3,38,27,0.7105,20,15,0.7500,18,12,0.6667,False
per_day,12,ge4_earliest,hold_close,38,26,0.6842,20,13,0.6500,18,13,0.7222,False
per_day,12,ge4_earliest,hold_flat,38,26,0.6842,20,13,0.6500,18,13,0.7222,False
per_day,12,ge4_earliest,hold_touch3,38,28,0.7368,20,14,0.7000,18,14,0.7778,False
per_day,12,ge4_earliest,maxc3,38,30,0.7895,20,14,0.7000,18,16,0.8889,False
per_day,12,ge4_earliest,open_up,33,12,0.3636,17,7,0.4118,16,5,0.3125,False
per_day,12,ge4_earliest,open_flat,33,20,0.6061,17,10,0.5882,16,10,0.6250,False
per_day,12,ge4_earliest,touch3,33,24,0.7273,17,12,0.7059,16,12,0.7500,False
per_day,12,ge4_earliest,open_zt3,33,22,0.6667,17,12,0.7059,16,10,0.6250,False
per_day,12,ge4_earliest,hold_zt3,38,27,0.7105,20,15,0.7500,18,12,0.6667,False
per_day,12,ge4_unopened,hold_close,19,15,0.7895,11,9,0.8182,8,6,0.7500,False
per_day,12,ge4_unopened,hold_flat,19,15,0.7895,11,9,0.8182,8,6,0.7500,False
per_day,12,ge4_unopened,hold_touch3,19,13,0.6842,11,7,0.6364,8,6,0.7500,False
per_day,12,ge4_unopened,maxc3,19,16,0.8421,11,10,0.9091,8,6,0.7500,False
per_day,12,ge4_unopened,open_up,17,6,0.3529,10,4,0.4000,7,2,0.2857,False
per_day,12,ge4_unopened,open_flat,17,12,0.7059,10,7,0.7000,7,5,0.7143,False
per_day,12,ge4_unopened,touch3,17,11,0.6471,10,6,0.6000,7,5,0.7143,False
per_day,12,ge4_unopened,open_zt3,17,11,0.6471,10,6,0.6000,7,5,0.7143,False
per_day,12,ge4_unopened,hold_zt3,19,13,0.6842,11,7,0.6364,8,6,0.7500,False
per_day,12,ge3_unopened,hold_close,38,26,0.6842,17,13,0.7647,21,13,0.6190,False
per_day,12,ge3_unopened,hold_flat,38,26,0.6842,17,13,0.7647,21,13,0.6190,False
per_day,12,ge3_unopened,hold_touch3,38,29,0.7632,17,11,0.6471,21,18,0.8571,False
per_day,12,ge3_unopened,maxc3,38,31,0.8158,17,14,0.8235,21,17,0.8095,False
per_day,12,ge3_unopened,open_up,36,11,0.3056,16,6,0.3750,20,5,0.2500,False
per_day,12,ge3_unopened,open_flat,36,18,0.5000,16,10,0.6250,20,8,0.4000,False
per_day,12,ge3_unopened,touch3,36,27,0.7500,16,10,0.6250,20,17,0.8500,False
per_day,12,ge3_unopened,open_zt3,36,23,0.6389,16,9,0.5625,20,14,0.7000,False
per_day,12,ge3_unopened,hold_zt3,38,25,0.6579,17,10,0.5882,21,15,0.7143,False
per_day,12,suc_strongest,hold_close,111,74,0.6667,47,30,0.6383,64,44,0.6875,False
per_day,12,suc_strongest,hold_flat,111,74,0.6667,47,30,0.6383,64,44,0.6875,False
per_day,12,suc_strongest,hold_touch3,111,60,0.5405,47,26,0.5532,64,34,0.5312,False
per_day,12,suc_strongest,maxc3,111,88,0.7928,47,36,0.7660,64,52,0.8125,False
per_day,12,suc_strongest,open_up,101,47,0.4653,42,19,0.4524,59,28,0.4746,False
per_day,12,suc_strongest,open_flat,101,56,0.5545,42,22,0.5238,59,34,0.5763,False
per_day,12,suc_strongest,touch3,101,50,0.4950,42,21,0.5000,59,29,0.4915,False
per_day,12,suc_strongest,open_zt3,101,39,0.3861,42,18,0.4286,59,21,0.3559,False
per_day,12,suc_strongest,hold_zt3,111,49,0.4414,47,23,0.4894,64,26,0.4062,False
per_day,12,early_strongest,hold_close,95,70,0.7368,44,31,0.7045,51,39,0.7647,False
per_day,12,early_strongest,hold_flat,95,70,0.7368,44,31,0.7045,51,39,0.7647,False
per_day,12,early_strongest,hold_touch3,95,71,0.7474,44,31,0.7045,51,40,0.7843,False
per_day,12,early_strongest,maxc3,95,81,0.8526,44,37,0.8409,51,44,0.8627,False
per_day,12,early_strongest,open_up,82,34,0.4146,37,16,0.4324,45,18,0.4000,False
per_day,12,early_strongest,open_flat,82,46,0.5610,37,19,0.5135,45,27,0.6000,False
per_day,12,early_strongest,touch3,82,58,0.7073,37,24,0.6486,45,34,0.7556,False
per_day,12,early_strongest,open_zt3,82,47,0.5732,37,21,0.5676,45,26,0.5778,False
per_day,12,early_strongest,hold_zt3,95,60,0.6316,44,28,0.6364,51,32,0.6275,False
per_day,12,huanshou_strongest,hold_close,110,80,0.7273,47,34,0.7234,63,46,0.7302,False
per_day,12,huanshou_strongest,hold_flat,110,81,0.7364,47,35,0.7447,63,46,0.7302,False
per_day,12,huanshou_strongest,hold_touch3,110,75,0.6818,47,33,0.7021,63,42,0.6667,False
per_day,12,huanshou_strongest,maxc3,110,91,0.8273,47,39,0.8298,63,52,0.8254,False
per_day,12,huanshou_strongest,open_up,99,43,0.4343,41,20,0.4878,58,23,0.3966,False
per_day,12,huanshou_strongest,open_flat,99,54,0.5455,41,23,0.5610,58,31,0.5345,False
per_day,12,huanshou_strongest,touch3,99,64,0.6465,41,27,0.6585,58,37,0.6379,False
per_day,12,huanshou_strongest,open_zt3,99,48,0.4848,41,20,0.4878,58,28,0.4828,False
per_day,12,huanshou_strongest,hold_zt3,110,59,0.5364,47,26,0.5532,63,33,0.5238,False
per_day,12,tzi_strongest,hold_close,33,25,0.7576,16,12,0.7500,17,13,0.7647,False
per_day,12,tzi_strongest,hold_flat,33,25,0.7576,16,12,0.7500,17,13,0.7647,False
per_day,12,tzi_strongest,hold_touch3,33,21,0.6364,16,10,0.6250,17,11,0.6471,False
per_day,12,tzi_strongest,maxc3,33,29,0.8788,16,14,0.8750,17,15,0.8824,False
per_day,12,tzi_strongest,open_up,29,13,0.4483,14,5,0.3571,15,8,0.5333,False
per_day,12,tzi_strongest,open_flat,29,17,0.5862,14,7,0.5000,15,10,0.6667,False
per_day,12,tzi_strongest,touch3,29,17,0.5862,14,8,0.5714,15,9,0.6000,False
per_day,12,tzi_strongest,open_zt3,29,16,0.5517,14,7,0.5000,15,9,0.6000,False
per_day,12,tzi_strongest,hold_zt3,33,20,0.6061,16,9,0.5625,17,11,0.6471,False
per_theme_day,12,earliest_seal,hold_close,149,100,0.6711,59,37,0.6271,90,63,0.7000,False
per_theme_day,12,earliest_seal,hold_flat,149,101,0.6779,59,37,0.6271,90,64,0.7111,False
per_theme_day,12,earliest_seal,hold_touch3,149,93,0.6242,59,38,0.6441,90,55,0.6111,False
per_theme_day,12,earliest_seal,maxc3,149,120,0.8054,59,45,0.7627,90,75,0.8333,False
per_theme_day,12,earliest_seal,open_up,136,53,0.3897,53,19,0.3585,83,34,0.4096,False
per_theme_day,12,earliest_seal,open_flat,136,67,0.4926,53,23,0.4340,83,44,0.5301,False
per_theme_day,12,earliest_seal,touch3,136,81,0.5956,53,33,0.6226,83,48,0.5783,False
per_theme_day,12,earliest_seal,open_zt3,136,58,0.4265,53,23,0.4340,83,35,0.4217,False
per_theme_day,12,earliest_seal,hold_zt3,149,71,0.4765,59,29,0.4915,90,42,0.4667,False
per_theme_day,12,latest_seal,hold_close,149,96,0.6443,59,29,0.4915,90,67,0.7444,False
per_theme_day,12,latest_seal,hold_flat,149,97,0.6510,59,29,0.4915,90,68,0.7556,False
per_theme_day,12,latest_seal,hold_touch3,149,77,0.5168,59,29,0.4915,90,48,0.5333,False
per_theme_day,12,latest_seal,maxc3,149,115,0.7718,59,39,0.6610,90,76,0.8444,False
per_theme_day,12,latest_seal,open_up,141,75,0.5319,56,23,0.4107,85,52,0.6118,False
per_theme_day,12,latest_seal,open_flat,141,80,0.5674,56,25,0.4464,85,55,0.6471,False
per_theme_day,12,latest_seal,touch3,141,69,0.4894,56,26,0.4643,85,43,0.5059,False
per_theme_day,12,latest_seal,open_zt3,141,52,0.3688,56,21,0.3750,85,31,0.3647,False
per_theme_day,12,latest_seal,hold_zt3,149,60,0.4027,59,24,0.4068,90,36,0.4000,False
per_theme_day,12,strongest_seal,hold_close,149,104,0.6980,59,40,0.6780,90,64,0.7111,False
per_theme_day,12,strongest_seal,hold_flat,149,106,0.7114,59,40,0.6780,90,66,0.7333,False
per_theme_day,12,strongest_seal,hold_touch3,149,97,0.6510,59,38,0.6441,90,59,0.6556,False
per_theme_day,12,strongest_seal,maxc3,149,123,0.8255,59,48,0.8136,90,75,0.8333,False
per_theme_day,12,strongest_seal,open_up,133,54,0.4060,51,19,0.3725,82,35,0.4268,False
per_theme_day,12,strongest_seal,open_flat,133,68,0.5113,51,23,0.4510,82,45,0.5488,False
per_theme_day,12,strongest_seal,touch3,133,81,0.6090,51,30,0.5882,82,51,0.6220,False
per_theme_day,12,strongest_seal,open_zt3,133,63,0.4737,51,25,0.4902,82,38,0.4634,False
per_theme_day,12,strongest_seal,hold_zt3,149,79,0.5302,59,33,0.5593,90,46,0.5111,False
per_theme_day,12,weakest_seal,hold_close,149,91,0.6107,59,32,0.5424,90,59,0.6556,False
per_theme_day,12,weakest_seal,hold_flat,149,91,0.6107,59,32,0.5424,90,59,0.6556,False
per_theme_day,12,weakest_seal,hold_touch3,149,72,0.4832,59,26,0.4407,90,46,0.5111,False
per_theme_day,12,weakest_seal,maxc3,149,113,0.7584,59,39,0.6610,90,74,0.8222,False
per_theme_day,12,weakest_seal,open_up,142,75,0.5282,57,27,0.4737,85,48,0.5647,False
per_theme_day,12,weakest_seal,open_flat,142,82,0.5775,57,31,0.5439,85,51,0.6000,False
per_theme_day,12,weakest_seal,touch3,142,65,0.4577,57,24,0.4211,85,41,0.4824,False
per_theme_day,12,weakest_seal,open_zt3,142,51,0.3592,57,23,0.4035,85,28,0.3294,False
per_theme_day,12,weakest_seal,hold_zt3,149,58,0.3893,59,25,0.4237,90,33,0.3667,False
per_theme_day,12,fewest_opens,hold_close,149,106,0.7114,59,40,0.6780,90,66,0.7333,False
per_theme_day,12,fewest_opens,hold_flat,149,108,0.7248,59,40,0.6780,90,68,0.7556,False
per_theme_day,12,fewest_opens,hold_touch3,149,97,0.6510,59,35,0.5932,90,62,0.6889,False
per_theme_day,12,fewest_opens,maxc3,149,124,0.8322,59,46,0.7797,90,78,0.8667,False
per_theme_day,12,fewest_opens,open_up,135,57,0.4222,53,21,0.3962,82,36,0.4390,False
per_theme_day,12,fewest_opens,open_flat,135,70,0.5185,53,25,0.4717,82,45,0.5488,False
per_theme_day,12,fewest_opens,touch3,135,83,0.6148,53,29,0.5472,82,54,0.6585,False
per_theme_day,12,fewest_opens,open_zt3,135,58,0.4296,53,19,0.3585,82,39,0.4756,False
per_theme_day,12,fewest_opens,hold_zt3,149,72,0.4832,59,25,0.4237,90,47,0.5222,False
per_theme_day,12,unopened_strongest,hold_close,99,72,0.7273,40,29,0.7250,59,43,0.7288,False
per_theme_day,12,unopened_strongest,hold_flat,99,73,0.7374,40,29,0.7250,59,44,0.7458,False
per_theme_day,12,unopened_strongest,hold_touch3,99,67,0.6768,40,25,0.6250,59,42,0.7119,False
per_theme_day,12,unopened_strongest,maxc3,99,83,0.8384,40,32,0.8000,59,51,0.8644,False
per_theme_day,12,unopened_strongest,open_up,88,34,0.3864,34,11,0.3235,54,23,0.4259,False
per_theme_day,12,unopened_strongest,open_flat,88,43,0.4886,34,14,0.4118,54,29,0.5370,False
per_theme_day,12,unopened_strongest,touch3,88,56,0.6364,34,19,0.5588,54,37,0.6852,False
per_theme_day,12,unopened_strongest,open_zt3,88,38,0.4318,34,10,0.2941,54,28,0.5185,False
per_theme_day,12,unopened_strongest,hold_zt3,99,49,0.4949,40,16,0.4000,59,33,0.5593,False
per_theme_day,12,unopened_earliest,hold_close,99,70,0.7071,40,28,0.7000,59,42,0.7119,False
per_theme_day,12,unopened_earliest,hold_flat,99,72,0.7273,40,29,0.7250,59,43,0.7288,False
per_theme_day,12,unopened_earliest,hold_touch3,99,64,0.6465,40,24,0.6000,59,40,0.6780,False
per_theme_day,12,unopened_earliest,maxc3,99,82,0.8283,40,31,0.7750,59,51,0.8644,False
per_theme_day,12,unopened_earliest,open_up,90,35,0.3889,36,13,0.3611,54,22,0.4074,False
per_theme_day,12,unopened_earliest,open_flat,90,45,0.5000,36,16,0.4444,54,29,0.5370,False
per_theme_day,12,unopened_earliest,touch3,90,55,0.6111,36,20,0.5556,54,35,0.6481,False
per_theme_day,12,unopened_earliest,open_zt3,90,37,0.4111,36,11,0.3056,54,26,0.4815,False
per_theme_day,12,unopened_earliest,hold_zt3,99,46,0.4646,40,15,0.3750,59,31,0.5254,False
per_theme_day,12,opened_strongest,hold_close,120,82,0.6833,52,31,0.5962,68,51,0.7500,False
per_theme_day,12,opened_strongest,hold_flat,120,83,0.6917,52,31,0.5962,68,52,0.7647,False
per_theme_day,12,opened_strongest,hold_touch3,120,69,0.5750,52,29,0.5577,68,40,0.5882,False
per_theme_day,12,opened_strongest,maxc3,120,96,0.8000,52,40,0.7692,68,56,0.8235,False
per_theme_day,12,opened_strongest,open_up,109,55,0.5046,46,20,0.4348,63,35,0.5556,False
per_theme_day,12,opened_strongest,open_flat,109,61,0.5596,46,22,0.4783,63,39,0.6190,False
per_theme_day,12,opened_strongest,touch3,109,59,0.5413,46,24,0.5217,63,35,0.5556,False
per_theme_day,12,opened_strongest,open_zt3,109,50,0.4587,46,22,0.4783,63,28,0.4444,False
per_theme_day,12,opened_strongest,hold_zt3,120,61,0.5083,52,28,0.5385,68,33,0.4853,False
per_theme_day,12,fanbao_strongest,hold_close,28,21,0.7500,1,0,0.0000,27,21,0.7778,False
per_theme_day,12,fanbao_strongest,hold_flat,28,21,0.7500,1,0,0.0000,27,21,0.7778,False
per_theme_day,12,fanbao_strongest,hold_touch3,28,9,0.3214,1,0,0.0000,27,9,0.3333,False
per_theme_day,12,fanbao_strongest,maxc3,28,21,0.7500,1,0,0.0000,27,21,0.7778,False
per_theme_day,12,fanbao_strongest,open_up,28,14,0.5000,1,0,0.0000,27,14,0.5185,False
per_theme_day,12,fanbao_strongest,open_flat,28,17,0.6071,1,0,0.0000,27,17,0.6296,False
per_theme_day,12,fanbao_strongest,touch3,28,9,0.3214,1,0,0.0000,27,9,0.3333,False
per_theme_day,12,fanbao_strongest,open_zt3,28,10,0.3571,1,0,0.0000,27,10,0.3704,False
per_theme_day,12,fanbao_strongest,hold_zt3,28,10,0.3571,1,0,0.0000,27,10,0.3704,False
per_theme_day,12,earliest_final,hold_close,149,106,0.7114,59,39,0.6610,90,67,0.7444,False
per_theme_day,12,earliest_final,hold_flat,149,107,0.7181,59,40,0.6780,90,67,0.7444,False
per_theme_day,12,earliest_final,hold_touch3,149,94,0.6309,59,37,0.6271,90,57,0.6333,False
per_theme_day,12,earliest_final,maxc3,149,125,0.8389,59,48,0.8136,90,77,0.8556,False
per_theme_day,12,earliest_final,open_up,137,59,0.4307,54,21,0.3889,83,38,0.4578,False
per_theme_day,12,earliest_final,open_flat,137,75,0.5474,54,26,0.4815,83,49,0.5904,False
per_theme_day,12,earliest_final,touch3,137,82,0.5985,54,32,0.5926,83,50,0.6024,False
per_theme_day,12,earliest_final,open_zt3,137,58,0.4234,54,23,0.4259,83,35,0.4217,False
per_theme_day,12,earliest_final,hold_zt3,149,70,0.4698,59,28,0.4746,90,42,0.4667,False
per_theme_day,12,highest_board,hold_close,149,96,0.6443,59,36,0.6102,90,60,0.6667,False
per_theme_day,12,highest_board,hold_flat,149,98,0.6577,59,36,0.6102,90,62,0.6889,False
per_theme_day,12,highest_board,hold_touch3,149,100,0.6711,59,38,0.6441,90,62,0.6889,False
per_theme_day,12,highest_board,maxc3,149,120,0.8054,59,44,0.7458,90,76,0.8444,False
per_theme_day,12,highest_board,open_up,138,54,0.3913,55,21,0.3818,83,33,0.3976,False
per_theme_day,12,highest_board,open_flat,138,68,0.4928,55,25,0.4545,83,43,0.5181,False
per_theme_day,12,highest_board,touch3,138,90,0.6522,55,35,0.6364,83,55,0.6627,False
per_theme_day,12,highest_board,open_zt3,138,67,0.4855,55,27,0.4909,83,40,0.4819,False
per_theme_day,12,highest_board,hold_zt3,149,78,0.5235,59,31,0.5254,90,47,0.5222,False
per_theme_day,12,lowest_board,hold_close,149,99,0.6644,59,37,0.6271,90,62,0.6889,False
per_theme_day,12,lowest_board,hold_flat,149,102,0.6846,59,38,0.6441,90,64,0.7111,False
per_theme_day,12,lowest_board,hold_touch3,149,85,0.5705,59,34,0.5763,90,51,0.5667,False
per_theme_day,12,lowest_board,maxc3,149,119,0.7987,59,46,0.7797,90,73,0.8111,False
per_theme_day,12,lowest_board,open_up,136,60,0.4412,52,20,0.3846,84,40,0.4762,False
per_theme_day,12,lowest_board,open_flat,136,68,0.5000,52,22,0.4231,84,46,0.5476,False
per_theme_day,12,lowest_board,touch3,136,72,0.5294,52,27,0.5192,84,45,0.5357,False
per_theme_day,12,lowest_board,open_zt3,136,50,0.3676,52,19,0.3654,84,31,0.3690,False
per_theme_day,12,lowest_board,hold_zt3,149,63,0.4228,59,26,0.4407,90,37,0.4111,False
per_theme_day,12,board2_strongest,hold_close,129,84,0.6512,51,32,0.6275,78,52,0.6667,False
per_theme_day,12,board2_strongest,hold_flat,129,87,0.6744,51,33,0.6471,78,54,0.6923,False
per_theme_day,12,board2_strongest,hold_touch3,129,70,0.5426,51,27,0.5294,78,43,0.5513,False
per_theme_day,12,board2_strongest,maxc3,129,101,0.7829,51,39,0.7647,78,62,0.7949,False
per_theme_day,12,board2_strongest,open_up,117,54,0.4615,45,19,0.4222,72,35,0.4861,False
per_theme_day,12,board2_strongest,open_flat,117,58,0.4957,45,19,0.4222,72,39,0.5417,False
per_theme_day,12,board2_strongest,touch3,117,58,0.4957,45,21,0.4667,72,37,0.5139,False
per_theme_day,12,board2_strongest,open_zt3,117,37,0.3162,45,14,0.3111,72,23,0.3194,False
per_theme_day,12,board2_strongest,hold_zt3,129,49,0.3798,51,20,0.3922,78,29,0.3718,False
per_theme_day,12,board3_strongest,hold_close,51,35,0.6863,21,15,0.7143,30,20,0.6667,False
per_theme_day,12,board3_strongest,hold_flat,51,35,0.6863,21,15,0.7143,30,20,0.6667,False
per_theme_day,12,board3_strongest,hold_touch3,51,38,0.7451,21,16,0.7619,30,22,0.7333,False
per_theme_day,12,board3_strongest,maxc3,51,43,0.8431,21,17,0.8095,30,26,0.8667,False
per_theme_day,12,board3_strongest,open_up,50,19,0.3800,20,8,0.4000,30,11,0.3667,False
per_theme_day,12,board3_strongest,open_flat,50,25,0.5000,20,12,0.6000,30,13,0.4333,False
per_theme_day,12,board3_strongest,touch3,50,37,0.7400,20,15,0.7500,30,22,0.7333,False
per_theme_day,12,board3_strongest,open_zt3,50,29,0.5800,20,11,0.5500,30,18,0.6000,False
per_theme_day,12,board3_strongest,hold_zt3,51,30,0.5882,21,12,0.5714,30,18,0.6000,False
per_theme_day,12,board4_strongest,hold_close,23,17,0.7391,12,9,0.7500,11,8,0.7273,False
per_theme_day,12,board4_strongest,hold_flat,23,17,0.7391,12,9,0.7500,11,8,0.7273,False
per_theme_day,12,board4_strongest,hold_touch3,23,14,0.6087,12,5,0.4167,11,9,0.8182,False
per_theme_day,12,board4_strongest,maxc3,23,19,0.8261,12,10,0.8333,11,9,0.8182,False
per_theme_day,12,board4_strongest,open_up,20,6,0.3000,11,4,0.3636,9,2,0.2222,False
per_theme_day,12,board4_strongest,open_flat,20,12,0.6000,11,6,0.5455,9,6,0.6667,False
per_theme_day,12,board4_strongest,touch3,20,11,0.5500,11,4,0.3636,9,7,0.7778,False
per_theme_day,12,board4_strongest,open_zt3,20,12,0.6000,11,6,0.5455,9,6,0.6667,False
per_theme_day,12,board4_strongest,hold_zt3,23,15,0.6522,12,7,0.5833,11,8,0.7273,False
per_theme_day,12,board5p_strongest,hold_close,24,16,0.6667,15,9,0.6000,9,7,0.7778,False
per_theme_day,12,board5p_strongest,hold_flat,24,16,0.6667,15,9,0.6000,9,7,0.7778,False
per_theme_day,12,board5p_strongest,hold_touch3,24,19,0.7917,15,12,0.8000,9,7,0.7778,False
per_theme_day,12,board5p_strongest,maxc3,24,18,0.7500,15,9,0.6000,9,9,1.0000,False
per_theme_day,12,board5p_strongest,open_up,21,9,0.4286,13,5,0.3846,8,4,0.5000,False
per_theme_day,12,board5p_strongest,open_flat,21,13,0.6190,13,8,0.6154,8,5,0.6250,False
per_theme_day,12,board5p_strongest,touch3,21,17,0.8095,13,11,0.8462,8,6,0.7500,False
per_theme_day,12,board5p_strongest,open_zt3,21,15,0.7143,13,10,0.7692,8,5,0.6250,False
per_theme_day,12,board5p_strongest,hold_zt3,24,18,0.7500,15,12,0.8000,9,6,0.6667,False
per_theme_day,12,board2_earliest,hold_close,129,81,0.6279,51,31,0.6078,78,50,0.6410,False
per_theme_day,12,board2_earliest,hold_flat,129,82,0.6357,51,31,0.6078,78,51,0.6538,False
per_theme_day,12,board2_earliest,hold_touch3,129,66,0.5116,51,29,0.5686,78,37,0.4744,False
per_theme_day,12,board2_earliest,maxc3,129,99,0.7674,51,38,0.7451,78,61,0.7821,False
per_theme_day,12,board2_earliest,open_up,119,55,0.4622,46,21,0.4565,73,34,0.4658,False
per_theme_day,12,board2_earliest,open_flat,119,59,0.4958,46,21,0.4565,73,38,0.5205,False
per_theme_day,12,board2_earliest,touch3,119,56,0.4706,46,24,0.5217,73,32,0.4384,False
per_theme_day,12,board2_earliest,open_zt3,119,38,0.3193,46,16,0.3478,73,22,0.3014,False
per_theme_day,12,board2_earliest,hold_zt3,129,48,0.3721,51,21,0.4118,78,27,0.3462,False
per_theme_day,12,board3_earliest,hold_close,51,35,0.6863,21,15,0.7143,30,20,0.6667,False
per_theme_day,12,board3_earliest,hold_flat,51,35,0.6863,21,15,0.7143,30,20,0.6667,False
per_theme_day,12,board3_earliest,hold_touch3,51,36,0.7059,21,16,0.7619,30,20,0.6667,False
per_theme_day,12,board3_earliest,maxc3,51,41,0.8039,21,16,0.7619,30,25,0.8333,False
per_theme_day,12,board3_earliest,open_up,49,18,0.3673,19,7,0.3684,30,11,0.3667,False
per_theme_day,12,board3_earliest,open_flat,49,25,0.5102,19,12,0.6316,30,13,0.4333,False
per_theme_day,12,board3_earliest,touch3,49,34,0.6939,19,14,0.7368,30,20,0.6667,False
per_theme_day,12,board3_earliest,open_zt3,49,28,0.5714,19,12,0.6316,30,16,0.5333,False
per_theme_day,12,board3_earliest,hold_zt3,51,30,0.5882,21,14,0.6667,30,16,0.5333,False
per_theme_day,12,cihigh_strongest,hold_close,39,26,0.6667,11,8,0.7273,28,18,0.6429,False
per_theme_day,12,cihigh_strongest,hold_flat,39,26,0.6667,11,8,0.7273,28,18,0.6429,False
per_theme_day,12,cihigh_strongest,hold_touch3,39,23,0.5897,11,5,0.4545,28,18,0.6429,False
per_theme_day,12,cihigh_strongest,maxc3,39,32,0.8205,11,9,0.8182,28,23,0.8214,False
per_theme_day,12,cihigh_strongest,open_up,37,17,0.4595,11,4,0.3636,26,13,0.5000,False
per_theme_day,12,cihigh_strongest,open_flat,37,18,0.4865,11,4,0.3636,26,14,0.5385,False
per_theme_day,12,cihigh_strongest,touch3,37,21,0.5676,11,5,0.4545,26,16,0.6154,False
per_theme_day,12,cihigh_strongest,open_zt3,37,13,0.3514,11,3,0.2727,26,10,0.3846,False
per_theme_day,12,cihigh_strongest,hold_zt3,39,15,0.3846,11,3,0.2727,28,12,0.4286,False
per_theme_day,12,mid_strongest,hold_close,146,99,0.6781,57,37,0.6491,89,62,0.6966,False
per_theme_day,12,mid_strongest,hold_flat,146,102,0.6986,57,38,0.6667,89,64,0.7191,False
per_theme_day,12,mid_strongest,hold_touch3,146,87,0.5959,57,33,0.5789,89,54,0.6067,False
per_theme_day,12,mid_strongest,maxc3,146,119,0.8151,57,45,0.7895,89,74,0.8315,False
per_theme_day,12,mid_strongest,open_up,133,58,0.4361,50,20,0.4000,83,38,0.4578,False
per_theme_day,12,mid_strongest,open_flat,133,65,0.4887,50,21,0.4200,83,44,0.5301,False
per_theme_day,12,mid_strongest,touch3,133,74,0.5564,50,26,0.5200,83,48,0.5783,False
per_theme_day,12,mid_strongest,open_zt3,133,54,0.4060,50,20,0.4000,83,34,0.4096,False
per_theme_day,12,mid_strongest,hold_zt3,146,67,0.4589,57,27,0.4737,89,40,0.4494,False
per_theme_day,12,newh_strongest,hold_close,33,22,0.6667,8,4,0.5000,25,18,0.7200,False
per_theme_day,12,newh_strongest,hold_flat,33,22,0.6667,8,4,0.5000,25,18,0.7200,False
per_theme_day,12,newh_strongest,hold_touch3,33,25,0.7576,8,5,0.6250,25,20,0.8000,False
per_theme_day,12,newh_strongest,maxc3,33,26,0.7879,8,4,0.5000,25,22,0.8800,False
per_theme_day,12,newh_strongest,open_up,30,13,0.4333,8,4,0.5000,22,9,0.4091,False
per_theme_day,12,newh_strongest,open_flat,30,18,0.6000,8,5,0.6250,22,13,0.5909,False
per_theme_day,12,newh_strongest,touch3,30,22,0.7333,8,5,0.6250,22,17,0.7727,False
per_theme_day,12,newh_strongest,open_zt3,30,19,0.6333,8,4,0.5000,22,15,0.6818,False
per_theme_day,12,newh_strongest,hold_zt3,33,22,0.6667,8,4,0.5000,25,18,0.7200,False
per_theme_day,12,mid_earliest,hold_close,146,99,0.6781,57,37,0.6491,89,62,0.6966,False
per_theme_day,12,mid_earliest,hold_flat,146,100,0.6849,57,37,0.6491,89,63,0.7079,False
per_theme_day,12,mid_earliest,hold_touch3,146,83,0.5685,57,34,0.5965,89,49,0.5506,False
per_theme_day,12,mid_earliest,maxc3,146,117,0.8014,57,44,0.7719,89,73,0.8202,False
per_theme_day,12,mid_earliest,open_up,136,59,0.4338,52,21,0.4038,84,38,0.4524,False
per_theme_day,12,mid_earliest,open_flat,136,68,0.5000,52,24,0.4615,84,44,0.5238,False
per_theme_day,12,mid_earliest,touch3,136,73,0.5368,52,29,0.5577,84,44,0.5238,False
per_theme_day,12,mid_earliest,open_zt3,136,54,0.3971,52,22,0.4231,84,32,0.3810,False
per_theme_day,12,mid_earliest,hold_zt3,146,64,0.4384,57,27,0.4737,89,37,0.4157,False
per_theme_day,12,cihigh_earliest,hold_close,39,22,0.5641,11,7,0.6364,28,15,0.5357,False
per_theme_day,12,cihigh_earliest,hold_flat,39,22,0.5641,11,7,0.6364,28,15,0.5357,False
per_theme_day,12,cihigh_earliest,hold_touch3,39,21,0.5385,11,5,0.4545,28,16,0.5714,False
per_theme_day,12,cihigh_earliest,maxc3,39,30,0.7692,11,8,0.7273,28,22,0.7857,False
per_theme_day,12,cihigh_earliest,open_up,37,15,0.4054,11,4,0.3636,26,11,0.4231,False
per_theme_day,12,cihigh_earliest,open_flat,37,16,0.4324,11,4,0.3636,26,12,0.4615,False
per_theme_day,12,cihigh_earliest,touch3,37,19,0.5135,11,5,0.4545,26,14,0.5385,False
per_theme_day,12,cihigh_earliest,open_zt3,37,13,0.3514,11,4,0.3636,26,9,0.3462,False
per_theme_day,12,cihigh_earliest,hold_zt3,39,15,0.3846,11,4,0.3636,28,11,0.3929,False
per_theme_day,12,max_amount,hold_close,149,95,0.6376,59,35,0.5932,90,60,0.6667,False
per_theme_day,12,max_amount,hold_flat,149,95,0.6376,59,35,0.5932,90,60,0.6667,False
per_theme_day,12,max_amount,hold_touch3,149,77,0.5168,59,31,0.5254,90,46,0.5111,False
per_theme_day,12,max_amount,maxc3,149,119,0.7987,59,43,0.7288,90,76,0.8444,False
per_theme_day,12,max_amount,open_up,141,68,0.4823,56,27,0.4821,85,41,0.4824,False
per_theme_day,12,max_amount,open_flat,141,77,0.5461,56,32,0.5714,85,45,0.5294,False
per_theme_day,12,max_amount,touch3,141,69,0.4894,56,28,0.5000,85,41,0.4824,False
per_theme_day,12,max_amount,open_zt3,141,48,0.3404,56,22,0.3929,85,26,0.3059,False
per_theme_day,12,max_amount,hold_zt3,149,56,0.3758,59,25,0.4237,90,31,0.3444,False
per_theme_day,12,min_amount,hold_close,149,103,0.6913,59,37,0.6271,90,66,0.7333,False
per_theme_day,12,min_amount,hold_flat,149,105,0.7047,59,37,0.6271,90,68,0.7556,False
per_theme_day,12,min_amount,hold_touch3,149,85,0.5705,59,31,0.5254,90,54,0.6000,False
per_theme_day,12,min_amount,maxc3,149,120,0.8054,59,44,0.7458,90,76,0.8444,False
per_theme_day,12,min_amount,open_up,138,62,0.4493,55,21,0.3818,83,41,0.4940,False
per_theme_day,12,min_amount,open_flat,138,76,0.5507,55,26,0.4727,83,50,0.6024,False
per_theme_day,12,min_amount,touch3,138,75,0.5435,55,28,0.5091,83,47,0.5663,False
per_theme_day,12,min_amount,open_zt3,138,62,0.4493,55,25,0.4545,83,37,0.4458,False
per_theme_day,12,min_amount,hold_zt3,149,73,0.4899,59,29,0.4915,90,44,0.4889,False
per_theme_day,12,max_turn,hold_close,149,86,0.5772,59,28,0.4746,90,58,0.6444,False
per_theme_day,12,max_turn,hold_flat,149,87,0.5839,59,28,0.4746,90,59,0.6556,False
per_theme_day,12,max_turn,hold_touch3,149,76,0.5101,59,27,0.4576,90,49,0.5444,False
per_theme_day,12,max_turn,maxc3,149,109,0.7315,59,38,0.6441,90,71,0.7889,False
per_theme_day,12,max_turn,open_up,142,69,0.4859,57,25,0.4386,85,44,0.5176,False
per_theme_day,12,max_turn,open_flat,142,73,0.5141,57,26,0.4561,85,47,0.5529,False
per_theme_day,12,max_turn,touch3,142,69,0.4859,57,25,0.4386,85,44,0.5176,False
per_theme_day,12,max_turn,open_zt3,142,50,0.3521,57,18,0.3158,85,32,0.3765,False
per_theme_day,12,max_turn,hold_zt3,149,57,0.3826,59,20,0.3390,90,37,0.4111,False
per_theme_day,12,min_turn,hold_close,149,108,0.7248,59,42,0.7119,90,66,0.7333,False
per_theme_day,12,min_turn,hold_flat,149,111,0.7450,59,44,0.7458,90,67,0.7444,False
per_theme_day,12,min_turn,hold_touch3,149,85,0.5705,59,37,0.6271,90,48,0.5333,False
per_theme_day,12,min_turn,maxc3,149,124,0.8322,59,48,0.8136,90,76,0.8444,False
per_theme_day,12,min_turn,open_up,136,62,0.4559,52,19,0.3654,84,43,0.5119,False
per_theme_day,12,min_turn,open_flat,136,76,0.5588,52,26,0.5000,84,50,0.5952,False
per_theme_day,12,min_turn,touch3,136,73,0.5368,52,31,0.5962,84,42,0.5000,False
per_theme_day,12,min_turn,open_zt3,136,53,0.3897,52,23,0.4423,84,30,0.3571,False
per_theme_day,12,min_turn,hold_zt3,149,66,0.4430,59,30,0.5085,90,36,0.4000,False
per_theme_day,12,intact_strongest,hold_close,93,63,0.6774,42,26,0.6190,51,37,0.7255,False
per_theme_day,12,intact_strongest,hold_flat,93,65,0.6989,42,26,0.6190,51,39,0.7647,False
per_theme_day,12,intact_strongest,hold_touch3,93,64,0.6882,42,30,0.7143,51,34,0.6667,False
per_theme_day,12,intact_strongest,maxc3,93,76,0.8172,42,32,0.7619,51,44,0.8627,False
per_theme_day,12,intact_strongest,open_up,85,31,0.3647,36,10,0.2778,49,21,0.4286,False
per_theme_day,12,intact_strongest,open_flat,85,42,0.4941,36,14,0.3889,49,28,0.5714,False
per_theme_day,12,intact_strongest,touch3,85,56,0.6588,36,24,0.6667,49,32,0.6531,False
per_theme_day,12,intact_strongest,open_zt3,85,40,0.4706,36,18,0.5000,49,22,0.4490,False
per_theme_day,12,intact_strongest,hold_zt3,93,48,0.5161,42,24,0.5714,51,24,0.4706,False
per_theme_day,12,intact_earliest,hold_close,93,65,0.6989,42,25,0.5952,51,40,0.7843,False
per_theme_day,12,intact_earliest,hold_flat,93,66,0.7097,42,25,0.5952,51,41,0.8039,False
per_theme_day,12,intact_earliest,hold_touch3,93,61,0.6559,42,28,0.6667,51,33,0.6471,False
per_theme_day,12,intact_earliest,maxc3,93,74,0.7957,42,30,0.7143,51,44,0.8627,False
per_theme_day,12,intact_earliest,open_up,86,33,0.3837,37,11,0.2973,49,22,0.4490,False
per_theme_day,12,intact_earliest,open_flat,86,43,0.5000,37,14,0.3784,49,29,0.5918,False
per_theme_day,12,intact_earliest,touch3,86,55,0.6395,37,24,0.6486,49,31,0.6327,False
per_theme_day,12,intact_earliest,open_zt3,86,36,0.4186,37,15,0.4054,49,21,0.4286,False
per_theme_day,12,intact_earliest,hold_zt3,93,43,0.4624,42,20,0.4762,51,23,0.4510,False
per_theme_day,12,break_strongest,hold_close,45,35,0.7778,12,11,0.9167,33,24,0.7273,False
per_theme_day,12,break_strongest,hold_flat,45,36,0.8000,12,11,0.9167,33,25,0.7576,False
per_theme_day,12,break_strongest,hold_touch3,45,27,0.6000,12,7,0.5833,33,20,0.6061,False
per_theme_day,12,break_strongest,maxc3,45,38,0.8444,12,11,0.9167,33,27,0.8182,False
per_theme_day,12,break_strongest,open_up,38,19,0.5000,10,6,0.6000,28,13,0.4643,False
per_theme_day,12,break_strongest,open_flat,38,22,0.5789,10,6,0.6000,28,16,0.5714,False
per_theme_day,12,break_strongest,touch3,38,20,0.5263,10,5,0.5000,28,15,0.5357,False
per_theme_day,12,break_strongest,open_zt3,38,18,0.4737,10,6,0.6000,28,12,0.4286,False
per_theme_day,12,break_strongest,hold_zt3,45,25,0.5556,12,8,0.6667,33,17,0.5152,False
per_theme_day,12,stock_unbroken_strongest,hold_close,144,98,0.6806,56,38,0.6786,88,60,0.6818,False
per_theme_day,12,stock_unbroken_strongest,hold_flat,144,100,0.6944,56,38,0.6786,88,62,0.7045,False
per_theme_day,12,stock_unbroken_strongest,hold_touch3,144,86,0.5972,56,32,0.5714,88,54,0.6136,False
per_theme_day,12,stock_unbroken_strongest,maxc3,144,119,0.8264,56,47,0.8393,88,72,0.8182,False
per_theme_day,12,stock_unbroken_strongest,open_up,129,52,0.4031,49,18,0.3673,80,34,0.4250,False
per_theme_day,12,stock_unbroken_strongest,open_flat,129,63,0.4884,49,22,0.4490,80,41,0.5125,False
per_theme_day,12,stock_unbroken_strongest,touch3,129,71,0.5504,49,25,0.5102,80,46,0.5750,False
per_theme_day,12,stock_unbroken_strongest,open_zt3,129,54,0.4186,49,22,0.4490,80,32,0.4000,False
per_theme_day,12,stock_unbroken_strongest,hold_zt3,144,69,0.4792,56,29,0.5179,88,40,0.4545,False
per_theme_day,12,stock_broken_strongest,hold_close,52,35,0.6731,21,13,0.6190,31,22,0.7097,False
per_theme_day,12,stock_broken_strongest,hold_flat,52,35,0.6731,21,13,0.6190,31,22,0.7097,False
per_theme_day,12,stock_broken_strongest,hold_touch3,52,23,0.4423,21,12,0.5714,31,11,0.3548,False
per_theme_day,12,stock_broken_strongest,maxc3,52,37,0.7115,21,14,0.6667,31,23,0.7419,False
per_theme_day,12,stock_broken_strongest,open_up,51,24,0.4706,20,8,0.4000,31,16,0.5161,False
per_theme_day,12,stock_broken_strongest,open_flat,51,28,0.5490,20,9,0.4500,31,19,0.6129,False
per_theme_day,12,stock_broken_strongest,touch3,51,22,0.4314,20,11,0.5500,31,11,0.3548,False
per_theme_day,12,stock_broken_strongest,open_zt3,51,17,0.3333,20,7,0.3500,31,10,0.3226,False
per_theme_day,12,stock_broken_strongest,hold_zt3,52,18,0.3462,21,8,0.3810,31,10,0.3226,False
per_theme_day,12,stock_unbroken_earliest,hold_close,144,93,0.6458,56,35,0.6250,88,58,0.6591,False
per_theme_day,12,stock_unbroken_earliest,hold_flat,144,94,0.6528,56,35,0.6250,88,59,0.6705,False
per_theme_day,12,stock_unbroken_earliest,hold_touch3,144,84,0.5833,56,33,0.5893,88,51,0.5795,False
per_theme_day,12,stock_unbroken_earliest,maxc3,144,115,0.7986,56,43,0.7679,88,72,0.8182,False
per_theme_day,12,stock_unbroken_earliest,open_up,132,51,0.3864,51,19,0.3725,81,32,0.3951,False
per_theme_day,12,stock_unbroken_earliest,open_flat,132,63,0.4773,51,23,0.4510,81,40,0.4938,False
per_theme_day,12,stock_unbroken_earliest,touch3,132,73,0.5530,51,29,0.5686,81,44,0.5432,False
per_theme_day,12,stock_unbroken_earliest,open_zt3,132,52,0.3939,51,21,0.4118,81,31,0.3827,False
per_theme_day,12,stock_unbroken_earliest,hold_zt3,144,64,0.4444,56,26,0.4643,88,38,0.4318,False
per_theme_day,12,H_strongest,hold_close,33,22,0.6667,8,4,0.5000,25,18,0.7200,False
per_theme_day,12,H_strongest,hold_flat,33,22,0.6667,8,4,0.5000,25,18,0.7200,False
per_theme_day,12,H_strongest,hold_touch3,33,25,0.7576,8,5,0.6250,25,20,0.8000,False
per_theme_day,12,H_strongest,maxc3,33,26,0.7879,8,4,0.5000,25,22,0.8800,False
per_theme_day,12,H_strongest,open_up,30,13,0.4333,8,4,0.5000,22,9,0.4091,False
per_theme_day,12,H_strongest,open_flat,30,18,0.6000,8,5,0.6250,22,13,0.5909,False
per_theme_day,12,H_strongest,touch3,30,22,0.7333,8,5,0.6250,22,17,0.7727,False
per_theme_day,12,H_strongest,open_zt3,30,19,0.6333,8,4,0.5000,22,15,0.6818,False
per_theme_day,12,H_strongest,hold_zt3,33,22,0.6667,8,4,0.5000,25,18,0.7200,False
per_theme_day,12,Hm1_strongest,hold_close,39,26,0.6667,11,8,0.7273,28,18,0.6429,False
per_theme_day,12,Hm1_strongest,hold_flat,39,26,0.6667,11,8,0.7273,28,18,0.6429,False
per_theme_day,12,Hm1_strongest,hold_touch3,39,23,0.5897,11,5,0.4545,28,18,0.6429,False
per_theme_day,12,Hm1_strongest,maxc3,39,32,0.8205,11,9,0.8182,28,23,0.8214,False
per_theme_day,12,Hm1_strongest,open_up,37,17,0.4595,11,4,0.3636,26,13,0.5000,False
per_theme_day,12,Hm1_strongest,open_flat,37,18,0.4865,11,4,0.3636,26,14,0.5385,False
per_theme_day,12,Hm1_strongest,touch3,37,21,0.5676,11,5,0.4545,26,16,0.6154,False
per_theme_day,12,Hm1_strongest,open_zt3,37,13,0.3514,11,3,0.2727,26,10,0.3846,False
per_theme_day,12,Hm1_strongest,hold_zt3,39,15,0.3846,11,3,0.2727,28,12,0.4286,False
per_theme_day,12,belowH_strongest,hold_close,146,101,0.6918,59,40,0.6780,87,61,0.7011,False
per_theme_day,12,belowH_strongest,hold_flat,146,103,0.7055,59,40,0.6780,87,63,0.7241,False
per_theme_day,12,belowH_strongest,hold_touch3,146,87,0.5959,59,36,0.6102,87,51,0.5862,False
per_theme_day,12,belowH_strongest,maxc3,146,120,0.8219,59,49,0.8305,87,71,0.8161,False
per_theme_day,12,belowH_strongest,open_up,132,56,0.4242,51,18,0.3529,81,38,0.4691,False
per_theme_day,12,belowH_strongest,open_flat,132,66,0.5000,51,22,0.4314,81,44,0.5432,False
per_theme_day,12,belowH_strongest,touch3,132,73,0.5530,51,28,0.5490,81,45,0.5556,False
per_theme_day,12,belowH_strongest,open_zt3,132,54,0.4091,51,24,0.4706,81,30,0.3704,False
per_theme_day,12,belowH_strongest,hold_zt3,146,68,0.4658,59,32,0.5424,87,36,0.4138,False
per_theme_day,12,ge3_strongest,hold_close,77,54,0.7013,33,24,0.7273,44,30,0.6818,False
per_theme_day,12,ge3_strongest,hold_flat,77,54,0.7013,33,24,0.7273,44,30,0.6818,False
per_theme_day,12,ge3_strongest,hold_touch3,77,59,0.7662,33,25,0.7576,44,34,0.7727,False
per_theme_day,12,ge3_strongest,maxc3,77,65,0.8442,33,27,0.8182,44,38,0.8636,False
per_theme_day,12,ge3_strongest,open_up,70,27,0.3857,29,12,0.4138,41,15,0.3659,False
per_theme_day,12,ge3_strongest,open_flat,70,39,0.5571,29,17,0.5862,41,22,0.5366,False
per_theme_day,12,ge3_strongest,touch3,70,53,0.7571,29,22,0.7586,41,31,0.7561,False
per_theme_day,12,ge3_strongest,open_zt3,70,44,0.6286,29,19,0.6552,41,25,0.6098,False
per_theme_day,12,ge3_strongest,hold_zt3,77,51,0.6623,33,23,0.6970,44,28,0.6364,False
per_theme_day,12,ge3_earliest,hold_close,77,53,0.6883,33,23,0.6970,44,30,0.6818,False
per_theme_day,12,ge3_earliest,hold_flat,77,53,0.6883,33,23,0.6970,44,30,0.6818,False
per_theme_day,12,ge3_earliest,hold_touch3,77,58,0.7532,33,25,0.7576,44,33,0.7500,False
per_theme_day,12,ge3_earliest,maxc3,77,63,0.8182,33,25,0.7576,44,38,0.8636,False
per_theme_day,12,ge3_earliest,open_up,69,24,0.3478,28,10,0.3571,41,14,0.3415,False
per_theme_day,12,ge3_earliest,open_flat,69,36,0.5217,28,15,0.5357,41,21,0.5122,False
per_theme_day,12,ge3_earliest,touch3,69,51,0.7391,28,21,0.7500,41,30,0.7317,False
per_theme_day,12,ge3_earliest,open_zt3,69,42,0.6087,28,18,0.6429,41,24,0.5854,False
per_theme_day,12,ge3_earliest,hold_zt3,77,50,0.6494,33,23,0.6970,44,27,0.6136,False
per_theme_day,12,ge4_strongest,hold_close,42,31,0.7381,22,16,0.7273,20,15,0.7500,False
per_theme_day,12,ge4_strongest,hold_flat,42,31,0.7381,22,16,0.7273,20,15,0.7500,False
per_theme_day,12,ge4_strongest,hold_touch3,42,31,0.7381,22,15,0.6818,20,16,0.8000,False
per_theme_day,12,ge4_strongest,maxc3,42,35,0.8333,22,17,0.7727,20,18,0.9000,False
per_theme_day,12,ge4_strongest,open_up,36,13,0.3611,19,7,0.3684,17,6,0.3529,False
per_theme_day,12,ge4_strongest,open_flat,36,23,0.6389,19,12,0.6316,17,11,0.6471,False
per_theme_day,12,ge4_strongest,touch3,36,26,0.7222,19,13,0.6842,17,13,0.7647,False
per_theme_day,12,ge4_strongest,open_zt3,36,24,0.6667,19,13,0.6842,17,11,0.6471,False
per_theme_day,12,ge4_strongest,hold_zt3,42,30,0.7143,22,16,0.7273,20,14,0.7000,False
per_theme_day,12,ge4_earliest,hold_close,42,30,0.7143,22,15,0.6818,20,15,0.7500,False
per_theme_day,12,ge4_earliest,hold_flat,42,30,0.7143,22,15,0.6818,20,15,0.7500,False
per_theme_day,12,ge4_earliest,hold_touch3,42,31,0.7381,22,15,0.6818,20,16,0.8000,False
per_theme_day,12,ge4_earliest,maxc3,42,34,0.8095,22,16,0.7273,20,18,0.9000,False
per_theme_day,12,ge4_earliest,open_up,36,13,0.3611,19,7,0.3684,17,6,0.3529,False
per_theme_day,12,ge4_earliest,open_flat,36,22,0.6111,19,11,0.5789,17,11,0.6471,False
per_theme_day,12,ge4_earliest,touch3,36,26,0.7222,19,13,0.6842,17,13,0.7647,False
per_theme_day,12,ge4_earliest,open_zt3,36,24,0.6667,19,13,0.6842,17,11,0.6471,False
per_theme_day,12,ge4_earliest,hold_zt3,42,30,0.7143,22,16,0.7273,20,14,0.7000,False
per_theme_day,12,ge4_unopened,hold_close,20,15,0.7500,11,9,0.8182,9,6,0.6667,False
per_theme_day,12,ge4_unopened,hold_flat,20,15,0.7500,11,9,0.8182,9,6,0.6667,False
per_theme_day,12,ge4_unopened,hold_touch3,20,14,0.7000,11,7,0.6364,9,7,0.7778,False
per_theme_day,12,ge4_unopened,maxc3,20,17,0.8500,11,10,0.9091,9,7,0.7778,False
per_theme_day,12,ge4_unopened,open_up,18,6,0.3333,10,4,0.4000,8,2,0.2500,False
per_theme_day,12,ge4_unopened,open_flat,18,12,0.6667,10,7,0.7000,8,5,0.6250,False
per_theme_day,12,ge4_unopened,touch3,18,12,0.6667,10,6,0.6000,8,6,0.7500,False
per_theme_day,12,ge4_unopened,open_zt3,18,12,0.6667,10,6,0.6000,8,6,0.7500,False
per_theme_day,12,ge4_unopened,hold_zt3,20,14,0.7000,11,7,0.6364,9,7,0.7778,False
per_theme_day,12,ge3_unopened,hold_close,40,27,0.6750,17,13,0.7647,23,14,0.6087,False
per_theme_day,12,ge3_unopened,hold_flat,40,27,0.6750,17,13,0.7647,23,14,0.6087,False
per_theme_day,12,ge3_unopened,hold_touch3,40,30,0.7500,17,11,0.6471,23,19,0.8261,False
per_theme_day,12,ge3_unopened,maxc3,40,33,0.8250,17,14,0.8235,23,19,0.8261,False
per_theme_day,12,ge3_unopened,open_up,38,11,0.2895,16,6,0.3750,22,5,0.2273,False
per_theme_day,12,ge3_unopened,open_flat,38,18,0.4737,16,10,0.6250,22,8,0.3636,False
per_theme_day,12,ge3_unopened,touch3,38,28,0.7368,16,10,0.6250,22,18,0.8182,False
per_theme_day,12,ge3_unopened,open_zt3,38,24,0.6316,16,9,0.5625,22,15,0.6818,False
per_theme_day,12,ge3_unopened,hold_zt3,40,26,0.6500,17,10,0.5882,23,16,0.6957,False
per_theme_day,12,suc_strongest,hold_close,149,99,0.6644,59,35,0.5932,90,64,0.7111,False
per_theme_day,12,suc_strongest,hold_flat,149,100,0.6711,59,35,0.5932,90,65,0.7222,False
per_theme_day,12,suc_strongest,hold_touch3,149,76,0.5101,59,28,0.4746,90,48,0.5333,False
per_theme_day,12,suc_strongest,maxc3,149,118,0.7919,59,42,0.7119,90,76,0.8444,False
per_theme_day,12,suc_strongest,open_up,137,62,0.4526,54,21,0.3889,83,41,0.4940,False
per_theme_day,12,suc_strongest,open_flat,137,73,0.5328,54,25,0.4630,83,48,0.5783,False
per_theme_day,12,suc_strongest,touch3,137,64,0.4672,54,23,0.4259,83,41,0.4940,False
per_theme_day,12,suc_strongest,open_zt3,137,48,0.3504,54,20,0.3704,83,28,0.3373,False
per_theme_day,12,suc_strongest,hold_zt3,149,60,0.4027,59,25,0.4237,90,35,0.3889,False
per_theme_day,12,early_strongest,hold_close,125,86,0.6880,53,35,0.6604,72,51,0.7083,False
per_theme_day,12,early_strongest,hold_flat,125,87,0.6960,53,35,0.6604,72,52,0.7222,False
per_theme_day,12,early_strongest,hold_touch3,125,84,0.6720,53,35,0.6604,72,49,0.6806,False
per_theme_day,12,early_strongest,maxc3,125,104,0.8320,53,43,0.8113,72,61,0.8472,False
per_theme_day,12,early_strongest,open_up,111,43,0.3874,45,17,0.3778,66,26,0.3939,False
per_theme_day,12,early_strongest,open_flat,111,56,0.5045,45,20,0.4444,66,36,0.5455,False
per_theme_day,12,early_strongest,touch3,111,71,0.6396,45,28,0.6222,66,43,0.6515,False
per_theme_day,12,early_strongest,open_zt3,111,54,0.4865,45,23,0.5111,66,31,0.4697,False
per_theme_day,12,early_strongest,hold_zt3,125,68,0.5440,53,31,0.5849,72,37,0.5139,False
per_theme_day,12,huanshou_strongest,hold_close,148,100,0.6757,59,39,0.6610,89,61,0.6854,False
per_theme_day,12,huanshou_strongest,hold_flat,148,103,0.6959,59,40,0.6780,89,63,0.7079,False
per_theme_day,12,huanshou_strongest,hold_touch3,148,91,0.6149,59,36,0.6102,89,55,0.6180,False
per_theme_day,12,huanshou_strongest,maxc3,148,120,0.8108,59,47,0.7966,89,73,0.8202,False
per_theme_day,12,huanshou_strongest,open_up,136,55,0.4044,53,21,0.3962,83,34,0.4096,False
per_theme_day,12,huanshou_strongest,open_flat,136,67,0.4926,53,24,0.4528,83,43,0.5181,False
per_theme_day,12,huanshou_strongest,touch3,136,79,0.5809,53,30,0.5660,83,49,0.5904,False
per_theme_day,12,huanshou_strongest,open_zt3,136,56,0.4118,53,21,0.3962,83,35,0.4217,False
per_theme_day,12,huanshou_strongest,hold_zt3,148,68,0.4595,59,27,0.4576,89,41,0.4607,False
per_theme_day,12,tzi_strongest,hold_close,35,25,0.7143,18,12,0.6667,17,13,0.7647,False
per_theme_day,12,tzi_strongest,hold_flat,35,25,0.7143,18,12,0.6667,17,13,0.7647,False
per_theme_day,12,tzi_strongest,hold_touch3,35,22,0.6286,18,11,0.6111,17,11,0.6471,False
per_theme_day,12,tzi_strongest,maxc3,35,29,0.8286,18,14,0.7778,17,15,0.8824,False
per_theme_day,12,tzi_strongest,open_up,30,13,0.4333,15,5,0.3333,15,8,0.5333,False
per_theme_day,12,tzi_strongest,open_flat,30,17,0.5667,15,7,0.4667,15,10,0.6667,False
per_theme_day,12,tzi_strongest,touch3,30,18,0.6000,15,9,0.6000,15,9,0.6000,False
per_theme_day,12,tzi_strongest,open_zt3,30,17,0.5667,15,8,0.5333,15,9,0.6000,False
per_theme_day,12,tzi_strongest,hold_zt3,35,22,0.6286,18,11,0.6111,17,11,0.6471,False
per_day_max_theme,12,earliest_seal,hold_close,111,75,0.6757,47,31,0.6596,64,44,0.6875,False
per_day_max_theme,12,earliest_seal,hold_flat,111,75,0.6757,47,31,0.6596,64,44,0.6875,False
per_day_max_theme,12,earliest_seal,hold_touch3,111,74,0.6667,47,33,0.7021,64,41,0.6406,False
per_day_max_theme,12,earliest_seal,maxc3,111,90,0.8108,47,38,0.8085,64,52,0.8125,False
per_day_max_theme,12,earliest_seal,open_up,101,39,0.3861,42,18,0.4286,59,21,0.3559,False
per_day_max_theme,12,earliest_seal,open_flat,101,50,0.4950,42,21,0.5000,59,29,0.4915,False
per_day_max_theme,12,earliest_seal,touch3,101,65,0.6436,42,29,0.6905,59,36,0.6102,False
per_day_max_theme,12,earliest_seal,open_zt3,101,47,0.4653,42,21,0.5000,59,26,0.4407,False
per_day_max_theme,12,earliest_seal,hold_zt3,111,57,0.5135,47,26,0.5532,64,31,0.4844,False
per_day_max_theme,12,latest_seal,hold_close,111,71,0.6396,47,26,0.5532,64,45,0.7031,False
per_day_max_theme,12,latest_seal,hold_flat,111,72,0.6486,47,26,0.5532,64,46,0.7188,False
per_day_max_theme,12,latest_seal,hold_touch3,111,58,0.5225,47,27,0.5745,64,31,0.4844,False
per_day_max_theme,12,latest_seal,maxc3,111,86,0.7748,47,34,0.7234,64,52,0.8125,False
per_day_max_theme,12,latest_seal,open_up,105,56,0.5333,44,21,0.4773,61,35,0.5738,False
per_day_max_theme,12,latest_seal,open_flat,105,61,0.5810,44,23,0.5227,61,38,0.6230,False
per_day_max_theme,12,latest_seal,touch3,105,52,0.4952,44,24,0.5455,61,28,0.4590,False
per_day_max_theme,12,latest_seal,open_zt3,105,43,0.4095,44,20,0.4545,61,23,0.3770,False
per_day_max_theme,12,latest_seal,hold_zt3,111,49,0.4414,47,23,0.4894,64,26,0.4062,False
per_day_max_theme,12,strongest_seal,hold_close,111,78,0.7027,47,34,0.7234,64,44,0.6875,False
per_day_max_theme,12,strongest_seal,hold_flat,111,79,0.7117,47,34,0.7234,64,45,0.7031,False
per_day_max_theme,12,strongest_seal,hold_touch3,111,74,0.6667,47,32,0.6809,64,42,0.6562,False
per_day_max_theme,12,strongest_seal,maxc3,111,91,0.8198,47,40,0.8511,64,51,0.7969,False
per_day_max_theme,12,strongest_seal,open_up,99,39,0.3939,40,18,0.4500,59,21,0.3559,False
per_day_max_theme,12,strongest_seal,open_flat,99,50,0.5051,40,21,0.5250,59,29,0.4915,False
per_day_max_theme,12,strongest_seal,touch3,99,62,0.6263,40,25,0.6250,59,37,0.6271,False
per_day_max_theme,12,strongest_seal,open_zt3,99,51,0.5152,40,22,0.5500,59,29,0.4915,False
per_day_max_theme,12,strongest_seal,hold_zt3,111,63,0.5676,47,29,0.6170,64,34,0.5312,False
per_day_max_theme,12,weakest_seal,hold_close,111,70,0.6306,47,28,0.5957,64,42,0.6562,False
per_day_max_theme,12,weakest_seal,hold_flat,111,70,0.6306,47,28,0.5957,64,42,0.6562,False
per_day_max_theme,12,weakest_seal,hold_touch3,111,55,0.4955,47,23,0.4894,64,32,0.5000,False
per_day_max_theme,12,weakest_seal,maxc3,111,85,0.7658,47,33,0.7021,64,52,0.8125,False
per_day_max_theme,12,weakest_seal,open_up,106,59,0.5566,45,23,0.5111,61,36,0.5902,False
per_day_max_theme,12,weakest_seal,open_flat,106,66,0.6226,45,27,0.6000,61,39,0.6393,False
per_day_max_theme,12,weakest_seal,touch3,106,50,0.4717,45,21,0.4667,61,29,0.4754,False
per_day_max_theme,12,weakest_seal,open_zt3,106,41,0.3868,45,20,0.4444,61,21,0.3443,False
per_day_max_theme,12,weakest_seal,hold_zt3,111,46,0.4144,47,22,0.4681,64,24,0.3750,False
per_day_max_theme,12,fewest_opens,hold_close,111,79,0.7117,47,33,0.7021,64,46,0.7188,False
per_day_max_theme,12,fewest_opens,hold_flat,111,80,0.7207,47,33,0.7021,64,47,0.7344,False
per_day_max_theme,12,fewest_opens,hold_touch3,111,74,0.6667,47,30,0.6383,64,44,0.6875,False
per_day_max_theme,12,fewest_opens,maxc3,111,92,0.8288,47,38,0.8085,64,54,0.8438,False
per_day_max_theme,12,fewest_opens,open_up,101,41,0.4059,42,19,0.4524,59,22,0.3729,False
per_day_max_theme,12,fewest_opens,open_flat,101,51,0.5050,42,22,0.5238,59,29,0.4915,False
per_day_max_theme,12,fewest_opens,touch3,101,64,0.6337,42,25,0.5952,59,39,0.6610,False
per_day_max_theme,12,fewest_opens,open_zt3,101,46,0.4554,42,17,0.4048,59,29,0.4915,False
per_day_max_theme,12,fewest_opens,hold_zt3,111,56,0.5045,47,22,0.4681,64,34,0.5312,False
per_day_max_theme,12,unopened_strongest,hold_close,74,50,0.6757,33,23,0.6970,41,27,0.6585,False
per_day_max_theme,12,unopened_strongest,hold_flat,74,51,0.6892,33,23,0.6970,41,28,0.6829,False
per_day_max_theme,12,unopened_strongest,hold_touch3,74,48,0.6486,33,20,0.6061,41,28,0.6829,False
per_day_max_theme,12,unopened_strongest,maxc3,74,60,0.8108,33,26,0.7879,41,34,0.8293,False
per_day_max_theme,12,unopened_strongest,open_up,66,22,0.3333,28,10,0.3571,38,12,0.3158,False
per_day_max_theme,12,unopened_strongest,open_flat,66,28,0.4242,28,12,0.4286,38,16,0.4211,False
per_day_max_theme,12,unopened_strongest,touch3,66,40,0.6061,28,15,0.5357,38,25,0.6579,False
per_day_max_theme,12,unopened_strongest,open_zt3,66,28,0.4242,28,8,0.2857,38,20,0.5263,False
per_day_max_theme,12,unopened_strongest,hold_zt3,74,36,0.4865,33,13,0.3939,41,23,0.5610,False
per_day_max_theme,12,unopened_earliest,hold_close,74,48,0.6486,33,22,0.6667,41,26,0.6341,False
per_day_max_theme,12,unopened_earliest,hold_flat,74,50,0.6757,33,23,0.6970,41,27,0.6585,False
per_day_max_theme,12,unopened_earliest,hold_touch3,74,46,0.6216,33,19,0.5758,41,27,0.6585,False
per_day_max_theme,12,unopened_earliest,maxc3,74,59,0.7973,33,25,0.7576,41,34,0.8293,False
per_day_max_theme,12,unopened_earliest,open_up,68,24,0.3529,30,12,0.4000,38,12,0.3158,False
per_day_max_theme,12,unopened_earliest,open_flat,68,30,0.4412,30,14,0.4667,38,16,0.4211,False
per_day_max_theme,12,unopened_earliest,touch3,68,40,0.5882,30,16,0.5333,38,24,0.6316,False
per_day_max_theme,12,unopened_earliest,open_zt3,68,28,0.4118,30,9,0.3000,38,19,0.5000,False
per_day_max_theme,12,unopened_earliest,hold_zt3,74,34,0.4595,33,12,0.3636,41,22,0.5366,False
per_day_max_theme,12,opened_strongest,hold_close,85,62,0.7294,40,28,0.7000,45,34,0.7556,False
per_day_max_theme,12,opened_strongest,hold_flat,85,62,0.7294,40,28,0.7000,45,34,0.7556,False
per_day_max_theme,12,opened_strongest,hold_touch3,85,51,0.6000,40,25,0.6250,45,26,0.5778,False
per_day_max_theme,12,opened_strongest,maxc3,85,70,0.8235,40,34,0.8500,45,36,0.8000,False
per_day_max_theme,12,opened_strongest,open_up,77,42,0.5455,34,18,0.5294,43,24,0.5581,False
per_day_max_theme,12,opened_strongest,open_flat,77,48,0.6234,34,20,0.5882,43,28,0.6512,False
per_day_max_theme,12,opened_strongest,touch3,77,44,0.5714,34,20,0.5882,43,24,0.5581,False
per_day_max_theme,12,opened_strongest,open_zt3,77,40,0.5195,34,21,0.6176,43,19,0.4419,False
per_day_max_theme,12,opened_strongest,hold_zt3,85,48,0.5647,40,27,0.6750,45,21,0.4667,False
per_day_max_theme,12,fanbao_strongest,hold_close,20,14,0.7000,1,0,0.0000,19,14,0.7368,False
per_day_max_theme,12,fanbao_strongest,hold_flat,20,14,0.7000,1,0,0.0000,19,14,0.7368,False
per_day_max_theme,12,fanbao_strongest,hold_touch3,20,7,0.3500,1,0,0.0000,19,7,0.3684,False
per_day_max_theme,12,fanbao_strongest,maxc3,20,14,0.7000,1,0,0.0000,19,14,0.7368,False
per_day_max_theme,12,fanbao_strongest,open_up,20,9,0.4500,1,0,0.0000,19,9,0.4737,False
per_day_max_theme,12,fanbao_strongest,open_flat,20,11,0.5500,1,0,0.0000,19,11,0.5789,False
per_day_max_theme,12,fanbao_strongest,touch3,20,7,0.3500,1,0,0.0000,19,7,0.3684,False
per_day_max_theme,12,fanbao_strongest,open_zt3,20,7,0.3500,1,0,0.0000,19,7,0.3684,False
per_day_max_theme,12,fanbao_strongest,hold_zt3,20,7,0.3500,1,0,0.0000,19,7,0.3684,False
per_day_max_theme,12,earliest_final,hold_close,111,78,0.7027,47,32,0.6809,64,46,0.7188,False
per_day_max_theme,12,earliest_final,hold_flat,111,79,0.7117,47,33,0.7021,64,46,0.7188,False
per_day_max_theme,12,earliest_final,hold_touch3,111,72,0.6486,47,30,0.6383,64,42,0.6562,False
per_day_max_theme,12,earliest_final,maxc3,111,92,0.8288,47,39,0.8298,64,53,0.8281,False
per_day_max_theme,12,earliest_final,open_up,102,41,0.4020,43,19,0.4419,59,22,0.3729,False
per_day_max_theme,12,earliest_final,open_flat,102,54,0.5294,43,23,0.5349,59,31,0.5254,False
per_day_max_theme,12,earliest_final,touch3,102,63,0.6176,43,26,0.6047,59,37,0.6271,False
per_day_max_theme,12,earliest_final,open_zt3,102,45,0.4412,43,20,0.4651,59,25,0.4237,False
per_day_max_theme,12,earliest_final,hold_zt3,111,54,0.4865,47,24,0.5106,64,30,0.4688,False
per_day_max_theme,12,highest_board,hold_close,111,71,0.6396,47,30,0.6383,64,41,0.6406,False
per_day_max_theme,12,highest_board,hold_flat,111,72,0.6486,47,30,0.6383,64,42,0.6562,False
per_day_max_theme,12,highest_board,hold_touch3,111,76,0.6847,47,32,0.6809,64,44,0.6875,False
per_day_max_theme,12,highest_board,maxc3,111,87,0.7838,47,36,0.7660,64,51,0.7969,False
per_day_max_theme,12,highest_board,open_up,102,38,0.3725,43,19,0.4419,59,19,0.3220,False
per_day_max_theme,12,highest_board,open_flat,102,49,0.4804,43,22,0.5116,59,27,0.4576,False
per_day_max_theme,12,highest_board,touch3,102,68,0.6667,43,29,0.6744,59,39,0.6610,False
per_day_max_theme,12,highest_board,open_zt3,102,53,0.5196,43,23,0.5349,59,30,0.5085,False
per_day_max_theme,12,highest_board,hold_zt3,111,62,0.5586,47,27,0.5745,64,35,0.5469,False
per_day_max_theme,12,lowest_board,hold_close,111,75,0.6757,47,33,0.7021,64,42,0.6562,False
per_day_max_theme,12,lowest_board,hold_flat,111,77,0.6937,47,34,0.7234,64,43,0.6719,False
per_day_max_theme,12,lowest_board,hold_touch3,111,65,0.5856,47,30,0.6383,64,35,0.5469,False
per_day_max_theme,12,lowest_board,maxc3,111,89,0.8018,47,40,0.8511,64,49,0.7656,False
per_day_max_theme,12,lowest_board,open_up,102,44,0.4314,41,18,0.4390,61,26,0.4262,False
per_day_max_theme,12,lowest_board,open_flat,102,51,0.5000,41,20,0.4878,61,31,0.5082,False
per_day_max_theme,12,lowest_board,touch3,102,56,0.5490,41,24,0.5854,61,32,0.5246,False
per_day_max_theme,12,lowest_board,open_zt3,102,43,0.4216,41,19,0.4634,61,24,0.3934,False
per_day_max_theme,12,lowest_board,hold_zt3,111,52,0.4685,47,25,0.5319,64,27,0.4219,False
per_day_max_theme,12,board2_strongest,hold_close,94,62,0.6596,40,28,0.7000,54,34,0.6296,False
per_day_max_theme,12,board2_strongest,hold_flat,94,64,0.6809,40,29,0.7250,54,35,0.6481,False
per_day_max_theme,12,board2_strongest,hold_touch3,94,52,0.5532,40,23,0.5750,54,29,0.5370,False
per_day_max_theme,12,board2_strongest,maxc3,94,73,0.7766,40,33,0.8250,54,40,0.7407,False
per_day_max_theme,12,board2_strongest,open_up,86,40,0.4651,35,17,0.4857,51,23,0.4510,False
per_day_max_theme,12,board2_strongest,open_flat,86,43,0.5000,35,17,0.4857,51,26,0.5098,False
per_day_max_theme,12,board2_strongest,touch3,86,44,0.5116,35,18,0.5143,51,26,0.5098,False
per_day_max_theme,12,board2_strongest,open_zt3,86,32,0.3721,35,14,0.4000,51,18,0.3529,False
per_day_max_theme,12,board2_strongest,hold_zt3,94,40,0.4255,40,19,0.4750,54,21,0.3889,False
per_day_max_theme,12,board3_strongest,hold_close,40,28,0.7000,16,13,0.8125,24,15,0.6250,False
per_day_max_theme,12,board3_strongest,hold_flat,40,28,0.7000,16,13,0.8125,24,15,0.6250,False
per_day_max_theme,12,board3_strongest,hold_touch3,40,30,0.7500,16,13,0.8125,24,17,0.7083,False
per_day_max_theme,12,board3_strongest,maxc3,40,34,0.8500,16,14,0.8750,24,20,0.8333,False
per_day_max_theme,12,board3_strongest,open_up,39,16,0.4103,15,8,0.5333,24,8,0.3333,False
per_day_max_theme,12,board3_strongest,open_flat,39,22,0.5641,15,12,0.8000,24,10,0.4167,False
per_day_max_theme,12,board3_strongest,touch3,39,29,0.7436,15,12,0.8000,24,17,0.7083,False
per_day_max_theme,12,board3_strongest,open_zt3,39,24,0.6154,15,10,0.6667,24,14,0.5833,False
per_day_max_theme,12,board3_strongest,hold_zt3,40,25,0.6250,16,11,0.6875,24,14,0.5833,False
per_day_max_theme,12,board4_strongest,hold_close,18,12,0.6667,10,7,0.7000,8,5,0.6250,False
per_day_max_theme,12,board4_strongest,hold_flat,18,12,0.6667,10,7,0.7000,8,5,0.6250,False
per_day_max_theme,12,board4_strongest,hold_touch3,18,11,0.6111,10,5,0.5000,8,6,0.7500,False
per_day_max_theme,12,board4_strongest,maxc3,18,14,0.7778,10,8,0.8000,8,6,0.7500,False
per_day_max_theme,12,board4_strongest,open_up,16,4,0.2500,9,3,0.3333,7,1,0.1429,False
per_day_max_theme,12,board4_strongest,open_flat,16,9,0.5625,9,5,0.5556,7,4,0.5714,False
per_day_max_theme,12,board4_strongest,touch3,16,9,0.5625,9,4,0.4444,7,5,0.7143,False
per_day_max_theme,12,board4_strongest,open_zt3,16,10,0.6250,9,5,0.5556,7,5,0.7143,False
per_day_max_theme,12,board4_strongest,hold_zt3,18,12,0.6667,10,6,0.6000,8,6,0.7500,False
per_day_max_theme,12,board5p_strongest,hold_close,18,12,0.6667,12,7,0.5833,6,5,0.8333,False
per_day_max_theme,12,board5p_strongest,hold_flat,18,12,0.6667,12,7,0.5833,6,5,0.8333,False
per_day_max_theme,12,board5p_strongest,hold_touch3,18,14,0.7778,12,9,0.7500,6,5,0.8333,False
per_day_max_theme,12,board5p_strongest,maxc3,18,13,0.7222,12,7,0.5833,6,6,1.0000,False
per_day_max_theme,12,board5p_strongest,open_up,15,6,0.4000,10,4,0.4000,5,2,0.4000,False
per_day_max_theme,12,board5p_strongest,open_flat,15,9,0.6000,10,6,0.6000,5,3,0.6000,False
per_day_max_theme,12,board5p_strongest,touch3,15,12,0.8000,10,8,0.8000,5,4,0.8000,False
per_day_max_theme,12,board5p_strongest,open_zt3,15,10,0.6667,10,7,0.7000,5,3,0.6000,False
per_day_max_theme,12,board5p_strongest,hold_zt3,18,13,0.7222,12,9,0.7500,6,4,0.6667,False
per_day_max_theme,12,board2_earliest,hold_close,94,61,0.6489,40,27,0.6750,54,34,0.6296,False
per_day_max_theme,12,board2_earliest,hold_flat,94,61,0.6489,40,27,0.6750,54,34,0.6296,False
per_day_max_theme,12,board2_earliest,hold_touch3,94,51,0.5426,40,25,0.6250,54,26,0.4815,False
per_day_max_theme,12,board2_earliest,maxc3,94,73,0.7766,40,32,0.8000,54,41,0.7593,False
per_day_max_theme,12,board2_earliest,open_up,87,41,0.4713,36,18,0.5000,51,23,0.4510,False
per_day_max_theme,12,board2_earliest,open_flat,87,44,0.5057,36,18,0.5000,51,26,0.5098,False
per_day_max_theme,12,board2_earliest,touch3,87,44,0.5057,36,21,0.5833,51,23,0.4510,False
per_day_max_theme,12,board2_earliest,open_zt3,87,31,0.3563,36,15,0.4167,51,16,0.3137,False
per_day_max_theme,12,board2_earliest,hold_zt3,94,38,0.4043,40,19,0.4750,54,19,0.3519,False
per_day_max_theme,12,board3_earliest,hold_close,40,28,0.7000,16,13,0.8125,24,15,0.6250,False
per_day_max_theme,12,board3_earliest,hold_flat,40,28,0.7000,16,13,0.8125,24,15,0.6250,False
per_day_max_theme,12,board3_earliest,hold_touch3,40,30,0.7500,16,14,0.8750,24,16,0.6667,False
per_day_max_theme,12,board3_earliest,maxc3,40,33,0.8250,16,14,0.8750,24,19,0.7917,False
per_day_max_theme,12,board3_earliest,open_up,38,15,0.3947,14,7,0.5000,24,8,0.3333,False
per_day_max_theme,12,board3_earliest,open_flat,38,21,0.5526,14,11,0.7857,24,10,0.4167,False
per_day_max_theme,12,board3_earliest,touch3,38,28,0.7368,14,12,0.8571,24,16,0.6667,False
per_day_max_theme,12,board3_earliest,open_zt3,38,23,0.6053,14,10,0.7143,24,13,0.5417,False
per_day_max_theme,12,board3_earliest,hold_zt3,40,25,0.6250,16,12,0.7500,24,13,0.5417,False
per_day_max_theme,12,cihigh_strongest,hold_close,29,18,0.6207,8,5,0.6250,21,13,0.6190,False
per_day_max_theme,12,cihigh_strongest,hold_flat,29,18,0.6207,8,5,0.6250,21,13,0.6190,False
per_day_max_theme,12,cihigh_strongest,hold_touch3,29,16,0.5517,8,4,0.5000,21,12,0.5714,False
per_day_max_theme,12,cihigh_strongest,maxc3,29,22,0.7586,8,6,0.7500,21,16,0.7619,False
per_day_max_theme,12,cihigh_strongest,open_up,28,12,0.4286,8,3,0.3750,20,9,0.4500,False
per_day_max_theme,12,cihigh_strongest,open_flat,28,13,0.4643,8,3,0.3750,20,10,0.5000,False
per_day_max_theme,12,cihigh_strongest,touch3,28,15,0.5357,8,4,0.5000,20,11,0.5500,False
per_day_max_theme,12,cihigh_strongest,open_zt3,28,10,0.3571,8,3,0.3750,20,7,0.3500,False
per_day_max_theme,12,cihigh_strongest,hold_zt3,29,11,0.3793,8,3,0.3750,21,8,0.3810,False
per_day_max_theme,12,mid_strongest,hold_close,108,74,0.6852,45,32,0.7111,63,42,0.6667,False
per_day_max_theme,12,mid_strongest,hold_flat,108,76,0.7037,45,33,0.7333,63,43,0.6825,False
per_day_max_theme,12,mid_strongest,hold_touch3,108,66,0.6111,45,28,0.6222,63,38,0.6032,False
per_day_max_theme,12,mid_strongest,maxc3,108,88,0.8148,45,38,0.8444,63,50,0.7937,False
per_day_max_theme,12,mid_strongest,open_up,99,43,0.4343,39,19,0.4872,60,24,0.4000,False
per_day_max_theme,12,mid_strongest,open_flat,99,49,0.4949,39,20,0.5128,60,29,0.4833,False
per_day_max_theme,12,mid_strongest,touch3,99,57,0.5758,39,22,0.5641,60,35,0.5833,False
per_day_max_theme,12,mid_strongest,open_zt3,99,46,0.4646,39,19,0.4872,60,27,0.4500,False
per_day_max_theme,12,mid_strongest,hold_zt3,108,55,0.5093,45,25,0.5556,63,30,0.4762,False
per_day_max_theme,12,newh_strongest,hold_close,24,14,0.5833,8,4,0.5000,16,10,0.6250,False
per_day_max_theme,12,newh_strongest,hold_flat,24,14,0.5833,8,4,0.5000,16,10,0.6250,False
per_day_max_theme,12,newh_strongest,hold_touch3,24,17,0.7083,8,5,0.6250,16,12,0.7500,False
per_day_max_theme,12,newh_strongest,maxc3,24,17,0.7083,8,4,0.5000,16,13,0.8125,False
per_day_max_theme,12,newh_strongest,open_up,22,7,0.3182,8,4,0.5000,14,3,0.2143,False
per_day_max_theme,12,newh_strongest,open_flat,22,11,0.5000,8,5,0.6250,14,6,0.4286,False
per_day_max_theme,12,newh_strongest,touch3,22,15,0.6818,8,5,0.6250,14,10,0.7143,False
per_day_max_theme,12,newh_strongest,open_zt3,22,14,0.6364,8,4,0.5000,14,10,0.7143,False
per_day_max_theme,12,newh_strongest,hold_zt3,24,16,0.6667,8,4,0.5000,16,12,0.7500,False
per_day_max_theme,12,mid_earliest,hold_close,108,76,0.7037,45,32,0.7111,63,44,0.6984,False
per_day_max_theme,12,mid_earliest,hold_flat,108,76,0.7037,45,32,0.7111,63,44,0.6984,False
per_day_max_theme,12,mid_earliest,hold_touch3,108,66,0.6111,45,30,0.6667,63,36,0.5714,False
per_day_max_theme,12,mid_earliest,maxc3,108,89,0.8241,45,38,0.8444,63,51,0.8095,False
per_day_max_theme,12,mid_earliest,open_up,101,44,0.4356,41,19,0.4634,60,25,0.4167,False
per_day_max_theme,12,mid_earliest,open_flat,101,52,0.5149,41,22,0.5366,60,30,0.5000,False
per_day_max_theme,12,mid_earliest,touch3,101,59,0.5842,41,26,0.6341,60,33,0.5500,False
per_day_max_theme,12,mid_earliest,open_zt3,101,44,0.4356,41,20,0.4878,60,24,0.4000,False
per_day_max_theme,12,mid_earliest,hold_zt3,108,51,0.4722,45,24,0.5333,63,27,0.4286,False
per_day_max_theme,12,cihigh_earliest,hold_close,29,15,0.5172,8,5,0.6250,21,10,0.4762,False
per_day_max_theme,12,cihigh_earliest,hold_flat,29,15,0.5172,8,5,0.6250,21,10,0.4762,False
per_day_max_theme,12,cihigh_earliest,hold_touch3,29,15,0.5172,8,5,0.6250,21,10,0.4762,False
per_day_max_theme,12,cihigh_earliest,maxc3,29,21,0.7241,8,6,0.7500,21,15,0.7143,False
per_day_max_theme,12,cihigh_earliest,open_up,28,10,0.3571,8,3,0.3750,20,7,0.3500,False
per_day_max_theme,12,cihigh_earliest,open_flat,28,11,0.3929,8,3,0.3750,20,8,0.4000,False
per_day_max_theme,12,cihigh_earliest,touch3,28,14,0.5000,8,5,0.6250,20,9,0.4500,False
per_day_max_theme,12,cihigh_earliest,open_zt3,28,10,0.3571,8,4,0.5000,20,6,0.3000,False
per_day_max_theme,12,cihigh_earliest,hold_zt3,29,11,0.3793,8,4,0.5000,21,7,0.3333,False
per_day_max_theme,12,max_amount,hold_close,111,72,0.6486,47,30,0.6383,64,42,0.6562,False
per_day_max_theme,12,max_amount,hold_flat,111,72,0.6486,47,30,0.6383,64,42,0.6562,False
per_day_max_theme,12,max_amount,hold_touch3,111,58,0.5225,47,27,0.5745,64,31,0.4844,False
per_day_max_theme,12,max_amount,maxc3,111,88,0.7928,47,35,0.7447,64,53,0.8281,False
per_day_max_theme,12,max_amount,open_up,105,52,0.4952,44,23,0.5227,61,29,0.4754,False
per_day_max_theme,12,max_amount,open_flat,105,61,0.5810,44,28,0.6364,61,33,0.5410,False
per_day_max_theme,12,max_amount,touch3,105,52,0.4952,44,24,0.5455,61,28,0.4590,False
per_day_max_theme,12,max_amount,open_zt3,105,37,0.3524,44,19,0.4318,61,18,0.2951,False
per_day_max_theme,12,max_amount,hold_zt3,111,43,0.3874,47,22,0.4681,64,21,0.3281,False
per_day_max_theme,12,min_amount,hold_close,111,80,0.7207,47,33,0.7021,64,47,0.7344,False
per_day_max_theme,12,min_amount,hold_flat,111,81,0.7297,47,33,0.7021,64,48,0.7500,False
per_day_max_theme,12,min_amount,hold_touch3,111,66,0.5946,47,28,0.5957,64,38,0.5938,False
per_day_max_theme,12,min_amount,maxc3,111,92,0.8288,47,39,0.8298,64,53,0.8281,False
per_day_max_theme,12,min_amount,open_up,103,46,0.4466,44,20,0.4545,59,26,0.4407,False
per_day_max_theme,12,min_amount,open_flat,103,58,0.5631,44,24,0.5455,59,34,0.5763,False
per_day_max_theme,12,min_amount,touch3,103,59,0.5728,44,26,0.5909,59,33,0.5593,False
per_day_max_theme,12,min_amount,open_zt3,103,51,0.4951,44,23,0.5227,59,28,0.4746,False
per_day_max_theme,12,min_amount,hold_zt3,111,59,0.5315,47,26,0.5532,64,33,0.5156,False
per_day_max_theme,12,max_turn,hold_close,111,63,0.5676,47,25,0.5319,64,38,0.5938,False
per_day_max_theme,12,max_turn,hold_flat,111,64,0.5766,47,25,0.5319,64,39,0.6094,False
per_day_max_theme,12,max_turn,hold_touch3,111,60,0.5405,47,26,0.5532,64,34,0.5312,False
per_day_max_theme,12,max_turn,maxc3,111,81,0.7297,47,32,0.6809,64,49,0.7656,False
per_day_max_theme,12,max_turn,open_up,106,52,0.4906,45,23,0.5111,61,29,0.4754,False
per_day_max_theme,12,max_turn,open_flat,106,56,0.5283,45,24,0.5333,61,32,0.5246,False
per_day_max_theme,12,max_turn,touch3,106,55,0.5189,45,24,0.5333,61,31,0.5082,False
per_day_max_theme,12,max_turn,open_zt3,106,41,0.3868,45,18,0.4000,61,23,0.3770,False
per_day_max_theme,12,max_turn,hold_zt3,111,46,0.4144,47,20,0.4255,64,26,0.4062,False
per_day_max_theme,12,min_turn,hold_close,111,81,0.7297,47,35,0.7447,64,46,0.7188,False
per_day_max_theme,12,min_turn,hold_flat,111,84,0.7568,47,37,0.7872,64,47,0.7344,False
per_day_max_theme,12,min_turn,hold_touch3,111,64,0.5766,47,31,0.6596,64,33,0.5156,False
per_day_max_theme,12,min_turn,maxc3,111,92,0.8288,47,40,0.8511,64,52,0.8125,False
per_day_max_theme,12,min_turn,open_up,101,45,0.4455,41,17,0.4146,60,28,0.4667,False
per_day_max_theme,12,min_turn,open_flat,101,58,0.5743,41,23,0.5610,60,35,0.5833,False
per_day_max_theme,12,min_turn,touch3,101,55,0.5446,41,26,0.6341,60,29,0.4833,False
per_day_max_theme,12,min_turn,open_zt3,101,41,0.4059,41,20,0.4878,60,21,0.3500,False
per_day_max_theme,12,min_turn,hold_zt3,111,51,0.4595,47,26,0.5532,64,25,0.3906,False
per_day_max_theme,12,intact_strongest,hold_close,69,48,0.6957,33,22,0.6667,36,26,0.7222,False
per_day_max_theme,12,intact_strongest,hold_flat,69,49,0.7101,33,22,0.6667,36,27,0.7500,False
per_day_max_theme,12,intact_strongest,hold_touch3,69,50,0.7246,33,25,0.7576,36,25,0.6944,False
per_day_max_theme,12,intact_strongest,maxc3,69,57,0.8261,33,27,0.8182,36,30,0.8333,False
per_day_max_theme,12,intact_strongest,open_up,62,23,0.3710,28,10,0.3571,34,13,0.3824,False
per_day_max_theme,12,intact_strongest,open_flat,62,31,0.5000,28,13,0.4643,34,18,0.5294,False
per_day_max_theme,12,intact_strongest,touch3,62,43,0.6935,28,20,0.7143,34,23,0.6765,False
per_day_max_theme,12,intact_strongest,open_zt3,62,31,0.5000,28,15,0.5357,34,16,0.4706,False
per_day_max_theme,12,intact_strongest,hold_zt3,69,38,0.5507,33,20,0.6061,36,18,0.5000,False
per_day_max_theme,12,intact_earliest,hold_close,69,49,0.7101,33,20,0.6061,36,29,0.8056,False
per_day_max_theme,12,intact_earliest,hold_flat,69,49,0.7101,33,20,0.6061,36,29,0.8056,False
per_day_max_theme,12,intact_earliest,hold_touch3,69,47,0.6812,33,23,0.6970,36,24,0.6667,False
per_day_max_theme,12,intact_earliest,maxc3,69,55,0.7971,33,25,0.7576,36,30,0.8333,False
per_day_max_theme,12,intact_earliest,open_up,63,26,0.4127,29,11,0.3793,34,15,0.4412,False
per_day_max_theme,12,intact_earliest,open_flat,63,33,0.5238,29,13,0.4483,34,20,0.5882,False
per_day_max_theme,12,intact_earliest,touch3,63,42,0.6667,29,20,0.6897,34,22,0.6471,False
per_day_max_theme,12,intact_earliest,open_zt3,63,28,0.4444,29,13,0.4483,34,15,0.4412,False
per_day_max_theme,12,intact_earliest,hold_zt3,69,34,0.4928,33,17,0.5152,36,17,0.4722,False
per_day_max_theme,12,break_strongest,hold_close,34,25,0.7353,11,10,0.9091,23,15,0.6522,False
per_day_max_theme,12,break_strongest,hold_flat,34,26,0.7647,11,10,0.9091,23,16,0.6957,False
per_day_max_theme,12,break_strongest,hold_touch3,34,19,0.5588,11,6,0.5455,23,13,0.5652,False
per_day_max_theme,12,break_strongest,maxc3,34,28,0.8235,11,10,0.9091,23,18,0.7826,False
per_day_max_theme,12,break_strongest,open_up,30,13,0.4333,9,6,0.6667,21,7,0.3333,False
per_day_max_theme,12,break_strongest,open_flat,30,16,0.5333,9,6,0.6667,21,10,0.4762,False
per_day_max_theme,12,break_strongest,touch3,30,15,0.5000,9,4,0.4444,21,11,0.5238,False
per_day_max_theme,12,break_strongest,open_zt3,30,16,0.5333,9,6,0.6667,21,10,0.4762,False
per_day_max_theme,12,break_strongest,hold_zt3,34,20,0.5882,11,8,0.7273,23,12,0.5217,False
per_day_max_theme,12,stock_unbroken_strongest,hold_close,106,73,0.6887,44,32,0.7273,62,41,0.6613,False
per_day_max_theme,12,stock_unbroken_strongest,hold_flat,106,74,0.6981,44,32,0.7273,62,42,0.6774,False
per_day_max_theme,12,stock_unbroken_strongest,hold_touch3,106,65,0.6132,44,26,0.5909,62,39,0.6290,False
per_day_max_theme,12,stock_unbroken_strongest,maxc3,106,88,0.8302,44,39,0.8864,62,49,0.7903,False
per_day_max_theme,12,stock_unbroken_strongest,open_up,95,37,0.3895,38,17,0.4474,57,20,0.3509,False
per_day_max_theme,12,stock_unbroken_strongest,open_flat,95,46,0.4842,38,20,0.5263,57,26,0.4561,False
per_day_max_theme,12,stock_unbroken_strongest,touch3,95,54,0.5684,38,20,0.5263,57,34,0.5965,False
per_day_max_theme,12,stock_unbroken_strongest,open_zt3,95,44,0.4632,38,19,0.5000,57,25,0.4386,False
per_day_max_theme,12,stock_unbroken_strongest,hold_zt3,106,55,0.5189,44,25,0.5682,62,30,0.4839,False
per_day_max_theme,12,stock_broken_strongest,hold_close,37,24,0.6486,16,10,0.6250,21,14,0.6667,False
per_day_max_theme,12,stock_broken_strongest,hold_flat,37,24,0.6486,16,10,0.6250,21,14,0.6667,False
per_day_max_theme,12,stock_broken_strongest,hold_touch3,37,18,0.4865,16,10,0.6250,21,8,0.3810,False
per_day_max_theme,12,stock_broken_strongest,maxc3,37,25,0.6757,16,11,0.6875,21,14,0.6667,False
per_day_max_theme,12,stock_broken_strongest,open_up,36,17,0.4722,15,7,0.4667,21,10,0.4762,False
per_day_max_theme,12,stock_broken_strongest,open_flat,36,20,0.5556,15,8,0.5333,21,12,0.5714,False
per_day_max_theme,12,stock_broken_strongest,touch3,36,17,0.4722,15,9,0.6000,21,8,0.3810,False
per_day_max_theme,12,stock_broken_strongest,open_zt3,36,13,0.3611,15,6,0.4000,21,7,0.3333,False
per_day_max_theme,12,stock_broken_strongest,hold_zt3,37,14,0.3784,16,7,0.4375,21,7,0.3333,False
per_day_max_theme,12,stock_unbroken_earliest,hold_close,106,69,0.6509,44,29,0.6591,62,40,0.6452,False
per_day_max_theme,12,stock_unbroken_earliest,hold_flat,106,69,0.6509,44,29,0.6591,62,40,0.6452,False
per_day_max_theme,12,stock_unbroken_earliest,hold_touch3,106,65,0.6132,44,28,0.6364,62,37,0.5968,False
per_day_max_theme,12,stock_unbroken_earliest,maxc3,106,85,0.8019,44,36,0.8182,62,49,0.7903,False
per_day_max_theme,12,stock_unbroken_earliest,open_up,97,37,0.3814,40,17,0.4250,57,20,0.3509,False
per_day_max_theme,12,stock_unbroken_earliest,open_flat,97,46,0.4742,40,20,0.5000,57,26,0.4561,False
per_day_max_theme,12,stock_unbroken_earliest,touch3,97,57,0.5876,40,25,0.6250,57,32,0.5614,False
per_day_max_theme,12,stock_unbroken_earliest,open_zt3,97,42,0.4330,40,19,0.4750,57,23,0.4035,False
per_day_max_theme,12,stock_unbroken_earliest,hold_zt3,106,51,0.4811,44,23,0.5227,62,28,0.4516,False
per_day_max_theme,12,H_strongest,hold_close,24,14,0.5833,8,4,0.5000,16,10,0.6250,False
per_day_max_theme,12,H_strongest,hold_flat,24,14,0.5833,8,4,0.5000,16,10,0.6250,False
per_day_max_theme,12,H_strongest,hold_touch3,24,17,0.7083,8,5,0.6250,16,12,0.7500,False
per_day_max_theme,12,H_strongest,maxc3,24,17,0.7083,8,4,0.5000,16,13,0.8125,False
per_day_max_theme,12,H_strongest,open_up,22,7,0.3182,8,4,0.5000,14,3,0.2143,False
per_day_max_theme,12,H_strongest,open_flat,22,11,0.5000,8,5,0.6250,14,6,0.4286,False
per_day_max_theme,12,H_strongest,touch3,22,15,0.6818,8,5,0.6250,14,10,0.7143,False
per_day_max_theme,12,H_strongest,open_zt3,22,14,0.6364,8,4,0.5000,14,10,0.7143,False
per_day_max_theme,12,H_strongest,hold_zt3,24,16,0.6667,8,4,0.5000,16,12,0.7500,False
per_day_max_theme,12,Hm1_strongest,hold_close,29,18,0.6207,8,5,0.6250,21,13,0.6190,False
per_day_max_theme,12,Hm1_strongest,hold_flat,29,18,0.6207,8,5,0.6250,21,13,0.6190,False
per_day_max_theme,12,Hm1_strongest,hold_touch3,29,16,0.5517,8,4,0.5000,21,12,0.5714,False
per_day_max_theme,12,Hm1_strongest,maxc3,29,22,0.7586,8,6,0.7500,21,16,0.7619,False
per_day_max_theme,12,Hm1_strongest,open_up,28,12,0.4286,8,3,0.3750,20,9,0.4500,False
per_day_max_theme,12,Hm1_strongest,open_flat,28,13,0.4643,8,3,0.3750,20,10,0.5000,False
per_day_max_theme,12,Hm1_strongest,touch3,28,15,0.5357,8,4,0.5000,20,11,0.5500,False
per_day_max_theme,12,Hm1_strongest,open_zt3,28,10,0.3571,8,3,0.3750,20,7,0.3500,False
per_day_max_theme,12,Hm1_strongest,hold_zt3,29,11,0.3793,8,3,0.3750,21,8,0.3810,False
per_day_max_theme,12,belowH_strongest,hold_close,110,77,0.7000,47,34,0.7234,63,43,0.6825,False
per_day_max_theme,12,belowH_strongest,hold_flat,110,78,0.7091,47,34,0.7234,63,44,0.6984,False
per_day_max_theme,12,belowH_strongest,hold_touch3,110,67,0.6091,47,30,0.6383,63,37,0.5873,False
per_day_max_theme,12,belowH_strongest,maxc3,110,90,0.8182,47,41,0.8723,63,49,0.7778,False
per_day_max_theme,12,belowH_strongest,open_up,100,43,0.4300,40,17,0.4250,60,26,0.4333,False
per_day_max_theme,12,belowH_strongest,open_flat,100,51,0.5100,40,20,0.5000,60,31,0.5167,False
per_day_max_theme,12,belowH_strongest,touch3,100,57,0.5700,40,23,0.5750,60,34,0.5667,False
per_day_max_theme,12,belowH_strongest,open_zt3,100,45,0.4500,40,21,0.5250,60,24,0.4000,False
per_day_max_theme,12,belowH_strongest,hold_zt3,110,55,0.5000,47,28,0.5957,63,27,0.4286,False
per_day_max_theme,12,ge3_strongest,hold_close,60,42,0.7000,26,20,0.7692,34,22,0.6471,False
per_day_max_theme,12,ge3_strongest,hold_flat,60,42,0.7000,26,20,0.7692,34,22,0.6471,False
per_day_max_theme,12,ge3_strongest,hold_touch3,60,45,0.7500,26,20,0.7692,34,25,0.7353,False
per_day_max_theme,12,ge3_strongest,maxc3,60,50,0.8333,26,22,0.8462,34,28,0.8235,False
per_day_max_theme,12,ge3_strongest,open_up,54,20,0.3704,22,11,0.5000,32,9,0.2812,False
per_day_max_theme,12,ge3_strongest,open_flat,54,30,0.5556,22,15,0.6818,32,15,0.4688,False
per_day_max_theme,12,ge3_strongest,touch3,54,40,0.7407,22,17,0.7727,32,23,0.7188,False
per_day_max_theme,12,ge3_strongest,open_zt3,54,34,0.6296,22,15,0.6818,32,19,0.5938,False
per_day_max_theme,12,ge3_strongest,hold_zt3,60,40,0.6667,26,19,0.7308,34,21,0.6176,False
per_day_max_theme,12,ge3_earliest,hold_close,60,41,0.6833,26,19,0.7308,34,22,0.6471,False
per_day_max_theme,12,ge3_earliest,hold_flat,60,41,0.6833,26,19,0.7308,34,22,0.6471,False
per_day_max_theme,12,ge3_earliest,hold_touch3,60,46,0.7667,26,21,0.8077,34,25,0.7353,False
per_day_max_theme,12,ge3_earliest,maxc3,60,49,0.8167,26,21,0.8077,34,28,0.8235,False
per_day_max_theme,12,ge3_earliest,open_up,53,19,0.3585,21,10,0.4762,32,9,0.2812,False
per_day_max_theme,12,ge3_earliest,open_flat,53,28,0.5283,21,13,0.6190,32,15,0.4688,False
per_day_max_theme,12,ge3_earliest,touch3,53,40,0.7547,21,17,0.8095,32,23,0.7188,False
per_day_max_theme,12,ge3_earliest,open_zt3,53,33,0.6226,21,14,0.6667,32,19,0.5938,False
per_day_max_theme,12,ge3_earliest,hold_zt3,60,40,0.6667,26,19,0.7308,34,21,0.6176,False
per_day_max_theme,12,ge4_strongest,hold_close,32,23,0.7188,18,13,0.7222,14,10,0.7143,False
per_day_max_theme,12,ge4_strongest,hold_flat,32,23,0.7188,18,13,0.7222,14,10,0.7143,False
per_day_max_theme,12,ge4_strongest,hold_touch3,32,23,0.7188,18,12,0.6667,14,11,0.7857,False
per_day_max_theme,12,ge4_strongest,maxc3,32,26,0.8125,18,14,0.7778,14,12,0.8571,False
per_day_max_theme,12,ge4_strongest,open_up,27,9,0.3333,15,6,0.4000,12,3,0.2500,False
per_day_max_theme,12,ge4_strongest,open_flat,27,17,0.6296,15,10,0.6667,12,7,0.5833,False
per_day_max_theme,12,ge4_strongest,touch3,27,19,0.7037,15,10,0.6667,12,9,0.7500,False
per_day_max_theme,12,ge4_strongest,open_zt3,27,18,0.6667,15,10,0.6667,12,8,0.6667,False
per_day_max_theme,12,ge4_strongest,hold_zt3,32,23,0.7188,18,13,0.7222,14,10,0.7143,False
per_day_max_theme,12,ge4_earliest,hold_close,32,22,0.6875,18,12,0.6667,14,10,0.7143,False
per_day_max_theme,12,ge4_earliest,hold_flat,32,22,0.6875,18,12,0.6667,14,10,0.7143,False
per_day_max_theme,12,ge4_earliest,hold_touch3,32,23,0.7188,18,12,0.6667,14,11,0.7857,False
per_day_max_theme,12,ge4_earliest,maxc3,32,25,0.7812,18,13,0.7222,14,12,0.8571,False
per_day_max_theme,12,ge4_earliest,open_up,27,9,0.3333,15,6,0.4000,12,3,0.2500,False
per_day_max_theme,12,ge4_earliest,open_flat,27,16,0.5926,15,9,0.6000,12,7,0.5833,False
per_day_max_theme,12,ge4_earliest,touch3,27,19,0.7037,15,10,0.6667,12,9,0.7500,False
per_day_max_theme,12,ge4_earliest,open_zt3,27,18,0.6667,15,10,0.6667,12,8,0.6667,False
per_day_max_theme,12,ge4_earliest,hold_zt3,32,23,0.7188,18,13,0.7222,14,10,0.7143,False
per_day_max_theme,12,ge4_unopened,hold_close,14,10,0.7143,8,6,0.7500,6,4,0.6667,False
per_day_max_theme,12,ge4_unopened,hold_flat,14,10,0.7143,8,6,0.7500,6,4,0.6667,False
per_day_max_theme,12,ge4_unopened,hold_touch3,14,9,0.6429,8,5,0.6250,6,4,0.6667,False
per_day_max_theme,12,ge4_unopened,maxc3,14,11,0.7857,8,7,0.8750,6,4,0.6667,False
per_day_max_theme,12,ge4_unopened,open_up,12,4,0.3333,7,3,0.4286,5,1,0.2000,False
per_day_max_theme,12,ge4_unopened,open_flat,12,8,0.6667,7,5,0.7143,5,3,0.6000,False
per_day_max_theme,12,ge4_unopened,touch3,12,7,0.5833,7,4,0.5714,5,3,0.6000,False
per_day_max_theme,12,ge4_unopened,open_zt3,12,7,0.5833,7,4,0.5714,5,3,0.6000,False
per_day_max_theme,12,ge4_unopened,hold_zt3,14,9,0.6429,8,5,0.6250,6,4,0.6667,False
per_day_max_theme,12,ge3_unopened,hold_close,30,19,0.6333,12,9,0.7500,18,10,0.5556,False
per_day_max_theme,12,ge3_unopened,hold_flat,30,19,0.6333,12,9,0.7500,18,10,0.5556,False
per_day_max_theme,12,ge3_unopened,hold_touch3,30,22,0.7333,12,8,0.6667,18,14,0.7778,False
per_day_max_theme,12,ge3_unopened,maxc3,30,24,0.8000,12,10,0.8333,18,14,0.7778,False
per_day_max_theme,12,ge3_unopened,open_up,28,7,0.2500,11,5,0.4545,17,2,0.1176,False
per_day_max_theme,12,ge3_unopened,open_flat,28,12,0.4286,11,8,0.7273,17,4,0.2353,False
per_day_max_theme,12,ge3_unopened,touch3,28,20,0.7143,11,7,0.6364,17,13,0.7647,False
per_day_max_theme,12,ge3_unopened,open_zt3,28,16,0.5714,11,6,0.5455,17,10,0.5882,False
per_day_max_theme,12,ge3_unopened,hold_zt3,30,18,0.6000,12,7,0.5833,18,11,0.6111,False
per_day_max_theme,12,suc_strongest,hold_close,111,74,0.6667,47,30,0.6383,64,44,0.6875,False
per_day_max_theme,12,suc_strongest,hold_flat,111,74,0.6667,47,30,0.6383,64,44,0.6875,False
per_day_max_theme,12,suc_strongest,hold_touch3,111,60,0.5405,47,26,0.5532,64,34,0.5312,False
per_day_max_theme,12,suc_strongest,maxc3,111,88,0.7928,47,36,0.7660,64,52,0.8125,False
per_day_max_theme,12,suc_strongest,open_up,102,46,0.4510,42,18,0.4286,60,28,0.4667,False
per_day_max_theme,12,suc_strongest,open_flat,102,56,0.5490,42,22,0.5238,60,34,0.5667,False
per_day_max_theme,12,suc_strongest,touch3,102,51,0.5000,42,21,0.5000,60,30,0.5000,False
per_day_max_theme,12,suc_strongest,open_zt3,102,40,0.3922,42,18,0.4286,60,22,0.3667,False
per_day_max_theme,12,suc_strongest,hold_zt3,111,49,0.4414,47,23,0.4894,64,26,0.4062,False
per_day_max_theme,12,early_strongest,hold_close,93,62,0.6667,44,29,0.6591,49,33,0.6735,False
per_day_max_theme,12,early_strongest,hold_flat,93,62,0.6667,44,29,0.6591,49,33,0.6735,False
per_day_max_theme,12,early_strongest,hold_touch3,93,63,0.6774,44,29,0.6591,49,34,0.6939,False
per_day_max_theme,12,early_strongest,maxc3,93,76,0.8172,44,36,0.8182,49,40,0.8163,False
per_day_max_theme,12,early_strongest,open_up,83,30,0.3614,37,16,0.4324,46,14,0.3043,False
per_day_max_theme,12,early_strongest,open_flat,83,40,0.4819,37,18,0.4865,46,22,0.4783,False
per_day_max_theme,12,early_strongest,touch3,83,54,0.6506,37,23,0.6216,46,31,0.6739,False
per_day_max_theme,12,early_strongest,open_zt3,83,43,0.5181,37,20,0.5405,46,23,0.5000,False
per_day_max_theme,12,early_strongest,hold_zt3,93,53,0.5699,44,27,0.6136,49,26,0.5306,False
per_day_max_theme,12,huanshou_strongest,hold_close,110,74,0.6727,47,33,0.7021,63,41,0.6508,False
per_day_max_theme,12,huanshou_strongest,hold_flat,110,76,0.6909,47,34,0.7234,63,42,0.6667,False
per_day_max_theme,12,huanshou_strongest,hold_touch3,110,71,0.6455,47,32,0.6809,63,39,0.6190,False
per_day_max_theme,12,huanshou_strongest,maxc3,110,88,0.8000,47,39,0.8298,63,49,0.7778,False
per_day_max_theme,12,huanshou_strongest,open_up,102,40,0.3922,42,20,0.4762,60,20,0.3333,False
per_day_max_theme,12,huanshou_strongest,open_flat,102,50,0.4902,42,23,0.5476,60,27,0.4500,False
per_day_max_theme,12,huanshou_strongest,touch3,102,63,0.6176,42,27,0.6429,60,36,0.6000,False
per_day_max_theme,12,huanshou_strongest,open_zt3,102,47,0.4608,42,20,0.4762,60,27,0.4500,False
per_day_max_theme,12,huanshou_strongest,hold_zt3,110,55,0.5000,47,25,0.5319,63,30,0.4762,False
per_day_max_theme,12,tzi_strongest,hold_close,27,20,0.7407,14,10,0.7143,13,10,0.7692,False
per_day_max_theme,12,tzi_strongest,hold_flat,27,20,0.7407,14,10,0.7143,13,10,0.7692,False
per_day_max_theme,12,tzi_strongest,hold_touch3,27,17,0.6296,14,8,0.5714,13,9,0.6923,False
per_day_max_theme,12,tzi_strongest,maxc3,27,24,0.8889,14,12,0.8571,13,12,0.9231,False
per_day_max_theme,12,tzi_strongest,open_up,22,11,0.5000,11,5,0.4545,11,6,0.5455,False
per_day_max_theme,12,tzi_strongest,open_flat,22,14,0.6364,11,6,0.5455,11,8,0.7273,False
per_day_max_theme,12,tzi_strongest,touch3,22,13,0.5909,11,6,0.5455,11,7,0.6364,False
per_day_max_theme,12,tzi_strongest,open_zt3,22,12,0.5455,11,6,0.5455,11,6,0.5455,False
per_day_max_theme,12,tzi_strongest,hold_zt3,27,17,0.6296,14,9,0.6429,13,8,0.6154,False
per_day,8,board3_intact_strongest,maxc3,42,39,0.9286,23,21,0.9130,19,18,0.9474,True
per_day,8,board3_intact_strongest,hold_close,42,33,0.7857,23,18,0.7826,19,15,0.7895,False
per_day,8,board3_intact_strongest,hold_flat,42,33,0.7857,23,18,0.7826,19,15,0.7895,False
per_day,8,board3_intact_strongest,hold_touch3,42,30,0.7143,23,18,0.7826,19,12,0.6316,False
per_day,8,board3_intact_strongest,open_up,41,22,0.5366,22,12,0.5455,19,10,0.5263,False
per_day,8,board3_intact_strongest,open_flat,41,27,0.6585,22,15,0.6818,19,12,0.6316,False
per_day,8,board3_intact_strongest,touch3,41,30,0.7317,22,18,0.8182,19,12,0.6316,False
per_day,8,board3_intact_strongest,hold_zt3,42,22,0.5238,23,12,0.5217,19,10,0.5263,False
per_day,10,board3_belowH_strongest,maxc3,46,42,0.9130,25,23,0.9200,21,19,0.9048,True
per_day,10,board3_belowH_strongest,hold_close,46,36,0.7826,25,21,0.8400,21,15,0.7143,False
per_day,10,board3_belowH_strongest,hold_flat,46,36,0.7826,25,21,0.8400,21,15,0.7143,False
per_day,10,board3_belowH_strongest,hold_touch3,46,34,0.7391,25,19,0.7600,21,15,0.7143,False
per_day,10,board3_belowH_strongest,open_up,44,20,0.4545,23,12,0.5217,21,8,0.3810,False
per_day,10,board3_belowH_strongest,open_flat,44,25,0.5682,23,16,0.6957,21,9,0.4286,False
per_day,10,board3_belowH_strongest,touch3,44,33,0.7500,23,18,0.7826,21,15,0.7143,False
per_day,10,board3_belowH_strongest,hold_zt3,46,27,0.5870,25,16,0.6400,21,11,0.5238,False
