definition,filters,n,wins,rate,half1,half2,notes
promote,one_price_today & boards_ge5 & NOT href_le1,17,15,0.8824,13/15=86.7%,2/2=100.0%,yizi_today=100%_not_buyable | wins_are_yizi_next=73% | checkpoint_n<30 | yizi_today=100.0% | yizi_next_all=64.7% | height{5:7;6:4;7:2;8:2;9:2} | themes=8 | dates=15
promote,one_price_today & NOT is_new_high & boards_ge5,21,18,0.8571,15/18=83.3%,3/3=100.0%,yizi_today=100%_not_buyable | wins_are_yizi_next=67% | checkpoint_n<30 | yizi_today=100.0% | yizi_next_all=57.1% | height{5:11;6:4;7:2;8:2;9:2} | themes=11 | dates=19
promote,NOT leader_absent & one_price_today & NOT theme_alive_own,39,31,0.7949,14/18=77.8%,17/21=81.0%,yizi_today=100%_not_buyable | wins_are_yizi_next=58% | yizi_today=100.0% | yizi_next_all=46.2% | height{2:18;3:14;4:3;5:1;6:2;7:1} | themes=17 | dates=34
promote,to_lo & one_price_today & boards_ge5,56,44,0.7857,32/40=80.0%,12/16=75.0%,yizi_today=100%_not_buyable | wins_are_yizi_next=73% | yizi_today=100.0% | yizi_next_all=57.1% | height{5:23;6:11;7:8;8:4;9:2;10:2;11:1;12:1;13:1;14:1;15:1;17:1} | themes=19 | dates=49
promote,one_price_today & boards_ge5 & NOT own_baoliang,45,35,0.7778,24/31=77.4%,11/14=78.6%,yizi_today=100%_not_buyable | wins_are_yizi_next=63% | yizi_today=100.0% | yizi_next_all=48.9% | height{5:20;6:9;7:7;8:3;10:2;11:1;12:1;14:1;15:1} | themes=17 | dates=39
promote,one_price_today & NOT is_new_high & own_baoliang,31,24,0.7742,16/21=76.2%,8/10=80.0%,yizi_today=100%_not_buyable | wins_are_yizi_next=67% | yizi_today=100.0% | yizi_next_all=51.6% | height{3:20;4:5;5:4;9:2} | themes=13 | dates=29
promote,one_price_today & boards_ge5 & NOT is_fanbao,65,50,0.7692,38/48=79.2%,12/17=70.6%,yizi_today=100%_not_buyable | wins_are_yizi_next=68% | yizi_today=100.0% | yizi_next_all=52.3% | height{5:23;6:13;7:9;8:5;9:4;10:3;11:1;12:1;13:1;14:2;15:1;16:1;17:1} | themes=18 | dates=54
promote,boards_ge5 & NOT opened & NOT href_le1,26,20,0.7692,18/24=75.0%,2/2=100.0%,yizi_today=65%_not_buyable | wins_are_yizi_next=60% | checkpoint_n<30 | yizi_today=65.4% | yizi_next_all=46.2% | height{5:15;6:5;7:2;8:2;9:2} | themes=13 | dates=17
promote,one_price_today & boards_ge5,67,51,0.7612,38/48=79.2%,13/19=68.4%,yizi_today=100%_not_buyable | wins_are_yizi_next=69% | yizi_today=100.0% | yizi_next_all=52.2% | height{5:25;6:13;7:9;8:5;9:4;10:3;11:1;12:1;13:1;14:2;15:1;16:1;17:1} | themes=19 | dates=56
promote,one_price_today & unopened & boards_ge5,67,51,0.7612,38/48=79.2%,13/19=68.4%,yizi_today=100%_not_buyable | wins_are_yizi_next=69% | yizi_today=100.0% | yizi_next_all=52.2% | height{5:25;6:13;7:9;8:5;9:4;10:3;11:1;12:1;13:1;14:2;15:1;16:1;17:1} | themes=19 | dates=56
promote,one_price_today & boards_ge5 & NOT opened,67,51,0.7612,38/48=79.2%,13/19=68.4%,yizi_today=100%_not_buyable | wins_are_yizi_next=69% | yizi_today=100.0% | yizi_next_all=52.2% | height{5:25;6:13;7:9;8:5;9:4;10:3;11:1;12:1;13:1;14:2;15:1;16:1;17:1} | themes=19 | dates=56
promote,NOT leader_absent & one_price_today & boards_ge5,54,41,0.7593,29/36=80.6%,12/18=66.7%,yizi_today=100%_not_buyable | wins_are_yizi_next=66% | yizi_today=100.0% | yizi_next_all=50.0% | height{5:20;6:9;7:8;8:5;9:4;10:1;11:1;12:1;13:1;14:1;15:1;16:1;17:1} | themes=17 | dates=45
promote,one_price_today & boards_ge5 & theme_alive_own,62,46,0.7419,36/46=78.3%,10/16=62.5%,yizi_today=100%_not_buyable | wins_are_yizi_next=72% | yizi_today=100.0% | yizi_next_all=53.2% | height{5:24;6:10;7:8;8:5;9:4;10:3;11:1;12:1;13:1;14:2;15:1;16:1;17:1} | themes=18 | dates=52
promote,one_price_today & theme_alive_own & boards_ge5,62,46,0.7419,36/46=78.3%,10/16=62.5%,yizi_today=100%_not_buyable | wins_are_yizi_next=72% | yizi_today=100.0% | yizi_next_all=53.2% | height{5:24;6:10;7:8;8:5;9:4;10:3;11:1;12:1;13:1;14:2;15:1;16:1;17:1} | themes=18 | dates=52
promote,NOT leader_absent & one_price_today & NOT href_le1,261,193,0.7395,127/177=71.8%,66/84=78.6%,yizi_today=100%_not_buyable | wins_are_yizi_next=56% | yizi_today=100.0% | yizi_next_all=41.4% | height{2:146;3:79;4:20;5:6;6:4;7:2;8:2;9:2} | themes=52 | dates=99
promote,one_price_today & own_baoliang & NOT href_le1,23,17,0.7391,11/15=73.3%,6/8=75.0%,yizi_today=100%_not_buyable | wins_are_yizi_next=71% | checkpoint_n<30 | yizi_today=100.0% | yizi_next_all=52.2% | height{3:14;4:5;5:2;9:2} | themes=11 | dates=21
promote,height_new_high & same_theme_baoliang,19,14,0.7368,13/16=81.2%,1/3=33.3%,yizi_today=53%_not_buyable | wins_are_yizi_next=50% | checkpoint_n<30 | yizi_today=52.6% | yizi_next_all=36.8% | height{2:6;3:1;5:1;6:2;7:1;8:2;9:2;11:1;16:1;17:1;18:1} | themes=5 | dates=10
promote,NOT leader_absent & one_price_today & NOT is_new_high,276,202,0.7319,133/187=71.1%,69/89=77.5%,yizi_today=100%_not_buyable | wins_are_yizi_next=56% | yizi_today=100.0% | yizi_next_all=41.3% | height{2:146;3:88;4:24;5:8;6:4;7:2;8:2;9:2} | themes=54 | dates=103
promote,NOT leader_absent & one_price_today & NOT is_fanbao,309,225,0.7282,151/209=72.2%,74/100=74.0%,yizi_today=100%_not_buyable | wins_are_yizi_next=58% | yizi_today=100.0% | yizi_next_all=42.1% | height{2:138;3:91;4:28;5:18;6:9;7:8;8:5;9:4;10:1;11:1;12:1;13:1;14:1;15:1;16:1;17:1} | themes=54 | dates=109
promote,one_price_today & boards_ge5 & own_baoliang,22,16,0.7273,14/17=82.4%,2/5=40.0%,yizi_today=100%_not_buyable | wins_are_yizi_next=81% | checkpoint_n<30 | yizi_today=100.0% | yizi_next_all=59.1% | height{5:5;6:4;7:2;8:2;9:4;10:1;13:1;14:1;16:1;17:1} | themes=8 | dates=20
promote,NOT leader_absent & one_price_today & NOT own_baoliang,287,208,0.7247,135/189=71.4%,73/98=74.5%,yizi_today=100%_not_buyable | wins_are_yizi_next=55% | yizi_today=100.0% | yizi_next_all=40.1% | height{2:146;3:80;4:24;5:16;6:7;7:6;8:3;10:1;11:1;12:1;14:1;15:1} | themes=55 | dates=109
promote,NOT leader_absent & one_price_today,319,231,0.7241,152/211=72.0%,79/108=73.1%,yizi_today=100%_not_buyable | wins_are_yizi_next=57% | yizi_today=100.0% | yizi_next_all=41.4% | height{2:146;3:91;4:28;5:20;6:9;7:8;8:5;9:4;10:1;11:1;12:1;13:1;14:1;15:1;16:1;17:1} | themes=55 | dates=110
promote,one_price_today & NOT lag0,319,231,0.7241,152/211=72.0%,79/108=73.1%,yizi_today=100%_not_buyable | wins_are_yizi_next=57% | yizi_today=100.0% | yizi_next_all=41.4% | height{2:146;3:91;4:28;5:20;6:9;7:8;8:5;9:4;10:1;11:1;12:1;13:1;14:1;15:1;16:1;17:1} | themes=55 | dates=110
promote,NOT leader_absent & one_price_today & NOT opened,319,231,0.7241,152/211=72.0%,79/108=73.1%,yizi_today=100%_not_buyable | wins_are_yizi_next=57% | yizi_today=100.0% | yizi_next_all=41.4% | height{2:146;3:91;4:28;5:20;6:9;7:8;8:5;9:4;10:1;11:1;12:1;13:1;14:1;15:1;16:1;17:1} | themes=55 | dates=110
promote,one_price_today & boards_ge5 & href_le1,50,36,0.7200,25/33=75.8%,11/17=64.7%,yizi_today=100%_not_buyable | wins_are_yizi_next=67% | yizi_today=100.0% | yizi_next_all=48.0% | height{5:18;6:9;7:7;8:3;9:2;10:3;11:1;12:1;13:1;14:2;15:1;16:1;17:1} | themes=17 | dates=49
promote,leader_absent & one_price_today & own_baoliang,25,18,0.7200,11/14=78.6%,7/11=63.6%,yizi_today=100%_not_buyable | wins_are_yizi_next=56% | checkpoint_n<30 | yizi_today=100.0% | yizi_next_all=40.0% | height{3:13;4:7;5:1;6:2;10:1;14:1} | themes=10 | dates=22
promote,one_price_today & own_baoliang,57,41,0.7193,28/36=77.8%,13/21=61.9%,yizi_today=100%_not_buyable | wins_are_yizi_next=66% | yizi_today=100.0% | yizi_next_all=47.4% | height{3:24;4:11;5:5;6:4;7:2;8:2;9:4;10:1;13:1;14:1;16:1;17:1} | themes=16 | dates=49
promote,one_price_today & NOT opened & own_baoliang,57,41,0.7193,28/36=77.8%,13/21=61.9%,yizi_today=100%_not_buyable | wins_are_yizi_next=66% | yizi_today=100.0% | yizi_next_all=47.4% | height{3:24;4:11;5:5;6:4;7:2;8:2;9:4;10:1;13:1;14:1;16:1;17:1} | themes=16 | dates=49
promote,NOT leader_absent & one_price_today & own_baoliang,32,23,0.7188,17/22=77.3%,6/10=60.0%,yizi_today=100%_not_buyable | wins_are_yizi_next=74% | yizi_today=100.0% | yizi_next_all=53.1% | height{3:11;4:4;5:4;6:2;7:2;8:2;9:4;13:1;16:1;17:1} | themes=13 | dates=27
promote,one_price_today & boards_ge5 & is_new_high,46,33,0.7174,23/30=76.7%,10/16=62.5%,yizi_today=100%_not_buyable | wins_are_yizi_next=70% | yizi_today=100.0% | yizi_next_all=50.0% | height{5:14;6:9;7:7;8:3;9:2;10:3;11:1;12:1;13:1;14:2;15:1;16:1;17:1} | themes=15 | dates=46
promote,boards_ge5 & href0 & one_price_today,46,33,0.7174,23/30=76.7%,10/16=62.5%,yizi_today=100%_not_buyable | wins_are_yizi_next=70% | yizi_today=100.0% | yizi_next_all=50.0% | height{5:14;6:9;7:7;8:3;9:2;10:3;11:1;12:1;13:1;14:2;15:1;16:1;17:1} | themes=15 | dates=46
promote,one_price_today & is_new_high & boards_ge5,46,33,0.7174,23/30=76.7%,10/16=62.5%,yizi_today=100%_not_buyable | wins_are_yizi_next=70% | yizi_today=100.0% | yizi_next_all=50.0% | height{5:14;6:9;7:7;8:3;9:2;10:3;11:1;12:1;13:1;14:2;15:1;16:1;17:1} | themes=15 | dates=46
promote,NOT leader_absent & one_price_today & NOT boards_ge5,265,190,0.7170,123/175=70.3%,67/90=74.4%,yizi_today=100%_not_buyable | wins_are_yizi_next=55% | yizi_today=100.0% | yizi_next_all=39.6% | height{2:146;3:91;4:28} | themes=54 | dates=105
promote,NOT height_drop & one_price_today,383,274,0.7154,182/255=71.4%,92/128=71.9%,yizi_today=100%_not_buyable | wins_are_yizi_next=55% | yizi_today=100.0% | yizi_next_all=39.7% | height{2:179;3:108;4:39;5:21;6:10;7:8;8:5;9:4;10:1;11:1;12:1;13:1;14:2;15:1;16:1;17:1} | themes=57 | dates=134
promote,NOT leader_absent & one_price_today & theme_alive_own,280,200,0.7143,138/193=71.5%,62/87=71.3%,yizi_today=100%_not_buyable | wins_are_yizi_next=57% | yizi_today=100.0% | yizi_next_all=40.7% | height{2:128;3:77;4:25;5:19;6:7;7:7;8:5;9:4;10:1;11:1;12:1;13:1;14:1;15:1;16:1;17:1} | themes=46 | dates=102
promote,one_price_today & NOT is_fanbao & own_baoliang,56,40,0.7143,28/36=77.8%,12/20=60.0%,yizi_today=100%_not_buyable | wins_are_yizi_next=65% | yizi_today=100.0% | yizi_next_all=46.4% | height{3:24;4:11;5:4;6:4;7:2;8:2;9:4;10:1;13:1;14:1;16:1;17:1} | themes=16 | dates=48
promote,one_price_today & NOT boards_ge5 & own_baoliang,35,25,0.7143,14/19=73.7%,11/16=68.8%,yizi_today=100%_not_buyable | wins_are_yizi_next=56% | yizi_today=100.0% | yizi_next_all=40.0% | height{3:24;4:11} | themes=13 | dates=34
promote,NOT is_new_high & boards_ge5 & NOT opened,35,25,0.7143,22/30=73.3%,3/5=60.0%,yizi_today=60%_not_buyable | wins_are_yizi_next=52% | yizi_today=60.0% | yizi_next_all=37.1% | height{5:24;6:5;7:2;8:2;9:2} | themes=16 | dates=25
promote,NOT theme_alive & one_price_today,363,259,0.7135,190/266=71.4%,69/97=71.1%,yizi_today=100%_not_buyable | wins_are_yizi_next=56% | yizi_today=100.0% | yizi_next_all=39.7% | height{2:176;3:100;4:32;5:21;6:9;7:8;8:5;9:4;10:1;11:1;12:1;13:1;14:1;15:1;16:1;17:1} | themes=57 | dates=121
promote,amt_lo & one_price_today & boards_ge4,104,74,0.7115,52/75=69.3%,22/29=75.9%,yizi_today=100%_not_buyable | wins_are_yizi_next=66% | yizi_today=100.0% | yizi_next_all=47.1% | height{4:50;5:22;6:11;7:8;8:4;9:2;10:2;11:1;12:1;13:1;14:1;15:1} | themes=28 | dates=83
promote,one_price_today & theme_alive_own & NOT href_le1,308,219,0.7110,152/215=70.7%,67/93=72.0%,yizi_today=100%_not_buyable | wins_are_yizi_next=55% | yizi_today=100.0% | yizi_next_all=39.3% | height{2:180;3:86;4:25;5:7;6:4;7:2;8:2;9:2} | themes=48 | dates=135
promote,NOT leader_baoliang & one_price_today,276,196,0.7101,131/183=71.6%,65/93=69.9%,yizi_today=100%_not_buyable | wins_are_yizi_next=58% | yizi_today=100.0% | yizi_next_all=40.9% | height{2:138;3:70;4:28;5:17;6:7;7:6;8:2;9:2;10:2;11:1;12:1;14:1;15:1} | themes=54 | dates=93
promote,one_price_today & NOT is_fanbao & NOT href_le1,348,247,0.7098,167/241=69.3%,80/107=74.8%,yizi_today=100%_not_buyable | wins_are_yizi_next=56% | yizi_today=100.0% | yizi_next_all=39.9% | height{2:203;3:102;4:27;5:6;6:4;7:2;8:2;9:2} | themes=60 | dates=146
promote,boards_ge5 & NOT opened & own_baoliang,31,22,0.7097,18/23=78.3%,4/8=50.0%,yizi_today=71%_not_buyable | wins_are_yizi_next=59% | yizi_today=71.0% | yizi_next_all=41.9% | height{5:10;6:6;7:3;8:3;9:4;10:1;13:1;14:1;16:1;17:1} | themes=14 | dates=28
promote,one_price_today & NOT href_le1,358,253,0.7067,168/243=69.1%,85/115=73.9%,yizi_today=100%_not_buyable | wins_are_yizi_next=56% | yizi_today=100.0% | yizi_next_all=39.4% | height{2:212;3:102;4:27;5:7;6:4;7:2;8:2;9:2} | themes=61 | dates=147
promote,one_price_today & NOT is_new_high & NOT href_le1,358,253,0.7067,168/243=69.1%,85/115=73.9%,yizi_today=100%_not_buyable | wins_are_yizi_next=56% | yizi_today=100.0% | yizi_next_all=39.4% | height{2:212;3:102;4:27;5:7;6:4;7:2;8:2;9:2} | themes=61 | dates=147
promote,one_price_today & NOT opened & NOT href_le1,358,253,0.7067,168/243=69.1%,85/115=73.9%,yizi_today=100%_not_buyable | wins_are_yizi_next=56% | yizi_today=100.0% | yizi_next_all=39.4% | height{2:212;3:102;4:27;5:7;6:4;7:2;8:2;9:2} | themes=61 | dates=147
promote,one_price_today & own_baoliang & href_le1,34,24,0.7059,17/21=81.0%,7/13=53.8%,yizi_today=100%_not_buyable | wins_are_yizi_next=62% | yizi_today=100.0% | yizi_next_all=44.1% | height{3:10;4:6;5:3;6:4;7:2;8:2;9:2;10:1;13:1;14:1;16:1;17:1} | themes=11 | dates=32
promote,one_price_today & NOT is_new_high & theme_alive_own,359,253,0.7047,179/253=70.8%,74/106=69.8%,yizi_today=100%_not_buyable | wins_are_yizi_next=53% | yizi_today=100.0% | yizi_next_all=37.6% | height{2:204;3:104;4:31;5:10;6:4;7:2;8:2;9:2} | themes=51 | dates=153
promote,one_price_today & NOT own_baoliang & NOT href_le1,335,236,0.7045,157/228=68.9%,79/107=73.8%,yizi_today=100%_not_buyable | wins_are_yizi_next=55% | yizi_today=100.0% | yizi_next_all=38.5% | height{2:212;3:88;4:22;5:5;6:4;7:2;8:2} | themes=61 | dates=145
promote,one_price_today & NOT same_theme_baoliang,458,322,0.7031,211/301=70.1%,111/157=70.7%,yizi_today=100%_not_buyable | wins_are_yizi_next=53% | yizi_today=100.0% | yizi_next_all=37.6% | height{2:233;3:128;4:49;5:22;6:8;7:7;8:3;9:2;10:2;11:1;12:1;14:1;15:1} | themes=65 | dates=181
promote,one_price_today & NOT is_new_high & NOT is_fanbao,408,286,0.7010,196/282=69.5%,90/126=71.4%,yizi_today=100%_not_buyable | wins_are_yizi_next=55% | yizi_today=100.0% | yizi_next_all=38.2% | height{2:232;3:122;4:34;5:10;6:4;7:2;8:2;9:2} | themes=64 | dates=167
promote,one_price_today & theme_alive_own & own_baoliang,50,35,0.7000,23/30=76.7%,12/20=60.0%,yizi_today=100%_not_buyable | wins_are_yizi_next=69% | yizi_today=100.0% | yizi_next_all=48.0% | height{3:20;4:10;5:5;6:3;7:1;8:2;9:4;10:1;13:1;14:1;16:1;17:1} | themes=16 | dates=44
promote,one_price_today & theme_alive_own & NOT is_fanbao,423,296,0.6998,209/291=71.8%,87/132=65.9%,yizi_today=100%_not_buyable | wins_are_yizi_next=55% | yizi_today=100.0% | yizi_next_all=38.3% | height{2:196;3:119;4:48;5:22;6:10;7:8;8:5;9:4;10:3;11:1;12:1;13:1;14:2;15:1;16:1;17:1} | themes=50 | dates=168
promote,NOT is_new_high & one_price_today,419,293,0.6993,198/285=69.5%,95/134=70.9%,yizi_today=100%_not_buyable | wins_are_yizi_next=54% | yizi_today=100.0% | yizi_next_all=37.7% | height{2:242;3:122;4:34;5:11;6:4;7:2;8:2;9:2} | themes=65 | dates=168
promote,one_price_today & NOT is_new_high & NOT opened,419,293,0.6993,198/285=69.5%,95/134=70.9%,yizi_today=100%_not_buyable | wins_are_yizi_next=54% | yizi_today=100.0% | yizi_next_all=37.7% | height{2:242;3:122;4:34;5:11;6:4;7:2;8:2;9:2} | themes=65 | dates=168
promote,NOT height_new_high & one_price_today,431,301,0.6984,188/266=70.7%,113/165=68.5%,yizi_today=100%_not_buyable | wins_are_yizi_next=53% | yizi_today=100.0% | yizi_next_all=36.9% | height{2:208;3:122;4:51;5:24;6:11;7:7;8:2;10:2;11:1;12:1;13:1;14:1} | themes=58 | dates=166
promote,NOT same_theme_broken & one_price_today,484,338,0.6983,225/320=70.3%,113/164=68.9%,yizi_today=100%_not_buyable | wins_are_yizi_next=55% | yizi_today=100.0% | yizi_next_all=38.2% | height{2:229;3:136;4:55;5:23;6:13;7:9;8:5;9:4;10:2;11:1;12:1;13:1;14:2;15:1;16:1;17:1} | themes=66 | dates=183
promote,one_price_today & NOT boards_ge5 & NOT href_le1,341,238,0.6979,155/228=68.0%,83/113=73.5%,yizi_today=100%_not_buyable | wins_are_yizi_next=55% | yizi_today=100.0% | yizi_next_all=38.1% | height{2:212;3:102;4:27} | themes=60 | dates=146
promote,NOT is_sub_high & one_price_today,450,314,0.6978,207/295=70.2%,107/155=69.0%,yizi_today=100%_not_buyable | wins_are_yizi_next=56% | yizi_today=100.0% | yizi_next_all=39.1% | height{2:215;3:121;4:51;5:21;6:13;7:9;8:5;9:4;10:3;11:1;12:1;13:1;14:2;15:1;16:1;17:1} | themes=63 | dates=175
promote,theme_alive_own & one_price_today,435,303,0.6966,211/294=71.8%,92/141=65.2%,yizi_today=100%_not_buyable | wins_are_yizi_next=54% | yizi_today=100.0% | yizi_next_all=37.7% | height{2:206;3:119;4:48;5:24;6:10;7:8;8:5;9:4;10:3;11:1;12:1;13:1;14:2;15:1;16:1;17:1} | themes=51 | dates=169
promote,one_price_today & theme_alive_own & NOT opened,435,303,0.6966,211/294=71.8%,92/141=65.2%,yizi_today=100%_not_buyable | wins_are_yizi_next=54% | yizi_today=100.0% | yizi_next_all=37.7% | height{2:206;3:119;4:48;5:24;6:10;7:8;8:5;9:4;10:3;11:1;12:1;13:1;14:2;15:1;16:1;17:1} | themes=51 | dates=169
promote,one_price_today & theme_alive_own & NOT own_baoliang,385,268,0.6961,188/264=71.2%,80/121=66.1%,yizi_today=100%_not_buyable | wins_are_yizi_next=52% | yizi_today=100.0% | yizi_next_all=36.4% | height{2:206;3:99;4:38;5:19;6:7;7:7;8:3;10:2;11:1;12:1;14:1;15:1} | themes=51 | dates=165
promote,NOT is_mid_2_3 & one_price_today,125,87,0.6960,63/90=70.0%,24/35=68.6%,yizi_today=100%_not_buyable | wins_are_yizi_next=63% | yizi_today=100.0% | yizi_next_all=44.0% | height{4:58;5:25;6:13;7:9;8:5;9:4;10:3;11:1;12:1;13:1;14:2;15:1;16:1;17:1} | themes=30 | dates=92
promote,one_price_today & NOT is_fanbao,499,347,0.6954,235/334=70.4%,112/165=67.9%,yizi_today=100%_not_buyable | wins_are_yizi_next=55% | yizi_today=100.0% | yizi_next_all=38.3% | height{2:235;3:141;4:58;5:23;6:13;7:9;8:5;9:4;10:3;11:1;12:1;13:1;14:2;15:1;16:1;17:1} | themes=66 | dates=186
promote,one_price_today & NOT opened & NOT is_fanbao,499,347,0.6954,235/334=70.4%,112/165=67.9%,yizi_today=100%_not_buyable | wins_are_yizi_next=55% | yizi_today=100.0% | yizi_next_all=38.3% | height{2:235;3:141;4:58;5:23;6:13;7:9;8:5;9:4;10:3;11:1;12:1;13:1;14:2;15:1;16:1;17:1} | themes=66 | dates=186
promote,NOT prev_leader_baoliang & one_price_today,279,194,0.6953,132/181=72.9%,62/98=63.3%,yizi_today=100%_not_buyable | wins_are_yizi_next=55% | yizi_today=100.0% | yizi_next_all=38.0% | height{2:122;3:85;4:28;5:16;6:9;7:6;8:5;9:1;10:2;12:1;13:1;14:2;16:1} | themes=53 | dates=100
promote,one_price_today & NOT is_new_high & NOT own_baoliang,388,269,0.6933,182/264=68.9%,87/124=70.2%,yizi_today=100%_not_buyable | wins_are_yizi_next=53% | yizi_today=100.0% | yizi_next_all=36.6% | height{2:242;3:102;4:29;5:7;6:4;7:2;8:2} | themes=65 | dates=166
promote,one_price_today & NOT is_fanbao & NOT own_baoliang,443,307,0.6930,207/298=69.5%,100/145=69.0%,yizi_today=100%_not_buyable | wins_are_yizi_next=54% | yizi_today=100.0% | yizi_next_all=37.2% | height{2:235;3:117;4:47;5:19;6:9;7:7;8:3;10:2;11:1;12:1;14:1;15:1} | themes=66 | dates=182
promote,one_price_today,511,354,0.6928,237/337=70.3%,117/174=67.2%,yizi_today=100%_not_buyable | wins_are_yizi_next=55% | yizi_today=100.0% | yizi_next_all=37.8% | height{2:245;3:141;4:58;5:25;6:13;7:9;8:5;9:4;10:3;11:1;12:1;13:1;14:2;15:1;16:1;17:1} | themes=66 | dates=187
promote,one_price_today & NOT opened,511,354,0.6928,237/337=70.3%,117/174=67.2%,yizi_today=100%_not_buyable | wins_are_yizi_next=55% | yizi_today=100.0% | yizi_next_all=37.8% | height{2:245;3:141;4:58;5:25;6:13;7:9;8:5;9:4;10:3;11:1;12:1;13:1;14:2;15:1;16:1;17:1} | themes=66 | dates=187
promote,one_price_today & unopened,511,354,0.6928,237/337=70.3%,117/174=67.2%,yizi_today=100%_not_buyable | wins_are_yizi_next=55% | yizi_today=100.0% | yizi_next_all=37.8% | height{2:245;3:141;4:58;5:25;6:13;7:9;8:5;9:4;10:3;11:1;12:1;13:1;14:2;15:1;16:1;17:1} | themes=66 | dates=187
promote,is_mid_2_3 & one_price_today,386,267,0.6917,174/247=70.4%,93/139=66.9%,yizi_today=100%_not_buyable | wins_are_yizi_next=52% | yizi_today=100.0% | yizi_next_all=35.8% | height{2:245;3:141} | themes=64 | dates=171
promote,one_price_today & NOT is_new_high & NOT boards_ge5,398,275,0.6910,183/267=68.5%,92/131=70.2%,yizi_today=100%_not_buyable | wins_are_yizi_next=53% | yizi_today=100.0% | yizi_next_all=36.7% | height{2:242;3:122;4:34} | themes=64 | dates=167
promote,prev_leader_baoliang & one_price_today,232,160,0.6897,105/156=67.3%,55/76=72.4%,yizi_today=100%_not_buyable | wins_are_yizi_next=54% | yizi_today=100.0% | yizi_next_all=37.5% | height{2:123;3:56;4:30;5:9;6:4;7:3;9:3;10:1;11:1;15:1;17:1} | themes=49 | dates=87
promote,one_price_today & NOT own_baoliang,454,313,0.6894,209/301=69.4%,104/153=68.0%,yizi_today=100%_not_buyable | wins_are_yizi_next=53% | yizi_today=100.0% | yizi_next_all=36.6% | height{2:245;3:117;4:47;5:20;6:9;7:7;8:3;10:2;11:1;12:1;14:1;15:1} | themes=66 | dates=183
promote,one_price_today & NOT opened & NOT own_baoliang,454,313,0.6894,209/301=69.4%,104/153=68.0%,yizi_today=100%_not_buyable | wins_are_yizi_next=53% | yizi_today=100.0% | yizi_next_all=36.6% | height{2:245;3:117;4:47;5:20;6:9;7:7;8:3;10:2;11:1;12:1;14:1;15:1} | themes=66 | dates=183
promote,one_price_today & theme_alive_own & NOT boards_ge5,373,257,0.6890,175/248=70.6%,82/125=65.6%,yizi_today=100%_not_buyable | wins_are_yizi_next=51% | yizi_today=100.0% | yizi_next_all=35.1% | height{2:206;3:119;4:48} | themes=50 | dates=164
promote,one_price_today & NOT boards_ge5 & NOT is_fanbao,434,297,0.6843,197/286=68.9%,100/148=67.6%,yizi_today=100%_not_buyable | wins_are_yizi_next=53% | yizi_today=100.0% | yizi_next_all=36.2% | height{2:235;3:141;4:58} | themes=65 | dates=181
promote,one_price_today & NOT boards_ge5,444,303,0.6824,199/289=68.9%,104/155=67.1%,yizi_today=100%_not_buyable | wins_are_yizi_next=52% | yizi_today=100.0% | yizi_next_all=35.6% | height{2:245;3:141;4:58} | themes=65 | dates=182
promote,one_price_today & NOT boards_ge5 & NOT opened,444,303,0.6824,199/289=68.9%,104/155=67.1%,yizi_today=100%_not_buyable | wins_are_yizi_next=52% | yizi_today=100.0% | yizi_next_all=35.6% | height{2:245;3:141;4:58} | themes=65 | dates=182
promote,one_price_today & NOT theme_alive_own & NOT href_le1,50,34,0.6800,16/28=57.1%,18/22=81.8%,yizi_today=100%_not_buyable | wins_are_yizi_next=59% | yizi_today=100.0% | yizi_next_all=40.0% | height{2:32;3:16;4:2} | themes=26 | dates=46
promote,one_price_today & NOT boards_ge5 & NOT own_baoliang,409,278,0.6797,185/270=68.5%,93/139=66.9%,yizi_today=100%_not_buyable | wins_are_yizi_next=52% | yizi_today=100.0% | yizi_next_all=35.2% | height{2:245;3:117;4:47} | themes=65 | dates=177
promote,NOT leader_absent & boards_ge5 & NOT opened,78,53,0.6795,36/48=75.0%,17/30=56.7%,yizi_today=69%_not_buyable | wins_are_yizi_next=55% | yizi_today=69.2% | yizi_next_all=37.2% | height{5:33;6:14;7:11;8:8;9:4;10:1;11:1;12:1;13:1;14:1;15:1;16:1;17:1} | themes=22 | dates=59
promote,NOT leader_absent & one_price_today & is_new_high,43,29,0.6744,19/24=79.2%,10/19=52.6%,yizi_today=100%_not_buyable | wins_are_yizi_next=62% | yizi_today=100.0% | yizi_next_all=41.9% | height{3:3;4:4;5:12;6:5;7:6;8:3;9:2;10:1;11:1;12:1;13:1;14:1;15:1;16:1;17:1} | themes=17 | dates=42
promote,boards_ge5 & NOT opened & NOT is_fanbao,95,64,0.6737,47/66=71.2%,17/29=58.6%,yizi_today=68%_not_buyable | wins_are_yizi_next=56% | yizi_today=68.4% | yizi_next_all=37.9% | height{5:41;6:19;7:12;8:8;9:4;10:3;11:1;12:1;13:1;14:2;15:1;16:1;17:1} | themes=23 | dates=69
promote,leader_baoliang & one_price_today,235,158,0.6723,106/154=68.8%,52/81=64.2%,yizi_today=100%_not_buyable | wins_are_yizi_next=51% | yizi_today=100.0% | yizi_next_all=34.0% | height{2:107;3:71;4:30;5:8;6:6;7:3;8:3;9:2;10:1;13:1;14:1;16:1;17:1} | themes=50 | dates=94
promote,one_price_today & boards_ge4 & href0,70,47,0.6714,29/41=70.7%,18/29=62.1%,yizi_today=100%_not_buyable | wins_are_yizi_next=66% | yizi_today=100.0% | yizi_next_all=44.3% | height{4:24;5:14;6:9;7:7;8:3;9:2;10:3;11:1;12:1;13:1;14:2;15:1;16:1;17:1} | themes=22 | dates=67
promote,NOT theme_alive_own & one_price_today,76,51,0.6711,26/43=60.5%,25/33=75.8%,yizi_today=100%_not_buyable | wins_are_yizi_next=57% | yizi_today=100.0% | yizi_next_all=38.2% | height{2:39;3:22;4:10;5:1;6:3;7:1} | themes=32 | dates=65
promote,one_price_today & NOT theme_alive_own & NOT opened,76,51,0.6711,26/43=60.5%,25/33=75.8%,yizi_today=100%_not_buyable | wins_are_yizi_next=57% | yizi_today=100.0% | yizi_next_all=38.2% | height{2:39;3:22;4:10;5:1;6:3;7:1} | themes=32 | dates=65
promote,one_price_today & NOT theme_alive_own & NOT is_fanbao,76,51,0.6711,26/43=60.5%,25/33=75.8%,yizi_today=100%_not_buyable | wins_are_yizi_next=57% | yizi_today=100.0% | yizi_next_all=38.2% | height{2:39;3:22;4:10;5:1;6:3;7:1} | themes=32 | dates=65
promote,one_price_today & is_new_high & NOT is_fanbao,91,61,0.6703,39/52=75.0%,22/39=56.4%,yizi_today=100%_not_buyable | wins_are_yizi_next=57% | yizi_today=100.0% | yizi_next_all=38.5% | height{2:3;3:19;4:24;5:13;6:9;7:7;8:3;9:2;10:3;11:1;12:1;13:1;14:2;15:1;16:1;17:1} | themes=28 | dates=81
promote,one_price_today & is_new_high & NOT own_baoliang,66,44,0.6667,27/37=73.0%,17/29=58.6%,yizi_today=100%_not_buyable | wins_are_yizi_next=55% | yizi_today=100.0% | yizi_next_all=36.4% | height{2:3;3:15;4:18;5:13;6:5;7:5;8:1;10:2;11:1;12:1;14:1;15:1} | themes=27 | dates=60
promote,one_price_today & NOT is_new_high & NOT theme_alive_own,60,40,0.6667,19/32=59.4%,21/28=75.0%,yizi_today=100%_not_buyable | wins_are_yizi_next=57% | yizi_today=100.0% | yizi_next_all=38.3% | height{2:38;3:18;4:3;5:1} | themes=27 | dates=53
promote,leader_absent & one_price_today & theme_alive_own,155,103,0.6645,73/101=72.3%,30/54=55.6%,yizi_today=100%_not_buyable | yizi_today=100.0% | yizi_next_all=32.3% | height{2:78;3:42;4:23;5:5;6:3;7:1;10:2;14:1} | themes=39 | dates=67
promote,NOT opened & boards_ge5,98,65,0.6633,47/66=71.2%,18/32=56.2%,yizi_today=68%_not_buyable | wins_are_yizi_next=57% | yizi_today=68.4% | yizi_next_all=37.8% | height{5:44;6:19;7:12;8:8;9:4;10:3;11:1;12:1;13:1;14:2;15:1;16:1;17:1} | themes=24 | dates=71
promote,unopened & boards_ge5,98,65,0.6633,47/66=71.2%,18/32=56.2%,yizi_today=68%_not_buyable | wins_are_yizi_next=57% | yizi_today=68.4% | yizi_next_all=37.8% | height{5:44;6:19;7:12;8:8;9:4;10:3;11:1;12:1;13:1;14:2;15:1;16:1;17:1} | themes=24 | dates=71
promote,leader_absent & one_price_today & href_le1,95,63,0.6632,44/60=73.3%,19/35=54.3%,yizi_today=100%_not_buyable | yizi_today=100.0% | yizi_next_all=29.5% | height{2:33;3:27;4:23;5:4;6:4;7:1;10:2;14:1} | themes=30 | dates=56
promote,is_new_high & one_price_today,92,61,0.6630,39/52=75.0%,22/40=55.0%,yizi_today=100%_not_buyable | wins_are_yizi_next=57% | yizi_today=100.0% | yizi_next_all=38.0% | height{2:3;3:19;4:24;5:14;6:9;7:7;8:3;9:2;10:3;11:1;12:1;13:1;14:2;15:1;16:1;17:1} | themes=29 | dates=82
promote,one_price_today & is_new_high & NOT opened,92,61,0.6630,39/52=75.0%,22/40=55.0%,yizi_today=100%_not_buyable | wins_are_yizi_next=57% | yizi_today=100.0% | yizi_next_all=38.0% | height{2:3;3:19;4:24;5:14;6:9;7:7;8:3;9:2;10:3;11:1;12:1;13:1;14:2;15:1;16:1;17:1} | themes=29 | dates=82
promote,one_price_today & is_new_high & href_le1,92,61,0.6630,39/52=75.0%,22/40=55.0%,yizi_today=100%_not_buyable | wins_are_yizi_next=57% | yizi_today=100.0% | yizi_next_all=38.0% | height{2:3;3:19;4:24;5:14;6:9;7:7;8:3;9:2;10:3;11:1;12:1;13:1;14:2;15:1;16:1;17:1} | themes=29 | dates=82
promote,height_new_high & one_price_today,80,53,0.6625,49/71=69.0%,4/9=44.4%,yizi_today=100%_not_buyable | wins_are_yizi_next=64% | yizi_today=100.0% | yizi_next_all=42.5% | height{2:37;3:19;4:7;5:1;6:2;7:2;8:3;9:4;10:1;14:1;15:1;16:1;17:1} | themes=25 | dates=21
promote,one_price_today & NOT is_fanbao & href_le1,151,100,0.6623,68/93=73.1%,32/58=55.2%,yizi_today=100%_not_buyable | wins_are_yizi_next=52% | yizi_today=100.0% | yizi_next_all=34.4% | height{2:32;3:39;4:31;5:17;6:9;7:7;8:3;9:2;10:3;11:1;12:1;13:1;14:2;15:1;16:1;17:1} | themes=35 | dates=108
promote,one_price_today & theme_alive_own & href_le1,127,84,0.6614,59/79=74.7%,25/48=52.1%,yizi_today=100%_not_buyable | wins_are_yizi_next=51% | yizi_today=100.0% | yizi_next_all=33.9% | height{2:26;3:33;4:23;5:17;6:6;7:6;8:3;9:2;10:3;11:1;12:1;13:1;14:2;15:1;16:1;17:1} | themes=31 | dates=95
promote,one_price_today & href_le1,153,101,0.6601,69/94=73.4%,32/59=54.2%,yizi_today=100%_not_buyable | wins_are_yizi_next=51% | yizi_today=100.0% | yizi_next_all=34.0% | height{2:33;3:39;4:31;5:18;6:9;7:7;8:3;9:2;10:3;11:1;12:1;13:1;14:2;15:1;16:1;17:1} | themes=36 | dates=109
promote,one_price_today & NOT opened & href_le1,153,101,0.6601,69/94=73.4%,32/59=54.2%,yizi_today=100%_not_buyable | wins_are_yizi_next=51% | yizi_today=100.0% | yizi_next_all=34.0% | height{2:33;3:39;4:31;5:18;6:9;7:7;8:3;9:2;10:3;11:1;12:1;13:1;14:2;15:1;16:1;17:1} | themes=36 | dates=109
promote,theme_alive_own & boards_ge5 & NOT opened,88,58,0.6591,44/62=71.0%,14/26=53.8%,yizi_today=70%_not_buyable | wins_are_yizi_next=59% | yizi_today=70.5% | yizi_next_all=38.6% | height{5:41;6:15;7:10;8:7;9:4;10:3;11:1;12:1;13:1;14:2;15:1;16:1;17:1} | themes=23 | dates=65
promote,one_price_today & is_new_high & theme_alive_own,76,50,0.6579,32/41=78.0%,18/35=51.4%,yizi_today=100%_not_buyable | wins_are_yizi_next=58% | yizi_today=100.0% | yizi_next_all=38.2% | height{2:2;3:15;4:17;5:14;6:6;7:6;8:3;9:2;10:3;11:1;12:1;13:1;14:2;15:1;16:1;17:1} | themes=24 | dates=71
promote,is_sub_high & one_price_today,61,40,0.6557,30/42=71.4%,10/19=52.6%,yizi_today=100%_not_buyable | yizi_today=100.0% | yizi_next_all=27.9% | height{2:30;3:20;4:7;5:4} | themes=24 | dates=42
promote,one_price_today & NOT is_new_high & href_le1,61,40,0.6557,30/42=71.4%,10/19=52.6%,yizi_today=100%_not_buyable | yizi_today=100.0% | yizi_next_all=27.9% | height{2:30;3:20;4:7;5:4} | themes=24 | dates=42
promote,NOT leader_absent & one_price_today & href_le1,58,38,0.6552,25/34=73.5%,13/24=54.2%,yizi_today=100%_not_buyable | wins_are_yizi_next=63% | yizi_today=100.0% | yizi_next_all=41.4% | height{3:12;4:8;5:14;6:5;7:6;8:3;9:2;10:1;11:1;12:1;13:1;14:1;15:1;16:1;17:1} | themes=22 | dates=53
promote,leader_absent & one_price_today & is_new_high,49,32,0.6531,20/28=71.4%,12/21=57.1%,yizi_today=100%_not_buyable | wins_are_yizi_next=53% | yizi_today=100.0% | yizi_next_all=34.7% | height{2:3;3:16;4:20;5:2;6:4;7:1;10:2;14:1} | themes=23 | dates=40
promote,one_price_today & NOT theme_alive_own & NOT own_baoliang,69,45,0.6522,21/37=56.8%,24/32=75.0%,yizi_today=100%_not_buyable | wins_are_yizi_next=58% | yizi_today=100.0% | yizi_next_all=37.7% | height{2:39;3:18;4:9;5:1;6:2} | themes=31 | dates=61
promote,one_price_today & NOT theme_alive_own & NOT boards_ge5,71,46,0.6479,24/41=58.5%,22/30=73.3%,yizi_today=100%_not_buyable | wins_are_yizi_next=59% | yizi_today=100.0% | yizi_next_all=38.0% | height{2:39;3:22;4:10} | themes=32 | dates=62
promote,one_price_today & NOT own_baoliang & href_le1,119,77,0.6471,52/73=71.2%,25/46=54.3%,yizi_today=100%_not_buyable | yizi_today=100.0% | yizi_next_all=31.1% | height{2:33;3:29;4:25;5:15;6:5;7:5;8:1;10:2;11:1;12:1;14:1;15:1} | themes=34 | dates=84
promote,boards_ge5 & NOT own_baoliang & NOT href_le1,31,20,0.6452,17/28=60.7%,3/3=100.0%,wins_are_yizi_next=50% | yizi_today=41.9% | yizi_next_all=32.3% | height{5:20;6:7;7:2;8:2} | themes=17 | dates=18
promote,leader_absent & one_price_today & NOT is_fanbao,190,122,0.6421,84/125=67.2%,38/65=58.5%,yizi_today=100%_not_buyable | wins_are_yizi_next=50% | yizi_today=100.0% | yizi_next_all=32.1% | height{2:97;3:50;4:30;5:5;6:4;7:1;10:2;14:1} | themes=48 | dates=77
promote,theme_alive & one_price_today,148,95,0.6419,47/71=66.2%,48/77=62.3%,yizi_today=100%_not_buyable | wins_are_yizi_next=52% | yizi_today=100.0% | yizi_next_all=33.1% | height{2:69;3:41;4:26;5:4;6:4;7:1;10:2;14:1} | themes=41 | dates=66
promote,boards_ge5 & NOT opened & NOT own_baoliang,67,43,0.6418,29/43=67.4%,14/24=58.3%,yizi_today=67%_not_buyable | wins_are_yizi_next=56% | yizi_today=67.2% | yizi_next_all=35.8% | height{5:34;6:13;7:9;8:5;10:2;11:1;12:1;14:1;15:1} | themes=23 | dates=52
promote,leader_absent & one_price_today,192,123,0.6406,85/126=67.5%,38/66=57.6%,yizi_today=100%_not_buyable | yizi_today=100.0% | yizi_next_all=31.8% | height{2:99;3:50;4:30;5:5;6:4;7:1;10:2;14:1} | themes=48 | dates=77
promote,one_price_today & lag0,192,123,0.6406,85/126=67.5%,38/66=57.6%,yizi_today=100%_not_buyable | yizi_today=100.0% | yizi_next_all=31.8% | height{2:99;3:50;4:30;5:5;6:4;7:1;10:2;14:1} | themes=48 | dates=77
promote,leader_absent & one_price_today & NOT opened,192,123,0.6406,85/126=67.5%,38/66=57.6%,yizi_today=100%_not_buyable | yizi_today=100.0% | yizi_next_all=31.8% | height{2:99;3:50;4:30;5:5;6:4;7:1;10:2;14:1} | themes=48 | dates=77
promote,leader_absent & one_price_today & NOT is_new_high,143,91,0.6364,65/98=66.3%,26/45=57.8%,yizi_today=100%_not_buyable | yizi_today=100.0% | yizi_next_all=30.8% | height{2:96;3:34;4:10;5:3} | themes=47 | dates=65
promote,theme_alive_own & boards_ge5 & NOT href_le1,44,28,0.6364,24/40=60.0%,4/4=100.0%,wins_are_yizi_next=54% | yizi_today=38.6% | yizi_next_all=34.1% | height{5:28;6:9;7:2;8:3;9:2} | themes=19 | dates=25
promote,is_new_high & boards_ge5 & NOT opened,63,40,0.6349,25/36=69.4%,15/27=55.6%,yizi_today=73%_not_buyable | wins_are_yizi_next=60% | yizi_today=73.0% | yizi_next_all=38.1% | height{5:20;6:14;7:10;8:6;9:2;10:3;11:1;12:1;13:1;14:2;15:1;16:1;17:1} | themes=19 | dates=62
promote,leader_absent & one_price_today & NOT boards_ge5,179,113,0.6313,76/114=66.7%,37/65=56.9%,yizi_today=100%_not_buyable | yizi_today=100.0% | yizi_next_all=29.6% | height{2:99;3:50;4:30} | themes=48 | dates=77
promote,one_price_today & NOT boards_ge5 & href_le1,103,65,0.6311,44/61=72.1%,21/42=50.0%,yizi_today=100%_not_buyable | yizi_today=100.0% | yizi_next_all=27.2% | height{2:33;3:39;4:31} | themes=31 | dates=62
promote,leader_absent & one_price_today & NOT own_baoliang,167,105,0.6287,74/112=66.1%,31/55=56.4%,yizi_today=100%_not_buyable | yizi_today=100.0% | yizi_next_all=30.5% | height{2:99;3:37;4:23;5:4;6:2;7:1;10:1} | themes=48 | dates=74
promote,height_drop & one_price_today,128,80,0.6250,55/82=67.1%,25/46=54.3%,yizi_today=100%_not_buyable | wins_are_yizi_next=51% | yizi_today=100.0% | yizi_next_all=32.0% | height{2:66;3:33;4:19;5:4;6:3;7:1;10:2} | themes=41 | dates=53
promote,boards_ge5 & NOT opened & href_le1,72,45,0.6250,29/42=69.0%,16/30=53.3%,yizi_today=69%_not_buyable | wins_are_yizi_next=56% | yizi_today=69.4% | yizi_next_all=34.7% | height{5:29;6:14;7:10;8:6;9:2;10:3;11:1;12:1;13:1;14:2;15:1;16:1;17:1} | themes=22 | dates=66
promote,leader_absent & one_price_today & NOT href_le1,97,60,0.6186,41/66=62.1%,19/31=61.3%,yizi_today=100%_not_buyable | wins_are_yizi_next=55% | yizi_today=100.0% | yizi_next_all=34.0% | height{2:66;3:23;4:7;5:1} | themes=42 | dates=48
promote,one_price_today & is_new_high & NOT boards_ge5,46,28,0.6087,16/22=72.7%,12/24=50.0%,yizi_today=100%_not_buyable | yizi_today=100.0% | yizi_next_all=26.1% | height{2:3;3:19;4:24} | themes=24 | dates=36
promote,one_price_today & same_theme_baoliang,53,32,0.6038,26/36=72.2%,6/17=35.3%,yizi_today=100%_not_buyable | wins_are_yizi_next=66% | yizi_today=100.0% | yizi_next_all=39.6% | height{2:12;3:13;4:9;5:3;6:5;7:2;8:2;9:2;10:1;13:1;14:1;16:1;17:1} | themes=16 | dates=40
promote,NOT leader_absent & boards_ge5 & NOT href_le1,44,26,0.5909,22/40=55.0%,4/4=100.0%,wins_are_yizi_next=54% | yizi_today=36.4% | yizi_next_all=31.8% | height{5:28;6:9;7:2;8:3;9:2} | themes=21 | dates=24
promote,NOT is_new_high & boards_ge5 & NOT own_baoliang,39,23,0.5897,19/33=57.6%,4/6=66.7%,yizi_today=38.5% | yizi_next_all=25.6% | height{5:27;6:7;7:3;8:2} | themes=20 | dates=24
promote,NOT is_new_high & theme_alive_own & boards_ge5,56,33,0.5893,29/51=56.9%,4/5=80.0%,yizi_today=35.7% | yizi_next_all=28.6% | height{5:38;6:10;7:3;8:3;9:2} | themes=21 | dates=33
promote,amt_lo,637,374,0.5871,221/339=65.2%,153/298=51.3%,yizi_today=62%_not_buyable | yizi_today=62.5% | yizi_next_all=28.6% | height{2:369;3:138;4:63;5:29;6:13;7:10;8:5;9:2;10:3;11:1;12:1;13:1;14:1;15:1} | themes=86 | dates=207
promote,boards_ge5 & NOT href_le1,50,29,0.5800,25/45=55.6%,4/5=80.0%,wins_are_yizi_next=52% | yizi_today=34.0% | yizi_next_all=30.0% | height{5:34;6:9;7:2;8:3;9:2} | themes=24 | dates=27
promote,NOT is_new_high & boards_ge5 & NOT href_le1,50,29,0.5800,25/45=55.6%,4/5=80.0%,wins_are_yizi_next=52% | yizi_today=34.0% | yizi_next_all=30.0% | height{5:34;6:9;7:2;8:3;9:2} | themes=24 | dates=27
promote,NOT is_mid_2_3 & NOT opened,207,120,0.5797,81/137=59.1%,39/70=55.7%,yizi_today=60%_not_buyable | wins_are_yizi_next=50% | yizi_today=60.4% | yizi_next_all=29.0% | height{4:109;5:44;6:19;7:12;8:8;9:4;10:3;11:1;12:1;13:1;14:2;15:1;16:1;17:1} | themes=43 | dates=121
promote,NOT is_mid_2_3 & unopened,207,120,0.5797,81/137=59.1%,39/70=55.7%,yizi_today=60%_not_buyable | wins_are_yizi_next=50% | yizi_today=60.4% | yizi_next_all=29.0% | height{4:109;5:44;6:19;7:12;8:8;9:4;10:3;11:1;12:1;13:1;14:2;15:1;16:1;17:1} | themes=43 | dates=121
promote,boards_ge5 & NOT is_fanbao & NOT href_le1,49,28,0.5714,25/45=55.6%,3/4=75.0%,wins_are_yizi_next=50% | yizi_today=32.7% | yizi_next_all=28.6% | height{5:33;6:9;7:2;8:3;9:2} | themes=24 | dates=26
promote,is_new_high & NOT opened & NOT own_baoliang,107,61,0.5701,31/44=70.5%,30/63=47.6%,yizi_today=62%_not_buyable | yizi_today=61.7% | yizi_next_all=27.1% | height{2:7;3:27;4:31;5:18;6:8;7:7;8:3;10:2;11:1;12:1;14:1;15:1} | themes=36 | dates=89
promote,to_lo,637,363,0.5699,221/339=65.2%,142/298=47.7%,yizi_today=67%_not_buyable | wins_are_yizi_next=50% | yizi_today=67.2% | yizi_next_all=28.6% | height{2:364;3:136;4:70;5:28;6:16;7:9;8:4;9:2;10:2;11:1;12:1;13:1;14:1;15:1;17:1} | themes=82 | dates=207
promote,NOT leader_absent & NOT is_new_high & boards_ge5,51,29,0.5686,24/45=53.3%,5/6=83.3%,wins_are_yizi_next=52% | yizi_today=35.3% | yizi_next_all=29.4% | height{5:34;6:9;7:3;8:3;9:2} | themes=26 | dates=29
promote,height_new_high & boards_ge5,44,25,0.5682,22/35=62.9%,3/9=33.3%,wins_are_yizi_next=56% | yizi_today=38.6% | yizi_next_all=31.8% | height{5:12;6:5;7:4;8:8;9:5;10:2;11:1;12:1;13:1;14:1;15:1;16:1;17:1;18:1} | themes=15 | dates=22
promote,NOT leader_absent & is_new_high & NOT opened,67,38,0.5672,21/31=67.7%,17/36=47.2%,yizi_today=64%_not_buyable | wins_are_yizi_next=53% | yizi_today=64.2% | yizi_next_all=29.9% | height{3:3;4:13;5:17;6:9;7:9;8:6;9:2;10:1;11:1;12:1;13:1;14:1;15:1;16:1;17:1} | themes=21 | dates=64
promote,is_new_high & theme_alive_own & NOT opened,125,70,0.5600,36/53=67.9%,34/72=47.2%,yizi_today=61%_not_buyable | yizi_today=60.8% | yizi_next_all=27.2% | height{2:6;3:29;4:34;5:20;6:10;7:8;8:5;9:2;10:3;11:1;12:1;13:1;14:2;15:1;16:1;17:1} | themes=32 | dates=103
promote,is_new_high & NOT opened,151,84,0.5563,44/68=64.7%,40/83=48.2%,yizi_today=61%_not_buyable | wins_are_yizi_next=50% | yizi_today=60.9% | yizi_next_all=27.8% | height{2:7;3:38;4:43;5:20;6:14;7:10;8:6;9:2;10:3;11:1;12:1;13:1;14:2;15:1;16:1;17:1} | themes=42 | dates=118
promote,is_new_high & unopened,151,84,0.5563,44/68=64.7%,40/83=48.2%,yizi_today=61%_not_buyable | wins_are_yizi_next=50% | yizi_today=60.9% | yizi_next_all=27.8% | height{2:7;3:38;4:43;5:20;6:14;7:10;8:6;9:2;10:3;11:1;12:1;13:1;14:2;15:1;16:1;17:1} | themes=42 | dates=118
promote,is_new_high & NOT opened & href_le1,151,84,0.5563,44/68=64.7%,40/83=48.2%,yizi_today=61%_not_buyable | wins_are_yizi_next=50% | yizi_today=60.9% | yizi_next_all=27.8% | height{2:7;3:38;4:43;5:20;6:14;7:10;8:6;9:2;10:3;11:1;12:1;13:1;14:2;15:1;16:1;17:1} | themes=42 | dates=118
promote,NOT leader_absent & NOT opened & own_baoliang,63,35,0.5556,24/38=63.2%,11/25=44.0%,yizi_today=51%_not_buyable | wins_are_yizi_next=51% | yizi_today=50.8% | yizi_next_all=28.6% | height{3:25;4:14;5:8;6:3;7:3;8:3;9:4;13:1;16:1;17:1} | themes=25 | dates=49
promote,is_new_high & NOT opened & NOT is_fanbao,146,81,0.5548,44/68=64.7%,37/78=47.4%,yizi_today=62%_not_buyable | wins_are_yizi_next=51% | yizi_today=62.3% | yizi_next_all=28.1% | height{2:7;3:37;4:41;5:18;6:14;7:10;8:6;9:2;10:3;11:1;12:1;13:1;14:2;15:1;16:1;17:1} | themes=41 | dates=115
promote,NOT leader_absent & NOT opened & href_le1,100,55,0.5500,32/50=64.0%,23/50=46.0%,yizi_today=58%_not_buyable | yizi_today=58.0% | yizi_next_all=27.0% | height{2:4;3:19;4:22;5:21;6:9;7:9;8:6;9:2;10:1;11:1;12:1;13:1;14:1;15:1;16:1;17:1} | themes=31 | dates=76
promote,leader_absent & is_new_high & unopened,84,46,0.5476,23/37=62.2%,23/47=48.9%,yizi_today=58%_not_buyable | yizi_today=58.3% | yizi_next_all=26.2% | height{2:7;3:35;4:30;5:3;6:5;7:1;10:2;14:1} | themes=37 | dates=54
promote,leader_absent & is_new_high & NOT opened,84,46,0.5476,23/37=62.2%,23/47=48.9%,yizi_today=58%_not_buyable | yizi_today=58.3% | yizi_next_all=26.2% | height{2:7;3:35;4:30;5:3;6:5;7:1;10:2;14:1} | themes=37 | dates=54
promote,leader_absent & theme_alive_own & boards_ge5,42,23,0.5476,18/33=54.5%,5/9=55.6%,yizi_today=28.6% | yizi_next_all=16.7% | height{5:23;6:13;7:2;10:3;14:1} | themes=21 | dates=29
promote,boards_ge5 & NOT is_fanbao & NOT own_baoliang,118,64,0.5424,43/78=55.1%,21/40=52.5%,yizi_today=37.3% | yizi_next_all=22.9% | height{5:52;6:29;7:18;8:9;9:1;10:3;11:1;12:2;13:1;14:1;15:1} | themes=29 | dates=86
promote,boards_ge6,107,58,0.5421,43/75=57.3%,15/32=46.9%,yizi_today=39.3% | yizi_next_all=26.2% | height{6:46;7:25;8:15;9:5;10:4;11:2;12:2;13:2;14:2;15:1;16:1;17:1;18:1} | themes=24 | dates=86
promote,theme_alive_own & boards_ge5 & NOT own_baoliang,107,58,0.5421,41/71=57.7%,17/36=47.2%,yizi_today=39.3% | yizi_next_all=23.4% | height{5:49;6:25;7:16;8:8;10:3;11:1;12:2;13:1;14:1;15:1} | themes=27 | dates=79
promote,leader_absent & one_price_today & NOT theme_alive_own,37,20,0.5405,12/25=48.0%,8/12=66.7%,yizi_today=100%_not_buyable | wins_are_yizi_next=55% | yizi_today=100.0% | yizi_next_all=29.7% | height{2:21;3:8;4:7;6:1} | themes=21 | dates=31
promote,NOT is_new_high & boards_ge5,65,35,0.5385,30/57=52.6%,5/8=62.5%,yizi_today=32.3% | yizi_next_all=24.6% | height{5:47;6:10;7:3;8:3;9:2} | themes=29 | dates=38
promote,NOT is_new_high & NOT opened & own_baoliang,65,35,0.5385,24/43=55.8%,11/22=50.0%,yizi_today=47.7% | yizi_next_all=26.2% | height{3:38;4:17;5:8;9:2} | themes=25 | dates=57
promote,theme_alive_own & boards_ge5 & NOT is_fanbao,171,92,0.5380,67/118=56.8%,25/53=47.2%,yizi_today=35.1% | yizi_next_all=21.6% | height{5:78;6:40;7:22;8:12;9:4;10:4;11:2;12:2;13:2;14:2;15:1;16:1;17:1} | themes=33 | dates=114
promote,theme_alive_own & NOT opened & own_baoliang,93,50,0.5376,31/53=58.5%,19/40=47.5%,yizi_today=54%_not_buyable | wins_are_yizi_next=50% | yizi_today=53.8% | yizi_next_all=26.9% | height{3:39;4:25;5:10;6:5;7:2;8:3;9:4;10:1;13:1;14:1;16:1;17:1} | themes=27 | dates=76
promote,NOT opened & own_baoliang & href_le1,60,32,0.5333,20/35=57.1%,12/25=48.0%,yizi_today=57%_not_buyable | wins_are_yizi_next=53% | yizi_today=56.7% | yizi_next_all=28.3% | height{3:19;4:17;5:5;6:6;7:3;8:3;9:2;10:1;13:1;14:1;16:1;17:1} | themes=25 | dates=52
promote,leader_baoliang & boards_ge5,77,41,0.5325,28/50=56.0%,13/27=48.1%,yizi_today=35.1% | yizi_next_all=18.2% | height{5:37;6:17;7:8;8:6;9:2;10:1;11:1;13:1;14:1;16:1;17:1;18:1} | themes=27 | dates=53
promote,own_baoliang & NOT opened,109,58,0.5321,37/67=55.2%,21/42=50.0%,yizi_today=52%_not_buyable | wins_are_yizi_next=52% | yizi_today=52.3% | yizi_next_all=27.5% | height{3:49;4:29;5:10;6:6;7:3;8:3;9:4;10:1;13:1;14:1;16:1;17:1} | themes=35 | dates=84
promote,own_baoliang & unopened,109,58,0.5321,37/67=55.2%,21/42=50.0%,yizi_today=52%_not_buyable | wins_are_yizi_next=52% | yizi_today=52.3% | yizi_next_all=27.5% | height{3:49;4:29;5:10;6:6;7:3;8:3;9:4;10:1;13:1;14:1;16:1;17:1} | themes=35 | dates=84
promote,theme_alive_own & boards_ge5,175,93,0.5314,67/118=56.8%,26/57=45.6%,yizi_today=35.4% | yizi_next_all=21.7% | height{5:82;6:40;7:22;8:12;9:4;10:4;11:2;12:2;13:2;14:2;15:1;16:1;17:1} | themes=34 | dates=118
promote,NOT is_new_high & boards_ge5 & NOT is_fanbao,64,34,0.5312,30/57=52.6%,4/7=57.1%,yizi_today=31.2% | yizi_next_all=23.4% | height{5:46;6:10;7:3;8:3;9:2} | themes=29 | dates=37
promote,NOT leader_absent & boards_ge5 & NOT own_baoliang,98,52,0.5306,34/61=55.7%,18/37=48.6%,yizi_today=37.8% | yizi_next_all=23.5% | height{5:41;6:23;7:17;8:9;9:1;10:1;11:1;12:2;13:1;14:1;15:1} | themes=29 | dates=73
promote,NOT opened & own_baoliang & NOT href_le1,49,26,0.5306,17/32=53.1%,9/17=52.9%,wins_are_yizi_next=50% | yizi_today=46.9% | yizi_next_all=26.5% | height{3:30;4:12;5:5;9:2} | themes=25 | dates=44
promote,leader_absent & is_new_high & boards_ge5,34,18,0.5294,13/25=52.0%,5/9=55.6%,yizi_today=29.4% | yizi_next_all=20.6% | height{5:14;6:14;7:2;10:3;14:1} | themes=20 | dates=31
promote,NOT own_baoliang & boards_ge5,121,64,0.5289,43/78=55.1%,21/43=48.8%,yizi_today=37.2% | yizi_next_all=22.3% | height{5:55;6:29;7:18;8:9;9:1;10:3;11:1;12:2;13:1;14:1;15:1} | themes=30 | dates=89
promote,NOT opened & NOT is_fanbao & own_baoliang,106,56,0.5283,37/67=55.2%,19/39=48.7%,yizi_today=53%_not_buyable | wins_are_yizi_next=52% | yizi_today=52.8% | yizi_next_all=27.4% | height{3:47;4:29;5:9;6:6;7:3;8:3;9:4;10:1;13:1;14:1;16:1;17:1} | themes=35 | dates=82
promote,NOT leader_absent & boards_ge5 & NOT is_fanbao,150,79,0.5267,54/98=55.1%,25/52=48.1%,yizi_today=34.7% | yizi_next_all=21.3% | height{5:64;6:31;7:23;8:15;9:5;10:1;11:2;12:2;13:2;14:1;15:1;16:1;17:1;18:1} | themes=35 | dates=95
promote,NOT leader_absent & theme_alive_own & boards_ge5,133,70,0.5263,49/85=57.6%,21/48=43.8%,yizi_today=37.6% | yizi_next_all=23.3% | height{5:59;6:27;7:20;8:12;9:4;10:1;11:2;12:2;13:2;14:1;15:1;16:1;17:1} | themes=33 | dates=89
promote,theme_alive & boards_ge5,38,20,0.5263,13/22=59.1%,7/16=43.8%,yizi_today=31.6% | yizi_next_all=18.4% | height{5:23;6:10;7:1;10:3;14:1} | themes=23 | dates=28
promote,boards_ge5 & same_theme_baoliang,59,31,0.5254,22/37=59.5%,9/22=40.9%,yizi_today=32.2% | yizi_next_all=18.6% | height{5:23;6:15;7:7;8:5;9:2;10:1;11:1;13:1;14:1;16:1;17:1;18:1} | themes=23 | dates=53
promote,NOT is_sub_high & boards_ge5,187,98,0.5241,68/123=55.3%,30/64=46.9%,yizi_today=33.7% | yizi_next_all=21.4% | height{5:82;6:45;7:24;8:15;9:5;10:4;11:2;12:2;13:2;14:2;15:1;16:1;17:1;18:1} | themes=37 | dates=129
promote,is_new_high & NOT opened & own_baoliang,44,23,0.5227,13/24=54.2%,10/20=50.0%,yizi_today=59%_not_buyable | wins_are_yizi_next=57% | yizi_today=59.1% | yizi_next_all=29.5% | height{3:11;4:12;5:2;6:6;7:3;8:3;9:2;10:1;13:1;14:1;16:1;17:1} | themes=21 | dates=40
promote,NOT is_fanbao & boards_ge5,198,103,0.5202,73/135=54.1%,30/63=47.6%,yizi_today=32.8% | yizi_next_all=20.2% | height{5:91;6:46;7:25;8:15;9:5;10:4;11:2;12:2;13:2;14:2;15:1;16:1;17:1;18:1} | themes=39 | dates=126
promote,NOT leader_absent & boards_ge5,154,80,0.5195,54/98=55.1%,26/56=46.4%,yizi_today=35.1% | yizi_next_all=21.4% | height{5:68;6:31;7:23;8:15;9:5;10:1;11:2;12:2;13:2;14:1;15:1;16:1;17:1;18:1} | themes=36 | dates=98
promote,boards_ge5 & NOT lag0,154,80,0.5195,54/98=55.1%,26/56=46.4%,yizi_today=35.1% | yizi_next_all=21.4% | height{5:68;6:31;7:23;8:15;9:5;10:1;11:2;12:2;13:2;14:1;15:1;16:1;17:1;18:1} | themes=36 | dates=98
promote,solo_leader & is_new_high & theme_alive_own,133,69,0.5188,39/70=55.7%,30/63=47.6%,yizi_today=34.6% | yizi_next_all=18.8% | height{3:6;4:22;5:35;6:25;7:19;8:9;9:2;10:4;11:2;12:2;13:2;14:2;15:1;16:1;17:1} | themes=30 | dates=133
promote,prev_leader_baoliang & boards_ge5,81,42,0.5185,30/53=56.6%,12/28=42.9%,yizi_today=28.4% | yizi_next_all=21.0% | height{5:40;6:17;7:10;8:4;9:4;10:1;11:1;12:1;15:1;17:1;18:1} | themes=26 | dates=56
promote,NOT height_drop & boards_ge5,166,86,0.5181,58/105=55.2%,28/61=45.9%,yizi_today=34.3% | yizi_next_all=21.1% | height{5:73;6:36;7:23;8:15;9:5;10:2;11:2;12:2;13:2;14:2;15:1;16:1;17:1;18:1} | themes=38 | dates=108
promote,nzt_le40 & is_new_high & theme_alive_own,31,16,0.5161,5/11=45.5%,11/20=55.0%,yizi_today=25.8% | yizi_next_all=3.2% | height{3:11;4:10;5:6;6:3;7:1} | themes=18 | dates=20
promote,NOT same_theme_broken & boards_ge5,196,101,0.5153,70/130=53.8%,31/66=47.0%,yizi_today=32.7% | yizi_next_all=19.9% | height{5:90;6:46;7:25;8:15;9:5;10:3;11:2;12:2;13:2;14:2;15:1;16:1;17:1;18:1} | themes=40 | dates=125
promote,is_new_high & boards_ge5 & NOT is_fanbao,134,69,0.5149,43/78=55.1%,26/56=46.4%,yizi_today=33.6% | yizi_next_all=18.7% | height{5:45;6:36;7:22;8:12;9:3;10:4;11:2;12:2;13:2;14:2;15:1;16:1;17:1;18:1} | themes=28 | dates=126
promote,boards_ge5,202,104,0.5149,73/135=54.1%,31/67=46.3%,yizi_today=33.2% | yizi_next_all=20.3% | height{5:95;6:46;7:25;8:15;9:5;10:4;11:2;12:2;13:2;14:2;15:1;16:1;17:1;18:1} | themes=40 | dates=129
promote,NOT is_mid_2_3 & boards_ge5,202,104,0.5149,73/135=54.1%,31/67=46.3%,yizi_today=33.2% | yizi_next_all=20.3% | height{5:95;6:46;7:25;8:15;9:5;10:4;11:2;12:2;13:2;14:2;15:1;16:1;17:1;18:1} | themes=40 | dates=129
promote,theme_alive_own & boards_ge5 & own_baoliang,68,35,0.5147,26/47=55.3%,9/21=42.9%,yizi_today=29.4% | yizi_next_all=19.1% | height{5:33;6:15;7:6;8:4;9:4;10:1;11:1;13:1;14:1;16:1;17:1} | themes=27 | dates=60
promote,NOT prev_leader_baoliang & boards_ge5,121,62,0.5124,43/82=52.4%,19/39=48.7%,yizi_today=36.4% | yizi_next_all=19.8% | height{5:55;6:29;7:15;8:11;9:1;10:3;11:1;12:1;13:2;14:2;16:1} | themes=35 | dates=73
promote,NOT theme_alive & boards_ge5,164,84,0.5122,60/113=53.1%,24/51=47.1%,yizi_today=33.5% | yizi_next_all=20.7% | height{5:72;6:36;7:24;8:15;9:5;10:1;11:2;12:2;13:2;14:1;15:1;16:1;17:1;18:1} | themes=37 | dates=101
promote,boards_ge5 & NOT same_theme_baoliang,143,73,0.5105,51/98=52.0%,22/45=48.9%,yizi_today=33.6% | yizi_next_all=21.0% | height{5:72;6:31;7:18;8:10;9:3;10:3;11:1;12:2;13:1;14:1;15:1} | themes=37 | dates=90
promote,is_new_high & boards_ge5 & own_baoliang,55,28,0.5091,19/33=57.6%,9/22=40.9%,yizi_today=29.1% | yizi_next_all=14.5% | height{5:20;6:14;7:7;8:5;9:2;10:1;11:1;13:1;14:1;16:1;17:1;18:1} | themes=23 | dates=53
promote,is_new_high & theme_alive_own & boards_ge5,119,60,0.5042,38/67=56.7%,22/52=42.3%,yizi_today=35.3% | yizi_next_all=18.5% | height{5:44;6:30;7:19;8:9;9:2;10:4;11:2;12:2;13:2;14:2;15:1;16:1;17:1} | themes=27 | dates=113
promote,NOT leader_baoliang & boards_ge5,125,63,0.5040,45/85=52.9%,18/40=45.0%,yizi_today=32.0% | yizi_next_all=21.6% | height{5:58;6:29;7:17;8:9;9:3;10:3;11:1;12:2;13:1;14:1;15:1} | themes=35 | dates=76
promote,NOT is_mid_2_3 & NOT own_baoliang,266,134,0.5038,90/168=53.6%,44/98=44.9%,yizi_today=34.6% | yizi_next_all=18.0% | height{4:145;5:55;6:29;7:18;8:9;9:1;10:3;11:1;12:2;13:1;14:1;15:1} | themes=49 | dates=148
promote,is_new_high & boards_ge5,137,69,0.5036,43/78=55.1%,26/59=44.1%,yizi_today=33.6% | yizi_next_all=18.2% | height{5:48;6:36;7:22;8:12;9:3;10:4;11:2;12:2;13:2;14:2;15:1;16:1;17:1;18:1} | themes=29 | dates=129
promote,is_new_high & boards_ge5 & href_le1,137,69,0.5036,43/78=55.1%,26/59=44.1%,yizi_today=33.6% | yizi_next_all=18.2% | height{5:48;6:36;7:22;8:12;9:3;10:4;11:2;12:2;13:2;14:2;15:1;16:1;17:1;18:1} | themes=29 | dates=129
promote,boards_ge5 & NOT is_fanbao & href_le1,149,75,0.5034,48/90=53.3%,27/59=45.8%,yizi_today=32.9% | yizi_next_all=17.4% | height{5:58;6:37;7:23;8:12;9:3;10:4;11:2;12:2;13:2;14:2;15:1;16:1;17:1;18:1} | themes=32 | dates=126
promote,NOT height_new_high & boards_ge5,158,79,0.5000,51/100=51.0%,28/58=48.3%,yizi_today=31.6% | yizi_next_all=17.1% | height{5:83;6:41;7:21;8:7;10:2;11:1;12:1;13:1;14:1} | themes=36 | dates=107
promote,is_new_high & NOT boards_ge5 & NOT opened,88,44,0.5000,19/32=59.4%,25/56=44.6%,yizi_today=52%_not_buyable | yizi_today=52.3% | yizi_next_all=20.5% | height{2:7;3:38;4:43} | themes=39 | dates=56
promote,is_new_high & boards_ge5 & NOT own_baoliang,82,41,0.5000,24/45=53.3%,17/37=45.9%,yizi_today=36.6% | yizi_next_all=20.7% | height{5:28;6:22;7:15;8:7;9:1;10:3;11:1;12:2;13:1;14:1;15:1} | themes=25 | dates=79
promote,boards_ge5 & own_baoliang & href_le1,62,31,0.5000,22/40=55.0%,9/22=40.9%,yizi_today=29.0% | yizi_next_all=14.5% | height{5:26;6:15;7:7;8:5;9:2;10:1;11:1;13:1;14:1;16:1;17:1;18:1} | themes=26 | dates=58
promote,NOT leader_absent & boards_ge5 & own_baoliang,56,28,0.5000,20/37=54.1%,8/19=42.1%,yizi_today=30.4% | yizi_next_all=17.9% | height{5:27;6:8;7:6;8:6;9:4;11:1;13:1;16:1;17:1;18:1} | themes=27 | dates=47
promote,leader_absent & boards_ge5,48,24,0.5000,19/37=51.4%,5/11=45.5%,yizi_today=27.1% | yizi_next_all=16.7% | height{5:27;6:15;7:2;10:3;14:1} | themes=24 | dates=31
promote,boards_ge5 & lag0,48,24,0.5000,19/37=51.4%,5/11=45.5%,yizi_today=27.1% | yizi_next_all=16.7% | height{5:27;6:15;7:2;10:3;14:1} | themes=24 | dates=31
promote,leader_absent & boards_ge5 & NOT is_fanbao,48,24,0.5000,19/37=51.4%,5/11=45.5%,yizi_today=27.1% | yizi_next_all=16.7% | height{5:27;6:15;7:2;10:3;14:1} | themes=24 | dates=31
promote,leader_absent & NOT opened & own_baoliang,46,23,0.5000,13/29=44.8%,10/17=58.8%,yizi_today=54%_not_buyable | wins_are_yizi_next=52% | yizi_today=54.3% | yizi_next_all=26.1% | height{3:24;4:15;5:2;6:3;10:1;14:1} | themes=23 | dates=35
promote,leader_absent & boards_ge5 & href_le1,42,21,0.5000,16/32=50.0%,5/10=50.0%,yizi_today=28.6% | yizi_next_all=16.7% | height{5:21;6:15;7:2;10:3;14:1} | themes=22 | dates=31
promote,height_drop & boards_ge5,36,18,0.5000,15/30=50.0%,3/6=50.0%,yizi_today=27.8% | yizi_next_all=16.7% | height{5:22;6:10;7:2;10:2} | themes=20 | dates=21
promote,is_new_high & NOT theme_alive_own & NOT own_baoliang,30,15,0.5000,9/17=52.9%,6/13=46.2%,yizi_today=43.3% | yizi_next_all=20.0% | height{2:1;3:9;4:11;5:1;6:4;7:2;8:1;9:1} | themes=20 | dates=29
promote,theme_alive_own & boards_ge5 & href_le1,131,65,0.4962,43/78=55.1%,22/53=41.5%,yizi_today=34.4% | yizi_next_all=17.6% | height{5:54;6:31;7:20;8:9;9:2;10:4;11:2;12:2;13:2;14:2;15:1;16:1;17:1} | themes=29 | dates=114
promote,NOT leader_absent & is_new_high & boards_ge5,103,51,0.4951,30/53=56.6%,21/50=42.0%,yizi_today=35.0% | yizi_next_all=17.5% | height{5:34;6:22;7:20;8:12;9:3;10:1;11:2;12:2;13:2;14:1;15:1;16:1;17:1;18:1} | themes=27 | dates=98
promote,own_baoliang & boards_ge5,81,40,0.4938,30/57=52.6%,10/24=41.7%,yizi_today=27.2% | yizi_next_all=17.3% | height{5:40;6:17;7:7;8:6;9:4;10:1;11:1;13:1;14:1;16:1;17:1;18:1} | themes=32 | dates=68
promote,boards_ge5 & href_le1,152,75,0.4934,48/90=53.3%,27/62=43.5%,yizi_today=32.9% | yizi_next_all=17.1% | height{5:61;6:37;7:23;8:12;9:3;10:4;11:2;12:2;13:2;14:2;15:1;16:1;17:1;18:1} | themes=33 | dates=129
promote,height_new_high & NOT is_mid_2_3,71,35,0.4930,31/57=54.4%,4/14=28.6%,yizi_today=33.8% | yizi_next_all=22.5% | height{4:27;5:12;6:5;7:4;8:8;9:5;10:2;11:1;12:1;13:1;14:1;15:1;16:1;17:1;18:1} | themes=23 | dates=22
promote,NOT leader_absent & boards_ge5 & href_le1,110,54,0.4909,32/58=55.2%,22/52=42.3%,yizi_today=34.5% | yizi_next_all=17.3% | height{5:40;6:22;7:21;8:12;9:3;10:1;11:2;12:2;13:2;14:1;15:1;16:1;17:1;18:1} | themes=29 | dates=98
promote,NOT theme_alive & NOT opened,795,389,0.4893,278/521=53.4%,111/274=40.5%,yizi_today=45.7% | yizi_next_all=21.5% | height{2:494;3:149;4:69;5:38;6:14;7:11;8:8;9:4;10:1;11:1;12:1;13:1;14:1;15:1;16:1;17:1} | themes=101 | dates=135
promote,NOT theme_alive & unopened,795,389,0.4893,278/521=53.4%,111/274=40.5%,yizi_today=45.7% | yizi_next_all=21.5% | height{2:494;3:149;4:69;5:38;6:14;7:11;8:8;9:4;10:1;11:1;12:1;13:1;14:1;15:1;16:1;17:1} | themes=101 | dates=135
promote,is_new_high & NOT same_theme_baoliang,180,88,0.4889,42/76=55.3%,46/104=44.2%,yizi_today=34.4% | yizi_next_all=16.1% | height{2:6;3:41;4:51;5:28;6:22;7:15;8:7;9:1;10:3;11:1;12:2;13:1;14:1;15:1} | themes=42 | dates=141
promote,boards_ge5 & NOT own_baoliang & href_le1,90,44,0.4889,26/50=52.0%,18/40=45.0%,yizi_today=35.6% | yizi_next_all=18.9% | height{5:35;6:22;7:16;8:7;9:1;10:3;11:1;12:2;13:1;14:1;15:1} | themes=26 | dates=82
promote,boards_ge5 & NOT is_fanbao & own_baoliang,80,39,0.4875,30/57=52.6%,9/23=39.1%,yizi_today=26.2% | yizi_next_all=16.2% | height{5:39;6:17;7:7;8:6;9:4;10:1;11:1;13:1;14:1;16:1;17:1;18:1} | themes=32 | dates=67
promote,height_new_high & NOT opened,154,75,0.4870,70/130=53.8%,5/24=20.8%,yizi_today=52%_not_buyable | wins_are_yizi_next=51% | yizi_today=51.9% | yizi_next_all=24.7% | height{2:92;3:27;4:12;5:3;6:3;7:2;8:6;9:4;10:1;14:1;15:1;16:1;17:1} | themes=42 | dates=22
promote,height_new_high & unopened,154,75,0.4870,70/130=53.8%,5/24=20.8%,yizi_today=52%_not_buyable | wins_are_yizi_next=51% | yizi_today=51.9% | yizi_next_all=24.7% | height{2:92;3:27;4:12;5:3;6:3;7:2;8:6;9:4;10:1;14:1;15:1;16:1;17:1} | themes=42 | dates=22
promote,NOT leader_absent & NOT opened & NOT is_fanbao,691,335,0.4848,213/403=52.9%,122/288=42.4%,yizi_today=44.7% | yizi_next_all=21.6% | height{2:426;3:129;4:61;5:30;6:14;7:11;8:8;9:4;10:1;11:1;12:1;13:1;14:1;15:1;16:1;17:1} | themes=94 | dates=120
promote,NOT leader_absent & theme_alive_own & NOT opened,621,300,0.4831,193/359=53.8%,107/262=40.8%,yizi_today=45.1% | yizi_next_all=21.1% | height{2:385;3:111;4:56;5:30;6:11;7:9;8:7;9:4;10:1;11:1;12:1;13:1;14:1;15:1;16:1;17:1} | themes=68 | dates=118
promote,theme_alive_own & NOT opened & href_le1,263,127,0.4829,74/126=58.7%,53/137=38.7%,yizi_today=48.3% | yizi_next_all=19.4% | height{2:89;3:64;4:47;5:27;6:10;7:8;8:5;9:2;10:3;11:1;12:1;13:1;14:2;15:1;16:1;17:1} | themes=46 | dates=131
promote,NOT is_mid_2_3 & NOT href_le1,168,81,0.4821,69/135=51.1%,12/33=36.4%,yizi_today=26.2% | yizi_next_all=15.5% | height{4:118;5:34;6:9;7:2;8:3;9:2} | themes=43 | dates=69
promote,NOT leader_baoliang & is_new_high,123,59,0.4797,30/55=54.5%,29/68=42.6%,yizi_today=32.5% | yizi_next_all=17.9% | height{3:12;4:32;5:25;6:22;7:15;8:7;9:1;10:3;11:1;12:2;13:1;14:1;15:1} | themes=33 | dates=105
promote,NOT theme_alive & is_new_high,190,91,0.4789,50/99=50.5%,41/91=45.1%,yizi_today=28.4% | yizi_next_all=15.3% | height{2:16;3:36;4:32;5:32;6:26;7:21;8:12;9:3;10:1;11:2;12:2;13:2;14:1;15:1;16:1;17:1;18:1} | themes=44 | dates=135
promote,NOT opened & href_le1,322,154,0.4783,87/151=57.6%,67/171=39.2%,yizi_today=47.5% | yizi_next_all=19.3% | height{2:112;3:80;4:58;5:29;6:14;7:10;8:6;9:2;10:3;11:1;12:1;13:1;14:2;15:1;16:1;17:1} | themes=59 | dates=144
promote,unopened & href_le1,322,154,0.4783,87/151=57.6%,67/171=39.2%,yizi_today=47.5% | yizi_next_all=19.3% | height{2:112;3:80;4:58;5:29;6:14;7:10;8:6;9:2;10:3;11:1;12:1;13:1;14:2;15:1;16:1;17:1} | themes=59 | dates=144
promote,NOT leader_absent & NOT opened,722,345,0.4778,214/406=52.7%,131/316=41.5%,yizi_today=44.2% | yizi_next_all=21.1% | height{2:450;3:132;4:62;5:33;6:14;7:11;8:8;9:4;10:1;11:1;12:1;13:1;14:1;15:1;16:1;17:1} | themes=94 | dates=120
promote,NOT leader_absent & unopened,722,345,0.4778,214/406=52.7%,131/316=41.5%,yizi_today=44.2% | yizi_next_all=21.1% | height{2:450;3:132;4:62;5:33;6:14;7:11;8:8;9:4;10:1;11:1;12:1;13:1;14:1;15:1;16:1;17:1} | themes=94 | dates=120
promote,NOT opened & NOT lag0,722,345,0.4778,214/406=52.7%,131/316=41.5%,yizi_today=44.2% | yizi_next_all=21.1% | height{2:450;3:132;4:62;5:33;6:14;7:11;8:8;9:4;10:1;11:1;12:1;13:1;14:1;15:1;16:1;17:1} | themes=94 | dates=120
promote,unopened & NOT lag0,722,345,0.4778,214/406=52.7%,131/316=41.5%,yizi_today=44.2% | yizi_next_all=21.1% | height{2:450;3:132;4:62;5:33;6:14;7:11;8:8;9:4;10:1;11:1;12:1;13:1;14:1;15:1;16:1;17:1} | themes=94 | dates=120
promote,NOT opened & NOT is_fanbao & href_le1,313,149,0.4760,86/150=57.3%,63/163=38.7%,yizi_today=48.2% | yizi_next_all=19.5% | height{2:108;3:79;4:56;5:27;6:14;7:10;8:6;9:2;10:3;11:1;12:1;13:1;14:2;15:1;16:1;17:1} | themes=58 | dates=142
promote,NOT leader_baoliang & NOT is_mid_2_3,248,118,0.4758,81/158=51.3%,37/90=41.1%,yizi_today=27.4% | yizi_next_all=17.3% | height{4:123;5:58;6:29;7:17;8:9;9:3;10:3;11:1;12:2;13:1;14:1;15:1} | themes=45 | dates=97
promote,NOT is_mid_2_3 & NOT same_theme_baoliang,337,160,0.4748,110/221=49.8%,50/116=43.1%,yizi_today=28.8% | yizi_next_all=16.0% | height{4:194;5:72;6:31;7:18;8:10;9:3;10:3;11:1;12:2;13:1;14:1;15:1} | themes=53 | dates=149
promote,is_new_high & NOT is_fanbao & NOT own_baoliang,188,89,0.4734,45/82=54.9%,44/106=41.5%,yizi_today=34.6% | yizi_next_all=16.0% | height{2:15;3:46;4:48;5:25;6:22;7:15;8:7;9:1;10:3;11:1;12:2;13:1;14:1;15:1} | themes=42 | dates=137
promote,NOT leader_absent & is_new_high & NOT own_baoliang,93,44,0.4731,24/43=55.8%,20/50=40.0%,yizi_today=33.3% | yizi_next_all=18.3% | height{3:4;4:22;5:22;6:16;7:14;8:7;9:1;10:1;11:1;12:2;13:1;14:1;15:1} | themes=29 | dates=84
promote,NOT theme_alive & NOT is_mid_2_3,320,151,0.4719,107/222=48.2%,44/98=44.9%,yizi_today=27.2% | yizi_next_all=15.9% | height{4:156;5:72;6:36;7:24;8:15;9:5;10:1;11:2;12:2;13:2;14:1;15:1;16:1;17:1;18:1} | themes=56 | dates=120
promote,NOT is_sub_high & NOT is_mid_2_3,391,184,0.4706,123/249=49.4%,61/142=43.0%,yizi_today=29.2% | yizi_next_all=16.1% | height{4:204;5:82;6:45;7:24;8:15;9:5;10:4;11:2;12:2;13:2;14:2;15:1;16:1;17:1;18:1} | themes=56 | dates=178
promote,theme_alive_own & NOT opened & NOT is_fanbao,967,455,0.4705,303/569=53.3%,152/398=38.2%,yizi_today=43.7% | yizi_next_all=20.0% | height{2:606;3:185;4:91;5:38;6:15;7:10;8:7;9:4;10:3;11:1;12:1;13:1;14:2;15:1;16:1;17:1} | themes=81 | dates=200
promote,NOT leader_absent & NOT opened & NOT own_baoliang,659,310,0.4704,190/368=51.6%,120/291=41.2%,yizi_today=43.6% | yizi_next_all=20.3% | height{2:450;3:107;4:48;5:25;6:11;7:8;8:5;10:1;11:1;12:1;14:1;15:1} | themes=92 | dates=120
promote,NOT leader_absent & NOT is_mid_2_3,296,139,0.4696,94/186=50.5%,45/110=40.9%,yizi_today=27.7% | yizi_next_all=15.2% | height{4:142;5:68;6:31;7:23;8:15;9:5;10:1;11:2;12:2;13:2;14:1;15:1;16:1;17:1;18:1} | themes=53 | dates=119
promote,NOT is_mid_2_3 & NOT lag0,296,139,0.4696,94/186=50.5%,45/110=40.9%,yizi_today=27.7% | yizi_next_all=15.2% | height{4:142;5:68;6:31;7:23;8:15;9:5;10:1;11:2;12:2;13:2;14:1;15:1;16:1;17:1;18:1} | themes=53 | dates=119
promote,NOT theme_alive_own & is_new_high,49,23,0.4694,14/31=45.2%,9/18=50.0%,yizi_today=32.7% | yizi_next_all=16.3% | height{2:1;3:16;4:14;5:4;6:6;7:3;8:3;9:1;18:1} | themes=31 | dates=44
promote,is_new_high & NOT theme_alive_own & NOT is_fanbao,49,23,0.4694,14/31=45.2%,9/18=50.0%,yizi_today=32.7% | yizi_next_all=16.3% | height{2:1;3:16;4:14;5:4;6:6;7:3;8:3;9:1;18:1} | themes=31 | dates=44
promote,is_new_high & NOT theme_alive_own & href_le1,49,23,0.4694,14/31=45.2%,9/18=50.0%,yizi_today=32.7% | yizi_next_all=16.3% | height{2:1;3:16;4:14;5:4;6:6;7:3;8:3;9:1;18:1} | themes=31 | dates=44
promote,NOT leader_absent & NOT is_new_high & NOT opened,655,307,0.4687,193/375=51.5%,114/280=40.7%,yizi_today=42.1% | yizi_next_all=20.2% | height{2:450;3:129;4:49;5:16;6:5;7:2;8:2;9:2} | themes=93 | dates=119
promote,NOT height_drop & NOT opened,886,415,0.4684,257/493=52.1%,158/393=40.2%,yizi_today=43.2% | yizi_next_all=20.1% | height{2:558;3:166;4:80;5:35;6:15;7:11;8:8;9:4;10:1;11:1;12:1;13:1;14:2;15:1;16:1;17:1} | themes=101 | dates=148
promote,NOT height_drop & unopened,886,415,0.4684,257/493=52.1%,158/393=40.2%,yizi_today=43.2% | yizi_next_all=20.1% | height{2:558;3:166;4:80;5:35;6:15;7:11;8:8;9:4;10:1;11:1;12:1;13:1;14:2;15:1;16:1;17:1} | themes=101 | dates=148
promote,NOT leader_absent & NOT opened & NOT href_le1,622,290,0.4662,182/356=51.1%,108/266=40.6%,yizi_today=42.0% | yizi_next_all=20.1% | height{2:446;3:113;4:40;5:12;6:5;7:2;8:2;9:2} | themes=90 | dates=116
promote,theme_alive_own & NOT is_mid_2_3,382,178,0.4660,120/243=49.4%,58/139=41.7%,yizi_today=28.8% | yizi_next_all=16.0% | height{4:207;5:82;6:40;7:22;8:12;9:4;10:4;11:2;12:2;13:2;14:2;15:1;16:1;17:1} | themes=49 | dates=169
promote,NOT opened & NOT own_baoliang & href_le1,262,122,0.4656,67/116=57.8%,55/146=37.7%,yizi_today=45.4% | yizi_next_all=17.2% | height{2:112;3:61;4:41;5:24;6:8;7:7;8:3;10:2;11:1;12:1;14:1;15:1} | themes=54 | dates=118
promote,is_new_high & NOT own_baoliang,200,93,0.4650,45/82=54.9%,48/118=40.7%,yizi_today=33.0% | yizi_next_all=15.5% | height{2:16;3:48;4:54;5:28;6:22;7:15;8:7;9:1;10:3;11:1;12:2;13:1;14:1;15:1} | themes=43 | dates=143
promote,is_new_high & NOT own_baoliang & href_le1,200,93,0.4650,45/82=54.9%,48/118=40.7%,yizi_today=33.0% | yizi_next_all=15.5% | height{2:16;3:48;4:54;5:28;6:22;7:15;8:7;9:1;10:3;11:1;12:2;13:1;14:1;15:1} | themes=43 | dates=143
promote,theme_alive_own & NOT opened,1014,471,0.4645,305/573=53.2%,166/441=37.6%,yizi_today=42.9% | yizi_next_all=19.3% | height{2:644;3:189;4:93;5:41;6:15;7:10;8:7;9:4;10:3;11:1;12:1;13:1;14:2;15:1;16:1;17:1} | themes=81 | dates=201
promote,theme_alive_own & unopened,1014,471,0.4645,305/573=53.2%,166/441=37.6%,yizi_today=42.9% | yizi_next_all=19.3% | height{2:644;3:189;4:93;5:41;6:15;7:10;8:7;9:4;10:3;11:1;12:1;13:1;14:2;15:1;16:1;17:1} | themes=81 | dates=201
promote,NOT opened & same_theme_baoliang,97,45,0.4639,30/54=55.6%,15/43=34.9%,yizi_today=55%_not_buyable | wins_are_yizi_next=53% | yizi_today=54.6% | yizi_next_all=24.7% | height{2:33;3:22;4:17;5:5;6:7;7:3;8:3;9:2;10:1;13:1;14:1;16:1;17:1} | themes=27 | dates=60
promote,unopened & same_theme_baoliang,97,45,0.4639,30/54=55.6%,15/43=34.9%,yizi_today=55%_not_buyable | wins_are_yizi_next=53% | yizi_today=54.6% | yizi_next_all=24.7% | height{2:33;3:22;4:17;5:5;6:7;7:3;8:3;9:2;10:1;13:1;14:1;16:1;17:1} | themes=27 | dates=60
promote,NOT prev_leader_baoliang & NOT is_mid_2_3,246,114,0.4634,75/161=46.6%,39/85=45.9%,yizi_today=29.3% | yizi_next_all=17.1% | height{4:125;5:55;6:29;7:15;8:11;9:1;10:3;11:1;12:1;13:2;14:2;16:1} | themes=52 | dates=94
promote,NOT same_theme_broken & is_new_high,296,137,0.4628,65/130=50.0%,72/166=43.4%,yizi_today=29.4% | yizi_next_all=14.5% | height{2:16;3:69;4:79;5:44;6:36;7:22;8:12;9:3;10:3;11:2;12:2;13:2;14:2;15:1;16:1;17:1;18:1} | themes=55 | dates=201
promote,leader_absent & theme_alive_own & is_new_high,145,67,0.4621,27/55=49.1%,40/90=44.4%,yizi_today=26.9% | yizi_next_all=13.1% | height{2:15;3:56;4:44;5:12;6:12;7:2;10:3;14:1} | themes=39 | dates=79
promote,lag0 & is_new_high & theme_alive_own,145,67,0.4621,27/55=49.1%,40/90=44.4%,yizi_today=26.9% | yizi_next_all=13.1% | height{2:15;3:56;4:44;5:12;6:12;7:2;10:3;14:1} | themes=39 | dates=79
promote,leader_absent & is_new_high & theme_alive_own,145,67,0.4621,27/55=49.1%,40/90=44.4%,yizi_today=26.9% | yizi_next_all=13.1% | height{2:15;3:56;4:44;5:12;6:12;7:2;10:3;14:1} | themes=39 | dates=79
promote,NOT height_drop & is_new_high,197,91,0.4619,47/97=48.5%,44/100=44.0%,yizi_today=28.4% | yizi_next_all=14.2% | height{3:28;4:55;5:38;6:27;7:20;8:12;9:3;10:2;11:2;12:2;13:2;14:2;15:1;16:1;17:1;18:1} | themes=41 | dates=149
promote,is_new_high & NOT is_mid_2_3,223,103,0.4619,54/114=47.4%,49/109=45.0%,yizi_today=31.4% | yizi_next_all=16.6% | height{4:86;5:48;6:36;7:22;8:12;9:3;10:4;11:2;12:2;13:2;14:2;15:1;16:1;17:1;18:1} | themes=42 | dates=178
promote,NOT is_sub_high & NOT opened,1040,480,0.4615,301/588=51.2%,179/452=39.6%,yizi_today=43.3% | yizi_next_all=20.3% | height{2:668;3:189;4:94;5:35;6:19;7:12;8:8;9:4;10:3;11:1;12:1;13:1;14:2;15:1;16:1;17:1} | themes=110 | dates=201
promote,NOT is_sub_high & unopened,1040,480,0.4615,301/588=51.2%,179/452=39.6%,yizi_today=43.3% | yizi_next_all=20.3% | height{2:668;3:189;4:94;5:35;6:19;7:12;8:8;9:4;10:3;11:1;12:1;13:1;14:2;15:1;16:1;17:1} | themes=110 | dates=201
promote,NOT boards_ge5 & NOT opened & own_baoliang,78,36,0.4615,19/44=43.2%,17/34=50.0%,yizi_today=44.9% | yizi_next_all=21.8% | height{3:49;4:29} | themes=31 | dates=69
promote,leader_absent & is_new_high & own_baoliang,65,30,0.4615,13/33=39.4%,17/32=53.1%,yizi_today=21.5% | yizi_next_all=13.8% | height{3:27;4:19;5:8;6:8;7:1;10:1;14:1} | themes=33 | dates=51
promote,NOT prev_leader_baoliang & NOT opened,644,297,0.4612,190/352=54.0%,107/292=36.6%,yizi_today=43.3% | yizi_next_all=20.5% | height{2:390;3:143;4:50;5:26;6:13;7:7;8:7;9:1;10:2;12:1;13:1;14:2;16:1} | themes=94 | dates=106
promote,NOT prev_leader_baoliang & unopened,644,297,0.4612,190/352=54.0%,107/292=36.6%,yizi_today=43.3% | yizi_next_all=20.5% | height{2:390;3:143;4:50;5:26;6:13;7:7;8:7;9:1;10:2;12:1;13:1;14:2;16:1} | themes=94 | dates=106
promote,boards_eq3,526,242,0.4601,147/299=49.2%,95/227=41.9%,yizi_today=26.8% | yizi_next_all=11.6% | height{3:526} | themes=85 | dates=193
promote,NOT same_theme_broken & NOT opened,1145,526,0.4594,328/639=51.3%,198/506=39.1%,yizi_today=42.3% | yizi_next_all=19.2% | height{2:725;3:222;4:103;5:42;6:19;7:12;8:8;9:4;10:2;11:1;12:1;13:1;14:2;15:1;16:1;17:1} | themes=117 | dates=205
promote,NOT same_theme_broken & unopened,1145,526,0.4594,328/639=51.3%,198/506=39.1%,yizi_today=42.3% | yizi_next_all=19.2% | height{2:725;3:222;4:103;5:42;6:19;7:12;8:8;9:4;10:2;11:1;12:1;13:1;14:2;15:1;16:1;17:1} | themes=117 | dates=205
promote,leader_absent & is_new_high,172,79,0.4593,34/72=47.2%,45/100=45.0%,yizi_today=28.5% | yizi_next_all=13.4% | height{2:16;3:71;4:51;5:14;6:14;7:2;10:3;14:1} | themes=51 | dates=86
promote,is_new_high & lag0,172,79,0.4593,34/72=47.2%,45/100=45.0%,yizi_today=28.5% | yizi_next_all=13.4% | height{2:16;3:71;4:51;5:14;6:14;7:2;10:3;14:1} | themes=51 | dates=86
promote,leader_absent & is_new_high & href_le1,172,79,0.4593,34/72=47.2%,45/100=45.0%,yizi_today=28.5% | yizi_next_all=13.4% | height{2:16;3:71;4:51;5:14;6:14;7:2;10:3;14:1} | themes=51 | dates=86
promote,is_new_high & theme_alive_own & NOT own_baoliang,170,78,0.4588,36/65=55.4%,42/105=40.0%,yizi_today=31.2% | yizi_next_all=14.7% | height{2:15;3:39;4:43;5:27;6:18;7:13;8:6;10:3;11:1;12:2;13:1;14:1;15:1} | themes=37 | dates=126
promote,NOT is_fanbao & NOT opened,1164,534,0.4588,342/667=51.3%,192/497=38.6%,yizi_today=42.9% | yizi_next_all=19.6% | height{2:735;3:227;4:107;5:41;6:19;7:12;8:8;9:4;10:3;11:1;12:1;13:1;14:2;15:1;16:1;17:1} | themes=117 | dates=206
promote,NOT is_fanbao & unopened,1164,534,0.4588,342/667=51.3%,192/497=38.6%,yizi_today=42.9% | yizi_next_all=19.6% | height{2:735;3:227;4:107;5:41;6:19;7:12;8:8;9:4;10:3;11:1;12:1;13:1;14:2;15:1;16:1;17:1} | themes=117 | dates=206
promote,theme_alive_own & NOT opened & NOT href_le1,751,344,0.4581,231/447=51.7%,113/304=37.2%,yizi_today=41.0% | yizi_next_all=19.3% | height{2:555;3:125;4:46;5:14;6:5;7:2;8:2;9:2} | themes=74 | dates=168
promote,leader_absent & is_new_high & NOT own_baoliang,107,49,0.4579,21/39=53.8%,28/68=41.2%,yizi_today=32.7% | yizi_next_all=13.1% | height{2:16;3:44;4:32;5:6;6:6;7:1;10:2} | themes=39 | dates=59
promote,NOT is_mid_2_3 & NOT is_fanbao,426,195,0.4577,134/282=47.5%,61/144=42.4%,yizi_today=28.9% | yizi_next_all=15.3% | height{4:228;5:91;6:46;7:25;8:15;9:5;10:4;11:2;12:2;13:2;14:2;15:1;16:1;17:1;18:1} | themes=59 | dates=174
promote,NOT theme_alive_own & NOT opened & href_le1,59,27,0.4576,13/25=52.0%,14/34=41.2%,yizi_today=44.1% | yizi_next_all=18.6% | height{2:23;3:16;4:11;5:2;6:4;7:2;8:1} | themes=29 | dates=45
promote,leader_absent & is_new_high & NOT is_fanbao,164,75,0.4573,34/72=47.2%,41/92=44.6%,yizi_today=29.9% | yizi_next_all=14.0% | height{2:15;3:67;4:48;5:14;6:14;7:2;10:3;14:1} | themes=51 | dates=86
promote,theme_alive_own & NOT opened & NOT own_baoliang,921,421,0.4571,274/520=52.7%,147/401=36.7%,yizi_today=41.8% | yizi_next_all=18.6% | height{2:644;3:150;4:68;5:31;6:10;7:8;8:4;10:2;11:1;12:1;14:1;15:1} | themes=79 | dates=201
promote,is_new_high & NOT is_fanbao,300,137,0.4567,69/141=48.9%,68/159=42.8%,yizi_today=30.3% | yizi_next_all=14.3% | height{2:15;3:74;4:77;5:45;6:36;7:22;8:12;9:3;10:4;11:2;12:2;13:2;14:2;15:1;16:1;17:1;18:1} | themes=55 | dates=201
promote,is_new_high & NOT is_fanbao & href_le1,300,137,0.4567,69/141=48.9%,68/159=42.8%,yizi_today=30.3% | yizi_next_all=14.3% | height{2:15;3:74;4:77;5:45;6:36;7:22;8:12;9:3;10:4;11:2;12:2;13:2;14:2;15:1;16:1;17:1;18:1} | themes=55 | dates=201
promote,NOT height_drop & NOT is_mid_2_3,344,157,0.4564,105/216=48.6%,52/128=40.6%,yizi_today=27.9% | yizi_next_all=15.1% | height{4:178;5:73;6:36;7:23;8:15;9:5;10:2;11:2;12:2;13:2;14:2;15:1;16:1;17:1;18:1} | themes=55 | dates=140
promote,NOT same_theme_broken & NOT is_mid_2_3,421,192,0.4561,127/269=47.2%,65/152=42.8%,yizi_today=28.3% | yizi_next_all=15.4% | height{4:225;5:90;6:46;7:25;8:15;9:5;10:3;11:2;12:2;13:2;14:2;15:1;16:1;17:1;18:1} | themes=59 | dates=175
promote,NOT leader_absent & is_new_high & NOT is_fanbao,136,62,0.4559,35/69=50.7%,27/67=40.3%,yizi_today=30.9% | yizi_next_all=14.7% | height{3:7;4:29;5:31;6:22;7:20;8:12;9:3;10:1;11:2;12:2;13:2;14:1;15:1;16:1;17:1;18:1} | themes=36 | dates=115
promote,NOT is_mid_2_3,439,200,0.4556,134/282=47.5%,66/157=42.0%,yizi_today=28.5% | yizi_next_all=15.3% | height{4:237;5:95;6:46;7:25;8:15;9:5;10:4;11:2;12:2;13:2;14:2;15:1;16:1;17:1;18:1} | themes=59 | dates=178
promote,boards_ge4,439,200,0.4556,134/282=47.5%,66/157=42.0%,yizi_today=28.5% | yizi_next_all=15.3% | height{4:237;5:95;6:46;7:25;8:15;9:5;10:4;11:2;12:2;13:2;14:2;15:1;16:1;17:1;18:1} | themes=59 | dates=178
promote,prev_leader_baoliang & is_new_high,156,71,0.4551,39/79=49.4%,32/77=41.6%,yizi_today=28.8% | yizi_next_all=10.3% | height{2:7;3:37;4:52;5:24;6:15;7:9;8:3;9:3;10:1;11:1;12:1;15:1;17:1;18:1} | themes=41 | dates=101
promote,NOT leader_baoliang & NOT opened,690,314,0.4551,192/364=52.7%,122/326=37.4%,yizi_today=40.0% | yizi_next_all=19.1% | height{2:458;3:111;4:59;5:31;6:11;7:8;8:4;9:2;10:2;11:1;12:1;14:1;15:1} | themes=90 | dates=105
promote,NOT leader_baoliang & unopened,690,314,0.4551,192/364=52.7%,122/326=37.4%,yizi_today=40.0% | yizi_next_all=19.1% | height{2:458;3:111;4:59;5:31;6:11;7:8;8:4;9:2;10:2;11:1;12:1;14:1;15:1} | themes=90 | dates=105
promote,is_new_high,317,144,0.4543,69/141=48.9%,75/176=42.6%,yizi_today=29.0% | yizi_next_all=13.9% | height{2:16;3:78;4:86;5:48;6:36;7:22;8:12;9:3;10:4;11:2;12:2;13:2;14:2;15:1;16:1;17:1;18:1} | themes=55 | dates=207
promote,href0,317,144,0.4543,69/141=48.9%,75/176=42.6%,yizi_today=29.0% | yizi_next_all=13.9% | height{2:16;3:78;4:86;5:48;6:36;7:22;8:12;9:3;10:4;11:2;12:2;13:2;14:2;15:1;16:1;17:1;18:1} | themes=55 | dates=207
promote,is_new_high & NOT is_sub_high,317,144,0.4543,69/141=48.9%,75/176=42.6%,yizi_today=29.0% | yizi_next_all=13.9% | height{2:16;3:78;4:86;5:48;6:36;7:22;8:12;9:3;10:4;11:2;12:2;13:2;14:2;15:1;16:1;17:1;18:1} | themes=55 | dates=207
promote,is_new_high & href_le1,317,144,0.4543,69/141=48.9%,75/176=42.6%,yizi_today=29.0% | yizi_next_all=13.9% | height{2:16;3:78;4:86;5:48;6:36;7:22;8:12;9:3;10:4;11:2;12:2;13:2;14:2;15:1;16:1;17:1;18:1} | themes=55 | dates=207
promote,NOT is_sub_high & href_le1,317,144,0.4543,69/141=48.9%,75/176=42.6%,yizi_today=29.0% | yizi_next_all=13.9% | height{2:16;3:78;4:86;5:48;6:36;7:22;8:12;9:3;10:4;11:2;12:2;13:2;14:2;15:1;16:1;17:1;18:1} | themes=55 | dates=207
promote,is_new_high & theme_alive_own & NOT is_fanbao,251,114,0.4542,55/110=50.0%,59/141=41.8%,yizi_today=29.9% | yizi_next_all=13.9% | height{2:14;3:58;4:63;5:41;6:30;7:19;8:9;9:2;10:4;11:2;12:2;13:2;14:2;15:1;16:1;17:1} | themes=44 | dates=180
promote,NOT opened,1211,550,0.4542,344/671=51.3%,206/540=38.1%,yizi_today=42.2% | yizi_next_all=19.1% | height{2:773;3:231;4:109;5:44;6:19;7:12;8:8;9:4;10:3;11:1;12:1;13:1;14:2;15:1;16:1;17:1} | themes=117 | dates=206
promote,unopened,1211,550,0.4542,344/671=51.3%,206/540=38.1%,yizi_today=42.2% | yizi_next_all=19.1% | height{2:773;3:231;4:109;5:44;6:19;7:12;8:8;9:4;10:3;11:1;12:1;13:1;14:2;15:1;16:1;17:1} | themes=117 | dates=206
promote,NOT opened & unopened,1211,550,0.4542,344/671=51.3%,206/540=38.1%,yizi_today=42.2% | yizi_next_all=19.1% | height{2:773;3:231;4:109;5:44;6:19;7:12;8:8;9:4;10:3;11:1;12:1;13:1;14:2;15:1;16:1;17:1} | themes=117 | dates=206
promote,NOT leader_absent & NOT boards_ge5 & NOT opened,644,292,0.4534,178/358=49.7%,114/286=39.9%,yizi_today=41.1% | yizi_next_all=19.1% | height{2:450;3:132;4:62} | themes=94 | dates=119
promote,NOT prev_leader_baoliang & is_new_high,161,73,0.4534,30/62=48.4%,43/99=43.4%,yizi_today=29.2% | yizi_next_all=17.4% | height{2:9;3:41;4:34;5:24;6:21;7:13;8:9;10:3;11:1;12:1;13:2;14:2;16:1} | themes=43 | dates=106
promote,NOT opened & NOT same_theme_baoliang,1114,505,0.4533,314/617=50.9%,191/497=38.4%,yizi_today=41.1% | yizi_next_all=18.6% | height{2:740;3:209;4:92;5:39;6:12;7:9;8:5;9:2;10:2;11:1;12:1;14:1;15:1} | themes=115 | dates=206
promote,unopened & NOT same_theme_baoliang,1114,505,0.4533,314/617=50.9%,191/497=38.4%,yizi_today=41.1% | yizi_next_all=18.6% | height{2:740;3:209;4:92;5:39;6:12;7:9;8:5;9:2;10:2;11:1;12:1;14:1;15:1} | themes=115 | dates=206
promote,leader_baoliang & NOT opened,521,236,0.4530,152/307=49.5%,84/214=39.3%,yizi_today=45.1% | yizi_next_all=19.0% | height{2:315;3:120;4:50;5:13;6:8;7:4;8:4;9:2;10:1;13:1;14:1;16:1;17:1} | themes=87 | dates=101
promote,leader_baoliang & unopened,521,236,0.4530,152/307=49.5%,84/214=39.3%,yizi_today=45.1% | yizi_next_all=19.0% | height{2:315;3:120;4:50;5:13;6:8;7:4;8:4;9:2;10:1;13:1;14:1;16:1;17:1} | themes=87 | dates=101
promote,height_drop & NOT is_mid_2_3,95,43,0.4526,29/66=43.9%,14/29=48.3%,yizi_today=30.5% | yizi_next_all=15.8% | height{4:59;5:22;6:10;7:2;10:2} | themes=36 | dates=38
promote,NOT opened & NOT is_fanbao & NOT href_le1,851,385,0.4524,256/517=49.5%,129/334=38.6%,yizi_today=40.9% | yizi_next_all=19.6% | height{2:627;3:148;4:51;5:14;6:5;7:2;8:2;9:2} | themes=107 | dates=172
promote,NOT opened & NOT is_fanbao & NOT own_baoliang,1058,478,0.4518,305/600=50.8%,173/458=37.8%,yizi_today=41.9% | yizi_next_all=18.8% | height{2:735;3:180;4:78;5:32;6:13;7:9;8:5;10:2;11:1;12:1;14:1;15:1} | themes=112 | dates=206
promote,NOT one_price_today & boards_ge5 & NOT opened,31,14,0.4516,9/18=50.0%,5/13=38.5%,yizi_today=0.0% | yizi_next_all=6.5% | height{5:19;6:6;7:3;8:3} | themes=17 | dates=28
promote,is_new_high & NOT theme_alive_own & NOT boards_ge5,31,14,0.4516,9/20=45.0%,5/11=45.5%,yizi_today=38.7% | yizi_next_all=16.1% | height{2:1;3:16;4:14} | themes=23 | dates=26
promote,theme_alive_own & is_new_high,268,121,0.4515,55/110=50.0%,66/158=41.8%,yizi_today=28.4% | yizi_next_all=13.4% | height{2:15;3:62;4:72;5:44;6:30;7:19;8:9;9:2;10:4;11:2;12:2;13:2;14:2;15:1;16:1;17:1} | themes=44 | dates=186
promote,is_new_high & theme_alive_own & href_le1,268,121,0.4515,55/110=50.0%,66/158=41.8%,yizi_today=28.4% | yizi_next_all=13.4% | height{2:15;3:62;4:72;5:44;6:30;7:19;8:9;9:2;10:4;11:2;12:2;13:2;14:2;15:1;16:1;17:1} | themes=44 | dates=186
promote,NOT is_new_high & theme_alive_own & NOT opened,889,401,0.4511,269/520=51.7%,132/369=35.8%,yizi_today=40.4% | yizi_next_all=18.2% | height{2:638;3:160;4:59;5:21;6:5;7:2;8:2;9:2} | themes=80 | dates=195
promote,NOT leader_absent & NOT own_baoliang & href_le1,142,64,0.4507,33/64=51.6%,31/78=39.7%,yizi_today=31.0% | yizi_next_all=15.5% | height{2:10;3:28;4:33;5:25;6:16;7:15;8:7;9:1;10:1;11:1;12:2;13:1;14:1;15:1} | themes=41 | dates=91
promote,NOT height_new_high & NOT opened,1057,475,0.4494,274/541=50.6%,201/516=39.0%,yizi_today=40.8% | yizi_next_all=18.3% | height{2:681;3:204;4:97;5:41;6:16;7:10;8:2;10:2;11:1;12:1;13:1;14:1} | themes=113 | dates=184
promote,NOT height_new_high & unopened,1057,475,0.4494,274/541=50.6%,201/516=39.0%,yizi_today=40.8% | yizi_next_all=18.3% | height{2:681;3:204;4:97;5:41;6:16;7:10;8:2;10:2;11:1;12:1;13:1;14:1} | themes=113 | dates=184
promote,lag1 & is_new_high & theme_alive_own,69,31,0.4493,13/26=50.0%,18/43=41.9%,yizi_today=29.0% | yizi_next_all=14.5% | height{3:6;4:26;5:22;6:7;7:5;8:1;11:1;15:1} | themes=27 | dates=54
promote,NOT is_new_high & NOT is_mid_2_3,216,97,0.4491,80/168=47.6%,17/48=35.4%,yizi_today=25.5% | yizi_next_all=13.9% | height{4:151;5:47;6:10;7:3;8:3;9:2} | themes=48 | dates=95
promote,NOT height_new_high & is_new_high,294,132,0.4490,58/124=46.8%,74/170=43.5%,yizi_today=28.6% | yizi_next_all=13.3% | height{2:16;3:78;4:86;5:46;6:35;7:20;8:7;10:2;11:1;12:1;13:1;14:1} | themes=55 | dates=185
promote,NOT height_new_high & NOT is_mid_2_3,368,165,0.4484,103/225=45.8%,62/143=43.4%,yizi_today=27.4% | yizi_next_all=13.9% | height{4:210;5:83;6:41;7:21;8:7;10:2;11:1;12:1;13:1;14:1} | themes=58 | dates=156
promote,NOT leader_absent & is_new_high,145,65,0.4483,35/69=50.7%,30/76=39.5%,yizi_today=29.7% | yizi_next_all=14.5% | height{3:7;4:35;5:34;6:22;7:20;8:12;9:3;10:1;11:2;12:2;13:2;14:1;15:1;16:1;17:1;18:1} | themes=38 | dates=121
promote,is_new_high & NOT lag0,145,65,0.4483,35/69=50.7%,30/76=39.5%,yizi_today=29.7% | yizi_next_all=14.5% | height{3:7;4:35;5:34;6:22;7:20;8:12;9:3;10:1;11:2;12:2;13:2;14:1;15:1;16:1;17:1;18:1} | themes=38 | dates=121
promote,NOT leader_absent & is_new_high & href_le1,145,65,0.4483,35/69=50.7%,30/76=39.5%,yizi_today=29.7% | yizi_next_all=14.5% | height{3:7;4:35;5:34;6:22;7:20;8:12;9:3;10:1;11:2;12:2;13:2;14:1;15:1;16:1;17:1;18:1} | themes=38 | dates=121
promote,NOT own_baoliang & NOT opened,1102,492,0.4465,307/604=50.8%,185/498=37.1%,yizi_today=41.2% | yizi_next_all=18.2% | height{2:773;3:182;4:80;5:34;6:13;7:9;8:5;10:2;11:1;12:1;14:1;15:1} | themes=112 | dates=206
promote,NOT own_baoliang & unopened,1102,492,0.4465,307/604=50.8%,185/498=37.1%,yizi_today=41.2% | yizi_next_all=18.2% | height{2:773;3:182;4:80;5:34;6:13;7:9;8:5;10:2;11:1;12:1;14:1;15:1} | themes=112 | dates=206
promote,prev_leader_baoliang & NOT opened,567,253,0.4462,154/319=48.3%,99/248=39.9%,yizi_today=40.9% | yizi_next_all=17.5% | height{2:383;3:88;4:59;5:18;6:6;7:5;8:1;9:3;10:1;11:1;15:1;17:1} | themes=83 | dates=100
promote,prev_leader_baoliang & unopened,567,253,0.4462,154/319=48.3%,99/248=39.9%,yizi_today=40.9% | yizi_next_all=17.5% | height{2:383;3:88;4:59;5:18;6:6;7:5;8:1;9:3;10:1;11:1;15:1;17:1} | themes=83 | dates=100
promote,theme_alive_own & NOT boards_ge5 & NOT opened,926,413,0.4460,261/511=51.1%,152/415=36.6%,yizi_today=40.3% | yizi_next_all=17.5% | height{2:644;3:189;4:93} | themes=81 | dates=200
promote,leader_absent & NOT opened & href_le1,222,99,0.4459,55/101=54.5%,44/121=36.4%,yizi_today=42.8% | yizi_next_all=15.8% | height{2:108;3:61;4:36;5:8;6:5;7:1;10:2;14:1} | themes=54 | dates=68
promote,prev_leader_baoliang & NOT is_mid_2_3,193,86,0.4456,59/121=48.8%,27/72=37.5%,yizi_today=27.5% | yizi_next_all=13.0% | height{4:112;5:40;6:17;7:10;8:4;9:4;10:1;11:1;12:1;15:1;17:1;18:1} | themes=42 | dates=84
promote,NOT leader_absent & NOT theme_alive_own & NOT opened,101,45,0.4455,21/47=44.7%,24/54=44.4%,yizi_today=38.6% | yizi_next_all=20.8% | height{2:65;3:21;4:6;5:3;6:3;7:2;8:1} | themes=56 | dates=66
promote,NOT opened & NOT href_le1,889,396,0.4454,257/520=49.4%,139/369=37.7%,yizi_today=40.3% | yizi_next_all=19.0% | height{2:661;3:151;4:51;5:15;6:5;7:2;8:2;9:2} | themes=107 | dates=172
promote,unopened & NOT href_le1,889,396,0.4454,257/520=49.4%,139/369=37.7%,yizi_today=40.3% | yizi_next_all=19.0% | height{2:661;3:151;4:51;5:15;6:5;7:2;8:2;9:2} | themes=107 | dates=172
promote,NOT is_new_high & NOT opened & NOT href_le1,889,396,0.4454,257/520=49.4%,139/369=37.7%,yizi_today=40.3% | yizi_next_all=19.0% | height{2:661;3:151;4:51;5:15;6:5;7:2;8:2;9:2} | themes=107 | dates=172
promote,NOT is_new_high & NOT opened & NOT is_fanbao,1018,453,0.4450,298/599=49.7%,155/419=37.0%,yizi_today=40.1% | yizi_next_all=18.4% | height{2:728;3:190;4:66;5:23;6:5;7:2;8:2;9:2} | themes=115 | dates=201
promote,leader_absent & is_new_high & NOT boards_ge5,138,61,0.4420,21/47=44.7%,40/91=44.0%,yizi_today=28.3% | yizi_next_all=11.6% | height{2:16;3:71;4:51} | themes=49 | dates=55
promote,height_drop & is_new_high,120,53,0.4417,22/44=50.0%,31/76=40.8%,yizi_today=30.0% | yizi_next_all=13.3% | height{2:16;3:50;4:31;5:10;6:9;7:2;10:2} | themes=43 | dates=58
promote,is_new_high & NOT boards_ge5 & NOT own_baoliang,118,52,0.4407,21/37=56.8%,31/81=38.3%,yizi_today=30.5% | yizi_next_all=11.9% | height{2:16;3:48;4:54} | themes=39 | dates=64
promote,NOT opened & NOT own_baoliang & NOT href_le1,840,370,0.4405,240/488=49.2%,130/352=36.9%,yizi_today=39.9% | yizi_next_all=18.6% | height{2:661;3:121;4:39;5:10;6:5;7:2;8:2} | themes=104 | dates=172
promote,NOT boards_ge5 & NOT opened & NOT is_fanbao,1069,470,0.4397,295/601=49.1%,175/468=37.4%,yizi_today=40.6% | yizi_next_all=18.0% | height{2:735;3:227;4:107} | themes=117 | dates=205
promote,NOT is_new_high & NOT opened,1060,466,0.4396,300/603=49.8%,166/457=36.3%,yizi_today=39.5% | yizi_next_all=17.8% | height{2:766;3:193;4:66;5:24;6:5;7:2;8:2;9:2} | themes=115 | dates=202
promote,NOT is_new_high & unopened,1060,466,0.4396,300/603=49.8%,166/457=36.3%,yizi_today=39.5% | yizi_next_all=17.8% | height{2:766;3:193;4:66;5:24;6:5;7:2;8:2;9:2} | themes=115 | dates=202
promote,NOT is_mid_2_3 & href_le1,271,119,0.4391,65/147=44.2%,54/124=43.5%,yizi_today=29.9% | yizi_next_all=15.1% | height{4:119;5:61;6:37;7:23;8:12;9:3;10:4;11:2;12:2;13:2;14:2;15:1;16:1;17:1;18:1} | themes=47 | dates=178
promote,NOT leader_absent & is_new_high & theme_alive_own,123,54,0.4390,28/55=50.9%,26/68=38.2%,yizi_today=30.1% | yizi_next_all=13.8% | height{3:6;4:28;5:32;6:18;7:17;8:9;9:2;10:1;11:2;12:2;13:2;14:1;15:1;16:1;17:1} | themes=33 | dates=107
promote,own_baoliang & theme_alive_own & is_new_high,98,43,0.4388,19/45=42.2%,24/53=45.3%,yizi_today=23.5% | yizi_next_all=11.2% | height{3:23;4:29;5:17;6:12;7:6;8:3;9:2;10:1;11:1;13:1;14:1;16:1;17:1} | themes=33 | dates=87
promote,is_new_high & theme_alive_own & own_baoliang,98,43,0.4388,19/45=42.2%,24/53=45.3%,yizi_today=23.5% | yizi_next_all=11.2% | height{3:23;4:29;5:17;6:12;7:6;8:3;9:2;10:1;11:1;13:1;14:1;16:1;17:1} | themes=33 | dates=87
promote,lag_1to3 & is_new_high & theme_alive_own,114,50,0.4386,25/49=51.0%,25/65=38.5%,yizi_today=29.8% | yizi_next_all=14.0% | height{3:6;4:27;5:32;6:18;7:16;8:6;9:1;11:1;12:1;13:2;14:1;15:1;16:1;17:1} | themes=32 | dates=98
promote,leader_baoliang & is_new_high,194,85,0.4381,39/86=45.3%,46/108=42.6%,yizi_today=26.8% | yizi_next_all=11.3% | height{2:16;3:66;4:54;5:23;6:14;7:7;8:5;9:2;10:1;11:1;13:1;14:1;16:1;17:1;18:1} | themes=50 | dates=102
promote,is_new_high & is_mid_2_3,94,41,0.4362,15/27=55.6%,26/67=38.8%,yizi_today=23.4% | yizi_next_all=7.4% | height{2:16;3:78} | themes=39 | dates=29
promote,NOT boards_ge5 & NOT opened & href_le1,250,109,0.4360,58/109=53.2%,51/141=36.2%,yizi_today=41.2% | yizi_next_all=14.8% | height{2:112;3:80;4:58} | themes=57 | dates=83
promote,is_new_high & own_baoliang,117,51,0.4359,24/59=40.7%,27/58=46.6%,yizi_today=22.2% | yizi_next_all=11.1% | height{3:30;4:32;5:20;6:14;7:7;8:5;9:2;10:1;11:1;13:1;14:1;16:1;17:1;18:1} | themes=41 | dates=100
promote,is_new_high & own_baoliang & href_le1,117,51,0.4359,24/59=40.7%,27/58=46.6%,yizi_today=22.2% | yizi_next_all=11.1% | height{3:30;4:32;5:20;6:14;7:7;8:5;9:2;10:1;11:1;13:1;14:1;16:1;17:1;18:1} | themes=41 | dates=100
promote,NOT opened & NOT boards_ge5,1113,485,0.4358,297/605=49.1%,188/508=37.0%,yizi_today=39.9% | yizi_next_all=17.4% | height{2:773;3:231;4:109} | themes=117 | dates=205
promote,unopened & NOT boards_ge5,1113,485,0.4358,297/605=49.1%,188/508=37.0%,yizi_today=39.9% | yizi_next_all=17.4% | height{2:773;3:231;4:109} | themes=117 | dates=205
promote,NOT boards_ge5 & NOT opened & NOT href_le1,863,376,0.4357,239/496=48.2%,137/367=37.3%,yizi_today=39.5% | yizi_next_all=18.2% | height{2:661;3:151;4:51} | themes=107 | dates=172
promote,leader_absent & theme_alive_own & NOT opened,393,171,0.4351,112/214=52.3%,59/179=33.0%,yizi_today=39.4% | yizi_next_all=16.5% | height{2:259;3:78;4:37;5:11;6:4;7:1;10:2;14:1} | themes=58 | dates=83
promote,height_new_high & theme_alive_own,299,130,0.4348,112/237=47.3%,18/62=29.0%,yizi_today=25.4% | yizi_next_all=15.1% | height{2:168;3:69;4:25;5:8;6:5;7:4;8:7;9:4;10:2;11:1;12:1;13:1;14:1;15:1;16:1;17:1} | themes=43 | dates=22
promote,NOT boards_ge5 & NOT opened & NOT own_baoliang,1035,449,0.4338,278/561=49.6%,171/474=36.1%,yizi_today=39.5% | yizi_next_all=17.1% | height{2:773;3:182;4:80} | themes=112 | dates=205
promote,NOT theme_alive_own & own_baoliang & NOT href_le1,30,13,0.4333,9/18=50.0%,4/12=33.3%,yizi_today=10.0% | yizi_next_all=10.0% | height{3:21;4:6;5:3} | themes=22 | dates=27
promote,NOT is_new_high & NOT opened & NOT own_baoliang,995,431,0.4332,276/560=49.3%,155/435=35.6%,yizi_today=39.0% | yizi_next_all=17.3% | height{2:766;3:155;4:49;5:16;6:5;7:2;8:2} | themes=112 | dates=202
promote,NOT is_new_high & NOT boards_ge5 & NOT opened,1025,441,0.4302,278/573=48.5%,163/452=36.1%,yizi_today=38.8% | yizi_next_all=17.2% | height{2:766;3:193;4:66} | themes=115 | dates=201
promote,NOT height_drop & same_theme_baoliang,135,58,0.4296,34/78=43.6%,24/57=42.1%,yizi_today=23.7% | yizi_next_all=11.1% | height{2:36;3:26;4:26;5:17;6:11;7:6;8:5;9:2;11:1;13:1;14:1;16:1;17:1;18:1} | themes=32 | dates=67
promote,leader_baoliang & NOT is_mid_2_3,191,82,0.4293,53/124=42.7%,29/67=43.3%,yizi_today=29.8% | yizi_next_all=12.6% | height{4:114;5:37;6:17;7:8;8:6;9:2;10:1;11:1;13:1;14:1;16:1;17:1;18:1} | themes=49 | dates=81
promote,is_new_high & NOT is_fanbao & own_baoliang,112,48,0.4286,24/59=40.7%,24/53=45.3%,yizi_today=23.2% | yizi_next_all=11.6% | height{3:28;4:29;5:20;6:14;7:7;8:5;9:2;10:1;11:1;13:1;14:1;16:1;17:1;18:1} | themes=41 | dates=98
promote,is_mid_2_3 & NOT opened,1004,430,0.4283,263/534=49.3%,167/470=35.5%,yizi_today=38.4% | yizi_next_all=17.0% | height{2:773;3:231} | themes=115 | dates=203
promote,is_mid_2_3 & unopened,1004,430,0.4283,263/534=49.3%,167/470=35.5%,yizi_today=38.4% | yizi_next_all=17.0% | height{2:773;3:231} | themes=115 | dates=203
promote,leader_absent & NOT is_mid_2_3,143,61,0.4266,40/96=41.7%,21/47=44.7%,yizi_today=30.1% | yizi_next_all=15.4% | height{4:95;5:27;6:15;7:2;10:3;14:1} | themes=42 | dates=59
promote,NOT is_mid_2_3 & lag0,143,61,0.4266,40/96=41.7%,21/47=44.7%,yizi_today=30.1% | yizi_next_all=15.4% | height{4:95;5:27;6:15;7:2;10:3;14:1} | themes=42 | dates=59
promote,NOT one_price_today & boards_ge5 & NOT href_le1,33,14,0.4242,12/30=40.0%,2/3=66.7%,yizi_today=0.0% | yizi_next_all=12.1% | height{5:27;6:5;8:1} | themes=21 | dates=24
promote,leader_absent & theme_alive_own & own_baoliang,111,47,0.4234,24/65=36.9%,23/46=50.0%,yizi_today=18.0% | yizi_next_all=9.0% | height{3:62;4:30;5:9;6:7;7:1;10:1;14:1} | themes=36 | dates=57
promote,own_baoliang & same_theme_baoliang,135,57,0.4222,27/69=39.1%,30/66=45.5%,yizi_today=21.5% | yizi_next_all=11.1% | height{3:42;4:37;5:21;6:14;7:7;8:5;9:2;10:1;11:1;13:1;14:1;16:1;17:1;18:1} | themes=41 | dates=100
promote,NOT is_sub_high & own_baoliang,297,125,0.4209,72/179=40.2%,53/118=44.9%,yizi_today=16.5% | yizi_next_all=9.8% | height{3:144;4:79;5:34;6:16;7:7;8:6;9:4;10:1;11:1;13:1;14:1;16:1;17:1;18:1} | themes=68 | dates=157
promote,leader_absent & NOT opened & NOT is_fanbao,473,199,0.4207,129/264=48.9%,70/209=33.5%,yizi_today=40.2% | yizi_next_all=16.7% | height{2:309;3:98;4:46;5:11;6:5;7:1;10:2;14:1} | themes=83 | dates=86
promote,NOT leader_absent & NOT is_fanbao & href_le1,214,90,0.4206,50/106=47.2%,40/108=37.0%,yizi_today=26.6% | yizi_next_all=13.1% | height{2:10;3:50;4:47;5:37;6:22;7:21;8:12;9:3;10:1;11:2;12:2;13:2;14:1;15:1;16:1;17:1;18:1} | themes=47 | dates=120
promote,NOT leader_absent & NOT theme_alive_own & href_le1,31,13,0.4194,8/19=42.1%,5/12=41.7%,yizi_today=25.8% | yizi_next_all=12.9% | height{2:1;3:5;4:9;5:4;6:4;7:3;8:3;9:1;18:1} | themes=18 | dates=28
promote,leader_absent & NOT opened,489,205,0.4192,130/265=49.1%,75/224=33.5%,yizi_today=39.3% | yizi_next_all=16.2% | height{2:323;3:99;4:47;5:11;6:5;7:1;10:2;14:1} | themes=83 | dates=86
promote,leader_absent & unopened,489,205,0.4192,130/265=49.1%,75/224=33.5%,yizi_today=39.3% | yizi_next_all=16.2% | height{2:323;3:99;4:47;5:11;6:5;7:1;10:2;14:1} | themes=83 | dates=86
promote,NOT opened & lag0,489,205,0.4192,130/265=49.1%,75/224=33.5%,yizi_today=39.3% | yizi_next_all=16.2% | height{2:323;3:99;4:47;5:11;6:5;7:1;10:2;14:1} | themes=83 | dates=86
promote,unopened & lag0,489,205,0.4192,130/265=49.1%,75/224=33.5%,yizi_today=39.3% | yizi_next_all=16.2% | height{2:323;3:99;4:47;5:11;6:5;7:1;10:2;14:1} | themes=83 | dates=86
promote,NOT leader_absent & own_baoliang & NOT href_le1,134,56,0.4179,37/90=41.1%,19/44=43.2%,yizi_today=13.4% | yizi_next_all=9.7% | height{3:79;4:38;5:12;6:2;8:1;9:2} | themes=48 | dates=73
promote,theme_alive & is_new_high,127,53,0.4173,19/42=45.2%,34/85=40.0%,yizi_today=29.9% | yizi_next_all=11.8% | height{3:42;4:54;5:16;6:10;7:1;10:3;14:1} | themes=42 | dates=72
promote,is_new_high & NOT boards_ge5,180,75,0.4167,26/63=41.3%,49/117=41.9%,yizi_today=25.6% | yizi_next_all=10.6% | height{2:16;3:78;4:86} | themes=50 | dates=78
promote,is_new_high & NOT boards_ge5 & href_le1,180,75,0.4167,26/63=41.3%,49/117=41.9%,yizi_today=25.6% | yizi_next_all=10.6% | height{2:16;3:78;4:86} | themes=50 | dates=78
promote,NOT one_price_today & boards_ge5 & theme_alive_own,113,47,0.4159,31/72=43.1%,16/41=39.0%,yizi_today=0.0% | yizi_next_all=4.4% | height{5:58;6:30;7:14;8:7;10:1;11:1;12:1;13:1} | themes=32 | dates=90
promote,NOT one_price_today & theme_alive_own & boards_ge5,113,47,0.4159,31/72=43.1%,16/41=39.0%,yizi_today=0.0% | yizi_next_all=4.4% | height{5:58;6:30;7:14;8:7;10:1;11:1;12:1;13:1} | themes=32 | dates=90
promote,height_drop & NOT opened,325,135,0.4154,87/178=48.9%,48/147=32.7%,yizi_today=39.4% | yizi_next_all=16.3% | height{2:215;3:65;4:29;5:9;6:4;7:1;10:2} | themes=74 | dates=58
promote,height_drop & unopened,325,135,0.4154,87/178=48.9%,48/147=32.7%,yizi_today=39.4% | yizi_next_all=16.3% | height{2:215;3:65;4:29;5:9;6:4;7:1;10:2} | themes=74 | dates=58
promote,NOT leader_absent & href_le1,224,93,0.4152,50/107=46.7%,43/117=36.8%,yizi_today=25.9% | yizi_next_all=12.9% | height{2:10;3:51;4:53;5:40;6:22;7:21;8:12;9:3;10:1;11:2;12:2;13:2;14:1;15:1;16:1;17:1;18:1} | themes=48 | dates=121
promote,href_le1 & NOT lag0,224,93,0.4152,50/107=46.7%,43/117=36.8%,yizi_today=25.9% | yizi_next_all=12.9% | height{2:10;3:51;4:53;5:40;6:22;7:21;8:12;9:3;10:1;11:2;12:2;13:2;14:1;15:1;16:1;17:1;18:1} | themes=48 | dates=121
promote,NOT leader_absent & theme_alive_own & href_le1,193,80,0.4145,42/88=47.7%,38/105=36.2%,yizi_today=25.9% | yizi_next_all=13.0% | height{2:9;3:46;4:44;5:36;6:18;7:18;8:9;9:2;10:1;11:2;12:2;13:2;14:1;15:1;16:1;17:1} | themes=43 | dates=108
promote,H_ge10,344,142,0.4128,135/322=41.9%,7/22=31.8%,yizi_today=25.6% | yizi_next_all=14.0% | height{2:197;3:70;4:37;5:12;6:5;7:2;8:3;9:2;10:4;11:2;12:2;13:2;14:2;15:1;16:1;17:1;18:1} | themes=51 | dates=16
promote,theme_alive & NOT is_mid_2_3,119,49,0.4118,27/60=45.0%,22/59=37.3%,yizi_today=31.9% | yizi_next_all=13.4% | height{4:81;5:23;6:10;7:1;10:3;14:1} | themes=38 | dates=58
promote,leader_absent & NOT boards_ge5 & NOT opened,469,193,0.4115,119/247=48.2%,74/222=33.3%,yizi_today=38.2% | yizi_next_all=15.1% | height{2:323;3:99;4:47} | themes=83 | dates=86
promote,own_baoliang & NOT href_le1,180,74,0.4111,48/120=40.0%,26/60=43.3%,yizi_today=12.8% | yizi_next_all=8.9% | height{3:114;4:47;5:14;6:2;8:1;9:2} | themes=56 | dates=92
promote,NOT is_new_high & own_baoliang & NOT href_le1,180,74,0.4111,48/120=40.0%,26/60=43.3%,yizi_today=12.8% | yizi_next_all=8.9% | height{3:114;4:47;5:14;6:2;8:1;9:2} | themes=56 | dates=92
promote,height_new_high & leader_baoliang,129,53,0.4109,45/100=45.0%,8/29=27.6%,yizi_today=23.3% | yizi_next_all=14.7% | height{2:71;3:30;4:8;5:6;6:3;7:2;8:3;9:2;11:1;16:1;17:1;18:1} | themes=43 | dates=10
promote,NOT leader_baoliang & own_baoliang,129,53,0.4109,36/81=44.4%,17/48=35.4%,yizi_today=12.4% | yizi_next_all=10.1% | height{3:75;4:34;5:15;6:2;8:1;9:2} | themes=44 | dates=67
promote,leader_absent & NOT opened & NOT own_baoliang,443,182,0.4108,117/236=49.6%,65/207=31.4%,yizi_today=37.7% | yizi_next_all=15.1% | height{2:323;3:75;4:32;5:9;6:2;7:1;10:1} | themes=78 | dates=86
promote,is_new_high & NOT boards_ge5 & NOT is_fanbao,166,68,0.4096,26/63=41.3%,42/103=40.8%,yizi_today=27.7% | yizi_next_all=10.8% | height{2:15;3:74;4:77} | themes=50 | dates=75
promote,H_le4 & is_new_high & theme_alive_own,149,61,0.4094,17/43=39.5%,44/106=41.5%,yizi_today=22.8% | yizi_next_all=9.4% | height{2:15;3:62;4:72} | themes=40 | dates=73
promote,is_new_high & theme_alive_own & NOT boards_ge5,149,61,0.4094,17/43=39.5%,44/106=41.5%,yizi_today=22.8% | yizi_next_all=9.4% | height{2:15;3:62;4:72} | themes=40 | dates=73
promote,is_sub_high & NOT opened,171,70,0.4094,43/83=51.8%,27/88=30.7%,yizi_today=35.7% | yizi_next_all=11.7% | height{2:105;3:42;4:15;5:9} | themes=49 | dates=75
promote,is_sub_high & unopened,171,70,0.4094,43/83=51.8%,27/88=30.7%,yizi_today=35.7% | yizi_next_all=11.7% | height{2:105;3:42;4:15;5:9} | themes=49 | dates=75
promote,NOT is_new_high & NOT opened & href_le1,171,70,0.4094,43/83=51.8%,27/88=30.7%,yizi_today=35.7% | yizi_next_all=11.7% | height{2:105;3:42;4:15;5:9} | themes=49 | dates=75
promote,is_new_high & same_theme_baoliang,137,56,0.4088,27/65=41.5%,29/72=40.3%,yizi_today=21.9% | yizi_next_all=10.9% | height{2:10;3:37;4:35;5:20;6:14;7:7;8:5;9:2;10:1;11:1;13:1;14:1;16:1;17:1;18:1} | themes=41 | dates=102
promote,is_mid_2_3 & own_baoliang,186,76,0.4086,40/105=38.1%,36/81=44.4%,yizi_today=12.9% | yizi_next_all=8.1% | height{3:186} | themes=64 | dates=119
promote,NOT leader_absent & same_theme_baoliang,93,38,0.4086,21/45=46.7%,17/48=35.4%,yizi_today=24.7% | yizi_next_all=9.7% | height{2:22;3:15;4:17;5:14;6:7;7:6;8:5;9:2;11:1;13:1;16:1;17:1;18:1} | themes=26 | dates=49
promote,NOT lag0 & same_theme_baoliang,93,38,0.4086,21/45=46.7%,17/48=35.4%,yizi_today=24.7% | yizi_next_all=9.7% | height{2:22;3:15;4:17;5:14;6:7;7:6;8:5;9:2;11:1;13:1;16:1;17:1;18:1} | themes=26 | dates=49
promote,NOT leader_absent & leader_baoliang & same_theme_baoliang,93,38,0.4086,21/45=46.7%,17/48=35.4%,yizi_today=24.7% | yizi_next_all=9.7% | height{2:22;3:15;4:17;5:14;6:7;7:6;8:5;9:2;11:1;13:1;16:1;17:1;18:1} | themes=26 | dates=49
promote,NOT height_drop & own_baoliang,267,109,0.4082,66/165=40.0%,43/102=42.2%,yizi_today=14.6% | yizi_next_all=9.4% | height{3:133;4:69;5:31;6:12;7:6;8:6;9:4;11:1;13:1;14:1;16:1;17:1;18:1} | themes=61 | dates=125
promote,NOT same_theme_broken & own_baoliang,331,135,0.4079,80/203=39.4%,55/128=43.0%,yizi_today=16.0% | yizi_next_all=9.4% | height{3:168;4:86;5:37;6:17;7:7;8:6;9:4;11:1;13:1;14:1;16:1;17:1;18:1} | themes=71 | dates=155
promote,NOT one_price_today & boards_ge5 & own_baoliang,59,24,0.4068,16/40=40.0%,8/19=42.1%,yizi_today=0.0% | yizi_next_all=1.7% | height{5:35;6:13;7:5;8:4;11:1;18:1} | themes=30 | dates=52
promote,theme_alive_own & own_baoliang & NOT href_le1,150,61,0.4067,39/102=38.2%,22/48=45.8%,yizi_today=13.3% | yizi_next_all=8.7% | height{3:93;4:41;5:11;6:2;8:1;9:2} | themes=42 | dates=83
promote,NOT is_fanbao & own_baoliang & NOT href_le1,175,71,0.4057,48/120=40.0%,23/55=41.8%,yizi_today=12.6% | yizi_next_all=8.6% | height{3:110;4:47;5:13;6:2;8:1;9:2} | themes=56 | dates=90
promote,boards_eq4,237,96,0.4051,61/147=41.5%,35/90=38.9%,yizi_today=24.5% | yizi_next_all=11.0% | height{4:237} | themes=54 | dates=139
promote,NOT is_mid_2_3 & NOT boards_ge5,237,96,0.4051,61/147=41.5%,35/90=38.9%,yizi_today=24.5% | yizi_next_all=11.0% | height{4:237} | themes=54 | dates=139
promote,height_new_high & is_mid_2_3 & theme_alive_own,237,96,0.4051,82/186=44.1%,14/51=27.5%,yizi_today=21.9% | yizi_next_all=12.2% | height{2:168;3:69} | themes=41 | dates=22
promote,NOT theme_alive & own_baoliang,252,102,0.4048,67/169=39.6%,35/83=42.2%,yizi_today=15.9% | yizi_next_all=10.3% | height{3:121;4:67;5:28;6:14;7:7;8:6;9:4;11:1;13:1;16:1;17:1;18:1} | themes=59 | dates=114
promote,NOT prev_leader_baoliang & own_baoliang,198,80,0.4040,47/121=38.8%,33/77=42.9%,yizi_today=16.2% | yizi_next_all=11.1% | height{3:103;4:48;5:22;6:12;7:3;8:4;9:1;10:1;11:1;13:1;14:1;16:1} | themes=62 | dates=88
promote,lag3,250,101,0.4040,74/174=42.5%,27/76=35.5%,yizi_today=22.0% | yizi_next_all=12.0% | height{2:138;3:62;4:20;5:8;6:7;7:7;8:3;9:2;13:1;14:1;17:1} | themes=61 | dates=18
promote,NOT leader_absent & is_new_high & own_baoliang,52,21,0.4038,11/26=42.3%,10/26=38.5%,yizi_today=23.1% | yizi_next_all=7.7% | height{3:3;4:13;5:12;6:6;7:6;8:5;9:2;11:1;13:1;16:1;17:1;18:1} | themes=26 | dates=49
promote,NOT boards_ge5 & own_baoliang & NOT href_le1,161,65,0.4037,40/103=38.8%,25/58=43.1%,yizi_today=11.8% | yizi_next_all=6.8% | height{3:114;4:47} | themes=55 | dates=90
promote,theme_alive_own & boards_ge5 & opened,87,35,0.4023,23/56=41.1%,12/31=38.7%,yizi_today=0.0% | yizi_next_all=4.6% | height{5:41;6:25;7:12;8:5;10:1;11:1;12:1;13:1} | themes=30 | dates=75
promote,leader_absent & own_baoliang & href_le1,97,39,0.4021,19/56=33.9%,20/41=48.8%,yizi_today=20.6% | yizi_next_all=11.3% | height{3:49;4:25;5:11;6:9;7:1;10:1;14:1} | themes=41 | dates=58
promote,NOT theme_alive_own & NOT opened,197,79,0.4010,39/98=39.8%,40/99=40.4%,yizi_today=38.6% | yizi_next_all=17.8% | height{2:129;3:42;4:16;5:3;6:4;7:2;8:1} | themes=85 | dates=126
promote,NOT theme_alive_own & unopened,197,79,0.4010,39/98=39.8%,40/99=40.4%,yizi_today=38.6% | yizi_next_all=17.8% | height{2:129;3:42;4:16;5:3;6:4;7:2;8:1} | themes=85 | dates=126
promote,NOT theme_alive_own & NOT opened & NOT is_fanbao,197,79,0.4010,39/98=39.8%,40/99=40.4%,yizi_today=38.6% | yizi_next_all=17.8% | height{2:129;3:42;4:16;5:3;6:4;7:2;8:1} | themes=85 | dates=126
promote,NOT theme_alive_own & NOT boards_ge5 & own_baoliang,45,18,0.4000,11/29=37.9%,7/16=43.8%,yizi_today=11.1% | yizi_next_all=11.1% | height{3:34;4:11} | themes=32 | dates=42
promote,leader_absent & NOT one_price_today & boards_ge5,35,14,0.4000,10/25=40.0%,4/10=40.0%,yizi_today=0.0% | yizi_next_all=0.0% | height{5:22;6:11;7:1;10:1} | themes=21 | dates=25
promote,NOT height_new_high & own_baoliang,303,121,0.3993,69/179=38.5%,52/124=41.9%,yizi_today=14.9% | yizi_next_all=8.6% | height{3:165;4:78;5:33;6:15;7:6;8:3;10:1;13:1;14:1} | themes=66 | dates=147
promote,leader_absent & own_baoliang,143,57,0.3986,30/86=34.9%,27/57=47.4%,yizi_today=17.5% | yizi_next_all=9.8% | height{3:84;4:34;5:13;6:9;7:1;10:1;14:1} | themes=52 | dates=64
promote,own_baoliang & lag0,143,57,0.3986,30/86=34.9%,27/57=47.4%,yizi_today=17.5% | yizi_next_all=9.8% | height{3:84;4:34;5:13;6:9;7:1;10:1;14:1} | themes=52 | dates=64
promote,NOT one_price_today & boards_ge5 & NOT is_fanbao,133,53,0.3985,35/87=40.2%,18/46=39.1%,yizi_today=0.0% | yizi_next_all=4.5% | height{5:68;6:33;7:16;8:10;9:1;10:1;11:1;12:1;13:1;18:1} | themes=38 | dates=100
promote,height_drop & NOT leader_baoliang,289,115,0.3979,71/146=48.6%,44/143=30.8%,yizi_today=18.0% | yizi_next_all=10.7% | height{2:201;3:47;4:20;5:13;6:6;7:1;10:1} | themes=69 | dates=23
promote,NOT leader_absent & NOT is_fanbao & own_baoliang,209,83,0.3971,54/132=40.9%,29/77=37.7%,yizi_today=14.8% | yizi_next_all=9.1% | height{3:99;4:55;5:26;6:8;7:6;8:6;9:4;11:1;13:1;16:1;17:1;18:1} | themes=55 | dates=100
promote,leader_absent & NOT opened & NOT href_le1,267,106,0.3970,75/164=45.7%,31/103=30.1%,yizi_today=36.3% | yizi_next_all=16.5% | height{2:215;3:38;4:11;5:3} | themes=68 | dates=56
promote,NOT theme_alive_own & own_baoliang,58,23,0.3966,15/39=38.5%,8/19=42.1%,yizi_today=12.1% | yizi_next_all=10.3% | height{3:34;4:11;5:7;6:2;7:1;8:2;18:1} | themes=35 | dates=52
promote,NOT theme_alive_own & NOT is_fanbao & own_baoliang,58,23,0.3966,15/39=38.5%,8/19=42.1%,yizi_today=12.1% | yizi_next_all=10.3% | height{3:34;4:11;5:7;6:2;7:1;8:2;18:1} | themes=35 | dates=52
promote,boards_ge5 & href0 & NOT one_price_today,91,36,0.3956,20/48=41.7%,16/43=37.2%,yizi_today=0.0% | yizi_next_all=2.2% | height{5:34;6:27;7:15;8:9;9:1;10:1;11:1;12:1;13:1;18:1} | themes=26 | dates=87
promote,NOT one_price_today & is_new_high & boards_ge5,91,36,0.3956,20/48=41.7%,16/43=37.2%,yizi_today=0.0% | yizi_next_all=2.2% | height{5:34;6:27;7:15;8:9;9:1;10:1;11:1;12:1;13:1;18:1} | themes=26 | dates=87
promote,own_baoliang,359,142,0.3955,84/219=38.4%,58/140=41.4%,yizi_today=15.9% | yizi_next_all=9.5% | height{3:186;4:92;5:40;6:17;7:7;8:6;9:4;10:1;11:1;13:1;14:1;16:1;17:1;18:1} | themes=73 | dates=167
promote,theme_alive_own & own_baoliang,301,119,0.3953,69/180=38.3%,50/121=41.3%,yizi_today=16.6% | yizi_next_all=9.3% | height{3:152;4:81;5:33;6:15;7:6;8:4;9:4;10:1;11:1;13:1;14:1;16:1;17:1} | themes=57 | dates=154
promote,NOT leader_absent & own_baoliang,216,85,0.3935,54/133=40.6%,31/83=37.3%,yizi_today=14.8% | yizi_next_all=9.3% | height{3:102;4:58;5:27;6:8;7:6;8:6;9:4;11:1;13:1;16:1;17:1;18:1} | themes=55 | dates=103
promote,own_baoliang & NOT lag0,216,85,0.3935,54/133=40.6%,31/83=37.3%,yizi_today=14.8% | yizi_next_all=9.3% | height{3:102;4:58;5:27;6:8;7:6;8:6;9:4;11:1;13:1;16:1;17:1;18:1} | themes=55 | dates=103
promote,leader_absent & NOT is_new_high & NOT opened,405,159,0.3926,107/228=46.9%,52/177=29.4%,yizi_today=35.3% | yizi_next_all=14.1% | height{2:316;3:64;4:17;5:8} | themes=79 | dates=83
promote,NOT one_price_today & boards_ge5,135,53,0.3926,35/87=40.2%,18/48=37.5%,yizi_today=0.0% | yizi_next_all=4.4% | height{5:70;6:33;7:16;8:10;9:1;10:1;11:1;12:1;13:1;18:1} | themes=38 | dates=102
promote,NOT theme_alive_own & NOT opened & NOT own_baoliang,181,71,0.3923,33/84=39.3%,38/97=39.2%,yizi_today=38.1% | yizi_next_all=16.6% | height{2:129;3:32;4:12;5:3;6:3;7:1;8:1} | themes=81 | dates=123
promote,NOT is_mid_2_3 & same_theme_baoliang,102,40,0.3922,24/61=39.3%,16/41=39.0%,yizi_today=27.5% | yizi_next_all=12.7% | height{4:43;5:23;6:15;7:7;8:5;9:2;10:1;11:1;13:1;14:1;16:1;17:1;18:1} | themes=33 | dates=81
promote,is_new_high & boards_ge5 & opened,74,29,0.3919,18/42=42.9%,11/32=34.4%,yizi_today=0.0% | yizi_next_all=1.4% | height{5:28;6:22;7:12;8:6;9:1;10:1;11:1;12:1;13:1;18:1} | themes=26 | dates=71
promote,height_new_high & NOT prev_leader_baoliang,207,81,0.3913,66/143=46.2%,15/64=23.4%,yizi_today=22.7% | yizi_next_all=14.0% | height{2:116;3:52;4:14;5:8;6:3;7:2;8:6;9:1;10:1;11:1;13:1;14:1;16:1} | themes=54 | dates=12
promote,leader_absent & own_baoliang & NOT href_le1,46,18,0.3913,11/30=36.7%,7/16=43.8%,yizi_today=10.9% | yizi_next_all=6.5% | height{3:35;4:9;5:2} | themes=25 | dates=19
promote,NOT is_fanbao & own_baoliang,348,136,0.3908,84/218=38.5%,52/130=40.0%,yizi_today=16.1% | yizi_next_all=9.5% | height{3:179;4:89;5:39;6:17;7:7;8:6;9:4;10:1;11:1;13:1;14:1;16:1;17:1;18:1} | themes=73 | dates=164
promote,NOT leader_absent & NOT is_new_high & own_baoliang,164,64,0.3902,43/107=40.2%,21/57=36.8%,yizi_today=12.2% | yizi_next_all=9.8% | height{3:99;4:45;5:15;6:2;8:1;9:2} | themes=51 | dates=89
promote,NOT leader_absent & NOT one_price_today & boards_ge5,100,39,0.3900,25/62=40.3%,14/38=36.8%,yizi_today=0.0% | yizi_next_all=6.0% | height{5:48;6:22;7:15;8:10;9:1;11:1;12:1;13:1;18:1} | themes=34 | dates=77
promote,NOT one_price_today & unopened & is_new_high,59,23,0.3898,5/16=31.2%,18/43=41.9%,yizi_today=0.0% | yizi_next_all=11.9% | height{2:4;3:19;4:19;5:6;6:5;7:3;8:3} | themes=30 | dates=47
promote,NOT one_price_today & is_new_high & NOT opened,59,23,0.3898,5/16=31.2%,18/43=41.9%,yizi_today=0.0% | yizi_next_all=11.9% | height{2:4;3:19;4:19;5:6;6:5;7:3;8:3} | themes=30 | dates=47
promote,theme_alive_own & NOT is_fanbao & own_baoliang,290,113,0.3897,69/179=38.5%,44/111=39.6%,yizi_today=16.9% | yizi_next_all=9.3% | height{3:145;4:78;5:32;6:15;7:6;8:4;9:4;10:1;11:1;13:1;14:1;16:1;17:1} | themes=57 | dates=151
promote,NOT leader_absent & height_new_high,329,128,0.3891,116/271=42.8%,12/58=20.7%,yizi_today=23.7% | yizi_next_all=14.0% | height{2:194;3:68;4:25;5:11;6:5;7:4;8:8;9:5;10:1;11:1;12:1;13:1;14:1;15:1;16:1;17:1;18:1} | themes=63 | dates=21
promote,height_new_high & NOT theme_alive,329,128,0.3891,116/271=42.8%,12/58=20.7%,yizi_today=23.7% | yizi_next_all=14.0% | height{2:194;3:68;4:25;5:11;6:5;7:4;8:8;9:5;10:1;11:1;12:1;13:1;14:1;15:1;16:1;17:1;18:1} | themes=63 | dates=21
promote,height_new_high & NOT lag0,329,128,0.3891,116/271=42.8%,12/58=20.7%,yizi_today=23.7% | yizi_next_all=14.0% | height{2:194;3:68;4:25;5:11;6:5;7:4;8:8;9:5;10:1;11:1;12:1;13:1;14:1;15:1;16:1;17:1;18:1} | themes=63 | dates=21
promote,boards_ge5 & opened & NOT own_baoliang,54,21,0.3889,14/35=40.0%,7/19=36.8%,yizi_today=0.0% | yizi_next_all=5.6% | height{5:21;6:16;7:9;8:4;9:1;10:1;12:1;13:1} | themes=23 | dates=47
promote,H_ge8,571,222,0.3888,189/457=41.4%,33/114=28.9%,yizi_today=23.1% | yizi_next_all=11.4% | height{2:334;3:106;4:61;5:22;6:9;7:3;8:15;9:5;10:4;11:2;12:2;13:2;14:2;15:1;16:1;17:1;18:1} | themes=69 | dates=31
promote,theme_alive & NOT opened,416,161,0.3870,66/150=44.0%,95/266=35.7%,yizi_today=35.6% | yizi_next_all=14.4% | height{2:279;3:82;4:40;5:6;6:5;7:1;10:2;14:1} | themes=73 | dates=71
promote,theme_alive & unopened,416,161,0.3870,66/150=44.0%,95/266=35.7%,yizi_today=35.6% | yizi_next_all=14.4% | height{2:279;3:82;4:40;5:6;6:5;7:1;10:2;14:1} | themes=73 | dates=71
promote,leader_baoliang & own_baoliang,230,89,0.3870,48/138=34.8%,41/92=44.6%,yizi_today=17.8% | yizi_next_all=9.1% | height{3:111;4:58;5:25;6:15;7:7;8:5;9:2;10:1;11:1;13:1;14:1;16:1;17:1;18:1} | themes=65 | dates=100
promote,height_new_high & NOT same_theme_broken,349,135,0.3868,116/271=42.8%,19/78=24.4%,yizi_today=22.9% | yizi_next_all=13.2% | height{2:202;3:76;4:27;5:12;6:5;7:4;8:8;9:5;10:2;11:1;12:1;13:1;14:1;15:1;16:1;17:1;18:1} | themes=65 | dates=22
promote,height_drop & NOT theme_alive,282,109,0.3865,79/182=43.4%,30/100=30.0%,yizi_today=21.3% | yizi_next_all=12.4% | height{2:188;3:56;4:21;5:12;6:3;7:2} | themes=65 | dates=25
promote,height_new_high & NOT own_baoliang,295,114,0.3864,101/231=43.7%,13/64=20.3%,yizi_today=23.1% | yizi_next_all=12.9% | height{2:203;3:56;4:13;5:5;6:3;7:3;8:5;9:1;10:2;12:1;13:1;14:1;15:1} | themes=62 | dates=22
promote,NOT one_price_today & NOT is_new_high & boards_ge5,44,17,0.3864,15/39=38.5%,2/5=40.0%,yizi_today=0.0% | yizi_next_all=9.1% | height{5:36;6:6;7:1;8:1} | themes=26 | dates=32
promote,NOT theme_alive & href_le1,399,154,0.3860,95/235=40.4%,59/164=36.0%,yizi_today=24.3% | yizi_next_all=11.0% | height{2:144;3:80;4:58;5:41;6:27;7:22;8:12;9:3;10:1;11:2;12:2;13:2;14:1;15:1;16:1;17:1;18:1} | themes=67 | dates=135
promote,NOT theme_alive_own & NOT is_mid_2_3,57,22,0.3860,14/39=35.9%,8/18=44.4%,yizi_today=26.3% | yizi_next_all=10.5% | height{4:30;5:13;6:6;7:3;8:3;9:1;18:1} | themes=30 | dates=52
promote,height_new_high & NOT is_sub_high,350,135,0.3857,116/270=43.0%,19/80=23.8%,yizi_today=22.6% | yizi_next_all=13.1% | height{2:203;3:77;4:26;5:12;6:5;7:4;8:8;9:5;10:2;11:1;12:1;13:1;14:1;15:1;16:1;17:1;18:1} | themes=65 | dates=22
promote,prev_leader_baoliang & own_baoliang,161,62,0.3851,37/98=37.8%,25/63=39.7%,yizi_today=15.5% | yizi_next_all=7.5% | height{3:83;4:44;5:18;6:5;7:4;8:2;9:3;17:1;18:1} | themes=45 | dates=79
promote,NOT theme_alive_own & NOT boards_ge5 & NOT opened,187,72,0.3850,36/94=38.3%,36/93=38.7%,yizi_today=38.0% | yizi_next_all=17.1% | height{2:129;3:42;4:16} | themes=85 | dates=124
promote,NOT leader_baoliang & href_le1,291,112,0.3849,55/114=48.2%,57/177=32.2%,yizi_today=21.6% | yizi_next_all=12.4% | height{2:98;3:55;4:50;5:32;6:23;7:16;8:7;9:1;10:3;11:1;12:2;13:1;14:1;15:1} | themes=54 | dates=105
promote,height_new_high,351,135,0.3846,116/271=42.8%,19/80=23.8%,yizi_today=22.8% | yizi_next_all=13.1% | height{2:203;3:77;4:27;5:12;6:5;7:4;8:8;9:5;10:2;11:1;12:1;13:1;14:1;15:1;16:1;17:1;18:1} | themes=65 | dates=22
promote,NOT height_drop & height_new_high,351,135,0.3846,116/271=42.8%,19/80=23.8%,yizi_today=22.8% | yizi_next_all=13.1% | height{2:203;3:77;4:27;5:12;6:5;7:4;8:8;9:5;10:2;11:1;12:1;13:1;14:1;15:1;16:1;17:1;18:1} | themes=65 | dates=22
promote,NOT is_new_high & NOT theme_alive_own & own_baoliang,39,15,0.3846,10/25=40.0%,5/14=35.7%,yizi_today=10.3% | yizi_next_all=10.3% | height{3:27;4:8;5:4} | themes=27 | dates=35
promote,href_le1 & same_theme_baoliang,164,63,0.3841,29/75=38.7%,34/89=38.2%,yizi_today=22.0% | yizi_next_all=9.8% | height{2:21;3:46;4:41;5:21;6:14;7:7;8:5;9:2;10:1;11:1;13:1;14:1;16:1;17:1;18:1} | themes=41 | dates=102
promote,theme_alive_own & own_baoliang & href_le1,151,58,0.3841,30/78=38.5%,28/73=38.4%,yizi_today=19.9% | yizi_next_all=9.9% | height{3:59;4:40;5:22;6:13;7:6;8:3;9:2;10:1;11:1;13:1;14:1;16:1;17:1} | themes=41 | dates=106
promote,NOT theme_alive & NOT is_sub_high,1589,610,0.3839,417/1014=41.1%,193/575=33.6%,yizi_today=20.1% | yizi_next_all=11.5% | height{2:992;3:314;4:130;5:63;6:35;7:23;8:15;9:5;10:1;11:2;12:2;13:2;14:1;15:1;16:1;17:1;18:1} | themes=124 | dates=135
promote,NOT theme_alive & same_theme_baoliang,146,56,0.3836,33/83=39.8%,23/63=36.5%,yizi_today=23.3% | yizi_next_all=11.6% | height{2:51;3:28;4:23;5:13;6:12;7:7;8:5;9:2;11:1;13:1;16:1;17:1;18:1} | themes=32 | dates=63
promote,is_new_high & opened & own_baoliang,73,28,0.3836,11/35=31.4%,17/38=44.7%,yizi_today=0.0% | yizi_next_all=0.0% | height{3:19;4:20;5:18;6:8;7:4;8:2;11:1;18:1} | themes=34 | dates=65
promote,height_new_high & NOT is_fanbao,347,133,0.3833,116/271=42.8%,17/76=22.4%,yizi_today=23.1% | yizi_next_all=13.3% | height{2:201;3:75;4:27;5:12;6:5;7:4;8:8;9:5;10:2;11:1;12:1;13:1;14:1;15:1;16:1;17:1;18:1} | themes=65 | dates=22
promote,NOT leader_absent & leader_baoliang & theme_alive_own,452,173,0.3827,105/251=41.8%,68/201=33.8%,yizi_today=22.1% | yizi_next_all=11.1% | height{2:258;3:102;4:45;5:22;6:9;7:6;8:4;9:2;11:1;13:1;16:1;17:1} | themes=63 | dates=49
promote,NOT leader_absent & NOT theme_alive,1331,509,0.3824,339/816=41.5%,170/515=33.0%,yizi_today=20.3% | yizi_next_all=11.3% | height{2:809;3:263;4:117;5:58;6:30;7:22;8:15;9:5;10:1;11:2;12:2;13:2;14:1;15:1;16:1;17:1;18:1} | themes=108 | dates=97
promote,NOT theme_alive & NOT lag0,1331,509,0.3824,339/816=41.5%,170/515=33.0%,yizi_today=20.3% | yizi_next_all=11.3% | height{2:809;3:263;4:117;5:58;6:30;7:22;8:15;9:5;10:1;11:2;12:2;13:2;14:1;15:1;16:1;17:1;18:1} | themes=108 | dates=97
promote,NOT one_price_today & boards_ge5 & href_le1,102,39,0.3824,23/57=40.4%,16/45=35.6%,yizi_today=0.0% | yizi_next_all=2.0% | height{5:43;6:28;7:16;8:9;9:1;10:1;11:1;12:1;13:1;18:1} | themes=29 | dates=92
promote,NOT leader_baoliang & NOT theme_alive,1036,396,0.3822,279/652=42.8%,117/384=30.5%,yizi_today=20.0% | yizi_next_all=11.7% | height{2:655;3:188;4:90;5:46;6:22;7:16;8:9;9:3;10:1;11:1;12:2;13:1;14:1;15:1} | themes=100 | dates=72
promote,leader_absent & NOT one_price_today & is_new_high,123,47,0.3821,14/44=31.8%,33/79=41.8%,yizi_today=0.0% | yizi_next_all=4.9% | height{2:13;3:55;4:31;5:12;6:10;7:1;10:1} | themes=45 | dates=67
promote,NOT same_theme_broken & same_theme_baoliang,212,81,0.3821,43/107=40.2%,38/105=36.2%,yizi_today=22.2% | yizi_next_all=10.4% | height{2:67;3:52;4:38;5:20;6:15;7:7;8:5;9:2;11:1;13:1;14:1;16:1;17:1;18:1} | themes=41 | dates=89
promote,NOT one_price_today & boards_ge5 & NOT own_baoliang,76,29,0.3816,19/47=40.4%,10/29=34.5%,yizi_today=0.0% | yizi_next_all=6.6% | height{5:35;6:20;7:11;8:6;9:1;10:1;12:1;13:1} | themes=27 | dates=64
promote,NOT is_mid_2_3 & own_baoliang,173,66,0.3815,44/114=38.6%,22/59=37.3%,yizi_today=19.1% | yizi_next_all=11.0% | height{4:92;5:40;6:17;7:7;8:6;9:4;10:1;11:1;13:1;14:1;16:1;17:1;18:1} | themes=47 | dates=118
promote,leader_absent & NOT boards_ge5 & own_baoliang,118,45,0.3814,20/66=30.3%,25/52=48.1%,yizi_today=16.9% | yizi_next_all=8.5% | height{3:84;4:34} | themes=47 | dates=57
promote,leader_absent & NOT is_fanbao & own_baoliang,139,53,0.3813,30/86=34.9%,23/53=43.4%,yizi_today=18.0% | yizi_next_all=10.1% | height{3:80;4:34;5:13;6:9;7:1;10:1;14:1} | themes=52 | dates=64
promote,NOT is_new_high & NOT theme_alive_own & NOT opened,171,65,0.3801,31/83=37.3%,34/88=38.6%,yizi_today=35.1% | yizi_next_all=15.8% | height{2:128;3:33;4:7;5:3} | themes=83 | dates=117
promote,NOT prev_leader_baoliang & NOT theme_alive,984,374,0.3801,267/641=41.7%,107/343=31.2%,yizi_today=20.5% | yizi_next_all=11.7% | height{2:592;3:213;4:85;5:40;6:21;7:15;8:11;9:1;11:1;12:1;13:2;14:1;16:1} | themes=104 | dates=72
promote,NOT theme_alive & NOT is_fanbao,1745,663,0.3799,460/1145=40.2%,203/600=33.8%,yizi_today=20.5% | yizi_next_all=11.3% | height{2:1081;3:350;4:154;5:68;6:36;7:24;8:15;9:5;10:1;11:2;12:2;13:2;14:1;15:1;16:1;17:1;18:1} | themes=132 | dates=135
promote,own_baoliang & href_le1,179,68,0.3799,36/99=36.4%,32/80=40.0%,yizi_today=19.0% | yizi_next_all=10.1% | height{3:72;4:45;5:26;6:15;7:7;8:5;9:2;10:1;11:1;13:1;14:1;16:1;17:1;18:1} | themes=52 | dates=119
promote,theme_alive_own & NOT theme_alive,1486,564,0.3795,392/962=40.7%,172/524=32.8%,yizi_today=20.9% | yizi_next_all=11.4% | height{2:914;3:292;4:138;5:63;6:31;7:21;8:12;9:4;10:1;11:2;12:2;13:2;14:1;15:1;16:1;17:1} | themes=90 | dates=135
promote,own_baoliang & NOT same_theme_baoliang,224,85,0.3795,57/150=38.0%,28/74=37.8%,yizi_today=12.5% | yizi_next_all=8.5% | height{3:144;4:55;5:19;6:3;8:1;9:2} | themes=61 | dates=120
promote,NOT leader_absent & theme_alive_own & own_baoliang,190,72,0.3789,45/115=39.1%,27/75=36.0%,yizi_today=15.8% | yizi_next_all=9.5% | height{3:90;4:51;5:24;6:8;7:5;8:4;9:4;11:1;13:1;16:1;17:1} | themes=48 | dates=97
promote,boards_ge5 & opened & NOT is_fanbao,103,39,0.3786,26/69=37.7%,13/34=38.2%,yizi_today=0.0% | yizi_next_all=3.9% | height{5:50;6:27;7:13;8:7;9:1;10:1;11:1;12:1;13:1;18:1} | themes=35 | dates=82
promote,NOT leader_absent & theme_alive_own & NOT is_fanbao,1311,496,0.3783,317/759=41.8%,179/552=32.4%,yizi_today=20.6% | yizi_next_all=11.3% | height{2:814;3:250;4:118;5:55;6:27;7:20;8:12;9:4;10:1;11:2;12:2;13:2;14:1;15:1;16:1;17:1} | themes=86 | dates=121
promote,NOT prev_leader_baoliang & same_theme_baoliang,119,45,0.3782,22/50=44.0%,23/69=33.3%,yizi_today=19.3% | yizi_next_all=13.4% | height{2:40;3:33;4:13;5:12;6:9;7:3;8:4;10:1;11:1;13:1;14:1;16:1} | themes=32 | dates=51
promote,NOT theme_alive_own & NOT opened & NOT href_le1,138,52,0.3768,26/73=35.6%,26/65=40.0%,yizi_today=36.2% | yizi_next_all=17.4% | height{2:106;3:26;4:5;5:1} | themes=76 | dates=98
promote,height_new_high & NOT href_le1,327,123,0.3761,105/253=41.5%,18/74=24.3%,yizi_today=21.7% | yizi_next_all=12.5% | height{2:203;3:77;4:26;5:10;6:4;7:2;8:3;9:2} | themes=65 | dates=22
promote,NOT is_new_high & own_baoliang,242,91,0.3760,60/160=37.5%,31/82=37.8%,yizi_today=12.8% | yizi_next_all=8.7% | height{3:156;4:60;5:20;6:3;8:1;9:2} | themes=62 | dates=125
promote,NOT is_fanbao & own_baoliang & href_le1,173,65,0.3757,36/98=36.7%,29/75=38.7%,yizi_today=19.7% | yizi_next_all=10.4% | height{3:69;4:42;5:26;6:15;7:7;8:5;9:2;10:1;11:1;13:1;14:1;16:1;17:1;18:1} | themes=52 | dates=117
promote,height_new_high & NOT is_new_high,328,123,0.3750,105/254=41.3%,18/74=24.3%,yizi_today=22.0% | yizi_next_all=12.5% | height{2:203;3:77;4:27;5:10;6:4;7:2;8:3;9:2} | themes=65 | dates=22
promote,height_new_high & prev_leader_baoliang,144,54,0.3750,50/128=39.1%,4/16=25.0%,yizi_today=22.9% | yizi_next_all=11.8% | height{2:87;3:25;4:13;5:4;6:2;7:2;8:2;9:4;10:1;12:1;15:1;17:1;18:1} | themes=43 | dates=10
promote,opened & boards_ge5,104,39,0.3750,26/69=37.7%,13/35=37.1%,yizi_today=0.0% | yizi_next_all=3.8% | height{5:51;6:27;7:13;8:7;9:1;10:1;11:1;12:1;13:1;18:1} | themes=35 | dates=83
promote,NOT unopened & boards_ge5,104,39,0.3750,26/69=37.7%,13/35=37.1%,yizi_today=0.0% | yizi_next_all=3.8% | height{5:51;6:27;7:13;8:7;9:1;10:1;11:1;12:1;13:1;18:1} | themes=35 | dates=83
promote,NOT one_price_today & boards_ge5 & opened,104,39,0.3750,26/69=37.7%,13/35=37.1%,yizi_today=0.0% | yizi_next_all=3.8% | height{5:51;6:27;7:13;8:7;9:1;10:1;11:1;12:1;13:1;18:1} | themes=35 | dates=83
promote,leader_absent & is_new_high & opened,88,33,0.3750,11/35=31.4%,22/53=41.5%,yizi_today=0.0% | yizi_next_all=1.1% | height{2:9;3:36;4:21;5:11;6:9;7:1;10:1} | themes=37 | dates=55
promote,boards_ge5 & opened & href_le1,80,30,0.3750,19/48=39.6%,11/32=34.4%,yizi_today=0.0% | yizi_next_all=1.2% | height{5:32;6:23;7:13;8:6;9:1;10:1;11:1;12:1;13:1;18:1} | themes=28 | dates=74
promote,height_new_high & own_baoliang,56,21,0.3750,15/40=37.5%,6/16=37.5%,yizi_today=21.4% | yizi_next_all=14.3% | height{3:21;4:14;5:7;6:2;7:1;8:3;9:4;11:1;16:1;17:1;18:1} | themes=25 | dates=20
promote,NOT is_new_high & theme_alive_own & own_baoliang,203,76,0.3744,50/135=37.0%,26/68=38.2%,yizi_today=13.3% | yizi_next_all=8.4% | height{3:129;4:52;5:16;6:3;8:1;9:2} | themes=50 | dates=111
promote,NOT theme_alive,1798,673,0.3743,462/1150=40.2%,211/648=32.6%,yizi_today=20.2% | yizi_next_all=11.0% | height{2:1120;3:358;4:156;5:72;6:36;7:24;8:15;9:5;10:1;11:2;12:2;13:2;14:1;15:1;16:1;17:1;18:1} | themes=132 | dates=135
promote,NOT theme_alive & NOT same_theme_broken,1793,671,0.3742,460/1145=40.2%,211/648=32.6%,yizi_today=20.2% | yizi_next_all=11.0% | height{2:1117;3:357;4:156;5:71;6:36;7:24;8:15;9:5;10:1;11:2;12:2;13:2;14:1;15:1;16:1;17:1;18:1} | themes=132 | dates=135
promote,NOT leader_absent & NOT prev_leader_baoliang,818,306,0.3741,207/500=41.4%,99/318=31.1%,yizi_today=21.0% | yizi_next_all=11.0% | height{2:494;3:171;4:67;5:35;6:19;7:14;8:11;9:1;11:1;12:1;13:2;14:1;16:1} | themes=92 | dates=58
promote,NOT prev_leader_baoliang & NOT lag0,818,306,0.3741,207/500=41.4%,99/318=31.1%,yizi_today=21.0% | yizi_next_all=11.0% | height{2:494;3:171;4:67;5:35;6:19;7:14;8:11;9:1;11:1;12:1;13:2;14:1;16:1} | themes=92 | dates=58
promote,NOT prev_leader_baoliang & href_le1,345,129,0.3739,58/139=41.7%,71/206=34.5%,yizi_today=22.3% | yizi_next_all=12.2% | height{2:116;3:89;4:51;5:34;6:22;7:14;8:9;10:3;11:1;12:1;13:2;14:2;16:1} | themes=66 | dates=106
promote,NOT leader_absent & NOT is_fanbao,1570,587,0.3739,370/896=41.3%,217/674=32.2%,yizi_today=19.7% | yizi_next_all=10.8% | height{2:982;3:302;4:136;5:64;6:31;7:23;8:15;9:5;10:1;11:2;12:2;13:2;14:1;15:1;16:1;17:1;18:1} | themes=118 | dates=121
promote,NOT is_fanbao & NOT lag0,1570,587,0.3739,370/896=41.3%,217/674=32.2%,yizi_today=19.7% | yizi_next_all=10.8% | height{2:982;3:302;4:136;5:64;6:31;7:23;8:15;9:5;10:1;11:2;12:2;13:2;14:1;15:1;16:1;17:1;18:1} | themes=118 | dates=121
promote,theme_alive & own_baoliang,107,40,0.3738,17/50=34.0%,23/57=40.4%,yizi_today=15.9% | yizi_next_all=7.5% | height{3:65;4:25;5:12;6:3;10:1;14:1} | themes=45 | dates=53
promote,NOT one_price_today & is_new_high & own_baoliang,91,34,0.3736,12/44=27.3%,22/47=46.8%,yizi_today=0.0% | yizi_next_all=2.2% | height{3:26;4:26;5:19;6:10;7:5;8:3;11:1;18:1} | themes=39 | dates=79
promote,NOT theme_alive & NOT same_theme_baoliang,1652,617,0.3735,429/1067=40.2%,188/585=32.1%,yizi_today=19.9% | yizi_next_all=11.0% | height{2:1069;3:330;4:133;5:59;6:24;7:17;8:10;9:3;10:1;11:1;12:2;13:1;14:1;15:1} | themes=132 | dates=135
promote,NOT is_new_high & NOT is_fanbao & own_baoliang,236,88,0.3729,60/159=37.7%,28/77=36.4%,yizi_today=12.7% | yizi_next_all=8.5% | height{3:151;4:60;5:19;6:3;8:1;9:2} | themes=62 | dates=124
promote,NOT leader_absent & NOT same_theme_broken,1576,587,0.3725,359/873=41.1%,228/703=32.4%,yizi_today=19.5% | yizi_next_all=10.7% | height{2:994;3:295;4:136;5:65;6:31;7:23;8:15;9:5;10:1;11:2;12:2;13:2;14:1;15:1;16:1;17:1;18:1} | themes=119 | dates=121
promote,NOT same_theme_broken & NOT lag0,1576,587,0.3725,359/873=41.1%,228/703=32.4%,yizi_today=19.5% | yizi_next_all=10.7% | height{2:994;3:295;4:136;5:65;6:31;7:23;8:15;9:5;10:1;11:2;12:2;13:2;14:1;15:1;16:1;17:1;18:1} | themes=119 | dates=121
promote,NOT height_drop & NOT theme_alive,1516,564,0.3720,383/968=39.6%,181/548=33.0%,yizi_today=20.0% | yizi_next_all=10.8% | height{2:932;3:302;4:135;5:60;6:33;7:22;8:15;9:5;10:1;11:2;12:2;13:2;14:1;15:1;16:1;17:1;18:1} | themes=120 | dates=110
promote,NOT leader_absent & leader_baoliang,554,206,0.3718,122/312=39.1%,84/242=34.7%,yizi_today=20.9% | yizi_next_all=10.8% | height{2:324;3:123;4:53;5:25;6:9;7:7;8:6;9:2;11:1;13:1;16:1;17:1;18:1} | themes=87 | dates=49
promote,leader_baoliang & NOT lag0,554,206,0.3718,122/312=39.1%,84/242=34.7%,yizi_today=20.9% | yizi_next_all=10.8% | height{2:324;3:123;4:53;5:25;6:9;7:7;8:6;9:2;11:1;13:1;16:1;17:1;18:1} | themes=87 | dates=49
promote,NOT is_sub_high & same_theme_baoliang,218,81,0.3716,46/118=39.0%,35/100=35.0%,yizi_today=21.6% | yizi_next_all=11.0% | height{2:72;3:51;4:37;5:22;6:15;7:7;8:5;9:2;10:1;11:1;13:1;14:1;16:1;17:1;18:1} | themes=41 | dates=102
promote,NOT leader_absent & theme_alive_own,1379,512,0.3713,318/763=41.7%,194/616=31.5%,yizi_today=20.3% | yizi_next_all=10.9% | height{2:865;3:257;4:124;5:59;6:27;7:20;8:12;9:4;10:1;11:2;12:2;13:2;14:1;15:1;16:1;17:1} | themes=87 | dates=121
promote,theme_alive_own & NOT lag0,1379,512,0.3713,318/763=41.7%,194/616=31.5%,yizi_today=20.3% | yizi_next_all=10.9% | height{2:865;3:257;4:124;5:59;6:27;7:20;8:12;9:4;10:1;11:2;12:2;13:2;14:1;15:1;16:1;17:1} | themes=87 | dates=121
promote,NOT height_new_high & NOT theme_alive,1469,545,0.3710,346/879=39.4%,199/590=33.7%,yizi_today=19.4% | yizi_next_all=10.3% | height{2:926;3:290;4:131;5:61;6:31;7:20;8:7;11:1;12:1;13:1} | themes=124 | dates=114
promote,NOT theme_alive & NOT href_le1,1399,519,0.3710,367/915=40.1%,152/484=31.4%,yizi_today=19.0% | yizi_next_all=11.0% | height{2:976;3:278;4:98;5:31;6:9;7:2;8:3;9:2} | themes=122 | dates=120
promote,is_new_high & NOT boards_ge5 & own_baoliang,62,23,0.3710,5/26=19.2%,18/36=50.0%,yizi_today=16.1% | yizi_next_all=8.1% | height{3:30;4:32} | themes=34 | dates=47
promote,solo_leader,2075,769,0.3706,497/1200=41.4%,272/875=31.1%,yizi_today=19.5% | yizi_next_all=10.6% | height{2:1328;3:394;4:169;5:83;6:40;7:25;8:15;9:5;10:4;11:2;12:2;13:2;14:2;15:1;16:1;17:1;18:1} | themes=137 | dates=152
promote,NOT leader_absent & NOT is_fanbao & NOT own_baoliang,1361,504,0.3703,316/764=41.4%,188/597=31.5%,yizi_today=20.4% | yizi_next_all=11.1% | height{2:982;3:203;4:81;5:38;6:23;7:17;8:9;9:1;10:1;11:1;12:2;13:1;14:1;15:1} | themes=117 | dates=121
promote,lag_1to3,1464,542,0.3702,322/775=41.5%,220/689=31.9%,yizi_today=19.2% | yizi_next_all=10.5% | height{2:930;3:278;4:123;5:64;6:30;7:20;8:9;9:2;11:1;12:1;13:2;14:1;15:1;16:1;17:1} | themes=115 | dates=109
promote,NOT leader_absent & theme_alive_own & NOT own_baoliang,1189,440,0.3701,273/648=42.1%,167/541=30.9%,yizi_today=21.0% | yizi_next_all=11.2% | height{2:865;3:167;4:73;5:35;6:19;7:15;8:8;10:1;11:1;12:2;13:1;14:1;15:1} | themes=85 | dates=121
promote,NOT one_price_today & is_new_high & theme_alive_own,192,71,0.3698,23/69=33.3%,48/123=39.0%,yizi_today=0.0% | yizi_next_all=3.6% | height{2:13;3:47;4:55;5:30;6:24;7:13;8:6;10:1;11:1;12:1;13:1} | themes=40 | dates=138
promote,NOT leader_baoliang & prev_leader_baoliang,706,261,0.3697,149/328=45.4%,112/378=29.6%,yizi_today=17.0% | yizi_next_all=9.5% | height{2:505;3:101;4:52;5:22;6:11;7:6;8:3;9:2;10:1;11:1;12:1;15:1} | themes=90 | dates=50
promote,NOT is_legacy_near,1775,656,0.3696,440/1105=39.8%,216/670=32.2%,yizi_today=19.3% | yizi_next_all=10.3% | height{2:1128;3:332;4:154;5:71;6:35;7:22;8:14;9:4;10:3;11:2;12:2;13:2;14:2;15:1;16:1;17:1;18:1} | themes=129 | dates=198
promote,height_new_high & NOT leader_baoliang,222,82,0.3694,71/171=41.5%,11/51=21.6%,yizi_today=22.5% | yizi_next_all=12.2% | height{2:132;3:47;4:19;5:6;6:2;7:2;8:5;9:3;10:2;12:1;13:1;14:1;15:1} | themes=53 | dates=12
promote,NOT theme_alive & NOT own_baoliang,1546,571,0.3693,395/981=40.3%,176/565=31.2%,yizi_today=20.9% | yizi_next_all=11.1% | height{2:1120;3:237;4:89;5:44;6:22;7:17;8:9;9:1;10:1;11:1;12:2;13:1;14:1;15:1} | themes=131 | dates=135
promote,NOT same_theme_broken & NOT is_sub_high,2207,815,0.3693,493/1231=40.0%,322/976=33.0%,yizi_today=19.3% | yizi_next_all=10.6% | height{2:1422;3:411;4:193;5:77;6:45;7:24;8:15;9:5;10:3;11:2;12:2;13:2;14:2;15:1;16:1;17:1;18:1} | themes=142 | dates=206
promote,theme_alive_own & NOT is_sub_high,1945,718,0.3692,442/1081=40.9%,276/864=31.9%,yizi_today=19.7% | yizi_next_all=10.7% | height{2:1254;3:349;4:179;5:72;6:39;7:21;8:12;9:4;10:4;11:2;12:2;13:2;14:2;15:1;16:1;17:1} | themes=99 | dates=204
promote,is_new_high & NOT one_price_today,225,83,0.3689,30/89=33.7%,53/136=39.0%,yizi_today=0.0% | yizi_next_all=4.0% | height{2:13;3:59;4:62;5:34;6:27;7:15;8:9;9:1;10:1;11:1;12:1;13:1;18:1} | themes=52 | dates=154
promote,NOT one_price_today & is_new_high & href_le1,225,83,0.3689,30/89=33.7%,53/136=39.0%,yizi_today=0.0% | yizi_next_all=4.0% | height{2:13;3:59;4:62;5:34;6:27;7:15;8:9;9:1;10:1;11:1;12:1;13:1;18:1} | themes=52 | dates=154
promote,NOT leader_absent & NOT is_sub_high,1559,575,0.3688,356/862=41.3%,219/697=31.4%,yizi_today=19.5% | yizi_next_all=10.6% | height{2:1023;3:265;4:124;5:62;6:31;7:22;8:15;9:5;10:1;11:2;12:2;13:2;14:1;15:1;16:1;17:1;18:1} | themes=117 | dates=121
promote,NOT is_sub_high & NOT lag0,1559,575,0.3688,356/862=41.3%,219/697=31.4%,yizi_today=19.5% | yizi_next_all=10.6% | height{2:1023;3:265;4:124;5:62;6:31;7:22;8:15;9:5;10:1;11:2;12:2;13:2;14:1;15:1;16:1;17:1;18:1} | themes=117 | dates=121
promote,NOT is_sub_high & NOT is_fanbao,2232,822,0.3683,517/1288=40.1%,305/944=32.3%,yizi_today=19.7% | yizi_next_all=10.7% | height{2:1440;3:414;4:195;5:78;6:45;7:24;8:15;9:5;10:4;11:2;12:2;13:2;14:2;15:1;16:1;17:1;18:1} | themes=142 | dates=207
promote,NOT leader_absent,1638,603,0.3681,371/900=41.2%,232/738=31.4%,yizi_today=19.5% | yizi_next_all=10.6% | height{2:1033;3:309;4:142;5:68;6:31;7:23;8:15;9:5;10:1;11:2;12:2;13:2;14:1;15:1;16:1;17:1;18:1} | themes=119 | dates=121
promote,NOT lag0,1638,603,0.3681,371/900=41.2%,232/738=31.4%,yizi_today=19.5% | yizi_next_all=10.6% | height{2:1033;3:309;4:142;5:68;6:31;7:23;8:15;9:5;10:1;11:2;12:2;13:2;14:1;15:1;16:1;17:1;18:1} | themes=119 | dates=121
promote,NOT leader_absent & NOT height_drop,1638,603,0.3681,371/900=41.2%,232/738=31.4%,yizi_today=19.5% | yizi_next_all=10.6% | height{2:1033;3:309;4:142;5:68;6:31;7:23;8:15;9:5;10:1;11:2;12:2;13:2;14:1;15:1;16:1;17:1;18:1} | themes=119 | dates=121
promote,NOT leader_absent & NOT lag0,1638,603,0.3681,371/900=41.2%,232/738=31.4%,yizi_today=19.5% | yizi_next_all=10.6% | height{2:1033;3:309;4:142;5:68;6:31;7:23;8:15;9:5;10:1;11:2;12:2;13:2;14:1;15:1;16:1;17:1;18:1} | themes=119 | dates=121
promote,NOT height_drop & NOT lag0,1638,603,0.3681,371/900=41.2%,232/738=31.4%,yizi_today=19.5% | yizi_next_all=10.6% | height{2:1033;3:309;4:142;5:68;6:31;7:23;8:15;9:5;10:1;11:2;12:2;13:2;14:1;15:1;16:1;17:1;18:1} | themes=119 | dates=121
promote,NOT leader_baoliang & NOT is_fanbao,1448,533,0.3681,331/776=42.7%,202/672=30.1%,yizi_today=18.4% | yizi_next_all=10.6% | height{2:953;3:255;4:119;5:54;6:29;7:17;8:9;9:3;10:3;11:1;12:2;13:1;14:1;15:1} | themes=122 | dates=105
promote,prev_leader_baoliang & NOT is_sub_high,1050,386,0.3676,224/572=39.2%,162/478=33.9%,yizi_today=19.1% | yizi_next_all=9.7% | height{2:714;3:162;4:96;5:37;6:17;7:10;8:4;9:4;10:1;11:1;12:1;15:1;17:1;18:1} | themes=112 | dates=101
promote,prev_leader_baoliang & NOT theme_alive,814,299,0.3673,195/509=38.3%,104/305=34.1%,yizi_today=19.8% | yizi_next_all=10.2% | height{2:528;3:145;4:71;5:32;6:15;7:9;8:4;9:4;10:1;11:1;12:1;15:1;17:1;18:1} | themes=101 | dates=63
promote,own_baoliang & NOT boards_ge5,278,102,0.3669,54/162=33.3%,48/116=41.4%,yizi_today=12.6% | yizi_next_all=7.2% | height{3:186;4:92} | themes=72 | dates=148
promote,NOT leader_baoliang & NOT is_sub_high,1358,498,0.3667,307/719=42.7%,191/639=29.9%,yizi_today=18.6% | yizi_next_all=10.4% | height{2:918;3:219;4:105;5:51;6:28;7:16;8:9;9:3;10:3;11:1;12:2;13:1;14:1;15:1} | themes=118 | dates=105
promote,NOT leader_absent & NOT is_fanbao & NOT href_le1,1356,497,0.3665,320/790=40.5%,177/566=31.3%,yizi_today=18.6% | yizi_next_all=10.5% | height{2:972;3:252;4:89;5:27;6:9;7:2;8:3;9:2} | themes=114 | dates=118
promote,opened & own_baoliang & NOT href_le1,131,48,0.3664,31/88=35.2%,17/43=39.5%,yizi_today=0.0% | yizi_next_all=2.3% | height{3:84;4:35;5:9;6:2;8:1} | themes=50 | dates=74
promote,NOT leader_absent & NOT leader_baoliang,1084,397,0.3662,249/588=42.3%,148/496=29.8%,yizi_today=18.7% | yizi_next_all=10.4% | height{2:709;3:186;4:89;5:43;6:22;7:16;8:9;9:3;10:1;11:1;12:2;13:1;14:1;15:1} | themes=101 | dates=72
promote,NOT leader_baoliang & NOT lag0,1084,397,0.3662,249/588=42.3%,148/496=29.8%,yizi_today=18.7% | yizi_next_all=10.4% | height{2:709;3:186;4:89;5:43;6:22;7:16;8:9;9:3;10:1;11:1;12:2;13:1;14:1;15:1} | themes=101 | dates=72
promote,NOT leader_absent & NOT is_new_high & NOT is_fanbao,1434,525,0.3661,335/827=40.5%,190/607=31.3%,yizi_today=18.6% | yizi_next_all=10.5% | height{2:982;3:295;4:107;5:33;6:9;7:3;8:3;9:2} | themes=117 | dates=121
promote,NOT is_new_high & NOT boards_ge5 & own_baoliang,216,79,0.3657,49/136=36.0%,30/80=37.5%,yizi_today=11.6% | yizi_next_all=6.9% | height{3:156;4:60} | themes=60 | dates=121
promote,NOT leader_absent & NOT same_theme_baoliang,1545,565,0.3657,350/855=40.9%,215/690=31.2%,yizi_today=19.2% | yizi_next_all=10.6% | height{2:1011;3:294;4:125;5:54;6:24;7:17;8:10;9:3;10:1;11:1;12:2;13:1;14:1;15:1} | themes=119 | dates=121
promote,NOT lag0 & NOT same_theme_baoliang,1545,565,0.3657,350/855=40.9%,215/690=31.2%,yizi_today=19.2% | yizi_next_all=10.6% | height{2:1011;3:294;4:125;5:54;6:24;7:17;8:10;9:3;10:1;11:1;12:2;13:1;14:1;15:1} | themes=119 | dates=121
promote,NOT one_price_today & is_new_high & NOT own_baoliang,134,49,0.3657,18/45=40.0%,31/89=34.8%,yizi_today=0.0% | yizi_next_all=5.2% | height{2:13;3:33;4:36;5:15;6:17;7:10;8:6;9:1;10:1;12:1;13:1} | themes=38 | dates=97
promote,NOT theme_alive_own & NOT own_baoliang & href_le1,93,34,0.3656,16/39=41.0%,18/54=33.3%,yizi_today=23.7% | yizi_next_all=8.6% | height{2:49;3:19;4:14;5:3;6:4;7:2;8:1;9:1} | themes=45 | dates=57
promote,NOT height_drop & NOT is_sub_high,1834,670,0.3653,407/1018=40.0%,263/816=32.2%,yizi_today=19.2% | yizi_next_all=10.5% | height{2:1198;3:322;4:155;5:67;6:36;7:22;8:15;9:5;10:2;11:2;12:2;13:2;14:2;15:1;16:1;17:1;18:1} | themes=126 | dates=149
promote,NOT leader_absent & NOT is_new_high & theme_alive_own,1256,458,0.3646,290/708=41.0%,168/548=30.7%,yizi_today=19.3% | yizi_next_all=10.7% | height{2:865;3:251;4:96;5:27;6:9;7:3;8:3;9:2} | themes=86 | dates=121
promote,height_new_high & NOT same_theme_baoliang,332,121,0.3645,103/255=40.4%,18/77=23.4%,yizi_today=21.1% | yizi_next_all=11.7% | height{2:197;3:76;4:27;5:11;6:3;7:3;8:6;9:3;10:2;12:1;13:1;14:1;15:1} | themes=65 | dates=22
promote,NOT leader_absent & NOT own_baoliang,1422,518,0.3643,317/767=41.3%,201/655=30.7%,yizi_today=20.2% | yizi_next_all=10.8% | height{2:1033;3:207;4:84;5:41;6:23;7:17;8:9;9:1;10:1;11:1;12:2;13:1;14:1;15:1} | themes=118 | dates=121
promote,NOT own_baoliang & NOT lag0,1422,518,0.3643,317/767=41.3%,201/655=30.7%,yizi_today=20.2% | yizi_next_all=10.8% | height{2:1033;3:207;4:84;5:41;6:23;7:17;8:9;9:1;10:1;11:1;12:2;13:1;14:1;15:1} | themes=118 | dates=121
promote,theme_alive_own & NOT is_fanbao & href_le1,571,208,0.3643,106/261=40.6%,102/310=32.9%,yizi_today=21.9% | yizi_next_all=10.2% | height{2:213;3:139;4:91;5:51;6:31;7:20;8:9;9:2;10:4;11:2;12:2;13:2;14:2;15:1;16:1;17:1} | themes=62 | dates=191
promote,NOT is_sub_high,2328,848,0.3643,518/1292=40.1%,330/1036=31.9%,yizi_today=19.3% | yizi_next_all=10.4% | height{2:1510;3:427;4:204;5:82;6:45;7:24;8:15;9:5;10:4;11:2;12:2;13:2;14:2;15:1;16:1;17:1;18:1} | themes=142 | dates=207
promote,NOT leader_absent & theme_alive_own & NOT href_le1,1186,432,0.3642,276/675=40.9%,156/511=30.5%,yizi_today=19.4% | yizi_next_all=10.6% | height{2:856;3:211;4:80;5:23;6:9;7:2;8:3;9:2} | themes=82 | dates=118
promote,NOT is_fanbao & href_le1,692,252,0.3642,128/321=39.9%,124/371=33.4%,yizi_today=21.8% | yizi_next_all=10.0% | height{2:262;3:171;4:110;5:58;6:37;7:23;8:12;9:3;10:4;11:2;12:2;13:2;14:2;15:1;16:1;17:1;18:1} | themes=82 | dates=206
promote,lag1,742,270,0.3639,147/338=43.5%,123/404=30.4%,yizi_today=18.1% | yizi_next_all=9.4% | height{2:486;3:139;4:64;5:33;6:9;7:8;8:1;11:1;15:1} | themes=91 | dates=58
promote,NOT leader_baoliang & NOT same_theme_broken,1454,529,0.3638,316/751=42.1%,213/703=30.3%,yizi_today=18.4% | yizi_next_all=10.2% | height{2:962;3:252;4:117;5:56;6:29;7:17;8:9;9:3;10:3;11:1;12:2;13:1;14:1;15:1} | themes=122 | dates=105
promote,NOT one_price_today & is_new_high & NOT is_fanbao,209,76,0.3636,30/89=33.7%,46/120=38.3%,yizi_today=0.0% | yizi_next_all=3.8% | height{2:12;3:55;4:53;5:32;6:27;7:15;8:9;9:1;10:1;11:1;12:1;13:1;18:1} | themes=52 | dates=148
promote,is_new_high & opened & NOT is_fanbao,154,56,0.3636,25/73=34.2%,31/81=38.3%,yizi_today=0.0% | yizi_next_all=1.3% | height{2:8;3:37;4:36;5:27;6:22;7:12;8:6;9:1;10:1;11:1;12:1;13:1;18:1} | themes=44 | dates=119
promote,NOT theme_alive_own & href_le1,121,44,0.3636,22/60=36.7%,22/61=36.1%,yizi_today=21.5% | yizi_next_all=9.1% | height{2:49;3:32;4:19;5:7;6:6;7:3;8:3;9:1;18:1} | themes=54 | dates=75
promote,NOT theme_alive_own & NOT is_fanbao & href_le1,121,44,0.3636,22/60=36.7%,22/61=36.1%,yizi_today=21.5% | yizi_next_all=9.1% | height{2:49;3:32;4:19;5:7;6:6;7:3;8:3;9:1;18:1} | themes=54 | dates=75
promote,same_theme_broken & NOT opened,66,24,0.3636,16/32=50.0%,8/34=23.5%,yizi_today=40.9% | yizi_next_all=16.7% | height{2:48;3:9;4:6;5:2;10:1} | themes=18 | dates=40
promote,same_theme_broken & unopened,66,24,0.3636,16/32=50.0%,8/34=23.5%,yizi_today=40.9% | yizi_next_all=16.7% | height{2:48;3:9;4:6;5:2;10:1} | themes=18 | dates=40
promote,NOT one_price_today & is_new_high & NOT theme_alive_own,33,12,0.3636,7/20=35.0%,5/13=38.5%,yizi_today=0.0% | yizi_next_all=6.1% | height{3:12;4:7;5:4;6:3;7:2;8:3;9:1;18:1} | themes=25 | dates=30
promote,NOT leader_baoliang & theme_alive_own,1290,469,0.3636,285/665=42.9%,184/625=29.4%,yizi_today=18.5% | yizi_next_all=10.7% | height{2:857;3:214;4:110;5:50;6:25;7:15;8:8;9:2;10:3;11:1;12:2;13:1;14:1;15:1} | themes=83 | dates=105
promote,leader_baoliang & NOT theme_alive,762,277,0.3635,183/498=36.7%,94/264=35.6%,yizi_today=20.5% | yizi_next_all=10.1% | height{2:465;3:170;4:66;5:26;6:14;7:8;8:6;9:2;11:1;13:1;16:1;17:1;18:1} | themes=102 | dates=63
promote,NOT is_sub_high & NOT same_theme_baoliang,2110,767,0.3635,472/1174=40.2%,295/936=31.5%,yizi_today=19.1% | yizi_next_all=10.3% | height{2:1438;3:376;4:167;5:60;6:30;7:17;8:10;9:3;10:3;11:1;12:2;13:1;14:1;15:1} | themes=139 | dates=203
promote,NOT one_price_today & own_baoliang & NOT href_le1,157,57,0.3631,37/105=35.2%,20/52=38.5%,yizi_today=0.0% | yizi_next_all=2.5% | height{3:100;4:42;5:12;6:2;8:1} | themes=56 | dates=86
promote,NOT leader_absent & NOT height_new_high,1309,475,0.3629,255/629=40.5%,220/680=32.4%,yizi_today=18.4% | yizi_next_all=9.7% | height{2:839;3:241;4:117;5:57;6:26;7:19;8:7;11:1;12:1;13:1} | themes=109 | dates=100
promote,NOT height_new_high & NOT lag0,1309,475,0.3629,255/629=40.5%,220/680=32.4%,yizi_today=18.4% | yizi_next_all=9.7% | height{2:839;3:241;4:117;5:57;6:26;7:19;8:7;11:1;12:1;13:1} | themes=109 | dates=100
promote,theme_alive_own & NOT is_fanbao,2169,786,0.3624,492/1228=40.1%,294/941=31.2%,yizi_today=19.5% | yizi_next_all=10.5% | height{2:1383;3:417;4:198;5:78;6:40;7:22;8:12;9:4;10:4;11:2;12:2;13:2;14:2;15:1;16:1;17:1} | themes=104 | dates=207
promote,theme_alive_own & NOT same_theme_broken,2125,770,0.3624,469/1171=40.1%,301/954=31.6%,yizi_today=19.2% | yizi_next_all=10.3% | height{2:1356;3:404;4:195;5:78;6:40;7:22;8:12;9:4;10:3;11:2;12:2;13:2;14:2;15:1;16:1;17:1} | themes=104 | dates=207
promote,lag2,472,171,0.3623,101/263=38.4%,70/209=33.5%,yizi_today=19.5% | yizi_next_all=11.4% | height{2:306;3:77;4:39;5:23;6:14;7:5;8:5;12:1;13:1;16:1} | themes=70 | dates=33
promote,NOT height_new_high & NOT theme_alive_own,403,146,0.3623,80/206=38.8%,66/197=33.5%,yizi_today=17.9% | yizi_next_all=8.9% | height{2:269;3:86;4:28;5:9;6:6;7:3;8:2} | themes=112 | dates=167
promote,NOT leader_absent & prev_leader_baoliang,820,297,0.3622,164/400=41.0%,133/420=31.7%,yizi_today=17.9% | yizi_next_all=10.1% | height{2:539;3:138;4:75;5:33;6:12;7:9;8:4;9:4;10:1;11:1;12:1;15:1;17:1;18:1} | themes=99 | dates=63
promote,prev_leader_baoliang & NOT lag0,820,297,0.3622,164/400=41.0%,133/420=31.7%,yizi_today=17.9% | yizi_next_all=10.1% | height{2:539;3:138;4:75;5:33;6:12;7:9;8:4;9:4;10:1;11:1;12:1;15:1;17:1;18:1} | themes=99 | dates=63
promote,NOT theme_alive & NOT is_new_high,1608,582,0.3619,412/1051=39.2%,170/557=30.5%,yizi_today=19.2% | yizi_next_all=10.5% | height{2:1104;3:322;4:124;5:40;6:10;7:3;8:3;9:2} | themes=131 | dates=133
promote,NOT boards_ge5 & NOT is_fanbao & own_baoliang,268,97,0.3619,54/161=33.5%,43/107=40.2%,yizi_today=13.1% | yizi_next_all=7.5% | height{3:179;4:89} | themes=72 | dates=146
promote,theme_alive_own & NOT is_fanbao & NOT href_le1,1598,578,0.3617,386/967=39.9%,192/631=30.4%,yizi_today=18.6% | yizi_next_all=10.6% | height{2:1170;3:278;4:107;5:27;6:9;7:2;8:3;9:2} | themes=95 | dates=177
promote,height_drop & href_le1,329,119,0.3617,54/130=41.5%,65/199=32.7%,yizi_today=20.4% | yizi_next_all=9.4% | height{2:175;3:82;4:41;5:17;6:10;7:2;10:2} | themes=63 | dates=58
promote,leader_absent & height_drop & href_le1,329,119,0.3617,54/130=41.5%,65/199=32.7%,yizi_today=20.4% | yizi_next_all=9.4% | height{2:175;3:82;4:41;5:17;6:10;7:2;10:2} | themes=63 | dates=58
promote,NOT same_theme_broken & href_le1,661,239,0.3616,122/304=40.1%,117/357=32.8%,yizi_today=21.9% | yizi_next_all=9.8% | height{2:249;3:154;4:111;5:57;6:37;7:23;8:12;9:3;10:3;11:2;12:2;13:2;14:2;15:1;16:1;17:1;18:1} | themes=82 | dates=204
promote,NOT prev_leader_baoliang & NOT is_sub_high,1278,462,0.3615,294/720=40.8%,168/558=30.1%,yizi_today=19.5% | yizi_next_all=11.0% | height{2:796;3:265;4:108;5:45;6:28;7:14;8:11;9:1;10:3;11:1;12:1;13:2;14:2;16:1} | themes=116 | dates=106
promote,is_new_high & opened,166,60,0.3614,25/73=34.2%,35/93=37.6%,yizi_today=0.0% | yizi_next_all=1.2% | height{2:9;3:40;4:43;5:28;6:22;7:12;8:6;9:1;10:1;11:1;12:1;13:1;18:1} | themes=44 | dates=124
promote,is_new_high & NOT unopened,166,60,0.3614,25/73=34.2%,35/93=37.6%,yizi_today=0.0% | yizi_next_all=1.2% | height{2:9;3:40;4:43;5:28;6:22;7:12;8:6;9:1;10:1;11:1;12:1;13:1;18:1} | themes=44 | dates=124
promote,NOT one_price_today & is_new_high & opened,166,60,0.3614,25/73=34.2%,35/93=37.6%,yizi_today=0.0% | yizi_next_all=1.2% | height{2:9;3:40;4:43;5:28;6:22;7:12;8:6;9:1;10:1;11:1;12:1;13:1;18:1} | themes=44 | dates=124
promote,is_new_high & opened & href_le1,166,60,0.3614,25/73=34.2%,35/93=37.6%,yizi_today=0.0% | yizi_next_all=1.2% | height{2:9;3:40;4:43;5:28;6:22;7:12;8:6;9:1;10:1;11:1;12:1;13:1;18:1} | themes=44 | dates=124
promote,NOT prev_leader_baoliang & theme_alive_own,1235,446,0.3611,282/678=41.6%,164/557=29.4%,yizi_today=19.6% | yizi_next_all=11.0% | height{2:757;3:258;4:112;5:46;6:27;7:14;8:10;9:1;10:3;11:1;12:1;13:2;14:2;16:1} | themes=88 | dates=106
promote,NOT leader_baoliang,1526,551,0.3611,332/778=42.7%,219/748=29.3%,yizi_today=18.1% | yizi_next_all=10.2% | height{2:1016;3:262;4:123;5:58;6:29;7:17;8:9;9:3;10:3;11:1;12:2;13:1;14:1;15:1} | themes=122 | dates=105
promote,NOT leader_baoliang & NOT same_theme_baoliang,1526,551,0.3611,332/778=42.7%,219/748=29.3%,yizi_today=18.1% | yizi_next_all=10.2% | height{2:1016;3:262;4:123;5:58;6:29;7:17;8:9;9:3;10:3;11:1;12:2;13:1;14:1;15:1} | themes=122 | dates=105
promote,height_drop & NOT same_theme_baoliang,593,214,0.3609,129/310=41.6%,85/283=30.0%,yizi_today=18.0% | yizi_next_all=9.1% | height{2:424;3:103;4:42;5:16;6:6;7:1;10:1} | themes=91 | dates=58
promote,leader_baoliang & NOT is_sub_high,970,350,0.3608,211/573=36.8%,139/397=35.0%,yizi_today=20.3% | yizi_next_all=10.4% | height{2:592;3:208;4:99;5:31;6:17;7:8;8:6;9:2;10:1;11:1;13:1;14:1;16:1;17:1;18:1} | themes=110 | dates=102
promote,NOT leader_absent & NOT href_le1,1414,510,0.3607,321/793=40.5%,189/621=30.4%,yizi_today=18.5% | yizi_next_all=10.2% | height{2:1023;3:258;4:89;5:28;6:9;7:2;8:3;9:2} | themes=115 | dates=118
promote,NOT href_le1 & NOT lag0,1414,510,0.3607,321/793=40.5%,189/621=30.4%,yizi_today=18.5% | yizi_next_all=10.2% | height{2:1023;3:258;4:89;5:28;6:9;7:2;8:3;9:2} | themes=115 | dates=118
promote,NOT leader_absent & NOT is_new_high & NOT href_le1,1414,510,0.3607,321/793=40.5%,189/621=30.4%,yizi_today=18.5% | yizi_next_all=10.2% | height{2:1023;3:258;4:89;5:28;6:9;7:2;8:3;9:2} | themes=115 | dates=118
promote,theme_alive_own & NOT boards_ge5 & own_baoliang,233,84,0.3605,43/133=32.3%,41/100=41.0%,yizi_today=12.9% | yizi_next_all=6.4% | height{3:152;4:81} | themes=55 | dates=134
promote,NOT height_new_high & NOT is_sub_high,1978,713,0.3605,402/1022=39.3%,311/956=32.5%,yizi_today=18.8% | yizi_next_all=9.9% | height{2:1307;3:350;4:178;5:70;6:40;7:20;8:7;10:2;11:1;12:1;13:1;14:1} | themes=137 | dates=185
promote,NOT theme_alive & NOT boards_ge5,1634,589,0.3605,402/1037=38.8%,187/597=31.3%,yizi_today=18.8% | yizi_next_all=10.0% | height{2:1120;3:358;4:156} | themes=131 | dates=135
promote,NOT leader_absent & NOT is_new_high,1493,538,0.3603,336/831=40.4%,202/662=30.5%,yizi_today=18.5% | yizi_next_all=10.2% | height{2:1033;3:302;4:107;5:34;6:9;7:3;8:3;9:2} | themes=118 | dates=121
promote,NOT is_new_high & NOT lag0,1493,538,0.3603,336/831=40.4%,202/662=30.5%,yizi_today=18.5% | yizi_next_all=10.2% | height{2:1033;3:302;4:107;5:34;6:9;7:3;8:3;9:2} | themes=118 | dates=121
promote,NOT same_theme_broken & NOT is_fanbao,2470,890,0.3603,548/1398=39.2%,342/1072=31.9%,yizi_today=19.1% | yizi_next_all=10.2% | height{2:1579;3:483;4:216;5:86;6:46;7:25;8:15;9:5;10:3;11:2;12:2;13:2;14:2;15:1;16:1;17:1;18:1} | themes=150 | dates=207
promote,height_drop & NOT is_sub_high,494,178,0.3603,111/274=40.5%,67/220=30.5%,yizi_today=19.6% | yizi_next_all=9.9% | height{2:312;3:105;4:49;5:15;6:9;7:2;10:2} | themes=88 | dates=58
promote,NOT is_fanbao & NOT own_baoliang & href_le1,519,187,0.3603,92/223=41.3%,95/296=32.1%,yizi_today=22.5% | yizi_next_all=9.8% | height{2:262;3:102;4:68;5:32;6:22;7:16;8:7;9:1;10:3;11:1;12:2;13:1;14:1;15:1} | themes=69 | dates=163
promote,NOT height_drop & theme_alive_own,1707,615,0.3603,375/946=39.6%,240/761=31.5%,yizi_today=19.7% | yizi_next_all=10.6% | height{2:1082;3:325;4:158;5:62;6:31;7:20;8:12;9:4;10:2;11:2;12:2;13:2;14:2;15:1;16:1;17:1} | themes=94 | dates=149
promote,href_le1,725,261,0.3600,129/325=39.7%,132/400=33.0%,yizi_today=21.1% | yizi_next_all=9.7% | height{2:277;3:177;4:119;5:61;6:37;7:23;8:12;9:3;10:4;11:2;12:2;13:2;14:2;15:1;16:1;17:1;18:1} | themes=82 | dates=207
promote,boards_ge5 & opened & own_baoliang,50,18,0.3600,12/34=35.3%,6/16=37.5%,yizi_today=0.0% | yizi_next_all=2.0% | height{5:30;6:11;7:4;8:3;11:1;18:1} | themes=29 | dates=44
promote,NOT is_mid_2_3 & NOT one_price_today,314,113,0.3599,71/192=37.0%,42/122=34.4%,yizi_today=0.0% | yizi_next_all=3.8% | height{4:179;5:70;6:33;7:16;8:10;9:1;10:1;11:1;12:1;13:1;18:1} | themes=58 | dates=162
promote,NOT height_new_high & NOT leader_baoliang,1304,469,0.3597,261/607=43.0%,208/697=29.8%,yizi_today=17.3% | yizi_next_all=9.8% | height{2:884;3:215;4:104;5:52;6:27;7:15;8:4;10:1;11:1;12:1} | themes=116 | dates=93
promote,theme_alive_own & href_le1,604,217,0.3593,107/265=40.4%,110/339=32.4%,yizi_today=21.0% | yizi_next_all=9.8% | height{2:228;3:145;4:100;5:54;6:31;7:20;8:9;9:2;10:4;11:2;12:2;13:2;14:2;15:1;16:1;17:1} | themes=62 | dates=192
promote,same_theme_baoliang,245,88,0.3592,48/128=37.5%,40/117=34.2%,yizi_today=21.6% | yizi_next_all=10.2% | height{2:83;3:60;4:43;5:23;6:15;7:7;8:5;9:2;10:1;11:1;13:1;14:1;16:1;17:1;18:1} | themes=41 | dates=102
promote,leader_baoliang & same_theme_baoliang,245,88,0.3592,48/128=37.5%,40/117=34.2%,yizi_today=21.6% | yizi_next_all=10.2% | height{2:83;3:60;4:43;5:23;6:15;7:7;8:5;9:2;10:1;11:1;13:1;14:1;16:1;17:1;18:1} | themes=41 | dates=102
promote,NOT height_drop & NOT is_fanbao,1950,700,0.3590,433/1109=39.0%,267/841=31.7%,yizi_today=19.1% | yizi_next_all=10.3% | height{2:1238;3:378;4:172;5:69;6:36;7:23;8:15;9:5;10:2;11:2;12:2;13:2;14:2;15:1;16:1;17:1;18:1} | themes=132 | dates=149
promote,height_drop & own_baoliang,92,33,0.3587,18/54=33.3%,15/38=39.5%,yizi_today=19.6% | yizi_next_all=9.8% | height{3:53;4:23;5:9;6:5;7:1;10:1} | themes=42 | dates=42
promote,NOT height_drop & href_le1,396,142,0.3586,75/195=38.5%,67/201=33.3%,yizi_today=21.7% | yizi_next_all=9.8% | height{2:102;3:95;4:78;5:44;6:27;7:21;8:12;9:3;10:2;11:2;12:2;13:2;14:2;15:1;16:1;17:1;18:1} | themes=65 | dates=149
promote,NOT height_drop & NOT prev_leader_baoliang,1027,368,0.3583,229/570=40.2%,139/457=30.4%,yizi_today=20.0% | yizi_next_all=10.6% | height{2:627;3:221;4:85;5:39;6:21;7:14;8:11;9:1;10:1;11:1;12:1;13:2;14:2;16:1} | themes=101 | dates=72
promote,NOT height_drop & NOT same_theme_broken,1934,693,0.3583,416/1071=38.8%,277/863=32.1%,yizi_today=18.8% | yizi_next_all=10.1% | height{2:1232;3:368;4:171;5:70;6:36;7:23;8:15;9:5;10:2;11:2;12:2;13:2;14:2;15:1;16:1;17:1;18:1} | themes=132 | dates=149
promote,height_new_high & NOT boards_ge5,307,110,0.3583,94/236=39.8%,16/71=22.5%,yizi_today=20.5% | yizi_next_all=10.4% | height{2:203;3:77;4:27} | themes=63 | dates=22
promote,theme_alive_own & NOT is_fanbao & NOT own_baoliang,1879,673,0.3582,423/1049=40.3%,250/830=30.1%,yizi_today=19.9% | yizi_next_all=10.7% | height{2:1383;3:272;4:120;5:46;6:25;7:16;8:8;10:3;11:1;12:2;13:1;14:1;15:1} | themes=102 | dates=207
promote,NOT height_drop & leader_baoliang,796,285,0.3580,174/484=36.0%,111/312=35.6%,yizi_today=20.0% | yizi_next_all=10.1% | height{2:485;3:174;4:75;5:28;6:13;7:7;8:6;9:2;11:1;13:1;14:1;16:1;17:1;18:1} | themes=103 | dates=67
promote,NOT leader_absent & NOT boards_ge5 & NOT is_fanbao,1420,508,0.3577,316/798=39.6%,192/622=30.9%,yizi_today=18.1% | yizi_next_all=9.7% | height{2:982;3:302;4:136} | themes=117 | dates=121
promote,NOT prev_leader_baoliang & NOT is_fanbao,1408,503,0.3572,321/795=40.4%,182/613=29.7%,yizi_today=19.5% | yizi_next_all=10.9% | height{2:865;3:301;4:122;5:54;6:29;7:15;8:11;9:1;10:3;11:1;12:1;13:2;14:2;16:1} | themes=124 | dates=106
promote,NOT is_fanbao & NOT same_theme_baoliang,2388,853,0.3572,528/1340=39.4%,325/1048=31.0%,yizi_today=18.7% | yizi_next_all=10.1% | height{2:1606;3:454;4:189;5:68;6:31;7:18;8:10;9:3;10:3;11:1;12:2;13:1;14:1;15:1} | themes=148 | dates=207
promote,theme_alive_own & NOT same_theme_baoliang,2055,734,0.3572,451/1122=40.2%,283/933=30.3%,yizi_today=18.7% | yizi_next_all=10.1% | height{2:1384;3:379;4:167;5:62;6:27;7:16;8:9;9:2;10:3;11:1;12:2;13:1;14:1;15:1} | themes=103 | dates=207
promote,height_new_high & is_mid_2_3,280,100,0.3571,85/214=39.7%,15/66=22.7%,yizi_today=20.0% | yizi_next_all=10.7% | height{2:203;3:77} | themes=62 | dates=22
promote,NOT theme_alive_own & opened & own_baoliang,42,15,0.3571,9/25=36.0%,6/17=35.3%,yizi_today=0.0% | yizi_next_all=2.4% | height{3:24;4:7;5:7;6:1;8:2;18:1} | themes=29 | dates=39
promote,NOT is_fanbao,2624,937,0.3571,576/1468=39.2%,361/1156=31.2%,yizi_today=19.0% | yizi_next_all=10.1% | height{2:1687;3:511;4:228;5:91;6:46;7:25;8:15;9:5;10:4;11:2;12:2;13:2;14:2;15:1;16:1;17:1;18:1} | themes=150 | dates=207
promote,prev_leader_baoliang & NOT is_fanbao,1216,434,0.3569,255/673=37.9%,179/543=33.0%,yizi_today=18.5% | yizi_next_all=9.2% | height{2:822;3:210;4:106;5:37;6:17;7:10;8:4;9:4;10:1;11:1;12:1;15:1;17:1;18:1} | themes=114 | dates=101
promote,theme_alive_own,2281,814,0.3569,494/1236=40.0%,320/1045=30.6%,yizi_today=19.1% | yizi_next_all=10.1% | height{2:1467;3:432;4:207;5:82;6:40;7:22;8:12;9:4;10:4;11:2;12:2;13:2;14:2;15:1;16:1;17:1} | themes=104 | dates=207
promote,NOT prev_leader_baoliang & NOT same_theme_broken,1390,496,0.3568,310/771=40.2%,186/619=30.0%,yizi_today=19.3% | yizi_next_all=10.7% | height{2:851;3:301;4:121;5:52;6:29;7:15;8:11;9:1;10:2;11:1;12:1;13:2;14:2;16:1} | themes=124 | dates=106
promote,NOT leader_absent & NOT is_new_high & NOT own_baoliang,1329,474,0.3567,293/724=40.5%,181/605=29.9%,yizi_today=19.3% | yizi_next_all=10.2% | height{2:1033;3:203;4:62;5:19;6:7;7:3;8:2} | themes=117 | dates=120
promote,opened & theme_alive_own & is_new_high,143,51,0.3566,19/57=33.3%,32/86=37.2%,yizi_today=0.0% | yizi_next_all=1.4% | height{2:9;3:33;4:38;5:24;6:20;7:11;8:4;10:1;11:1;12:1;13:1} | themes=37 | dates=112
promote,is_new_high & theme_alive_own & opened,143,51,0.3566,19/57=33.3%,32/86=37.2%,yizi_today=0.0% | yizi_next_all=1.4% | height{2:9;3:33;4:38;5:24;6:20;7:11;8:4;10:1;11:1;12:1;13:1} | themes=37 | dates=112
promote,NOT same_theme_broken,2572,917,0.3565,550/1405=39.1%,367/1167=31.4%,yizi_today=18.8% | yizi_next_all=9.9% | height{2:1655;3:496;4:225;5:90;6:46;7:25;8:15;9:5;10:3;11:2;12:2;13:2;14:2;15:1;16:1;17:1;18:1} | themes=150 | dates=207
promote,NOT leader_baoliang & NOT own_baoliang,1397,498,0.3565,296/697=42.5%,202/700=28.9%,yizi_today=18.6% | yizi_next_all=10.2% | height{2:1016;3:187;4:89;5:43;6:27;7:17;8:8;9:1;10:3;11:1;12:2;13:1;14:1;15:1} | themes=121 | dates=105
promote,NOT leader_absent & NOT boards_ge5 & own_baoliang,160,57,0.3563,34/96=35.4%,23/64=35.9%,yizi_today=9.4% | yizi_next_all=6.2% | height{3:102;4:58} | themes=51 | dates=91
promote,prev_leader_baoliang & NOT same_theme_broken,1182,421,0.3562,240/634=37.9%,181/548=33.0%,yizi_today=18.3% | yizi_next_all=9.0% | height{2:804;3:195;4:104;5:38;6:17;7:10;8:4;9:4;10:1;11:1;12:1;15:1;17:1;18:1} | themes=115 | dates=101
promote,theme_alive_own & NOT href_le1,1677,597,0.3560,387/971=39.9%,210/706=29.7%,yizi_today=18.4% | yizi_next_all=10.3% | height{2:1239;3:287;4:107;5:28;6:9;7:2;8:3;9:2} | themes=96 | dates=177
promote,NOT is_new_high & theme_alive_own & NOT href_le1,1677,597,0.3560,387/971=39.9%,210/706=29.7%,yizi_today=18.4% | yizi_next_all=10.3% | height{2:1239;3:287;4:107;5:28;6:9;7:2;8:3;9:2} | themes=96 | dates=177
promote,NOT is_sub_high & NOT own_baoliang,2031,723,0.3560,446/1113=40.1%,277/918=30.2%,yizi_today=19.7% | yizi_next_all=10.5% | height{2:1510;3:283;4:125;5:48;6:29;7:17;8:9;9:1;10:3;11:1;12:2;13:1;14:1;15:1} | themes=139 | dates=203
promote,NOT is_fanbao & same_theme_baoliang,236,84,0.3559,48/128=37.5%,36/108=33.3%,yizi_today=22.5% | yizi_next_all=10.6% | height{2:81;3:57;4:39;5:23;6:15;7:7;8:5;9:2;10:1;11:1;13:1;14:1;16:1;17:1;18:1} | themes=41 | dates=101
promote,nzt_le40,194,69,0.3557,34/89=38.2%,35/105=33.3%,yizi_today=20.6% | yizi_next_all=7.7% | height{2:118;3:44;4:19;5:8;6:4;7:1} | themes=58 | dates=22
promote,NOT theme_dead,2377,845,0.3555,500/1240=40.3%,345/1137=30.3%,yizi_today=18.5% | yizi_next_all=9.9% | height{2:1519;3:461;4:213;5:82;6:43;7:23;8:15;9:5;10:4;11:2;12:2;13:2;14:2;15:1;16:1;17:1;18:1} | themes=137 | dates=178
promote,NOT leader_baoliang & NOT href_le1,1235,439,0.3555,277/664=41.7%,162/571=28.4%,yizi_today=17.2% | yizi_next_all=9.6% | height{2:918;3:207;4:73;5:26;6:6;7:1;8:2;9:2} | themes=115 | dates=97
promote,NOT leader_absent & boards_ge5 & opened,76,27,0.3553,18/50=36.0%,9/26=34.6%,yizi_today=0.0% | yizi_next_all=5.3% | height{5:35;6:17;7:12;8:7;9:1;11:1;12:1;13:1;18:1} | themes=30 | dates=61
promote,NOT height_new_high & href_le1,701,249,0.3552,118/307=38.4%,131/394=33.2%,yizi_today=20.5% | yizi_next_all=9.3% | height{2:277;3:177;4:118;5:59;6:36;7:21;8:7;10:2;11:1;12:1;13:1;14:1} | themes=82 | dates=185
promote,leader_baoliang & NOT prev_leader_baoliang,642,228,0.3551,139/347=40.1%,89/295=30.2%,yizi_today=19.2% | yizi_next_all=10.3% | height{2:392;3:152;4:54;5:19;6:11;7:4;8:5;10:1;11:1;13:1;14:1;16:1} | themes=95 | dates=51
promote,leader_absent & NOT is_sub_high,769,273,0.3550,162/430=37.7%,111/339=32.7%,yizi_today=19.0% | yizi_next_all=10.0% | height{2:487;3:162;4:80;5:20;6:14;7:2;10:3;14:1} | themes=106 | dates=86
promote,NOT is_sub_high & lag0,769,273,0.3550,162/430=37.7%,111/339=32.7%,yizi_today=19.0% | yizi_next_all=10.0% | height{2:487;3:162;4:80;5:20;6:14;7:2;10:3;14:1} | themes=106 | dates=86
promote,NOT same_theme_broken & NOT href_le1,1911,678,0.3548,428/1101=38.9%,250/810=30.9%,yizi_today=17.7% | yizi_next_all=9.9% | height{2:1406;3:342;4:114;5:33;6:9;7:2;8:3;9:2} | themes=138 | dates=177
promote,NOT leader_absent & theme_alive_own & NOT boards_ge5,1246,442,0.3547,269/678=39.7%,173/568=30.5%,yizi_today=18.5% | yizi_next_all=9.6% | height{2:865;3:257;4:124} | themes=85 | dates=121
promote,NOT leader_absent & NOT own_baoliang & NOT href_le1,1280,454,0.3547,284/703=40.4%,170/577=29.5%,yizi_today=19.0% | yizi_next_all=10.2% | height{2:1023;3:179;4:51;5:16;6:7;7:2;8:2} | themes=114 | dates=118
promote,NOT height_drop,2033,721,0.3546,435/1116=39.0%,286/917=31.2%,yizi_today=18.8% | yizi_next_all=10.0% | height{2:1300;3:389;4:178;5:73;6:36;7:23;8:15;9:5;10:2;11:2;12:2;13:2;14:2;15:1;16:1;17:1;18:1} | themes=132 | dates=149
promote,NOT is_fanbao & NOT href_le1,1932,685,0.3546,448/1147=39.1%,237/785=30.2%,yizi_today=18.0% | yizi_next_all=10.1% | height{2:1425;3:340;4:118;5:33;6:9;7:2;8:3;9:2} | themes=138 | dates=177
promote,NOT is_new_high & NOT is_fanbao & NOT href_le1,1932,685,0.3546,448/1147=39.1%,237/785=30.2%,yizi_today=18.0% | yizi_next_all=10.1% | height{2:1425;3:340;4:118;5:33;6:9;7:2;8:3;9:2} | themes=138 | dates=177
promote,NOT leader_absent & is_sub_high,79,28,0.3544,15/38=39.5%,13/41=31.7%,yizi_today=19.0% | yizi_next_all=10.1% | height{2:10;3:44;4:18;5:6;7:1} | themes=34 | dates=41
promote,is_sub_high & NOT lag0,79,28,0.3544,15/38=39.5%,13/41=31.7%,yizi_today=19.0% | yizi_next_all=10.1% | height{2:10;3:44;4:18;5:6;7:1} | themes=34 | dates=41
promote,NOT leader_absent & NOT is_new_high & href_le1,79,28,0.3544,15/38=39.5%,13/41=31.7%,yizi_today=19.0% | yizi_next_all=10.1% | height{2:10;3:44;4:18;5:6;7:1} | themes=34 | dates=41
promote,NOT prev_leader_baoliang,1462,518,0.3543,322/797=40.4%,196/665=29.5%,yizi_today=19.1% | yizi_next_all=10.5% | height{2:903;3:313;4:125;5:55;6:29;7:15;8:11;9:1;10:3;11:1;12:1;13:2;14:2;16:1} | themes=124 | dates=106
promote,NOT same_theme_broken & NOT same_theme_baoliang,2360,836,0.3542,507/1298=39.1%,329/1062=31.0%,yizi_today=18.5% | yizi_next_all=9.9% | height{2:1588;3:444;4:187;5:70;6:31;7:18;8:10;9:3;10:3;11:1;12:2;13:1;14:1;15:1} | themes=148 | dates=207
promote,leader_absent & NOT theme_alive_own & NOT opened,96,34,0.3542,18/51=35.3%,16/45=35.6%,yizi_today=38.5% | yizi_next_all=14.6% | height{2:64;3:21;4:10;6:1} | themes=57 | dates=60
promote,theme_alive_own & same_theme_baoliang,226,80,0.3540,43/114=37.7%,37/112=33.0%,yizi_today=22.1% | yizi_next_all=10.2% | height{2:83;3:53;4:40;5:20;6:13;7:6;8:3;9:2;10:1;11:1;13:1;14:1;16:1;17:1} | themes=33 | dates=89
promote,NOT height_drop & NOT href_le1,1637,579,0.3537,360/921=39.1%,219/716=30.6%,yizi_today=18.1% | yizi_next_all=10.1% | height{2:1198;3:294;4:100;5:29;6:9;7:2;8:3;9:2} | themes=124 | dates=139
promote,NOT leader_baoliang & NOT prev_leader_baoliang,820,290,0.3537,183/450=40.7%,107/370=28.9%,yizi_today=19.0% | yizi_next_all=10.7% | height{2:511;3:161;4:71;5:36;6:18;7:11;8:6;9:1;10:2;12:1;13:1;14:1} | themes=101 | dates=55
promote,NOT leader_absent & own_baoliang & href_le1,82,29,0.3537,17/43=39.5%,12/39=30.8%,yizi_today=17.1% | yizi_next_all=8.5% | height{3:23;4:20;5:15;6:6;7:6;8:5;9:2;11:1;13:1;16:1;17:1;18:1} | themes=32 | dates=61
promote,NOT own_baoliang & href_le1,546,193,0.3535,93/226=41.2%,100/320=31.2%,yizi_today=21.8% | yizi_next_all=9.5% | height{2:277;3:105;4:74;5:35;6:22;7:16;8:7;9:1;10:3;11:1;12:2;13:1;14:1;15:1} | themes=69 | dates=164
promote,NOT leader_absent & NOT boards_ge5 & NOT href_le1,1370,484,0.3533,299/753=39.7%,185/617=30.0%,yizi_today=17.9% | yizi_next_all=9.5% | height{2:1023;3:258;4:89} | themes=115 | dates=118
promote,NOT theme_alive & is_mid_2_3,1478,522,0.3532,355/928=38.3%,167/550=30.4%,yizi_today=18.7% | yizi_next_all=9.9% | height{2:1120;3:358} | themes=131 | dates=135
promote,NOT height_new_high & NOT is_fanbao,2277,804,0.3531,460/1197=38.4%,344/1080=31.9%,yizi_today=18.4% | yizi_next_all=9.6% | height{2:1486;3:436;4:201;5:79;6:41;7:21;8:7;10:2;11:1;12:1;13:1;14:1} | themes=145 | dates=185
promote,NOT leader_absent & NOT is_new_high & NOT boards_ge5,1442,509,0.3530,312/786=39.7%,197/656=30.0%,yizi_today=17.9% | yizi_next_all=9.5% | height{2:1033;3:302;4:107} | themes=118 | dates=121
promote,href_le1 & NOT same_theme_baoliang,561,198,0.3529,100/250=40.0%,98/311=31.5%,yizi_today=20.9% | yizi_next_all=9.6% | height{2:256;3:131;4:78;5:40;6:23;7:16;8:7;9:1;10:3;11:1;12:2;13:1;14:1;15:1} | themes=75 | dates=164
promote,NOT leader_absent & NOT one_price_today & is_new_high,102,36,0.3529,16/45=35.6%,20/57=35.1%,yizi_today=0.0% | yizi_next_all=2.9% | height{3:4;4:31;5:22;6:17;7:14;8:9;9:1;11:1;12:1;13:1;18:1} | themes=36 | dates=87
promote,ALL,2736,965,0.3527,578/1476=39.2%,387/1260=30.7%,yizi_today=18.7% | yizi_next_all=9.8% | height{2:1771;3:526;4:237;5:95;6:46;7:25;8:15;9:5;10:4;11:2;12:2;13:2;14:2;15:1;16:1;17:1;18:1} | themes=150 | dates=207
promote,NOT height_drop & NOT leader_baoliang,1237,436,0.3525,261/632=41.3%,175/605=28.9%,yizi_today=18.1% | yizi_next_all=10.0% | height{2:815;3:215;4:103;5:45;6:23;7:16;8:9;9:3;10:2;11:1;12:2;13:1;14:1;15:1} | themes=107 | dates=82
promote,NOT leader_absent & NOT boards_ge5,1484,523,0.3524,317/802=39.5%,206/682=30.2%,yizi_today=17.9% | yizi_next_all=9.4% | height{2:1033;3:309;4:142} | themes=118 | dates=121
promote,NOT boards_ge5 & NOT lag0,1484,523,0.3524,317/802=39.5%,206/682=30.2%,yizi_today=17.9% | yizi_next_all=9.4% | height{2:1033;3:309;4:142} | themes=118 | dates=121
promote,prev_leader_baoliang & NOT href_le1,894,315,0.3523,185/493=37.5%,130/401=32.4%,yizi_today=17.4% | yizi_next_all=9.6% | height{2:707;3:125;4:44;5:13;6:2;7:1;8:1;9:1} | themes=110 | dates=83
promote,NOT prev_leader_baoliang & NOT same_theme_baoliang,1343,473,0.3522,300/747=40.2%,173/596=29.0%,yizi_today=19.1% | yizi_next_all=10.3% | height{2:863;3:280;4:112;5:43;6:20;7:12;8:7;9:1;10:2;12:1;13:1;14:1} | themes=122 | dates=106
promote,NOT same_theme_baoliang,2491,877,0.3521,530/1348=39.3%,347/1143=30.4%,yizi_today=18.4% | yizi_next_all=9.8% | height{2:1688;3:466;4:194;5:72;6:31;7:18;8:10;9:3;10:3;11:1;12:2;13:1;14:1;15:1} | themes=148 | dates=207
promote,NOT leader_absent & NOT boards_ge5 & NOT own_baoliang,1324,466,0.3520,283/706=40.1%,183/618=29.6%,yizi_today=18.9% | yizi_next_all=9.8% | height{2:1033;3:207;4:84} | themes=116 | dates=121
promote,NOT is_fanbao & NOT own_baoliang,2276,801,0.3519,492/1250=39.4%,309/1026=30.1%,yizi_today=19.5% | yizi_next_all=10.2% | height{2:1687;3:332;4:139;5:52;6:29;7:18;8:9;9:1;10:3;11:1;12:2;13:1;14:1;15:1} | themes=146 | dates=207
promote,prev_leader_baoliang & NOT same_theme_baoliang,1148,404,0.3519,230/601=38.3%,174/547=31.8%,yizi_today=17.6% | yizi_next_all=9.1% | height{2:825;3:186;4:82;5:29;6:11;7:6;8:3;9:2;10:1;11:1;12:1;15:1} | themes=114 | dates=101
promote,prev_leader_baoliang & theme_alive_own,1046,368,0.3518,212/558=38.0%,156/488=32.0%,yizi_today=18.5% | yizi_next_all=9.1% | height{2:710;3:174;4:95;5:36;6:13;7:8;8:2;9:3;10:1;11:1;12:1;15:1;17:1} | themes=81 | dates=101
promote,NOT href_le1 & NOT same_theme_baoliang,1930,679,0.3518,430/1098=39.2%,249/832=29.9%,yizi_today=17.7% | yizi_next_all=9.8% | height{2:1432;3:335;4:116;5:32;6:8;7:2;8:3;9:2} | themes=137 | dates=177
promote,NOT height_new_high & NOT same_theme_broken,2223,782,0.3518,434/1134=38.3%,348/1089=32.0%,yizi_today=18.2% | yizi_next_all=9.4% | height{2:1453;3:420;4:198;5:78;6:41;7:21;8:7;10:1;11:1;12:1;13:1;14:1} | themes=145 | dates=185
promote,height_drop & NOT is_fanbao,674,237,0.3516,143/359=39.8%,94/315=29.8%,yizi_today=18.8% | yizi_next_all=9.5% | height{2:449;3:133;4:56;5:22;6:10;7:2;10:2} | themes=97 | dates=58
promote,NOT leader_absent & NOT theme_alive_own,259,91,0.3514,53/137=38.7%,38/122=31.1%,yizi_today=15.1% | yizi_next_all=8.5% | height{2:168;3:52;4:18;5:9;6:4;7:3;8:3;9:1;18:1} | themes=90 | dates=111
promote,NOT theme_alive_own & NOT lag0,259,91,0.3514,53/137=38.7%,38/122=31.1%,yizi_today=15.1% | yizi_next_all=8.5% | height{2:168;3:52;4:18;5:9;6:4;7:3;8:3;9:1;18:1} | themes=90 | dates=111
promote,NOT leader_absent & NOT theme_alive_own & NOT is_fanbao,259,91,0.3514,53/137=38.7%,38/122=31.1%,yizi_today=15.1% | yizi_next_all=8.5% | height{2:168;3:52;4:18;5:9;6:4;7:3;8:3;9:1;18:1} | themes=90 | dates=111
promote,leader_absent & NOT theme_alive,467,164,0.3512,123/334=36.8%,41/133=30.8%,yizi_today=19.9% | yizi_next_all=10.3% | height{2:311;3:95;4:39;5:14;6:6;7:2} | themes=85 | dates=38
promote,NOT theme_alive & lag0,467,164,0.3512,123/334=36.8%,41/133=30.8%,yizi_today=19.9% | yizi_next_all=10.3% | height{2:311;3:95;4:39;5:14;6:6;7:2} | themes=85 | dates=38
promote,height_drop & NOT same_theme_broken,638,224,0.3511,134/334=40.1%,90/304=29.6%,yizi_today=18.8% | yizi_next_all=9.2% | height{2:423;3:128;4:54;5:20;6:10;7:2;10:1} | themes=97 | dates=58
promote,theme_alive_own & NOT own_baoliang & NOT href_le1,1527,536,0.3510,348/869=40.0%,188/658=28.6%,yizi_today=18.9% | yizi_next_all=10.4% | height{2:1239;3:194;4:66;5:17;6:7;7:2;8:2} | themes=95 | dates=177
promote,theme_alive_own & NOT own_baoliang,1980,695,0.3510,425/1056=40.2%,270/924=29.2%,yizi_today=19.4% | yizi_next_all=10.3% | height{2:1467;3:280;4:126;5:49;6:25;7:16;8:8;10:3;11:1;12:2;13:1;14:1;15:1} | themes=102 | dates=207
promote,theme_alive_own & NOT own_baoliang & href_le1,453,159,0.3510,77/187=41.2%,82/266=30.8%,yizi_today=21.4% | yizi_next_all=9.7% | height{2:228;3:86;4:60;5:32;6:18;7:14;8:6;10:3;11:1;12:2;13:1;14:1;15:1} | themes=54 | dates=150
promote,NOT height_drop & prev_leader_baoliang,1006,353,0.3509,206/546=37.7%,147/460=32.0%,yizi_today=17.7% | yizi_next_all=9.4% | height{2:673;3:168;4:93;5:34;6:15;7:9;8:4;9:4;10:1;11:1;12:1;15:1;17:1;18:1} | themes=109 | dates=77
promote,prev_leader_baoliang,1274,447,0.3509,256/679=37.7%,191/595=32.1%,yizi_today=18.2% | yizi_next_all=8.9% | height{2:868;3:213;4:112;5:40;6:17;7:10;8:4;9:4;10:1;11:1;12:1;15:1;17:1;18:1} | themes=115 | dates=101
promote,height_drop & prev_leader_baoliang,268,94,0.3507,50/133=37.6%,44/135=32.6%,yizi_today=20.1% | yizi_next_all=7.1% | height{2:195;3:45;4:19;5:6;6:2;7:1} | themes=59 | dates=24
promote,NOT one_price_today & is_new_high & NOT boards_ge5,134,47,0.3507,10/41=24.4%,37/93=39.8%,yizi_today=0.0% | yizi_next_all=5.2% | height{2:13;3:59;4:62} | themes=47 | dates=67
promote,NOT leader_baoliang & NOT is_new_high,1403,492,0.3507,302/723=41.8%,190/680=27.9%,yizi_today=16.8% | yizi_next_all=9.5% | height{2:1016;3:250;4:91;5:33;6:7;7:2;8:2;9:2} | themes=120 | dates=105
promote,leader_absent & opened & own_baoliang,97,34,0.3505,17/57=29.8%,17/40=42.5%,yizi_today=0.0% | yizi_next_all=2.1% | height{3:60;4:19;5:11;6:6;7:1} | themes=42 | dates=52
promote,NOT is_new_high & theme_alive_own & NOT is_fanbao,1918,672,0.3504,437/1118=39.1%,235/800=29.4%,yizi_today=18.1% | yizi_next_all=10.1% | height{2:1369;3:359;4:135;5:37;6:10;7:3;8:3;9:2} | themes=102 | dates=205
promote,NOT is_sub_high & NOT boards_ge5,2141,750,0.3503,450/1169=38.5%,300/972=30.9%,yizi_today=18.1% | yizi_next_all=9.4% | height{2:1510;3:427;4:204} | themes=141 | dates=207
promote,NOT height_new_high & NOT same_theme_baoliang,2159,756,0.3502,427/1093=39.1%,329/1066=30.9%,yizi_today=18.0% | yizi_next_all=9.4% | height{2:1491;3:390;4:167;5:61;6:28;7:15;8:4;10:1;11:1;12:1} | themes=142 | dates=185
promote,NOT href_le1,2011,704,0.3501,449/1151=39.0%,255/860=29.7%,yizi_today=17.8% | yizi_next_all=9.8% | height{2:1494;3:349;4:118;5:34;6:9;7:2;8:3;9:2} | themes=138 | dates=177
promote,NOT is_new_high & NOT is_sub_high,2011,704,0.3501,449/1151=39.0%,255/860=29.7%,yizi_today=17.8% | yizi_next_all=9.8% | height{2:1494;3:349;4:118;5:34;6:9;7:2;8:3;9:2} | themes=138 | dates=177
promote,NOT is_new_high & NOT href_le1,2011,704,0.3501,449/1151=39.0%,255/860=29.7%,yizi_today=17.8% | yizi_next_all=9.8% | height{2:1494;3:349;4:118;5:34;6:9;7:2;8:3;9:2} | themes=138 | dates=177
promote,NOT is_sub_high & NOT href_le1,2011,704,0.3501,449/1151=39.0%,255/860=29.7%,yizi_today=17.8% | yizi_next_all=9.8% | height{2:1494;3:349;4:118;5:34;6:9;7:2;8:3;9:2} | themes=138 | dates=177
promote,NOT is_fanbao & NOT own_baoliang & NOT href_le1,1757,614,0.3495,400/1027=38.9%,214/730=29.3%,yizi_today=18.6% | yizi_next_all=10.3% | height{2:1425;3:230;4:71;5:20;6:7;7:2;8:2} | themes=137 | dates=177
promote,NOT own_baoliang & NOT same_theme_baoliang,2267,792,0.3494,473/1198=39.5%,319/1069=29.8%,yizi_today=19.0% | yizi_next_all=9.9% | height{2:1688;3:322;4:139;5:53;6:28;7:18;8:9;9:1;10:3;11:1;12:2;13:1;14:1;15:1} | themes=146 | dates=207
promote,NOT theme_alive_own & NOT theme_alive,312,109,0.3494,70/188=37.2%,39/124=31.5%,yizi_today=16.7% | yizi_next_all=9.0% | height{2:206;3:66;4:18;5:9;6:5;7:3;8:3;9:1;18:1} | themes=105 | dates=124
promote,NOT height_drop & NOT same_theme_baoliang,1898,663,0.3493,401/1038=38.6%,262/860=30.5%,yizi_today=18.5% | yizi_next_all=10.0% | height{2:1264;3:363;4:152;5:56;6:25;7:17;8:10;9:3;10:2;11:1;12:2;13:1;14:1;15:1} | themes=132 | dates=149
promote,NOT same_theme_broken & NOT own_baoliang,2241,782,0.3490,470/1202=39.1%,312/1039=30.0%,yizi_today=19.2% | yizi_next_all=10.0% | height{2:1655;3:328;4:139;5:53;6:29;7:18;8:9;9:1;10:3;11:1;12:2;13:1;14:1;15:1} | themes=146 | dates=207
promote,NOT boards_ge5 & NOT is_fanbao & NOT href_le1,1883,657,0.3489,423/1102=38.4%,234/781=30.0%,yizi_today=17.6% | yizi_next_all=9.7% | height{2:1425;3:340;4:118} | themes=138 | dates=177
promote,height_drop & NOT theme_alive_own,129,45,0.3488,24/70=34.3%,21/59=35.6%,yizi_today=23.3% | yizi_next_all=10.9% | height{2:86;3:30;4:10;5:2;6:1} | themes=68 | dates=51
promote,same_theme_broken & is_sub_high,43,15,0.3488,3/10=30.0%,12/33=36.4%,yizi_today=7.0% | yizi_next_all=9.3% | height{2:28;3:14;4:1} | themes=16 | dates=23
promote,theme_alive_own & NOT boards_ge5 & NOT href_le1,1633,569,0.3484,363/931=39.0%,206/702=29.3%,yizi_today=17.8% | yizi_next_all=9.6% | height{2:1239;3:287;4:107} | themes=96 | dates=177
promote,leader_absent & NOT leader_baoliang,442,154,0.3484,83/190=43.7%,71/252=28.2%,yizi_today=16.5% | yizi_next_all=9.5% | height{2:307;3:76;4:34;5:15;6:7;7:1;10:2} | themes=84 | dates=33
promote,NOT leader_baoliang & lag0,442,154,0.3484,83/190=43.7%,71/252=28.2%,yizi_today=16.5% | yizi_next_all=9.5% | height{2:307;3:76;4:34;5:15;6:7;7:1;10:2} | themes=84 | dates=33
promote,NOT height_drop & NOT height_new_high,1682,586,0.3484,319/845=37.8%,267/837=31.9%,yizi_today=18.0% | yizi_next_all=9.4% | height{2:1097;3:312;4:151;5:61;6:31;7:19;8:7;11:1;12:1;13:1;14:1} | themes=123 | dates=127
promote,NOT leader_baoliang & NOT boards_ge5,1401,488,0.3483,287/693=41.4%,201/708=28.4%,yizi_today=16.8% | yizi_next_all=9.1% | height{2:1016;3:262;4:123} | themes=121 | dates=105
promote,NOT prev_leader_baoliang & NOT href_le1,1117,389,0.3483,264/658=40.1%,125/459=27.2%,yizi_today=18.1% | yizi_next_all=10.0% | height{2:787;3:224;4:74;5:21;6:7;7:1;8:2;9:1} | themes=111 | dates=94
promote,NOT height_new_high & NOT prev_leader_baoliang,1255,437,0.3482,256/654=39.1%,181/601=30.1%,yizi_today=18.5% | yizi_next_all=10.0% | height{2:787;3:261;4:111;5:47;6:26;7:13;8:5;10:2;12:1;13:1;14:1} | themes=120 | dates=94
promote,leader_baoliang & theme_alive_own,991,345,0.3481,209/571=36.6%,136/420=32.4%,yizi_today=19.8% | yizi_next_all=9.4% | height{2:610;3:218;4:97;5:32;6:15;7:7;8:4;9:2;10:1;11:1;13:1;14:1;16:1;17:1} | themes=83 | dates=102
promote,NOT height_new_high,2385,830,0.3480,462/1205=38.3%,368/1180=31.2%,yizi_today=18.1% | yizi_next_all=9.3% | height{2:1568;3:449;4:210;5:83;6:41;7:21;8:7;10:2;11:1;12:1;13:1;14:1} | themes=145 | dates=185
promote,NOT height_new_high & prev_leader_baoliang,1130,393,0.3478,206/551=37.4%,187/579=32.3%,yizi_today=17.6% | yizi_next_all=8.6% | height{2:781;3:188;4:99;5:36;6:15;7:8;8:2;11:1} | themes=105 | dates=91
promote,NOT leader_baoliang & NOT theme_alive_own,236,82,0.3475,47/113=41.6%,35/123=28.5%,yizi_today=15.7% | yizi_next_all=7.2% | height{2:159;3:48;4:13;5:8;6:4;7:2;8:1;9:1} | themes=93 | dates=99
promote,prev_leader_baoliang & href_le1,380,132,0.3474,71/186=38.2%,61/194=31.4%,yizi_today=20.0% | yizi_next_all=7.4% | height{2:161;3:88;4:68;5:27;6:15;7:9;8:3;9:3;10:1;11:1;12:1;15:1;17:1;18:1} | themes=60 | dates=101
promote,theme_alive_own & NOT boards_ge5 & NOT is_fanbao,1998,694,0.3473,425/1110=38.3%,269/888=30.3%,yizi_today=18.2% | yizi_next_all=9.6% | height{2:1383;3:417;4:198} | themes=103 | dates=207
promote,height_drop,703,244,0.3471,143/360=39.7%,101/343=29.4%,yizi_today=18.2% | yizi_next_all=9.1% | height{2:471;3:137;4:59;5:22;6:10;7:2;10:2} | themes=97 | dates=58
promote,leader_absent & height_drop,703,244,0.3471,143/360=39.7%,101/343=29.4%,yizi_today=18.2% | yizi_next_all=9.1% | height{2:471;3:137;4:59;5:22;6:10;7:2;10:2} | themes=97 | dates=58
promote,height_drop & NOT height_new_high,703,244,0.3471,143/360=39.7%,101/343=29.4%,yizi_today=18.2% | yizi_next_all=9.1% | height{2:471;3:137;4:59;5:22;6:10;7:2;10:2} | themes=97 | dates=58
promote,height_drop & lag0,703,244,0.3471,143/360=39.7%,101/343=29.4%,yizi_today=18.2% | yizi_next_all=9.1% | height{2:471;3:137;4:59;5:22;6:10;7:2;10:2} | themes=97 | dates=58
promote,leader_baoliang & NOT same_theme_broken,1118,388,0.3470,234/654=35.8%,154/464=33.2%,yizi_today=19.4% | yizi_next_all=9.5% | height{2:693;3:244;4:108;5:34;6:17;7:8;8:6;9:2;11:1;13:1;14:1;16:1;17:1;18:1} | themes=116 | dates=102
promote,height_drop & theme_alive_own,574,199,0.3467,119/290=41.0%,80/284=28.2%,yizi_today=17.1% | yizi_next_all=8.7% | height{2:385;3:107;4:49;5:20;6:9;7:2;10:2} | themes=68 | dates=58
promote,NOT height_drop & NOT own_baoliang,1766,612,0.3465,369/951=38.8%,243/815=29.8%,yizi_today=19.5% | yizi_next_all=10.1% | height{2:1300;3:256;4:109;5:42;6:24;7:17;8:9;9:1;10:2;11:1;12:2;13:1;14:1;15:1} | themes=130 | dates=149
promote,NOT prev_leader_baoliang & NOT own_baoliang,1264,438,0.3465,275/676=40.7%,163/588=27.7%,yizi_today=19.5% | yizi_next_all=10.4% | height{2:903;3:210;4:77;5:33;6:17;7:12;8:7;10:2;12:1;13:1;14:1} | themes=118 | dates=106
promote,prev_leader_baoliang & NOT theme_alive_own,228,79,0.3465,44/121=36.4%,35/107=32.7%,yizi_today=17.1% | yizi_next_all=8.3% | height{2:158;3:39;4:17;5:4;6:4;7:2;8:2;9:1;18:1} | themes=89 | dates=95
promote,NOT own_baoliang,2377,823,0.3462,494/1257=39.3%,329/1120=29.4%,yizi_today=19.1% | yizi_next_all=9.8% | height{2:1771;3:340;4:145;5:55;6:29;7:18;8:9;9:1;10:3;11:1;12:2;13:1;14:1;15:1} | themes=146 | dates=207
promote,NOT leader_absent & is_new_high & opened,78,27,0.3462,14/38=36.8%,13/40=32.5%,yizi_today=0.0% | yizi_next_all=1.3% | height{3:4;4:22;5:17;6:13;7:11;8:6;9:1;11:1;12:1;13:1;18:1} | themes=30 | dates=69
promote,leader_absent & NOT is_new_high & own_baoliang,78,27,0.3462,17/53=32.1%,10/25=40.0%,yizi_today=14.1% | yizi_next_all=6.4% | height{3:57;4:15;5:5;6:1} | themes=36 | dates=36
promote,prev_leader_baoliang & NOT own_baoliang,1113,385,0.3459,219/581=37.7%,166/532=31.2%,yizi_today=18.6% | yizi_next_all=9.2% | height{2:868;3:130;4:68;5:22;6:12;7:6;8:2;9:1;10:1;11:1;12:1;15:1} | themes=115 | dates=101
promote,NOT leader_absent & is_mid_2_3,1342,464,0.3458,277/714=38.8%,187/628=29.8%,yizi_today=17.7% | yizi_next_all=9.5% | height{2:1033;3:309} | themes=118 | dates=121
promote,is_mid_2_3 & NOT lag0,1342,464,0.3458,277/714=38.8%,187/628=29.8%,yizi_today=17.7% | yizi_next_all=9.5% | height{2:1033;3:309} | themes=118 | dates=121
promote,height_drop & NOT own_baoliang,611,211,0.3453,125/306=40.8%,86/305=28.2%,yizi_today=18.0% | yizi_next_all=9.0% | height{2:471;3:84;4:36;5:13;6:5;7:1;10:1} | themes=89 | dates=58
promote,prev_leader_baoliang & theme_alive_own & href_le1,307,106,0.3453,57/150=38.0%,49/157=31.2%,yizi_today=20.2% | yizi_next_all=7.2% | height{2:129;3:71;4:55;5:26;6:11;7:7;8:1;9:2;10:1;11:1;12:1;15:1;17:1} | themes=45 | dates=92
promote,NOT height_new_high & theme_alive_own,1982,684,0.3451,382/999=38.2%,302/983=30.7%,yizi_today=18.1% | yizi_next_all=9.4% | height{2:1299;3:363;4:182;5:74;6:35;7:18;8:5;10:2;11:1;12:1;13:1;14:1} | themes=100 | dates=185
promote,NOT height_new_high & NOT href_le1,1684,581,0.3450,344/898=38.3%,237/786=30.2%,yizi_today=17.0% | yizi_next_all=9.3% | height{2:1291;3:272;4:92;5:24;6:5} | themes=132 | dates=155
promote,height_drop & NOT prev_leader_baoliang,435,150,0.3448,93/227=41.0%,57/208=27.4%,yizi_today=17.0% | yizi_next_all=10.3% | height{2:276;3:92;4:40;5:16;6:8;7:1;10:2} | themes=85 | dates=34
promote,NOT is_mid_2_3 & opened,232,80,0.3448,53/145=36.6%,27/87=31.0%,yizi_today=0.0% | yizi_next_all=3.0% | height{4:128;5:51;6:27;7:13;8:7;9:1;10:1;11:1;12:1;13:1;18:1} | themes=52 | dates=136
promote,NOT is_mid_2_3 & NOT unopened,232,80,0.3448,53/145=36.6%,27/87=31.0%,yizi_today=0.0% | yizi_next_all=3.0% | height{4:128;5:51;6:27;7:13;8:7;9:1;10:1;11:1;12:1;13:1;18:1} | themes=52 | dates=136
promote,leader_absent & NOT theme_alive_own & href_le1,90,31,0.3444,14/41=34.1%,17/49=34.7%,yizi_today=20.0% | yizi_next_all=7.8% | height{2:48;3:27;4:10;5:3;6:2} | themes=49 | dates=47
promote,theme_alive_own & NOT is_new_high,2013,693,0.3443,439/1126=39.0%,254/887=28.6%,yizi_today=17.8% | yizi_next_all=9.7% | height{2:1452;3:370;4:135;5:38;6:10;7:3;8:3;9:2} | themes=102 | dates=205
promote,NOT is_new_high & NOT is_fanbao,2324,800,0.3442,507/1327=38.2%,293/997=29.4%,yizi_today=17.6% | yizi_next_all=9.6% | height{2:1672;3:437;4:151;5:46;6:10;7:3;8:3;9:2} | themes=147 | dates=205
promote,NOT boards_ge5 & NOT href_le1,1961,675,0.3442,424/1106=38.3%,251/855=29.4%,yizi_today=17.4% | yizi_next_all=9.3% | height{2:1494;3:349;4:118} | themes=138 | dates=177
promote,NOT is_new_high & NOT boards_ge5 & NOT href_le1,1961,675,0.3442,424/1106=38.3%,251/855=29.4%,yizi_today=17.4% | yizi_next_all=9.3% | height{2:1494;3:349;4:118} | themes=138 | dates=177
promote,is_new_high & opened & NOT own_baoliang,93,32,0.3441,14/38=36.8%,18/55=32.7%,yizi_today=0.0% | yizi_next_all=2.2% | height{2:9;3:21;4:23;5:10;6:14;7:8;8:4;9:1;10:1;12:1;13:1} | themes=33 | dates=75
promote,NOT own_baoliang & NOT href_le1,1831,630,0.3441,401/1031=38.9%,229/800=28.6%,yizi_today=18.3% | yizi_next_all=9.9% | height{2:1494;3:235;4:71;5:20;6:7;7:2;8:2} | themes=137 | dates=177
promote,NOT is_new_high & NOT own_baoliang & NOT href_le1,1831,630,0.3441,401/1031=38.9%,229/800=28.6%,yizi_today=18.3% | yizi_next_all=9.9% | height{2:1494;3:235;4:71;5:20;6:7;7:2;8:2} | themes=137 | dates=177
promote,NOT is_fanbao & NOT boards_ge5,2426,834,0.3438,503/1333=37.7%,331/1093=30.3%,yizi_today=17.9% | yizi_next_all=9.3% | height{2:1687;3:511;4:228} | themes=149 | dates=207
promote,same_theme_broken & href_le1,64,22,0.3438,7/21=33.3%,15/43=34.9%,yizi_today=12.5% | yizi_next_all=7.8% | height{2:28;3:23;4:8;5:4;10:1} | themes=20 | dates=34
promote,leader_baoliang & NOT is_fanbao,1176,404,0.3435,245/692=35.4%,159/484=32.9%,yizi_today=19.7% | yizi_next_all=9.5% | height{2:734;3:256;4:109;5:37;6:17;7:8;8:6;9:2;10:1;11:1;13:1;14:1;16:1;17:1;18:1} | themes=116 | dates=102
promote,NOT same_theme_broken & NOT boards_ge5,2376,816,0.3434,480/1275=37.6%,336/1101=30.5%,yizi_today=17.7% | yizi_next_all=9.1% | height{2:1655;3:496;4:225} | themes=149 | dates=207
promote,leader_baoliang & href_le1,434,149,0.3433,74/211=35.1%,75/223=33.6%,yizi_today=20.7% | yizi_next_all=7.8% | height{2:179;3:122;4:69;5:29;6:14;7:7;8:5;9:2;10:1;11:1;13:1;14:1;16:1;17:1;18:1} | themes=71 | dates=102
promote,NOT height_drop & NOT is_new_high,1836,630,0.3431,388/1019=38.1%,242/817=29.6%,yizi_today=17.8% | yizi_next_all=9.6% | height{2:1300;3:361;4:123;5:35;6:9;7:3;8:3;9:2} | themes=131 | dates=149
promote,NOT is_sub_high & is_mid_2_3,1937,664,0.3428,395/1043=37.9%,269/894=30.1%,yizi_today=17.3% | yizi_next_all=9.2% | height{2:1510;3:427} | themes=140 | dates=206
promote,NOT same_theme_broken & NOT is_new_high,2276,780,0.3427,485/1275=38.0%,295/1001=29.5%,yizi_today=17.4% | yizi_next_all=9.3% | height{2:1639;3:427;4:146;5:46;6:10;7:3;8:3;9:2} | themes=147 | dates=204
promote,NOT boards_ge5 & NOT same_theme_baoliang,2348,804,0.3424,479/1250=38.3%,325/1098=29.6%,yizi_today=17.5% | yizi_next_all=9.1% | height{2:1688;3:466;4:194} | themes=147 | dates=207
promote,theme_alive_own & NOT boards_ge5,2106,721,0.3424,427/1118=38.2%,294/988=29.8%,yizi_today=17.7% | yizi_next_all=9.2% | height{2:1467;3:432;4:207} | themes=103 | dates=207
promote,leader_baoliang,1210,414,0.3421,246/698=35.2%,168/512=32.8%,yizi_today=19.4% | yizi_next_all=9.3% | height{2:755;3:264;4:114;5:37;6:17;7:8;8:6;9:2;10:1;11:1;13:1;14:1;16:1;17:1;18:1} | themes=116 | dates=102
promote,NOT leader_absent & NOT theme_alive_own & NOT href_le1,228,78,0.3421,45/118=38.1%,33/110=30.0%,yizi_today=13.6% | yizi_next_all=7.9% | height{2:167;3:47;4:9;5:5} | themes=89 | dates=106
promote,NOT leader_absent & NOT boards_ge5 & href_le1,114,39,0.3421,18/49=36.7%,21/65=32.3%,yizi_today=17.5% | yizi_next_all=8.8% | height{2:10;3:51;4:53} | themes=40 | dates=37
promote,NOT prev_leader_baoliang & NOT is_new_high,1301,445,0.3420,292/735=39.7%,153/566=27.0%,yizi_today=17.8% | yizi_next_all=9.7% | height{2:894;3:272;4:91;5:31;6:8;7:2;8:2;9:1} | themes=121 | dates=105
promote,NOT boards_ge5 & NOT is_fanbao & NOT own_baoliang,2158,737,0.3415,449/1172=38.3%,288/986=29.2%,yizi_today=18.5% | yizi_next_all=9.5% | height{2:1687;3:332;4:139} | themes=145 | dates=207
promote,leader_baoliang & NOT href_le1,776,265,0.3415,172/487=35.3%,93/289=32.2%,yizi_today=18.7% | yizi_next_all=10.2% | height{2:576;3:142;4:45;5:8;6:3;7:1;8:1} | themes=105 | dates=80
promote,NOT is_new_high & NOT same_theme_baoliang,2311,789,0.3414,488/1272=38.4%,301/1039=29.0%,yizi_today=17.1% | yizi_next_all=9.3% | height{2:1682;3:425;4:143;5:44;6:9;7:3;8:3;9:2} | themes=147 | dates=205
promote,prev_leader_baoliang & same_theme_baoliang,126,43,0.3413,26/78=33.3%,17/48=35.4%,yizi_today=23.8% | yizi_next_all=7.1% | height{2:43;3:27;4:30;5:11;6:6;7:4;8:1;9:2;17:1;18:1} | themes=27 | dates=51
promote,NOT is_new_high & NOT is_fanbao & NOT own_baoliang,2088,712,0.3410,447/1168=38.3%,265/920=28.8%,yizi_today=18.1% | yizi_next_all=9.7% | height{2:1672;3:286;4:91;5:27;6:7;7:3;8:2} | themes=145 | dates=204
promote,NOT boards_ge5 & NOT opened & is_fanbao,44,15,0.3409,2/4=50.0%,13/40=32.5%,yizi_today=22.7% | yizi_next_all=4.5% | height{2:38;3:4;4:2} | themes=19 | dates=32
promote,NOT is_new_high & theme_alive_own & NOT own_baoliang,1810,617,0.3409,389/991=39.3%,228/819=27.8%,yizi_today=18.3% | yizi_next_all=9.8% | height{2:1452;3:241;4:83;5:22;6:7;7:3;8:2} | themes=101 | dates=204
promote,NOT height_new_high & NOT own_baoliang,2082,709,0.3405,393/1026=38.3%,316/1056=29.9%,yizi_today=18.5% | yizi_next_all=9.4% | height{2:1568;3:284;4:132;5:50;6:26;7:15;8:4;10:1;11:1;12:1} | themes=138 | dates=185
promote,is_fanbao & NOT opened,47,16,0.3404,2/4=50.0%,14/43=32.6%,yizi_today=25.5% | yizi_next_all=6.4% | height{2:38;3:4;4:2;5:3} | themes=20 | dates=34
promote,is_fanbao & unopened,47,16,0.3404,2/4=50.0%,14/43=32.6%,yizi_today=25.5% | yizi_next_all=6.4% | height{2:38;3:4;4:2;5:3} | themes=20 | dates=34
promote,theme_alive_own & NOT opened & is_fanbao,47,16,0.3404,2/4=50.0%,14/43=32.6%,yizi_today=25.5% | yizi_next_all=6.4% | height{2:38;3:4;4:2;5:3} | themes=20 | dates=34
promote,NOT leader_absent & NOT theme_alive_own & NOT boards_ge5,238,81,0.3403,48/124=38.7%,33/114=28.9%,yizi_today=14.7% | yizi_next_all=8.4% | height{2:168;3:52;4:18} | themes=90 | dates=110
promote,NOT height_drop & NOT boards_ge5,1867,635,0.3401,377/1011=37.3%,258/856=30.1%,yizi_today=17.5% | yizi_next_all=9.1% | height{2:1300;3:389;4:178} | themes=131 | dates=149
promote,theme_alive_own & NOT boards_ge5 & NOT own_baoliang,1873,637,0.3401,384/985=39.0%,253/888=28.5%,yizi_today=18.3% | yizi_next_all=9.5% | height{2:1467;3:280;4:126} | themes=101 | dates=207
promote,NOT prev_leader_baoliang & NOT boards_ge5,1341,456,0.3400,279/715=39.0%,177/626=28.3%,yizi_today=17.5% | yizi_next_all=9.7% | height{2:903;3:313;4:125} | themes=122 | dates=106
promote,leader_absent & NOT one_price_today & boards_ge4,100,34,0.3400,23/66=34.8%,11/34=32.4%,yizi_today=0.0% | yizi_next_all=4.0% | height{4:65;5:22;6:11;7:1;10:1} | themes=37 | dates=51
promote,NOT theme_alive_own & NOT boards_ge5 & href_le1,100,34,0.3400,17/48=35.4%,17/52=32.7%,yizi_today=21.0% | yizi_next_all=8.0% | height{2:49;3:32;4:19} | themes=51 | dates=55
promote,NOT boards_ge5,2534,861,0.3398,505/1341=37.7%,356/1193=29.8%,yizi_today=17.5% | yizi_next_all=9.0% | height{2:1771;3:526;4:237} | themes=149 | dates=207
promote,prev_leader_baoliang & NOT boards_ge5,1193,405,0.3395,226/626=36.1%,179/567=31.6%,yizi_today=17.5% | yizi_next_all=8.1% | height{2:868;3:213;4:112} | themes=115 | dates=101
promote,NOT theme_alive_own & NOT is_sub_high,383,130,0.3394,76/211=36.0%,54/172=31.4%,yizi_today=17.2% | yizi_next_all=8.9% | height{2:256;3:78;4:25;5:10;6:6;7:3;8:3;9:1;18:1} | themes=113 | dates=172
promote,NOT is_new_high,2419,821,0.3394,509/1335=38.1%,312/1084=28.8%,yizi_today=17.3% | yizi_next_all=9.3% | height{2:1755;3:448;4:151;5:47;6:10;7:3;8:3;9:2} | themes=147 | dates=205
promote,href_le2,1259,427,0.3392,200/529=37.8%,227/730=31.1%,yizi_today=19.1% | yizi_next_all=9.0% | height{2:672;3:270;4:150;5:73;6:40;7:23;8:12;9:3;10:4;11:2;12:2;13:2;14:2;15:1;16:1;17:1;18:1} | themes=110 | dates=207
promote,same_theme_broken & theme_alive_own & href_le1,59,20,0.3390,6/18=33.3%,14/41=34.1%,yizi_today=13.6% | yizi_next_all=8.5% | height{2:26;3:21;4:8;5:3;10:1} | themes=17 | dates=31
promote,NOT is_new_high & NOT boards_ge5 & NOT is_fanbao,2260,766,0.3389,477/1270=37.6%,289/990=29.2%,yizi_today=17.2% | yizi_next_all=9.2% | height{2:1672;3:437;4:151} | themes=147 | dates=205
promote,leader_absent & NOT is_fanbao & href_le1,478,162,0.3389,78/215=36.3%,84/263=31.9%,yizi_today=19.7% | yizi_next_all=8.6% | height{2:252;3:121;4:63;5:21;6:15;7:2;10:3;14:1} | themes=76 | dates=86
promote,NOT boards_ge5 & NOT own_baoliang & NOT href_le1,1800,610,0.3389,384/1003=38.3%,226/797=28.4%,yizi_today=17.9% | yizi_next_all=9.6% | height{2:1494;3:235;4:71} | themes=137 | dates=177
promote,height_drop & NOT boards_ge5,667,226,0.3388,128/330=38.8%,98/337=29.1%,yizi_today=17.7% | yizi_next_all=8.7% | height{2:471;3:137;4:59} | themes=95 | dates=58
promote,NOT leader_baoliang & is_mid_2_3,1278,433,0.3388,251/620=40.5%,182/658=27.7%,yizi_today=16.3% | yizi_next_all=8.8% | height{2:1016;3:262} | themes=120 | dates=105
promote,is_mid_2_3 & NOT href_le1,1843,623,0.3380,380/1016=37.4%,243/827=29.4%,yizi_today=17.0% | yizi_next_all=9.3% | height{2:1494;3:349} | themes=138 | dates=177
promote,leader_absent & theme_alive_own & NOT is_fanbao,858,290,0.3380,175/469=37.3%,115/389=29.6%,yizi_today=17.8% | yizi_next_all=9.3% | height{2:569;3:167;4:80;5:23;6:13;7:2;10:3;14:1} | themes=77 | dates=86
promote,leader_baoliang & NOT same_theme_baoliang,965,326,0.3378,198/570=34.7%,128/395=32.4%,yizi_today=18.9% | yizi_next_all=9.1% | height{2:672;3:204;4:71;5:14;6:2;7:1;8:1} | themes=113 | dates=102
promote,is_mid_2_3 & NOT is_fanbao,2198,742,0.3376,442/1186=37.3%,300/1012=29.6%,yizi_today=17.1% | yizi_next_all=9.1% | height{2:1687;3:511} | themes=149 | dates=207
promote,NOT leader_absent & NOT is_new_high & NOT theme_alive_own,237,80,0.3376,46/123=37.4%,34/114=29.8%,yizi_today=13.9% | yizi_next_all=7.6% | height{2:168;3:51;4:11;5:7} | themes=89 | dates=109
promote,NOT is_new_high & theme_alive_own & NOT boards_ge5,1957,660,0.3373,410/1075=38.1%,250/882=28.3%,yizi_today=17.3% | yizi_next_all=9.1% | height{2:1452;3:370;4:135} | themes=102 | dates=205
promote,NOT height_new_high & NOT boards_ge5,2227,751,0.3372,411/1105=37.2%,340/1122=30.3%,yizi_today=17.1% | yizi_next_all=8.8% | height{2:1568;3:449;4:210} | themes=144 | dates=185
promote,NOT same_theme_broken & is_mid_2_3,2151,725,0.3371,423/1136=37.2%,302/1015=29.8%,yizi_today=17.0% | yizi_next_all=8.8% | height{2:1655;3:496} | themes=149 | dates=206
promote,NOT leader_absent & NOT one_price_today & own_baoliang,184,62,0.3370,37/111=33.3%,25/73=34.2%,yizi_today=0.0% | yizi_next_all=1.6% | height{3:91;4:54;5:23;6:6;7:4;8:4;11:1;18:1} | themes=55 | dates=99
promote,is_new_high & NOT boards_ge5 & opened,92,31,0.3370,7/31=22.6%,24/61=39.3%,yizi_today=0.0% | yizi_next_all=1.1% | height{2:9;3:40;4:43} | themes=37 | dates=53
promote,NOT own_baoliang & NOT boards_ge5,2256,759,0.3364,451/1179=38.3%,308/1077=28.6%,yizi_today=18.1% | yizi_next_all=9.2% | height{2:1771;3:340;4:145} | themes=145 | dates=207
promote,prev_leader_baoliang & NOT is_new_high,1118,376,0.3363,217/600=36.2%,159/518=30.7%,yizi_today=16.7% | yizi_next_all=8.8% | height{2:861;3:176;4:60;5:16;6:2;7:1;8:1;9:1} | themes=114 | dates=100
promote,leader_absent & theme_alive_own & NOT href_le1,491,165,0.3360,111/296=37.5%,54/195=27.7%,yizi_today=15.9% | yizi_next_all=9.4% | height{2:383;3:76;4:27;5:5} | themes=64 | dates=59
promote,own_baoliang & opened,250,84,0.3360,47/152=30.9%,37/98=37.8%,yizi_today=0.0% | yizi_next_all=1.6% | height{3:137;4:63;5:30;6:11;7:4;8:3;11:1;18:1} | themes=65 | dates=141
promote,own_baoliang & NOT unopened,250,84,0.3360,47/152=30.9%,37/98=37.8%,yizi_today=0.0% | yizi_next_all=1.6% | height{3:137;4:63;5:30;6:11;7:4;8:3;11:1;18:1} | themes=65 | dates=141
promote,NOT one_price_today & opened & own_baoliang,250,84,0.3360,47/152=30.9%,37/98=37.8%,yizi_today=0.0% | yizi_next_all=1.6% | height{3:137;4:63;5:30;6:11;7:4;8:3;11:1;18:1} | themes=65 | dates=141
promote,is_mid_2_3 & same_theme_baoliang,143,48,0.3357,24/67=35.8%,24/76=31.6%,yizi_today=17.5% | yizi_next_all=8.4% | height{2:83;3:60} | themes=33 | dates=67
promote,leader_absent & href_le1,501,168,0.3353,79/218=36.2%,89/283=31.4%,yizi_today=19.0% | yizi_next_all=8.2% | height{2:267;3:126;4:66;5:21;6:15;7:2;10:3;14:1} | themes=76 | dates=86
promote,href_le1 & lag0,501,168,0.3353,79/218=36.2%,89/283=31.4%,yizi_today=19.0% | yizi_next_all=8.2% | height{2:267;3:126;4:66;5:21;6:15;7:2;10:3;14:1} | themes=76 | dates=86
promote,NOT is_new_high & NOT own_baoliang,2177,730,0.3353,449/1175=38.2%,281/1002=28.0%,yizi_today=17.8% | yizi_next_all=9.3% | height{2:1755;3:292;4:91;5:27;6:7;7:3;8:2} | themes=145 | dates=204
promote,theme_alive_own & is_mid_2_3,1899,636,0.3349,374/993=37.7%,262/906=28.9%,yizi_today=17.1% | yizi_next_all=9.0% | height{2:1467;3:432} | themes=103 | dates=207
promote,leader_absent & theme_alive_own,902,302,0.3348,176/473=37.2%,126/429=29.4%,yizi_today=17.2% | yizi_next_all=8.9% | height{2:602;3:175;4:83;5:23;6:13;7:2;10:3;14:1} | themes=77 | dates=86
promote,theme_alive_own & lag0,902,302,0.3348,176/473=37.2%,126/429=29.4%,yizi_today=17.2% | yizi_next_all=8.9% | height{2:602;3:175;4:83;5:23;6:13;7:2;10:3;14:1} | themes=77 | dates=86
promote,NOT leader_absent & NOT theme_alive_own & NOT own_baoliang,233,78,0.3348,44/119=37.0%,34/114=29.8%,yizi_today=15.9% | yizi_next_all=8.6% | height{2:168;3:40;4:11;5:6;6:4;7:2;8:1;9:1} | themes=89 | dates=108
promote,NOT one_price_today & theme_alive_own & own_baoliang,251,84,0.3347,46/150=30.7%,38/101=37.6%,yizi_today=0.0% | yizi_next_all=1.6% | height{3:132;4:71;5:28;6:12;7:5;8:2;11:1} | themes=57 | dates=143
promote,NOT one_price_today & own_baoliang,302,101,0.3344,56/183=30.6%,45/119=37.8%,yizi_today=0.0% | yizi_next_all=2.3% | height{3:162;4:81;5:35;6:13;7:5;8:4;11:1;18:1} | themes=73 | dates=157
promote,theme_dead,359,120,0.3343,78/236=33.1%,42/123=34.1%,yizi_today=19.8% | yizi_next_all=8.9% | height{2:252;3:65;4:24;5:13;6:3;7:2} | themes=77 | dates=29
promote,height_drop & NOT href_le1,374,125,0.3342,89/230=38.7%,36/144=25.0%,yizi_today=16.3% | yizi_next_all=8.8% | height{2:296;3:55;4:18;5:5} | themes=79 | dates=38
promote,NOT height_new_high & leader_baoliang,1081,361,0.3340,201/598=33.6%,160/483=33.1%,yizi_today=19.0% | yizi_next_all=8.7% | height{2:684;3:234;4:106;5:31;6:14;7:6;8:3;10:1;13:1;14:1} | themes=110 | dates=92
promote,prev_leader_baoliang & is_mid_2_3,1081,361,0.3340,197/558=35.3%,164/523=31.4%,yizi_today=16.6% | yizi_next_all=8.2% | height{2:868;3:213} | themes=113 | dates=101
promote,NOT height_drop & is_mid_2_3,1689,564,0.3339,330/900=36.7%,234/789=29.7%,yizi_today=17.0% | yizi_next_all=9.0% | height{2:1300;3:389} | themes=131 | dates=149
promote,NOT is_new_high & NOT boards_ge5,2354,786,0.3339,479/1278=37.5%,307/1076=28.5%,yizi_today=16.9% | yizi_next_all=8.8% | height{2:1755;3:448;4:151} | themes=147 | dates=205
promote,NOT height_new_high & NOT is_new_high,2091,698,0.3338,404/1081=37.4%,294/1010=29.1%,yizi_today=16.6% | yizi_next_all=8.8% | height{2:1552;3:371;4:124;5:37;6:6;7:1} | themes=141 | dates=183
promote,leader_absent & theme_alive_own & href_le1,411,137,0.3333,65/177=36.7%,72/234=30.8%,yizi_today=18.7% | yizi_next_all=8.3% | height{2:219;3:99;4:56;5:18;6:13;7:2;10:3;14:1} | themes=56 | dates=84
promote,lag1 & href_le1 & NOT one_price_today,111,37,0.3333,15/46=32.6%,22/65=33.8%,yizi_today=0.0% | yizi_next_all=3.6% | height{2:10;3:37;4:39;5:13;6:7;7:5} | themes=41 | dates=51
promote,NOT one_price_today & NOT theme_alive_own & own_baoliang,51,17,0.3333,10/33=30.3%,7/18=38.9%,yizi_today=0.0% | yizi_next_all=5.9% | height{3:30;4:10;5:7;6:1;8:2;18:1} | themes=35 | dates=46
promote,is_sub_high & NOT is_mid_2_3,48,16,0.3333,11/33=33.3%,5/15=33.3%,yizi_today=22.9% | yizi_next_all=8.3% | height{4:33;5:13;6:1;7:1} | themes=23 | dates=35
promote,NOT leader_absent & is_new_high & NOT boards_ge5,42,14,0.3333,5/16=31.2%,9/26=34.6%,yizi_today=16.7% | yizi_next_all=7.1% | height{3:7;4:35} | themes=24 | dates=23
promote,NOT is_new_high & boards_ge5 & opened,30,10,0.3333,8/27=29.6%,2/3=66.7%,yizi_today=0.0% | yizi_next_all=10.0% | height{5:23;6:5;7:1;8:1} | themes=20 | dates=24
promote,is_mid_2_3,2297,765,0.3330,444/1194=37.2%,321/1103=29.1%,yizi_today=16.8% | yizi_next_all=8.8% | height{2:1771;3:526} | themes=149 | dates=207
promote,is_mid_2_3 & NOT boards_ge5,2297,765,0.3330,444/1194=37.2%,321/1103=29.1%,yizi_today=16.8% | yizi_next_all=8.8% | height{2:1771;3:526} | themes=149 | dates=207
promote,is_mid_2_3 & NOT same_theme_baoliang,2154,717,0.3329,420/1127=37.3%,297/1027=28.9%,yizi_today=16.8% | yizi_next_all=8.8% | height{2:1688;3:466} | themes=147 | dates=207
promote,NOT prev_leader_baoliang & is_mid_2_3,1216,404,0.3322,247/636=38.8%,157/580=27.1%,yizi_today=17.0% | yizi_next_all=9.2% | height{2:903;3:313} | themes=122 | dates=106
promote,leader_absent & NOT is_fanbao,1054,350,0.3321,206/572=36.0%,144/482=29.9%,yizi_today=18.0% | yizi_next_all=9.0% | height{2:705;3:209;4:92;5:27;6:15;7:2;10:3;14:1} | themes=117 | dates=86
promote,NOT is_fanbao & lag0,1054,350,0.3321,206/572=36.0%,144/482=29.9%,yizi_today=18.0% | yizi_next_all=9.0% | height{2:705;3:209;4:92;5:27;6:15;7:2;10:3;14:1} | themes=117 | dates=86
promote,NOT theme_alive_own,455,151,0.3319,84/240=35.0%,67/215=31.2%,yizi_today=16.7% | yizi_next_all=8.1% | height{2:304;3:94;4:30;5:13;6:6;7:3;8:3;9:1;18:1} | themes=120 | dates=188
promote,theme_weak_own,455,151,0.3319,84/240=35.0%,67/215=31.2%,yizi_today=16.7% | yizi_next_all=8.1% | height{2:304;3:94;4:30;5:13;6:6;7:3;8:3;9:1;18:1} | themes=120 | dates=188
promote,NOT theme_alive_own & NOT is_fanbao,455,151,0.3319,84/240=35.0%,67/215=31.2%,yizi_today=16.7% | yizi_next_all=8.1% | height{2:304;3:94;4:30;5:13;6:6;7:3;8:3;9:1;18:1} | themes=120 | dates=188
promote,theme_alive_own & opened & own_baoliang,208,69,0.3317,38/127=29.9%,31/81=38.3%,yizi_today=0.0% | yizi_next_all=1.4% | height{3:113;4:56;5:23;6:10;7:4;8:1;11:1} | themes=55 | dates=128
promote,leader_baoliang & NOT own_baoliang,980,325,0.3316,198/560=35.4%,127/420=30.2%,yizi_today=19.8% | yizi_next_all=9.4% | height{2:755;3:153;4:56;5:12;6:2;7:1;8:1} | themes=109 | dates=102
promote,leader_absent & NOT same_theme_broken,996,330,0.3313,191/532=35.9%,139/464=30.0%,yizi_today=17.7% | yizi_next_all=8.6% | height{2:661;3:201;4:89;5:25;6:15;7:2;10:2;14:1} | themes=117 | dates=86
promote,NOT same_theme_broken & lag0,996,330,0.3313,191/532=35.9%,139/464=30.0%,yizi_today=17.7% | yizi_next_all=8.6% | height{2:661;3:201;4:89;5:25;6:15;7:2;10:2;14:1} | themes=117 | dates=86
promote,NOT leader_absent & NOT one_price_today & href_le1,166,55,0.3313,25/73=34.2%,30/93=32.3%,yizi_today=0.0% | yizi_next_all=3.0% | height{2:10;3:39;4:45;5:26;6:17;7:15;8:9;9:1;11:1;12:1;13:1;18:1} | themes=44 | dates=97
promote,NOT is_new_high & NOT boards_ge5 & NOT own_baoliang,2138,707,0.3307,430/1142=37.7%,277/996=27.8%,yizi_today=17.4% | yizi_next_all=9.0% | height{2:1755;3:292;4:91} | themes=145 | dates=204
promote,height_drop & is_mid_2_3,608,201,0.3306,114/294=38.8%,87/314=27.7%,yizi_today=16.3% | yizi_next_all=8.1% | height{2:471;3:137} | themes=93 | dates=58
promote,opened & NOT is_fanbao & own_baoliang,242,80,0.3306,47/151=31.1%,33/91=36.3%,yizi_today=0.0% | yizi_next_all=1.7% | height{3:132;4:60;5:30;6:11;7:4;8:3;11:1;18:1} | themes=65 | dates=138
promote,leader_absent & NOT one_price_today & own_baoliang,118,39,0.3305,19/72=26.4%,20/46=43.5%,yizi_today=0.0% | yizi_next_all=3.4% | height{3:71;4:27;5:12;6:7;7:1} | themes=50 | dates=58
promote,leader_absent & prev_leader_baoliang,454,150,0.3304,92/279=33.0%,58/175=33.1%,yizi_today=18.7% | yizi_next_all=6.8% | height{2:329;3:75;4:37;5:7;6:5;7:1} | themes=76 | dates=38
promote,prev_leader_baoliang & lag0,454,150,0.3304,92/279=33.0%,58/175=33.1%,yizi_today=18.7% | yizi_next_all=6.8% | height{2:329;3:75;4:37;5:7;6:5;7:1} | themes=76 | dates=38
promote,leader_any_absent,1539,508,0.3301,268/727=36.9%,240/812=29.6%,yizi_today=16.9% | yizi_next_all=8.7% | height{2:1055;3:283;4:128;5:46;6:19;7:4;10:3;14:1} | themes=128 | dates=122
promote,NOT boards_ge5 & opened & own_baoliang,200,66,0.3300,35/118=29.7%,31/82=37.8%,yizi_today=0.0% | yizi_next_all=1.5% | height{3:137;4:63} | themes=63 | dates=121
promote,leader_absent & NOT height_new_high,1076,355,0.3299,207/576=35.9%,148/500=29.6%,yizi_today=17.7% | yizi_next_all=8.8% | height{2:729;3:208;4:93;5:26;6:15;7:2;10:2;14:1} | themes=116 | dates=85
promote,NOT height_new_high & lag0,1076,355,0.3299,207/576=35.9%,148/500=29.6%,yizi_today=17.7% | yizi_next_all=8.8% | height{2:729;3:208;4:93;5:26;6:15;7:2;10:2;14:1} | themes=116 | dates=85
promote,leader_absent & NOT same_theme_baoliang,946,312,0.3298,180/493=36.5%,132/453=29.1%,yizi_today=17.1% | yizi_next_all=8.4% | height{2:677;3:172;4:69;5:18;6:7;7:1;10:2} | themes=114 | dates=86
promote,lag0 & NOT same_theme_baoliang,946,312,0.3298,180/493=36.5%,132/453=29.1%,yizi_today=17.1% | yizi_next_all=8.4% | height{2:677;3:172;4:69;5:18;6:7;7:1;10:2} | themes=114 | dates=86
promote,NOT height_new_high & is_mid_2_3,2017,665,0.3297,359/980=36.6%,306/1037=29.5%,yizi_today=16.4% | yizi_next_all=8.5% | height{2:1568;3:449} | themes=142 | dates=185
promote,leader_absent,1098,362,0.3297,207/576=35.9%,155/522=29.7%,yizi_today=17.5% | yizi_next_all=8.7% | height{2:738;3:217;4:95;5:27;6:15;7:2;10:3;14:1} | themes=117 | dates=86
promote,lag0,1098,362,0.3297,207/576=35.9%,155/522=29.7%,yizi_today=17.5% | yizi_next_all=8.7% | height{2:738;3:217;4:95;5:27;6:15;7:2;10:3;14:1} | themes=117 | dates=86
promote,leader_absent & lag0,1098,362,0.3297,207/576=35.9%,155/522=29.7%,yizi_today=17.5% | yizi_next_all=8.7% | height{2:738;3:217;4:95;5:27;6:15;7:2;10:3;14:1} | themes=117 | dates=86
promote,leader_baoliang & NOT boards_ge5,1133,373,0.3292,218/648=33.6%,155/485=32.0%,yizi_today=18.4% | yizi_next_all=8.7% | height{2:755;3:264;4:114} | themes=116 | dates=102
promote,leader_absent & NOT prev_leader_baoliang,644,212,0.3292,115/297=38.7%,97/347=28.0%,yizi_today=16.6% | yizi_next_all=9.9% | height{2:409;3:142;4:58;5:20;6:10;7:1;10:3;14:1} | themes=99 | dates=48
promote,NOT prev_leader_baoliang & lag0,644,212,0.3292,115/297=38.7%,97/347=28.0%,yizi_today=16.6% | yizi_next_all=9.9% | height{2:409;3:142;4:58;5:20;6:10;7:1;10:3;14:1} | themes=99 | dates=48
promote,leader_absent & same_theme_baoliang,152,50,0.3289,27/83=32.5%,23/69=33.3%,yizi_today=19.7% | yizi_next_all=10.5% | height{2:61;3:45;4:26;5:9;6:8;7:1;10:1;14:1} | themes=34 | dates=53
promote,lag0 & same_theme_baoliang,152,50,0.3289,27/83=32.5%,23/69=33.3%,yizi_today=19.7% | yizi_next_all=10.5% | height{2:61;3:45;4:26;5:9;6:8;7:1;10:1;14:1} | themes=34 | dates=53
promote,NOT theme_alive_own & NOT same_theme_broken,447,147,0.3289,81/234=34.6%,66/213=31.0%,yizi_today=16.8% | yizi_next_all=8.3% | height{2:299;3:92;4:30;5:12;6:6;7:3;8:3;9:1;18:1} | themes=120 | dates=187
promote,NOT one_price_today & NOT is_fanbao & own_baoliang,292,96,0.3288,56/182=30.8%,40/110=36.4%,yizi_today=0.0% | yizi_next_all=2.4% | height{3:155;4:78;5:35;6:13;7:5;8:4;11:1;18:1} | themes=73 | dates=154
promote,NOT is_new_high & is_mid_2_3,2203,724,0.3286,429/1167=36.8%,295/1036=28.5%,yizi_today=16.5% | yizi_next_all=8.8% | height{2:1755;3:448} | themes=147 | dates=205
promote,theme_alive & href_le1,326,107,0.3282,34/90=37.8%,73/236=30.9%,yizi_today=17.2% | yizi_next_all=8.0% | height{2:133;3:97;4:61;5:20;6:10;7:1;10:3;14:1} | themes=60 | dates=72
promote,NOT theme_alive_own & NOT same_theme_baoliang,436,143,0.3280,79/226=35.0%,64/210=30.5%,yizi_today=16.7% | yizi_next_all=8.0% | height{2:304;3:87;4:27;5:10;6:4;7:2;8:1;9:1} | themes=119 | dates=186
promote,height_drop & NOT is_new_high,583,191,0.3276,121/316=38.3%,70/267=26.2%,yizi_today=15.8% | yizi_next_all=8.2% | height{2:455;3:87;4:28;5:12;6:1} | themes=92 | dates=56
promote,leader_baoliang & prev_leader_baoliang,568,186,0.3275,107/351=30.5%,79/217=36.4%,yizi_today=19.7% | yizi_next_all=8.3% | height{2:363;3:112;4:60;5:18;6:6;7:4;8:1;9:2;17:1;18:1} | themes=81 | dates=51
promote,NOT height_new_high & same_theme_baoliang,226,74,0.3274,35/112=31.2%,39/114=34.2%,yizi_today=19.0% | yizi_next_all=8.0% | height{2:77;3:59;4:43;5:22;6:13;7:6;8:3;10:1;13:1;14:1} | themes=40 | dates=92
promote,NOT theme_alive_own & NOT boards_ge5,428,140,0.3271,78/223=35.0%,62/205=30.2%,yizi_today=16.6% | yizi_next_all=7.9% | height{2:304;3:94;4:30} | themes=120 | dates=187
promote,NOT theme_alive_own & NOT boards_ge5 & NOT is_fanbao,428,140,0.3271,78/223=35.0%,62/205=30.2%,yizi_today=16.6% | yizi_next_all=7.9% | height{2:304;3:94;4:30} | themes=120 | dates=187
promote,NOT one_price_today & NOT opened & own_baoliang,52,17,0.3269,9/31=29.0%,8/21=38.1%,yizi_today=0.0% | yizi_next_all=5.8% | height{3:25;4:18;5:5;6:2;7:1;8:1} | themes=30 | dates=44
promote,NOT leader_absent & opened & own_baoliang,153,50,0.3268,30/95=31.6%,20/58=34.5%,yizi_today=0.0% | yizi_next_all=1.3% | height{3:77;4:44;5:19;6:5;7:3;8:3;11:1;18:1} | themes=51 | dates=89
promote,NOT boards_ge5 & NOT own_baoliang & href_le1,456,149,0.3268,67/176=38.1%,82/280=29.3%,yizi_today=19.1% | yizi_next_all=7.7% | height{2:277;3:105;4:74} | themes=68 | dates=92
promote,leader_absent & NOT is_fanbao & NOT href_le1,576,188,0.3264,128/357=35.9%,60/219=27.4%,yizi_today=16.7% | yizi_next_all=9.4% | height{2:453;3:88;4:29;5:6} | themes=96 | dates=59
promote,is_mid_2_3 & NOT own_baoliang,2111,689,0.3264,404/1089=37.1%,285/1022=27.9%,yizi_today=17.1% | yizi_next_all=8.8% | height{2:1771;3:340} | themes=145 | dates=206
promote,NOT boards_ge5 & NOT is_fanbao & href_le1,543,177,0.3260,80/231=34.6%,97/312=31.1%,yizi_today=18.8% | yizi_next_all=7.9% | height{2:262;3:171;4:110} | themes=76 | dates=100
promote,leader_baoliang & is_mid_2_3,1019,332,0.3258,193/574=33.6%,139/445=31.2%,yizi_today=17.5% | yizi_next_all=8.7% | height{2:755;3:264} | themes=116 | dates=102
promote,NOT height_drop & NOT theme_alive_own,326,106,0.3252,60/170=35.3%,46/156=29.5%,yizi_today=14.1% | yizi_next_all=7.1% | height{2:218;3:64;4:20;5:11;6:5;7:3;8:3;9:1;18:1} | themes=104 | dates=137
promote,leader_absent & NOT href_le1,597,194,0.3250,128/358=35.8%,66/239=27.6%,yizi_today=16.2% | yizi_next_all=9.0% | height{2:471;3:91;4:29;5:6} | themes=96 | dates=59
promote,NOT href_le1 & lag0,597,194,0.3250,128/358=35.8%,66/239=27.6%,yizi_today=16.2% | yizi_next_all=9.0% | height{2:471;3:91;4:29;5:6} | themes=96 | dates=59
promote,leader_absent & NOT is_new_high & NOT href_le1,597,194,0.3250,128/358=35.8%,66/239=27.6%,yizi_today=16.2% | yizi_next_all=9.0% | height{2:471;3:91;4:29;5:6} | themes=96 | dates=59
promote,NOT boards_ge5 & href_le1,573,186,0.3246,81/235=34.5%,105/338=31.1%,yizi_today=18.0% | yizi_next_all=7.7% | height{2:277;3:177;4:119} | themes=76 | dates=100
promote,leader_absent & NOT is_fanbao & NOT own_baoliang,915,297,0.3246,176/486=36.2%,121/429=28.2%,yizi_today=18.0% | yizi_next_all=8.9% | height{2:705;3:129;4:58;5:14;6:6;7:1;10:2} | themes=108 | dates=86
promote,leader_absent & theme_alive_own & NOT boards_ge5,860,279,0.3244,158/440=35.9%,121/420=28.8%,yizi_today=16.6% | yizi_next_all=8.5% | height{2:602;3:175;4:83} | themes=76 | dates=86
promote,NOT theme_alive_own & is_mid_2_3,398,129,0.3241,70/201=34.8%,59/197=29.9%,yizi_today=15.3% | yizi_next_all=7.8% | height{2:304;3:94} | themes=118 | dates=184
promote,leader_absent & NOT boards_ge5 & NOT is_fanbao,1006,326,0.3241,187/535=35.0%,139/471=29.5%,yizi_today=17.6% | yizi_next_all=8.6% | height{2:705;3:209;4:92} | themes=115 | dates=86
promote,leader_baoliang & NOT is_new_high,1016,329,0.3238,207/612=33.8%,122/404=30.2%,yizi_today=18.0% | yizi_next_all=9.0% | height{2:739;3:198;4:60;5:14;6:3;7:1;8:1} | themes=114 | dates=100
promote,theme_alive & same_theme_baoliang,99,32,0.3232,15/45=33.3%,17/54=31.5%,yizi_today=19.2% | yizi_next_all=8.1% | height{2:32;3:32;4:20;5:10;6:3;10:1;14:1} | themes=28 | dates=39
promote,leader_absent & NOT boards_ge5 & NOT href_le1,591,191,0.3232,125/353=35.4%,66/238=27.7%,yizi_today=16.2% | yizi_next_all=9.0% | height{2:471;3:91;4:29} | themes=96 | dates=59
promote,NOT theme_alive_own & NOT boards_ge5 & NOT href_le1,328,106,0.3232,61/175=34.9%,45/153=29.4%,yizi_today=15.2% | yizi_next_all=7.9% | height{2:255;3:62;4:11} | themes=110 | dates=155
promote,NOT leader_absent & NOT opened & is_fanbao,31,10,0.3226,1/3=33.3%,9/28=32.1%,yizi_today=32.3% | yizi_next_all=9.7% | height{2:24;3:3;4:1;5:3} | themes=16 | dates=21
promote,NOT theme_alive_own & NOT own_baoliang,397,128,0.3224,69/201=34.3%,59/196=30.1%,yizi_today=17.4% | yizi_next_all=7.8% | height{2:304;3:60;4:19;5:6;6:4;7:2;8:1;9:1} | themes=115 | dates=181
promote,NOT theme_alive_own & NOT is_fanbao & NOT own_baoliang,397,128,0.3224,69/201=34.3%,59/196=30.1%,yizi_today=17.4% | yizi_next_all=7.8% | height{2:304;3:60;4:19;5:6;6:4;7:2;8:1;9:1} | themes=115 | dates=181
promote,leader_absent & theme_alive_own & NOT own_baoliang,791,255,0.3224,152/408=37.3%,103/383=26.9%,yizi_today=17.1% | yizi_next_all=8.8% | height{2:602;3:113;4:53;5:14;6:6;7:1;10:2} | themes=76 | dates=86
promote,theme_alive & NOT is_sub_high,739,238,0.3221,101/278=36.3%,137/461=29.7%,yizi_today=17.6% | yizi_next_all=8.0% | height{2:518;3:113;4:74;5:19;6:10;7:1;10:3;14:1} | themes=91 | dates=72
promote,leader_absent & NOT boards_ge5,1050,338,0.3219,188/539=34.9%,150/511=29.4%,yizi_today=17.0% | yizi_next_all=8.3% | height{2:738;3:217;4:95} | themes=115 | dates=86
promote,NOT boards_ge5 & lag0,1050,338,0.3219,188/539=34.9%,150/511=29.4%,yizi_today=17.0% | yizi_next_all=8.3% | height{2:738;3:217;4:95} | themes=115 | dates=86
promote,prev_leader_baoliang & theme_alive,460,148,0.3217,61/170=35.9%,87/290=30.0%,yizi_today=15.4% | yizi_next_all=6.7% | height{2:340;3:68;4:41;5:8;6:2;7:1} | themes=72 | dates=38
promote,is_legacy_near,961,309,0.3215,138/371=37.2%,171/590=29.0%,yizi_today=17.5% | yizi_next_all=8.8% | height{2:643;3:194;4:83;5:24;6:11;7:3;8:1;9:1;10:1} | themes=106 | dates=161
promote,theme_alive_own & NOT boards_ge5 & href_le1,473,152,0.3214,64/187=34.2%,88/286=30.8%,yizi_today=17.3% | yizi_next_all=7.6% | height{2:228;3:145;4:100} | themes=58 | dates=97
promote,height_drop & theme_alive,421,135,0.3207,64/178=36.0%,71/243=29.2%,yizi_today=16.2% | yizi_next_all=6.9% | height{2:283;3:81;4:38;5:10;6:7;10:2} | themes=74 | dates=33
promote,nzt_ge80,967,310,0.3206,132/353=37.4%,178/614=29.0%,yizi_today=17.7% | yizi_next_all=8.9% | height{2:651;3:175;4:79;5:27;6:8;7:10;8:7;9:2;10:1;11:2;12:1;13:1;14:2;18:1} | themes=88 | dates=59
promote,NOT theme_alive_own & NOT href_le1,334,107,0.3204,62/180=34.4%,45/154=29.2%,yizi_today=15.0% | yizi_next_all=7.8% | height{2:255;3:62;4:11;5:6} | themes=110 | dates=156
promote,NOT is_new_high & NOT theme_alive_own & NOT href_le1,334,107,0.3204,62/180=34.4%,45/154=29.2%,yizi_today=15.0% | yizi_next_all=7.8% | height{2:255;3:62;4:11;5:6} | themes=110 | dates=156
promote,NOT theme_alive_own & NOT is_fanbao & NOT href_le1,334,107,0.3204,62/180=34.4%,45/154=29.2%,yizi_today=15.0% | yizi_next_all=7.8% | height{2:255;3:62;4:11;5:6} | themes=110 | dates=156
promote,leader_absent & NOT boards_ge5 & href_le1,459,147,0.3203,63/186=33.9%,84/273=30.8%,yizi_today=18.1% | yizi_next_all=7.4% | height{2:267;3:126;4:66} | themes=73 | dates=63
promote,theme_dead & leader_absent & is_mid_2_3,253,81,0.3202,55/177=31.1%,26/76=34.2%,yizi_today=20.2% | yizi_next_all=7.9% | height{2:200;3:53} | themes=72 | dates=22
promote,leader_absent & NOT own_baoliang & NOT href_le1,551,176,0.3194,117/328=35.7%,59/223=26.5%,yizi_today=16.7% | yizi_next_all=9.3% | height{2:471;3:56;4:20;5:4} | themes=92 | dates=59
promote,leader_absent & NOT own_baoliang,955,305,0.3194,177/490=36.1%,128/465=27.5%,yizi_today=17.5% | yizi_next_all=8.5% | height{2:738;3:133;4:61;5:14;6:6;7:1;10:2} | themes=108 | dates=86
promote,NOT own_baoliang & lag0,955,305,0.3194,177/490=36.1%,128/465=27.5%,yizi_today=17.5% | yizi_next_all=8.5% | height{2:738;3:133;4:61;5:14;6:6;7:1;10:2} | themes=108 | dates=86
promote,leader_absent & NOT own_baoliang & href_le1,404,129,0.3193,60/162=37.0%,69/242=28.5%,yizi_today=18.6% | yizi_next_all=7.4% | height{2:267;3:77;4:41;5:10;6:6;7:1;10:2} | themes=66 | dates=73
promote,NOT theme_alive_own & NOT boards_ge5 & NOT own_baoliang,383,122,0.3185,67/194=34.5%,55/189=29.1%,yizi_today=17.2% | yizi_next_all=7.6% | height{2:304;3:60;4:19} | themes=115 | dates=180
promote,NOT opened & is_fanbao & NOT own_baoliang,44,14,0.3182,2/4=50.0%,12/40=30.0%,yizi_today=25.0% | yizi_next_all=4.5% | height{2:38;3:2;4:2;5:2} | themes=19 | dates=32
promote,NOT one_price_today & NOT is_new_high & own_baoliang,211,67,0.3175,44/139=31.7%,23/72=31.9%,yizi_today=0.0% | yizi_next_all=2.4% | height{3:136;4:55;5:16;6:3;8:1} | themes=62 | dates=115
promote,loose_theme_broken,230,73,0.3174,47/111=42.3%,26/119=21.8%,yizi_today=17.0% | yizi_next_all=8.7% | height{2:155;3:45;4:17;5:9;6:2;7:1;10:1} | themes=36 | dates=85
promote,NOT is_new_high & NOT theme_alive_own & NOT boards_ge5,397,126,0.3174,69/203=34.0%,57/194=29.4%,yizi_today=14.9% | yizi_next_all=7.3% | height{2:303;3:78;4:16} | themes=118 | dates=183
promote,NOT prev_leader_baoliang & NOT theme_alive_own,227,72,0.3172,40/119=33.6%,32/108=29.6%,yizi_today=16.3% | yizi_next_all=7.9% | height{2:146;3:55;4:13;5:9;6:2;7:1;8:1} | themes=89 | dates=93
promote,leader_absent & leader_baoliang,656,208,0.3171,124/386=32.1%,84/270=31.1%,yizi_today=18.1% | yizi_next_all=8.1% | height{2:431;3:141;4:61;5:12;6:8;7:1;10:1;14:1} | themes=88 | dates=53
promote,leader_baoliang & lag0,656,208,0.3171,124/386=32.1%,84/270=31.1%,yizi_today=18.1% | yizi_next_all=8.1% | height{2:431;3:141;4:61;5:12;6:8;7:1;10:1;14:1} | themes=88 | dates=53
promote,NOT one_price_today & NOT boards_ge5 & own_baoliang,243,77,0.3169,40/143=28.0%,37/100=37.0%,yizi_today=0.0% | yizi_next_all=2.5% | height{3:162;4:81} | themes=72 | dates=140
promote,NOT is_new_high & opened & own_baoliang,177,56,0.3164,36/117=30.8%,20/60=33.3%,yizi_today=0.0% | yizi_next_all=2.3% | height{3:118;4:43;5:12;6:3;8:1} | themes=57 | dates=100
promote,NOT leader_baoliang & theme_alive,490,155,0.3163,53/126=42.1%,102/364=28.0%,yizi_today=14.1% | yizi_next_all=6.9% | height{2:361;3:74;4:33;5:12;6:7;7:1;10:2} | themes=82 | dates=33
promote,NOT boards_ge5 & own_baoliang & href_le1,117,37,0.3162,14/59=23.7%,23/58=39.7%,yizi_today=13.7% | yizi_next_all=7.7% | height{3:72;4:45} | themes=44 | dates=65
promote,theme_alive & NOT same_theme_broken,779,246,0.3158,90/260=34.6%,156/519=30.1%,yizi_today=15.7% | yizi_next_all=7.3% | height{2:538;3:139;4:69;5:19;6:10;7:1;10:2;14:1} | themes=98 | dates=72
promote,height_drop & is_sub_high,209,66,0.3158,32/86=37.2%,34/123=27.6%,yizi_today=14.8% | yizi_next_all=7.2% | height{2:159;3:32;4:10;5:7;6:1} | themes=54 | dates=47
promote,NOT leader_baoliang & is_sub_high,168,53,0.3155,25/59=42.4%,28/109=25.7%,yizi_today=13.7% | yizi_next_all=8.3% | height{2:98;3:43;4:18;5:7;6:1;7:1} | themes=50 | dates=49
promote,NOT theme_alive_own & NOT is_new_high,406,128,0.3153,70/209=33.5%,58/197=29.4%,yizi_today=14.8% | yizi_next_all=7.1% | height{2:303;3:78;4:16;5:9} | themes=118 | dates=184
promote,NOT is_new_high & NOT theme_alive_own & NOT is_fanbao,406,128,0.3153,70/209=33.5%,58/197=29.4%,yizi_today=14.8% | yizi_next_all=7.1% | height{2:303;3:78;4:16;5:9} | themes=118 | dates=184
promote,leader_absent & is_mid_2_3,955,301,0.3152,167/480=34.8%,134/475=28.2%,yizi_today=15.6% | yizi_next_all=7.6% | height{2:738;3:217} | themes=113 | dates=86
promote,is_mid_2_3 & lag0,955,301,0.3152,167/480=34.8%,134/475=28.2%,yizi_today=15.6% | yizi_next_all=7.6% | height{2:738;3:217} | themes=113 | dates=86
promote,leader_baoliang & NOT theme_alive_own,219,69,0.3151,37/127=29.1%,32/92=34.8%,yizi_today=17.8% | yizi_next_all=9.1% | height{2:145;3:46;4:17;5:5;6:2;7:1;8:2;18:1} | themes=84 | dates=89
promote,theme_alive_own & theme_alive,795,250,0.3145,102/274=37.2%,148/521=28.4%,yizi_today=15.6% | yizi_next_all=7.7% | height{2:553;3:140;4:69;5:19;6:9;7:1;10:3;14:1} | themes=72 | dates=72
promote,leader_absent & NOT boards_ge5 & NOT own_baoliang,932,293,0.3144,168/473=35.5%,125/459=27.2%,yizi_today=17.1% | yizi_next_all=8.3% | height{2:738;3:133;4:61} | themes=107 | dates=86
promote,leader_absent & theme_alive,631,198,0.3138,84/242=34.7%,114/389=29.3%,yizi_today=15.7% | yizi_next_all=7.4% | height{2:427;3:122;4:56;5:13;6:9;10:3;14:1} | themes=87 | dates=48
promote,theme_alive & lag0,631,198,0.3138,84/242=34.7%,114/389=29.3%,yizi_today=15.7% | yizi_next_all=7.4% | height{2:427;3:122;4:56;5:13;6:9;10:3;14:1} | themes=87 | dates=48
promote,leader_absent & same_theme_broken,102,32,0.3137,16/44=36.4%,16/58=27.6%,yizi_today=15.7% | yizi_next_all=8.8% | height{2:77;3:16;4:6;5:2;10:1} | themes=22 | dates=42
promote,same_theme_broken & lag0,102,32,0.3137,16/44=36.4%,16/58=27.6%,yizi_today=15.7% | yizi_next_all=8.8% | height{2:77;3:16;4:6;5:2;10:1} | themes=22 | dates=42
promote,NOT one_price_today & NOT opened & href_le1,169,53,0.3136,18/57=31.6%,35/112=31.2%,yizi_today=0.0% | yizi_next_all=5.9% | height{2:79;3:41;4:27;5:11;6:5;7:3;8:3} | themes=51 | dates=83
promote,same_theme_broken & NOT same_theme_baoliang,131,41,0.3130,23/50=46.0%,18/81=22.2%,yizi_today=16.0% | yizi_next_all=7.6% | height{2:100;3:22;4:7;5:2} | themes=25 | dates=53
promote,is_mid_2_3 & href_le1,454,142,0.3128,64/178=36.0%,78/276=28.3%,yizi_today=15.9% | yizi_next_all=6.4% | height{2:277;3:177} | themes=73 | dates=73
promote,leader_absent & NOT theme_alive_own & own_baoliang,32,10,0.3125,6/21=28.6%,4/11=36.4%,yizi_today=15.6% | yizi_next_all=12.5% | height{3:22;4:4;5:4;6:2} | themes=25 | dates=28
promote,theme_alive & NOT is_fanbao,879,274,0.3117,116/323=35.9%,158/556=28.4%,yizi_today=16.2% | yizi_next_all=7.7% | height{2:606;3:161;4:74;5:23;6:10;7:1;10:3;14:1} | themes=98 | dates=72
promote,height_drop & leader_baoliang,414,129,0.3116,72/214=33.6%,57/200=28.5%,yizi_today=18.4% | yizi_next_all=8.0% | height{2:270;3:90;4:39;5:9;6:4;7:1;10:1} | themes=72 | dates=35
promote,theme_alive,938,292,0.3113,116/326=35.6%,176/612=28.8%,yizi_today=15.8% | yizi_next_all=7.5% | height{2:651;3:168;4:81;5:23;6:10;7:1;10:3;14:1} | themes=98 | dates=72
promote,NOT height_new_high & theme_alive,916,285,0.3111,116/326=35.6%,169/590=28.6%,yizi_today=15.9% | yizi_next_all=7.6% | height{2:642;3:159;4:79;5:22;6:10;7:1;10:2;14:1} | themes=97 | dates=71
promote,href2,534,166,0.3109,71/204=34.8%,95/330=28.8%,yizi_today=16.5% | yizi_next_all=8.1% | height{2:395;3:93;4:31;5:12;6:3} | themes=87 | dates=124
promote,leader_absent & NOT theme_alive_own & NOT boards_ge5,190,59,0.3105,30/99=30.3%,29/91=31.9%,yizi_today=18.9% | yizi_next_all=7.4% | height{2:136;3:42;4:12} | themes=85 | dates=77
promote,leader_absent & NOT is_new_high & theme_alive_own,757,235,0.3104,149/418=35.6%,86/339=25.4%,yizi_today=15.3% | yizi_next_all=8.1% | height{2:587;3:119;4:39;5:11;6:1} | themes=75 | dates=84
promote,theme_alive & NOT same_theme_baoliang,839,260,0.3099,101/281=35.9%,159/558=28.5%,yizi_today=15.4% | yizi_next_all=7.4% | height{2:619;3:136;4:61;5:13;6:7;7:1;10:2} | themes=96 | dates=72
promote,NOT is_new_high & NOT opened & is_fanbao,42,13,0.3095,2/4=50.0%,11/38=28.9%,yizi_today=26.2% | yizi_next_all=4.8% | height{2:38;3:3;5:1} | themes=20 | dates=32
promote,NOT theme_alive_own & NOT own_baoliang & NOT href_le1,304,94,0.3092,53/162=32.7%,41/142=28.9%,yizi_today=15.5% | yizi_next_all=7.6% | height{2:255;3:41;4:5;5:3} | themes=107 | dates=151
promote,leader_absent & NOT is_new_high & NOT is_fanbao,890,275,0.3090,172/500=34.4%,103/390=26.4%,yizi_today=15.8% | yizi_next_all=8.1% | height{2:690;3:142;4:44;5:13;6:1} | themes=113 | dates=84
promote,NOT href_le1 & same_theme_baoliang,81,25,0.3086,19/53=35.8%,6/28=21.4%,yizi_today=21.0% | yizi_next_all=11.1% | height{2:62;3:14;4:2;5:2;6:1} | themes=22 | dates=45
promote,NOT is_new_high & NOT theme_alive_own & NOT own_baoliang,367,113,0.3079,60/184=32.6%,53/183=29.0%,yizi_today=15.3% | yizi_next_all=6.8% | height{2:303;3:51;4:8;5:5} | themes=114 | dates=178
promote,height_drop & same_theme_broken,65,20,0.3077,9/26=34.6%,11/39=28.2%,yizi_today=12.3% | yizi_next_all=7.7% | height{2:48;3:9;4:5;5:2;10:1} | themes=17 | dates=26
promote,own_baoliang & NOT one_price_today & boards_ge4,140,43,0.3071,26/91=28.6%,17/49=34.7%,yizi_today=0.0% | yizi_next_all=0.7% | height{4:81;5:35;6:13;7:5;8:4;11:1;18:1} | themes=46 | dates=104
promote,NOT boards_ge5 & same_theme_baoliang,186,57,0.3065,26/91=28.6%,31/95=32.6%,yizi_today=18.3% | yizi_next_all=7.5% | height{2:83;3:60;4:43} | themes=38 | dates=76
promote,NOT leader_absent & opened & href_le1,124,38,0.3065,18/57=31.6%,20/67=29.9%,yizi_today=0.0% | yizi_next_all=1.6% | height{2:6;3:32;4:31;5:19;6:13;7:12;8:6;9:1;11:1;12:1;13:1;18:1} | themes=36 | dates=81
promote,NOT leader_absent & theme_alive,307,94,0.3062,32/84=38.1%,62/223=27.8%,yizi_today=16.0% | yizi_next_all=7.5% | height{2:224;3:46;4:25;5:10;6:1;7:1} | themes=62 | dates=24
promote,theme_alive & NOT lag0,307,94,0.3062,32/84=38.1%,62/223=27.8%,yizi_today=16.0% | yizi_next_all=7.5% | height{2:224;3:46;4:25;5:10;6:1;7:1} | themes=62 | dates=24
promote,leader_absent & NOT theme_alive_own,196,60,0.3061,31/103=30.1%,29/93=31.2%,yizi_today=18.9% | yizi_next_all=7.7% | height{2:136;3:42;4:12;5:4;6:2} | themes=86 | dates=77
promote,NOT theme_alive_own & lag0,196,60,0.3061,31/103=30.1%,29/93=31.2%,yizi_today=18.9% | yizi_next_all=7.7% | height{2:136;3:42;4:12;5:4;6:2} | themes=86 | dates=77
promote,leader_absent & NOT theme_alive_own & NOT is_fanbao,196,60,0.3061,31/103=30.1%,29/93=31.2%,yizi_today=18.9% | yizi_next_all=7.7% | height{2:136;3:42;4:12;5:4;6:2} | themes=86 | dates=77
promote,leader_baoliang & theme_alive,448,137,0.3058,63/200=31.5%,74/248=29.8%,yizi_today=17.6% | yizi_next_all=8.0% | height{2:290;3:94;4:48;5:11;6:3;10:1;14:1} | themes=71 | dates=39
promote,leader_absent & NOT is_new_high,926,283,0.3056,173/504=34.3%,110/422=26.1%,yizi_today=15.4% | yizi_next_all=7.8% | height{2:722;3:146;4:44;5:13;6:1} | themes=113 | dates=84
promote,NOT is_new_high & lag0,926,283,0.3056,173/504=34.3%,110/422=26.1%,yizi_today=15.4% | yizi_next_all=7.8% | height{2:722;3:146;4:44;5:13;6:1} | themes=113 | dates=84
promote,NOT leader_baoliang & same_theme_broken,72,22,0.3056,16/27=59.3%,6/45=13.3%,yizi_today=12.5% | yizi_next_all=8.3% | height{2:54;3:10;4:6;5:2} | themes=14 | dates=24
promote,NOT prev_leader_baoliang & same_theme_broken,72,22,0.3056,12/26=46.2%,10/46=21.7%,yizi_today=15.3% | yizi_next_all=6.9% | height{2:52;3:12;4:4;5:3;10:1} | themes=19 | dates=28
promote,same_theme_broken & NOT is_fanbao,154,47,0.3052,28/70=40.0%,19/84=22.6%,yizi_today=17.5% | yizi_next_all=8.4% | height{2:108;3:28;4:12;5:5;10:1} | themes=27 | dates=62
promote,theme_alive & is_fanbao,59,18,0.3051,0/3=0.0%,18/56=32.1%,yizi_today=10.2% | yizi_next_all=3.4% | height{2:45;3:7;4:7} | themes=21 | dates=32
promote,leader_absent & NOT theme_alive_own & NOT own_baoliang,164,50,0.3049,25/82=30.5%,25/82=30.5%,yizi_today=19.5% | yizi_next_all=6.7% | height{2:136;3:20;4:8} | themes=76 | dates=73
promote,height_new_high & opened,197,60,0.3046,46/141=32.6%,14/56=25.0%,yizi_today=0.0% | yizi_next_all=4.1% | height{2:111;3:50;4:15;5:9;6:2;7:2;8:2;9:1;10:1;11:1;12:1;13:1;18:1} | themes=57 | dates=22
promote,height_new_high & NOT unopened,197,60,0.3046,46/141=32.6%,14/56=25.0%,yizi_today=0.0% | yizi_next_all=4.1% | height{2:111;3:50;4:15;5:9;6:2;7:2;8:2;9:1;10:1;11:1;12:1;13:1;18:1} | themes=57 | dates=22
promote,NOT prev_leader_baoliang & is_sub_high,184,56,0.3043,28/77=36.4%,28/107=26.2%,yizi_today=16.3% | yizi_next_all=7.6% | height{2:107;3:48;4:17;5:10;6:1;7:1} | themes=53 | dates=53
promote,leader_absent & NOT is_new_high & NOT boards_ge5,912,277,0.3037,167/492=33.9%,110/420=26.2%,yizi_today=15.4% | yizi_next_all=7.8% | height{2:722;3:146;4:44} | themes=112 | dates=84
promote,NOT height_drop & theme_alive,517,157,0.3037,52/148=35.1%,105/369=28.5%,yizi_today=15.5% | yizi_next_all=7.9% | height{2:368;3:87;4:43;5:13;6:3;7:1;10:1;14:1} | themes=75 | dates=39
promote,NOT one_price_today & own_baoliang & href_le1,145,44,0.3034,19/78=24.4%,25/67=37.3%,yizi_today=0.0% | yizi_next_all=2.1% | height{3:62;4:39;5:23;6:11;7:5;8:3;11:1;18:1} | themes=49 | dates=100
promote,theme_alive & NOT own_baoliang,831,252,0.3032,99/276=35.9%,153/555=27.6%,yizi_today=15.8% | yizi_next_all=7.5% | height{2:651;3:103;4:56;5:11;6:7;7:1;10:2} | themes=92 | dates=72
promote,height_new_high & NOT one_price_today,271,82,0.3026,67/200=33.5%,15/71=21.1%,yizi_today=0.0% | yizi_next_all=4.4% | height{2:166;3:58;4:20;5:11;6:3;7:2;8:5;9:1;10:1;11:1;12:1;13:1;18:1} | themes=65 | dates=22
promote,opened & own_baoliang & href_le1,119,36,0.3025,16/64=25.0%,20/55=36.4%,yizi_today=0.0% | yizi_next_all=0.8% | height{3:53;4:28;5:21;6:9;7:4;8:2;11:1;18:1} | themes=43 | dates=88
promote,theme_alive & NOT href_le1,612,185,0.3023,82/236=34.7%,103/376=27.4%,yizi_today=15.0% | yizi_next_all=7.2% | height{2:518;3:71;4:20;5:3} | themes=87 | dates=57
promote,theme_alive & NOT boards_ge5,900,272,0.3022,103/304=33.9%,169/596=28.4%,yizi_today=15.1% | yizi_next_all=7.0% | height{2:651;3:168;4:81} | themes=97 | dates=72
promote,leader_absent & NOT is_new_high & NOT own_baoliang,848,256,0.3019,156/451=34.6%,100/397=25.2%,yizi_today=15.6% | yizi_next_all=7.9% | height{2:722;3:89;4:29;5:8} | themes=107 | dates=84
promote,same_theme_broken & NOT own_baoliang,136,41,0.3015,24/55=43.6%,17/81=21.0%,yizi_today=16.9% | yizi_next_all=7.4% | height{2:116;3:12;4:6;5:2} | themes=23 | dates=56
promote,NOT theme_alive & is_sub_high,209,63,0.3014,45/136=33.1%,18/73=24.7%,yizi_today=20.6% | yizi_next_all=7.2% | height{2:128;3:44;4:26;5:9;6:1;7:1} | themes=56 | dates=58
promote,NOT prev_leader_baoliang & theme_alive,478,144,0.3013,55/156=35.3%,89/322=27.6%,yizi_today=16.1% | yizi_next_all=8.2% | height{2:311;3:100;4:40;5:15;6:8;10:3;14:1} | themes=83 | dates=34
promote,NOT boards_ge5 & is_fanbao & href_le1,30,9,0.3000,1/4=25.0%,8/26=30.8%,yizi_today=3.3% | yizi_next_all=3.3% | height{2:15;3:6;4:9} | themes=11 | dates=21
promote,leader_absent & NOT height_drop,395,118,0.2987,64/216=29.6%,54/179=30.2%,yizi_today=16.2% | yizi_next_all=7.8% | height{2:267;3:80;4:36;5:5;6:5;10:1;14:1} | themes=72 | dates=28
promote,NOT height_drop & lag0,395,118,0.2987,64/216=29.6%,54/179=30.2%,yizi_today=16.2% | yizi_next_all=7.8% | height{2:267;3:80;4:36;5:5;6:5;10:1;14:1} | themes=72 | dates=28
promote,H_le4,935,278,0.2973,113/344=32.8%,165/591=27.9%,yizi_today=15.7% | yizi_next_all=7.4% | height{2:672;3:177;4:86} | themes=99 | dates=78
promote,is_legacy_near & leader_absent & theme_alive_own,313,93,0.2971,46/140=32.9%,47/173=27.2%,yizi_today=17.6% | yizi_next_all=7.3% | height{2:190;3:73;4:35;5:6;6:6;7:2;10:1} | themes=58 | dates=66
promote,theme_alive & is_mid_2_3,819,243,0.2967,89/266=33.5%,154/553=27.8%,yizi_today=13.4% | yizi_next_all=6.6% | height{2:651;3:168} | themes=97 | dates=72
promote,NOT height_new_high & same_theme_broken,162,48,0.2963,28/71=39.4%,20/91=22.0%,yizi_today=16.7% | yizi_next_all=8.0% | height{2:115;3:29;4:12;5:5;10:1} | themes=27 | dates=61
promote,NOT is_new_high & same_theme_baoliang,108,32,0.2963,21/63=33.3%,11/45=24.4%,yizi_today=21.3% | yizi_next_all=9.3% | height{2:73;3:23;4:8;5:3;6:1} | themes=24 | dates=54
promote,boards_eq2,1771,523,0.2953,297/895=33.2%,226/876=25.8%,yizi_today=13.8% | yizi_next_all=7.9% | height{2:1771} | themes=138 | dates=206
promote,theme_alive & NOT is_new_high,811,239,0.2947,97/284=34.2%,142/527=26.9%,yizi_today=13.6% | yizi_next_all=6.8% | height{2:651;3:126;4:27;5:7} | themes=95 | dates=72
promote,leader_baoliang & is_fanbao,34,10,0.2941,1/6=16.7%,9/28=32.1%,yizi_today=8.8% | yizi_next_all=2.9% | height{2:21;3:8;4:5} | themes=16 | dates=25
promote,NOT theme_alive_own & theme_alive,143,42,0.2937,14/52=26.9%,28/91=30.8%,yizi_today=16.8% | yizi_next_all=6.3% | height{2:98;3:28;4:12;5:4;6:1} | themes=70 | dates=64
promote,is_sub_high & NOT is_fanbao,392,115,0.2934,59/180=32.8%,56/212=26.4%,yizi_today=15.3% | yizi_next_all=6.6% | height{2:247;3:97;4:33;5:13;6:1;7:1} | themes=73 | dates=106
promote,NOT is_new_high & NOT is_fanbao & href_le1,392,115,0.2934,59/180=32.8%,56/212=26.4%,yizi_today=15.3% | yizi_next_all=6.6% | height{2:247;3:97;4:33;5:13;6:1;7:1} | themes=73 | dates=106
promote,same_theme_broken,164,48,0.2927,28/71=39.4%,20/93=21.5%,yizi_today=16.5% | yizi_next_all=7.9% | height{2:116;3:30;4:12;5:5;10:1} | themes=27 | dates=62
promote,NOT one_price_today & same_theme_baoliang,192,56,0.2917,22/92=23.9%,34/100=34.0%,yizi_today=0.0% | yizi_next_all=2.1% | height{2:71;3:47;4:34;5:20;6:10;7:5;8:3;11:1;18:1} | themes=40 | dates=89
promote,NOT theme_alive_own & is_sub_high,72,21,0.2917,8/29=27.6%,13/43=30.2%,yizi_today=13.9% | yizi_next_all=4.2% | height{2:48;3:16;4:5;5:3} | themes=44 | dates=46
promote,NOT is_new_high & NOT theme_alive_own & href_le1,72,21,0.2917,8/29=27.6%,13/43=30.2%,yizi_today=13.9% | yizi_next_all=4.2% | height{2:48;3:16;4:5;5:3} | themes=44 | dates=46
promote,NOT leader_absent & NOT theme_alive_own & opened,158,46,0.2911,32/90=35.6%,14/68=20.6%,yizi_today=0.0% | yizi_next_all=0.6% | height{2:103;3:31;4:12;5:6;6:1;7:1;8:2;9:1;18:1} | themes=76 | dates=90
promote,opened & same_theme_baoliang,148,43,0.2905,18/74=24.3%,25/74=33.8%,yizi_today=0.0% | yizi_next_all=0.7% | height{2:50;3:38;4:26;5:18;6:8;7:4;8:2;11:1;18:1} | themes=35 | dates=82
promote,NOT unopened & same_theme_baoliang,148,43,0.2905,18/74=24.3%,25/74=33.8%,yizi_today=0.0% | yizi_next_all=0.7% | height{2:50;3:38;4:26;5:18;6:8;7:4;8:2;11:1;18:1} | themes=35 | dates=82
promote,NOT one_price_today & theme_alive_own & NOT opened,579,168,0.2902,94/279=33.7%,74/300=24.7%,yizi_today=0.0% | yizi_next_all=5.5% | height{2:438;3:70;4:45;5:17;6:5;7:2;8:2} | themes=74 | dates=191
promote,NOT opened & is_fanbao & NOT href_le1,38,11,0.2895,1/3=33.3%,10/35=28.6%,yizi_today=26.3% | yizi_next_all=5.3% | height{2:34;3:3;5:1} | themes=20 | dates=28
promote,theme_alive & same_theme_broken,159,46,0.2893,26/66=39.4%,20/93=21.5%,yizi_today=16.4% | yizi_next_all=8.2% | height{2:113;3:29;4:12;5:4;10:1} | themes=25 | dates=57
promote,is_sub_high & NOT own_baoliang,346,100,0.2890,48/144=33.3%,52/202=25.7%,yizi_today=15.3% | yizi_next_all=6.1% | height{2:261;3:57;4:20;5:7;7:1} | themes=67 | dates=81
promote,NOT is_new_high & NOT own_baoliang & href_le1,346,100,0.2890,48/144=33.3%,52/202=25.7%,yizi_today=15.3% | yizi_next_all=6.1% | height{2:261;3:57;4:20;5:7;7:1} | themes=67 | dates=81
promote,is_sub_high & NOT same_theme_baoliang,381,110,0.2887,58/174=33.3%,52/207=25.1%,yizi_today=14.4% | yizi_next_all=6.6% | height{2:250;3:90;4:27;5:12;6:1;7:1} | themes=73 | dates=101
promote,NOT theme_alive & NOT one_price_today,1435,414,0.2885,272/884=30.8%,142/551=25.8%,yizi_today=0.0% | yizi_next_all=3.8% | height{2:944;3:258;4:124;5:51;6:27;7:16;8:10;9:1;11:1;12:1;13:1;18:1} | themes=127 | dates=135
promote,height_drop & opened,378,109,0.2884,56/182=30.8%,53/196=27.0%,yizi_today=0.0% | yizi_next_all=2.9% | height{2:256;3:72;4:30;5:13;6:6;7:1} | themes=76 | dates=58
promote,height_drop & NOT unopened,378,109,0.2884,56/182=30.8%,53/196=27.0%,yizi_today=0.0% | yizi_next_all=2.9% | height{2:256;3:72;4:30;5:13;6:6;7:1} | themes=76 | dates=58
promote,NOT height_new_high & is_sub_high,407,117,0.2875,60/183=32.8%,57/224=25.4%,yizi_today=14.7% | yizi_next_all=6.4% | height{2:261;3:99;4:32;5:13;6:1;7:1} | themes=73 | dates=105
promote,NOT leader_absent & NOT one_price_today & NOT is_fanbao,1261,362,0.2871,219/687=31.9%,143/574=24.9%,yizi_today=0.0% | yizi_next_all=3.2% | height{2:844;3:211;4:108;5:46;6:22;7:15;8:10;9:1;11:1;12:1;13:1;18:1} | themes=115 | dates=121
promote,is_sub_high,408,117,0.2868,60/184=32.6%,57/224=25.4%,yizi_today=15.0% | yizi_next_all=6.4% | height{2:261;3:99;4:33;5:13;6:1;7:1} | themes=73 | dates=106
promote,href1,408,117,0.2868,60/184=32.6%,57/224=25.4%,yizi_today=15.0% | yizi_next_all=6.4% | height{2:261;3:99;4:33;5:13;6:1;7:1} | themes=73 | dates=106
promote,NOT is_new_high & is_sub_high,408,117,0.2868,60/184=32.6%,57/224=25.4%,yizi_today=15.0% | yizi_next_all=6.4% | height{2:261;3:99;4:33;5:13;6:1;7:1} | themes=73 | dates=106
promote,NOT is_new_high & href_le1,408,117,0.2868,60/184=32.6%,57/224=25.4%,yizi_today=15.0% | yizi_next_all=6.4% | height{2:261;3:99;4:33;5:13;6:1;7:1} | themes=73 | dates=106
promote,is_sub_high & href_le1,408,117,0.2868,60/184=32.6%,57/224=25.4%,yizi_today=15.0% | yizi_next_all=6.4% | height{2:261;3:99;4:33;5:13;6:1;7:1} | themes=73 | dates=106
promote,same_theme_broken & NOT is_new_high,143,41,0.2867,24/60=40.0%,17/83=20.5%,yizi_today=15.4% | yizi_next_all=8.4% | height{2:116;3:21;4:5;5:1} | themes=25 | dates=57
promote,NOT leader_absent & opened & NOT is_fanbao,879,252,0.2867,157/493=31.8%,95/386=24.6%,yizi_today=0.0% | yizi_next_all=2.4% | height{2:556;3:173;4:75;5:34;6:17;7:12;8:7;9:1;11:1;12:1;13:1;18:1} | themes=100 | dates=121
promote,NOT is_sub_high & opened,1288,368,0.2857,217/704=30.8%,151/584=25.9%,yizi_today=0.0% | yizi_next_all=2.4% | height{2:842;3:238;4:110;5:47;6:26;7:12;8:7;9:1;10:1;11:1;12:1;13:1;18:1} | themes=121 | dates=200
promote,NOT is_sub_high & NOT unopened,1288,368,0.2857,217/704=30.8%,151/584=25.9%,yizi_today=0.0% | yizi_next_all=2.4% | height{2:842;3:238;4:110;5:47;6:26;7:12;8:7;9:1;10:1;11:1;12:1;13:1;18:1} | themes=121 | dates=200
promote,theme_alive_own & is_sub_high,336,96,0.2857,52/155=33.5%,44/181=24.3%,yizi_today=15.2% | yizi_next_all=6.8% | height{2:213;3:83;4:28;5:10;6:1;7:1} | themes=54 | dates=99
promote,NOT is_new_high & theme_alive_own & href_le1,336,96,0.2857,52/155=33.5%,44/181=24.3%,yizi_today=15.2% | yizi_next_all=6.8% | height{2:213;3:83;4:28;5:10;6:1;7:1} | themes=54 | dates=99
promote,height_drop & NOT one_price_today,575,164,0.2852,88/278=31.7%,76/297=25.6%,yizi_today=0.0% | yizi_next_all=4.0% | height{2:405;3:104;4:40;5:18;6:7;7:1} | themes=91 | dates=58
promote,same_theme_broken & NOT boards_ge5,158,45,0.2848,25/66=37.9%,20/92=21.7%,yizi_today=15.2% | yizi_next_all=7.0% | height{2:116;3:30;4:12} | themes=26 | dates=60
promote,NOT is_sub_high & NOT one_price_today,1878,534,0.2843,311/997=31.2%,223/881=25.3%,yizi_today=0.0% | yizi_next_all=3.5% | height{2:1295;3:306;4:153;5:61;6:32;7:15;8:10;9:1;10:1;11:1;12:1;13:1;18:1} | themes=137 | dates=205
promote,NOT one_price_today & NOT theme_alive_own & href_le1,95,27,0.2842,12/45=26.7%,15/50=30.0%,yizi_today=0.0% | yizi_next_all=2.1% | height{2:42;3:26;4:11;5:6;6:3;7:2;8:3;9:1;18:1} | themes=50 | dates=62
promote,leader_absent & NOT is_new_high & NOT theme_alive_own,169,48,0.2840,24/86=27.9%,24/83=28.9%,yizi_today=16.0% | yizi_next_all=6.5% | height{2:135;3:27;4:5;5:2} | themes=83 | dates=75
promote,NOT leader_baoliang & NOT one_price_today,1250,355,0.2840,201/595=33.8%,154/655=23.5%,yizi_today=0.0% | yizi_next_all=3.4% | height{2:878;3:192;4:95;5:41;6:22;7:11;8:7;9:1;10:1;12:1;13:1} | themes=119 | dates=105
promote,NOT leader_absent & NOT one_price_today & theme_alive_own,1099,312,0.2839,180/570=31.6%,132/529=25.0%,yizi_today=0.0% | yizi_next_all=3.4% | height{2:737;3:180;4:99;5:40;6:20;7:13;8:7;11:1;12:1;13:1} | themes=86 | dates=121
promote,NOT leader_baoliang & opened,836,237,0.2835,140/414=33.8%,97/422=23.0%,yizi_today=0.0% | yizi_next_all=2.8% | height{2:558;3:151;4:64;5:27;6:18;7:9;8:5;9:1;10:1;12:1;13:1} | themes=99 | dates=105
promote,NOT leader_baoliang & NOT unopened,836,237,0.2835,140/414=33.8%,97/422=23.0%,yizi_today=0.0% | yizi_next_all=2.8% | height{2:558;3:151;4:64;5:27;6:18;7:9;8:5;9:1;10:1;12:1;13:1} | themes=99 | dates=105
promote,NOT theme_alive & opened,1003,284,0.2832,184/629=29.3%,100/374=26.7%,yizi_today=0.0% | yizi_next_all=2.7% | height{2:626;3:209;4:87;5:34;6:22;7:13;8:7;9:1;11:1;12:1;13:1;18:1} | themes=109 | dates=135
promote,NOT theme_alive & NOT unopened,1003,284,0.2832,184/629=29.3%,100/374=26.7%,yizi_today=0.0% | yizi_next_all=2.7% | height{2:626;3:209;4:87;5:34;6:22;7:13;8:7;9:1;11:1;12:1;13:1;18:1} | themes=109 | dates=135
promote,NOT leader_absent & NOT one_price_today & NOT opened,403,114,0.2829,62/195=31.8%,52/208=25.0%,yizi_today=0.0% | yizi_next_all=5.0% | height{2:304;3:41;4:34;5:13;6:5;7:3;8:3} | themes=85 | dates=114
promote,NOT height_drop & same_theme_broken,99,28,0.2828,19/45=42.2%,9/54=16.7%,yizi_today=19.2% | yizi_next_all=8.1% | height{2:68;3:21;4:7;5:3} | themes=22 | dates=36
promote,leader_baoliang & same_theme_broken,92,26,0.2826,12/44=27.3%,14/48=29.2%,yizi_today=19.6% | yizi_next_all=7.6% | height{2:62;3:20;4:6;5:3;10:1} | themes=24 | dates=38
promote,prev_leader_baoliang & same_theme_broken,92,26,0.2826,16/45=35.6%,10/47=21.3%,yizi_today=17.4% | yizi_next_all=8.7% | height{2:64;3:18;4:8;5:2} | themes=21 | dates=34
promote,is_sub_high & NOT boards_ge5,393,111,0.2824,55/172=32.0%,56/221=25.3%,yizi_today=14.5% | yizi_next_all=6.4% | height{2:261;3:99;4:33} | themes=70 | dates=93
promote,NOT is_new_high & NOT boards_ge5 & href_le1,393,111,0.2824,55/172=32.0%,56/221=25.3%,yizi_today=14.5% | yizi_next_all=6.4% | height{2:261;3:99;4:33} | themes=70 | dates=93
promote,NOT theme_alive_own & NOT boards_ge5 & opened,241,68,0.2822,42/129=32.6%,26/112=23.2%,yizi_today=0.0% | yizi_next_all=0.8% | height{2:175;3:52;4:14} | themes=96 | dates=143
promote,theme_alive_own & same_theme_broken,156,44,0.2821,25/65=38.5%,19/91=20.9%,yizi_today=16.7% | yizi_next_all=8.3% | height{2:111;3:28;4:12;5:4;10:1} | themes=24 | dates=57
promote,NOT leader_absent & NOT one_price_today,1319,372,0.2820,219/689=31.8%,153/630=24.3%,yizi_today=0.0% | yizi_next_all=3.1% | height{2:887;3:218;4:114;5:48;6:22;7:15;8:10;9:1;11:1;12:1;13:1;18:1} | themes=116 | dates=121
promote,NOT one_price_today & NOT lag0,1319,372,0.2820,219/689=31.8%,153/630=24.3%,yizi_today=0.0% | yizi_next_all=3.1% | height{2:887;3:218;4:114;5:48;6:22;7:15;8:10;9:1;11:1;12:1;13:1;18:1} | themes=116 | dates=121
promote,NOT own_baoliang & same_theme_baoliang,110,31,0.2818,21/59=35.6%,10/51=19.6%,yizi_today=21.8% | yizi_next_all=9.1% | height{2:83;3:18;4:6;5:2;6:1} | themes=26 | dates=54
promote,NOT leader_absent & opened,916,258,0.2817,157/494=31.8%,101/422=23.9%,yizi_today=0.0% | yizi_next_all=2.3% | height{2:583;3:177;4:80;5:35;6:17;7:12;8:7;9:1;11:1;12:1;13:1;18:1} | themes=101 | dates=121
promote,NOT leader_absent & NOT unopened,916,258,0.2817,157/494=31.8%,101/422=23.9%,yizi_today=0.0% | yizi_next_all=2.3% | height{2:583;3:177;4:80;5:35;6:17;7:12;8:7;9:1;11:1;12:1;13:1;18:1} | themes=101 | dates=121
promote,opened & NOT lag0,916,258,0.2817,157/494=31.8%,101/422=23.9%,yizi_today=0.0% | yizi_next_all=2.3% | height{2:583;3:177;4:80;5:35;6:17;7:12;8:7;9:1;11:1;12:1;13:1;18:1} | themes=101 | dates=121
promote,NOT unopened & NOT lag0,916,258,0.2817,157/494=31.8%,101/422=23.9%,yizi_today=0.0% | yizi_next_all=2.3% | height{2:583;3:177;4:80;5:35;6:17;7:12;8:7;9:1;11:1;12:1;13:1;18:1} | themes=101 | dates=121
promote,NOT leader_absent & NOT one_price_today & opened,916,258,0.2817,157/494=31.8%,101/422=23.9%,yizi_today=0.0% | yizi_next_all=2.3% | height{2:583;3:177;4:80;5:35;6:17;7:12;8:7;9:1;11:1;12:1;13:1;18:1} | themes=101 | dates=121
promote,NOT one_price_today & NOT opened & NOT is_fanbao,665,187,0.2812,107/333=32.1%,80/332=24.1%,yizi_today=0.0% | yizi_next_all=5.6% | height{2:500;3:86;4:49;5:18;6:6;7:3;8:3} | themes=104 | dates=195
promote,NOT one_price_today & NOT is_fanbao & href_le1,541,152,0.2810,60/228=26.3%,92/313=29.4%,yizi_today=0.0% | yizi_next_all=3.1% | height{2:230;3:132;4:79;5:41;6:28;7:16;8:9;9:1;10:1;11:1;12:1;13:1;18:1} | themes=79 | dates=175
promote,NOT one_price_today & theme_alive_own & NOT is_fanbao,1746,490,0.2806,283/937=30.2%,207/809=25.6%,yizi_today=0.0% | yizi_next_all=3.8% | height{2:1187;3:298;4:150;5:56;6:30;7:14;8:7;10:1;11:1;12:1;13:1} | themes=103 | dates=207
promote,NOT theme_alive_own & opened & NOT href_le1,196,55,0.2806,36/107=33.6%,19/89=21.3%,yizi_today=0.0% | yizi_next_all=1.0% | height{2:149;3:36;4:6;5:5} | themes=89 | dates=120
promote,is_sub_high & is_mid_2_3,360,101,0.2806,49/151=32.5%,52/209=24.9%,yizi_today=13.9% | yizi_next_all=6.1% | height{2:261;3:99} | themes=70 | dates=71
promote,NOT one_price_today & NOT opened,700,196,0.2800,107/334=32.0%,89/366=24.3%,yizi_today=0.0% | yizi_next_all=5.4% | height{2:528;3:90;4:51;5:19;6:6;7:3;8:3} | themes=105 | dates=199
promote,NOT one_price_today & unopened,700,196,0.2800,107/334=32.0%,89/366=24.3%,yizi_today=0.0% | yizi_next_all=5.4% | height{2:528;3:90;4:51;5:19;6:6;7:3;8:3} | themes=105 | dates=199
promote,NOT one_price_today & href_le1,572,160,0.2797,60/231=26.0%,100/341=29.3%,yizi_today=0.0% | yizi_next_all=3.1% | height{2:244;3:138;4:88;5:43;6:28;7:16;8:9;9:1;10:1;11:1;12:1;13:1;18:1} | themes=79 | dates=178
promote,NOT leader_absent & theme_alive_own & opened,758,212,0.2797,125/404=30.9%,87/354=24.6%,yizi_today=0.0% | yizi_next_all=2.6% | height{2:480;3:146;4:68;5:29;6:16;7:11;8:5;11:1;12:1;13:1} | themes=74 | dates=121
promote,NOT same_theme_broken & is_sub_high,365,102,0.2795,57/174=32.8%,45/191=23.6%,yizi_today=15.9% | yizi_next_all=6.0% | height{2:233;3:85;4:32;5:13;6:1;7:1} | themes=73 | dates=103
promote,NOT theme_alive_own & opened,258,72,0.2791,45/142=31.7%,27/116=23.3%,yizi_today=0.0% | yizi_next_all=0.8% | height{2:175;3:52;4:14;5:10;6:2;7:1;8:2;9:1;18:1} | themes=96 | dates=147
promote,NOT theme_alive_own & NOT unopened,258,72,0.2791,45/142=31.7%,27/116=23.3%,yizi_today=0.0% | yizi_next_all=0.8% | height{2:175;3:52;4:14;5:10;6:2;7:1;8:2;9:1;18:1} | themes=96 | dates=147
promote,NOT one_price_today & NOT theme_alive_own & opened,258,72,0.2791,45/142=31.7%,27/116=23.3%,yizi_today=0.0% | yizi_next_all=0.8% | height{2:175;3:52;4:14;5:10;6:2;7:1;8:2;9:1;18:1} | themes=96 | dates=147
promote,NOT theme_alive_own & opened & NOT is_fanbao,258,72,0.2791,45/142=31.7%,27/116=23.3%,yizi_today=0.0% | yizi_next_all=0.8% | height{2:175;3:52;4:14;5:10;6:2;7:1;8:2;9:1;18:1} | themes=96 | dates=147
promote,NOT one_price_today & href_le1 & theme_alive_own,477,133,0.2788,48/186=25.8%,85/291=29.2%,yizi_today=0.0% | yizi_next_all=3.4% | height{2:202;3:112;4:77;5:37;6:25;7:14;8:6;10:1;11:1;12:1;13:1} | themes=59 | dates=164
promote,NOT one_price_today & theme_alive_own & href_le1,477,133,0.2788,48/186=25.8%,85/291=29.2%,yizi_today=0.0% | yizi_next_all=3.4% | height{2:202;3:112;4:77;5:37;6:25;7:14;8:6;10:1;11:1;12:1;13:1} | themes=59 | dates=164
promote,NOT leader_absent & opened & NOT href_le1,792,220,0.2778,139/437=31.8%,81/355=22.8%,yizi_today=0.0% | yizi_next_all=2.4% | height{2:577;3:145;4:49;5:16;6:4;8:1} | themes=98 | dates=118
promote,NOT prev_leader_baoliang & is_fanbao,54,15,0.2778,1/2=50.0%,14/52=26.9%,yizi_today=9.3% | yizi_next_all=1.9% | height{2:38;3:12;4:3;5:1} | themes=21 | dates=32
promote,NOT one_price_today & NOT is_fanbao,2125,590,0.2776,341/1134=30.1%,249/991=25.1%,yizi_today=0.0% | yizi_next_all=3.5% | height{2:1452;3:370;4:170;5:68;6:33;7:16;8:10;9:1;10:1;11:1;12:1;13:1;18:1} | themes=145 | dates=207
promote,opened & NOT is_fanbao & NOT href_le1,1081,300,0.2775,192/630=30.5%,108/451=23.9%,yizi_today=0.0% | yizi_next_all=2.7% | height{2:798;3:192;4:67;5:19;6:4;8:1} | themes=117 | dates=177
promote,NOT same_theme_broken & NOT one_price_today,2088,579,0.2773,325/1085=30.0%,254/1003=25.3%,yizi_today=0.0% | yizi_next_all=3.4% | height{2:1426;3:360;4:170;5:67;6:33;7:16;8:10;9:1;10:1;11:1;12:1;13:1;18:1} | themes=145 | dates=207
promote,theme_alive_own & NOT one_price_today,1846,511,0.2768,283/942=30.0%,228/904=25.2%,yizi_today=0.0% | yizi_next_all=3.6% | height{2:1261;3:313;4:159;5:58;6:30;7:14;8:7;10:1;11:1;12:1;13:1} | themes=103 | dates=207
promote,NOT one_price_today & NOT is_fanbao & NOT href_le1,1584,438,0.2765,281/906=31.0%,157/678=23.2%,yizi_today=0.0% | yizi_next_all=3.6% | height{2:1222;3:238;4:91;5:27;6:5;8:1} | themes=132 | dates=177
promote,NOT one_price_today & NOT opened & NOT own_baoliang,648,179,0.2762,98/303=32.3%,81/345=23.5%,yizi_today=0.0% | yizi_next_all=5.4% | height{2:528;3:65;4:33;5:14;6:4;7:2;8:2} | themes=97 | dates=198
promote,NOT one_price_today & theme_alive_own & NOT href_le1,1369,378,0.2761,235/756=31.1%,143/613=23.3%,yizi_today=0.0% | yizi_next_all=3.7% | height{2:1059;3:201;4:82;5:21;6:5;8:1} | themes=93 | dates=177
promote,leader_absent & NOT one_price_today & NOT opened,297,82,0.2761,45/139=32.4%,37/158=23.4%,yizi_today=0.0% | yizi_next_all=6.1% | height{2:224;3:49;4:17;5:6;6:1} | themes=71 | dates=85
promote,NOT leader_absent & NOT one_price_today & NOT is_new_high,1217,336,0.2761,203/644=31.5%,133/573=23.2%,yizi_today=0.0% | yizi_next_all=3.1% | height{2:887;3:214;4:83;5:26;6:5;7:1;8:1} | themes=115 | dates=121
promote,NOT is_fanbao & opened,1460,403,0.2760,234/801=29.2%,169/659=25.6%,yizi_today=0.0% | yizi_next_all=2.5% | height{2:952;3:284;4:121;5:50;6:27;7:13;8:7;9:1;10:1;11:1;12:1;13:1;18:1} | themes=127 | dates=207
promote,NOT is_fanbao & NOT unopened,1460,403,0.2760,234/801=29.2%,169/659=25.6%,yizi_today=0.0% | yizi_next_all=2.5% | height{2:952;3:284;4:121;5:50;6:27;7:13;8:7;9:1;10:1;11:1;12:1;13:1;18:1} | themes=127 | dates=207
promote,NOT one_price_today & opened & NOT is_fanbao,1460,403,0.2760,234/801=29.2%,169/659=25.6%,yizi_today=0.0% | yizi_next_all=2.5% | height{2:952;3:284;4:121;5:50;6:27;7:13;8:7;9:1;10:1;11:1;12:1;13:1;18:1} | themes=127 | dates=207
promote,NOT leader_absent & NOT is_new_high & opened,838,231,0.2757,143/456=31.4%,88/382=23.0%,yizi_today=0.0% | yizi_next_all=2.4% | height{2:583;3:173;4:58;5:18;6:4;7:1;8:1} | themes=99 | dates=121
promote,prev_leader_baoliang & NOT one_price_today,1042,287,0.2754,151/523=28.9%,136/519=26.2%,yizi_today=0.0% | yizi_next_all=2.6% | height{2:745;3:157;4:82;5:31;6:13;7:7;8:4;9:1;12:1;18:1} | themes=111 | dates=101
promote,theme_alive_own & opened & NOT is_fanbao,1202,331,0.2754,189/659=28.7%,142/543=26.2%,yizi_today=0.0% | yizi_next_all=2.9% | height{2:777;3:232;4:107;5:40;6:25;7:12;8:5;10:1;11:1;12:1;13:1} | themes=91 | dates=206
promote,NOT leader_absent & NOT boards_ge5 & opened,840,231,0.2750,139/444=31.3%,92/396=23.2%,yizi_today=0.0% | yizi_next_all=2.0% | height{2:583;3:177;4:80} | themes=100 | dates=121
promote,NOT leader_absent & NOT one_price_today & NOT href_le1,1153,317,0.2749,194/616=31.5%,123/537=22.9%,yizi_today=0.0% | yizi_next_all=3.1% | height{2:877;3:179;4:69;5:22;6:5;8:1} | themes=113 | dates=118
promote,NOT one_price_today,2225,611,0.2746,341/1139=29.9%,270/1086=24.9%,yizi_today=0.0% | yizi_next_all=3.4% | height{2:1526;3:385;4:179;5:70;6:33;7:16;8:10;9:1;10:1;11:1;12:1;13:1;18:1} | themes=145 | dates=207
promote,opened & NOT href_le1,1122,308,0.2745,192/631=30.4%,116/491=23.6%,yizi_today=0.0% | yizi_next_all=2.6% | height{2:833;3:198;4:67;5:19;6:4;8:1} | themes=118 | dates=177
promote,NOT unopened & NOT href_le1,1122,308,0.2745,192/631=30.4%,116/491=23.6%,yizi_today=0.0% | yizi_next_all=2.6% | height{2:833;3:198;4:67;5:19;6:4;8:1} | themes=118 | dates=177
promote,NOT one_price_today & opened & NOT href_le1,1122,308,0.2745,192/631=30.4%,116/491=23.6%,yizi_today=0.0% | yizi_next_all=2.6% | height{2:833;3:198;4:67;5:19;6:4;8:1} | themes=118 | dates=177
promote,NOT is_new_high & opened & NOT href_le1,1122,308,0.2745,192/631=30.4%,116/491=23.6%,yizi_today=0.0% | yizi_next_all=2.6% | height{2:833;3:198;4:67;5:19;6:4;8:1} | themes=118 | dates=177
promote,prev_leader_baoliang & opened,707,194,0.2744,102/360=28.3%,92/347=26.5%,yizi_today=0.0% | yizi_next_all=2.1% | height{2:485;3:125;4:53;5:22;6:11;7:5;8:3;9:1;12:1;18:1} | themes=98 | dates=101
promote,prev_leader_baoliang & NOT unopened,707,194,0.2744,102/360=28.3%,92/347=26.5%,yizi_today=0.0% | yizi_next_all=2.1% | height{2:485;3:125;4:53;5:22;6:11;7:5;8:3;9:1;12:1;18:1} | themes=98 | dates=101
promote,is_sub_high & own_baoliang,62,17,0.2742,12/40=30.0%,5/22=22.7%,yizi_today=12.9% | yizi_next_all=8.1% | height{3:42;4:13;5:6;6:1} | themes=30 | dates=45
promote,NOT is_new_high & own_baoliang & href_le1,62,17,0.2742,12/40=30.0%,5/22=22.7%,yizi_today=12.9% | yizi_next_all=8.1% | height{3:42;4:13;5:6;6:1} | themes=30 | dates=45
promote,NOT theme_alive_own & opened & href_le1,62,17,0.2742,9/35=25.7%,8/27=29.6%,yizi_today=0.0% | yizi_next_all=0.0% | height{2:26;3:16;4:8;5:5;6:2;7:1;8:2;9:1;18:1} | themes=40 | dates=45
promote,NOT same_theme_broken & opened,1427,391,0.2740,222/766=29.0%,169/661=25.6%,yizi_today=0.0% | yizi_next_all=2.5% | height{2:930;3:274;4:122;5:48;6:27;7:13;8:7;9:1;10:1;11:1;12:1;13:1;18:1} | themes=127 | dates=207
promote,NOT same_theme_broken & NOT unopened,1427,391,0.2740,222/766=29.0%,169/661=25.6%,yizi_today=0.0% | yizi_next_all=2.5% | height{2:930;3:274;4:122;5:48;6:27;7:13;8:7;9:1;10:1;11:1;12:1;13:1;18:1} | themes=127 | dates=207
promote,same_theme_broken & is_mid_2_3,146,40,0.2740,21/58=36.2%,19/88=21.6%,yizi_today=14.4% | yizi_next_all=7.5% | height{2:116;3:30} | themes=25 | dates=59
promote,NOT prev_leader_baoliang & NOT one_price_today,1183,324,0.2739,190/616=30.8%,134/567=23.6%,yizi_today=0.0% | yizi_next_all=4.1% | height{2:781;3:228;4:97;5:39;6:20;7:9;8:6;10:1;11:1;13:1} | themes=119 | dates=106
promote,leader_absent & NOT theme_alive_own & NOT href_le1,106,29,0.2736,17/62=27.4%,12/44=27.3%,yizi_today=17.9% | yizi_next_all=7.5% | height{2:88;3:15;4:2;5:1} | themes=64 | dates=50
promote,theme_alive_own & opened & NOT href_le1,926,253,0.2732,156/524=29.8%,97/402=24.1%,yizi_today=0.0% | yizi_next_all=2.9% | height{2:684;3:162;4:61;5:14;6:4;8:1} | themes=84 | dates=176
promote,NOT leader_absent & NOT one_price_today & NOT boards_ge5,1219,333,0.2732,194/627=30.9%,139/592=23.5%,yizi_today=0.0% | yizi_next_all=2.9% | height{2:887;3:218;4:114} | themes=115 | dates=121
promote,NOT leader_absent & NOT one_price_today & NOT own_baoliang,1135,310,0.2731,182/578=31.5%,128/557=23.0%,yizi_today=0.0% | yizi_next_all=3.3% | height{2:887;3:127;4:60;5:25;6:16;7:11;8:6;9:1;12:1;13:1} | themes=113 | dates=121
promote,NOT one_price_today & NOT same_theme_baoliang,2033,555,0.2730,319/1047=30.5%,236/986=23.9%,yizi_today=0.0% | yizi_next_all=3.5% | height{2:1455;3:338;4:145;5:50;6:23;7:11;8:7;9:1;10:1;12:1;13:1} | themes=143 | dates=207
promote,NOT one_price_today & NOT href_le1,1653,451,0.2728,281/908=30.9%,170/745=22.8%,yizi_today=0.0% | yizi_next_all=3.4% | height{2:1282;3:247;4:91;5:27;6:5;8:1} | themes=133 | dates=177
promote,NOT one_price_today & NOT is_new_high & NOT href_le1,1653,451,0.2728,281/908=30.9%,170/745=22.8%,yizi_today=0.0% | yizi_next_all=3.4% | height{2:1282;3:247;4:91;5:27;6:5;8:1} | themes=133 | dates=177
promote,NOT leader_absent & NOT one_price_today & NOT theme_alive_own,220,60,0.2727,39/119=32.8%,21/101=20.8%,yizi_today=0.0% | yizi_next_all=1.8% | height{2:150;3:38;4:15;5:8;6:2;7:2;8:3;9:1;18:1} | themes=87 | dates=105
promote,same_theme_broken & NOT is_sub_high,121,33,0.2727,25/61=41.0%,8/60=13.3%,yizi_today=19.8% | yizi_next_all=7.4% | height{2:88;3:16;4:11;5:5;10:1} | themes=24 | dates=51
promote,height_drop & same_theme_baoliang,110,30,0.2727,14/50=28.0%,16/60=26.7%,yizi_today=19.1% | yizi_next_all=9.1% | height{2:47;3:34;4:17;5:6;6:4;7:1;10:1} | themes=25 | dates=35
promote,leader_absent & is_fanbao,44,12,0.2727,1/4=25.0%,11/40=27.5%,yizi_today=4.5% | yizi_next_all=0.0% | height{2:33;3:8;4:3} | themes=20 | dates=27
promote,is_fanbao & lag0,44,12,0.2727,1/4=25.0%,11/40=27.5%,yizi_today=4.5% | yizi_next_all=0.0% | height{2:33;3:8;4:3} | themes=20 | dates=27
promote,leader_absent & theme_alive_own & is_fanbao,44,12,0.2727,1/4=25.0%,11/40=27.5%,yizi_today=4.5% | yizi_next_all=0.0% | height{2:33;3:8;4:3} | themes=20 | dates=27
promote,leader_absent & NOT boards_ge5 & is_fanbao,44,12,0.2727,1/4=25.0%,11/40=27.5%,yizi_today=4.5% | yizi_next_all=0.0% | height{2:33;3:8;4:3} | themes=20 | dates=27
promote,is_fanbao & href_le1,33,9,0.2727,1/4=25.0%,8/29=27.6%,yizi_today=6.1% | yizi_next_all=3.0% | height{2:15;3:6;4:9;5:3} | themes=11 | dates=24
promote,theme_alive_own & is_fanbao & href_le1,33,9,0.2727,1/4=25.0%,8/29=27.6%,yizi_today=6.1% | yizi_next_all=3.0% | height{2:15;3:6;4:9;5:3} | themes=11 | dates=24
promote,NOT leader_absent & opened & NOT own_baoliang,763,208,0.2726,127/399=31.8%,81/364=22.3%,yizi_today=0.0% | yizi_next_all=2.5% | height{2:583;3:100;4:36;5:16;6:12;7:9;8:4;9:1;12:1;13:1} | themes=98 | dates=121
promote,prev_leader_baoliang & is_sub_high,224,61,0.2723,32/107=29.9%,29/117=24.8%,yizi_today=13.8% | yizi_next_all=5.4% | height{2:154;3:51;4:16;5:3} | themes=54 | dates=53
promote,NOT boards_ge5 & opened & NOT href_le1,1098,299,0.2723,185/610=30.3%,114/488=23.4%,yizi_today=0.0% | yizi_next_all=2.4% | height{2:833;3:198;4:67} | themes=118 | dates=177
promote,opened,1525,415,0.2721,234/805=29.1%,181/720=25.1%,yizi_today=0.0% | yizi_next_all=2.4% | height{2:998;3:295;4:128;5:51;6:27;7:13;8:7;9:1;10:1;11:1;12:1;13:1;18:1} | themes=127 | dates=207
promote,NOT unopened,1525,415,0.2721,234/805=29.1%,181/720=25.1%,yizi_today=0.0% | yizi_next_all=2.4% | height{2:998;3:295;4:128;5:51;6:27;7:13;8:7;9:1;10:1;11:1;12:1;13:1;18:1} | themes=127 | dates=207
promote,NOT one_price_today & opened,1525,415,0.2721,234/805=29.1%,181/720=25.1%,yizi_today=0.0% | yizi_next_all=2.4% | height{2:998;3:295;4:128;5:51;6:27;7:13;8:7;9:1;10:1;11:1;12:1;13:1;18:1} | themes=127 | dates=207
promote,NOT one_price_today & NOT unopened,1525,415,0.2721,234/805=29.1%,181/720=25.1%,yizi_today=0.0% | yizi_next_all=2.4% | height{2:998;3:295;4:128;5:51;6:27;7:13;8:7;9:1;10:1;11:1;12:1;13:1;18:1} | themes=127 | dates=207
promote,opened & NOT unopened,1525,415,0.2721,234/805=29.1%,181/720=25.1%,yizi_today=0.0% | yizi_next_all=2.4% | height{2:998;3:295;4:128;5:51;6:27;7:13;8:7;9:1;10:1;11:1;12:1;13:1;18:1} | themes=127 | dates=207
promote,NOT one_price_today & NOT boards_ge5 & NOT opened,669,182,0.2720,98/316=31.0%,84/353=23.8%,yizi_today=0.0% | yizi_next_all=5.4% | height{2:528;3:90;4:51} | themes=105 | dates=196
promote,opened & NOT is_fanbao & href_le1,379,103,0.2718,42/171=24.6%,61/208=29.3%,yizi_today=0.0% | yizi_next_all=2.1% | height{2:154;3:92;4:54;5:31;6:23;7:13;8:6;9:1;10:1;11:1;12:1;13:1;18:1} | themes=70 | dates=153
promote,NOT one_price_today & NOT own_baoliang & href_le1,427,116,0.2717,41/153=26.8%,75/274=27.4%,yizi_today=0.0% | yizi_next_all=3.5% | height{2:244;3:76;4:49;5:20;6:17;7:11;8:6;9:1;10:1;12:1;13:1} | themes=68 | dates=133
promote,theme_alive & is_sub_high,199,54,0.2714,15/48=31.2%,39/151=25.8%,yizi_today=9.0% | yizi_next_all=5.5% | height{2:133;3:55;4:7;5:4} | themes=50 | dates=48
promote,NOT height_drop & NOT one_price_today,1650,447,0.2709,253/861=29.4%,194/789=24.6%,yizi_today=0.0% | yizi_next_all=3.2% | height{2:1121;3:281;4:139;5:52;6:26;7:15;8:10;9:1;10:1;11:1;12:1;13:1;18:1} | themes=131 | dates=149
promote,NOT is_sub_high & is_fanbao,96,26,0.2708,1/4=25.0%,25/92=27.2%,yizi_today=11.5% | yizi_next_all=3.1% | height{2:70;3:13;4:9;5:4} | themes=29 | dates=55
promote,NOT height_new_high & NOT one_price_today,1954,529,0.2707,274/939=29.2%,255/1015=25.1%,yizi_today=0.0% | yizi_next_all=3.2% | height{2:1360;3:327;4:159;5:59;6:30;7:14;8:5} | themes=138 | dates=185
promote,theme_alive_own & opened,1267,343,0.2707,189/663=28.5%,154/604=25.5%,yizi_today=0.0% | yizi_next_all=2.8% | height{2:823;3:243;4:114;5:41;6:25;7:12;8:5;10:1;11:1;12:1;13:1} | themes=91 | dates=206
promote,theme_alive_own & NOT unopened,1267,343,0.2707,189/663=28.5%,154/604=25.5%,yizi_today=0.0% | yizi_next_all=2.8% | height{2:823;3:243;4:114;5:41;6:25;7:12;8:5;10:1;11:1;12:1;13:1} | themes=91 | dates=206
promote,NOT one_price_today & theme_alive_own & opened,1267,343,0.2707,189/663=28.5%,154/604=25.5%,yizi_today=0.0% | yizi_next_all=2.8% | height{2:823;3:243;4:114;5:41;6:25;7:12;8:5;10:1;11:1;12:1;13:1} | themes=91 | dates=206
promote,leader_absent & is_sub_high,329,89,0.2705,45/146=30.8%,44/183=24.0%,yizi_today=14.0% | yizi_next_all=5.5% | height{2:251;3:55;4:15;5:7;6:1} | themes=70 | dates=65
promote,is_sub_high & lag0,329,89,0.2705,45/146=30.8%,44/183=24.0%,yizi_today=14.0% | yizi_next_all=5.5% | height{2:251;3:55;4:15;5:7;6:1} | themes=70 | dates=65
promote,leader_absent & NOT is_new_high & href_le1,329,89,0.2705,45/146=30.8%,44/183=24.0%,yizi_today=14.0% | yizi_next_all=5.5% | height{2:251;3:55;4:15;5:7;6:1} | themes=70 | dates=65
promote,NOT prev_leader_baoliang & opened,818,221,0.2702,132/445=29.7%,89/373=23.9%,yizi_today=0.0% | yizi_next_all=2.7% | height{2:513;3:170;4:75;5:29;6:16;7:8;8:4;10:1;11:1;13:1} | themes=102 | dates=106
promote,NOT prev_leader_baoliang & NOT unopened,818,221,0.2702,132/445=29.7%,89/373=23.9%,yizi_today=0.0% | yizi_next_all=2.7% | height{2:513;3:170;4:75;5:29;6:16;7:8;8:4;10:1;11:1;13:1} | themes=102 | dates=106
promote,opened & NOT same_theme_baoliang,1377,372,0.2702,216/731=29.5%,156/646=24.1%,yizi_today=0.0% | yizi_next_all=2.6% | height{2:948;3:257;4:102;5:33;6:19;7:9;8:5;9:1;10:1;12:1;13:1} | themes=124 | dates=207
promote,NOT unopened & NOT same_theme_baoliang,1377,372,0.2702,216/731=29.5%,156/646=24.1%,yizi_today=0.0% | yizi_next_all=2.6% | height{2:948;3:257;4:102;5:33;6:19;7:9;8:5;9:1;10:1;12:1;13:1} | themes=124 | dates=207
promote,NOT one_price_today & NOT is_new_high & NOT opened,641,173,0.2699,102/318=32.1%,71/323=22.0%,yizi_today=0.0% | yizi_next_all=4.8% | height{2:524;3:71;4:32;5:13;6:1} | themes=101 | dates=193
promote,NOT one_price_today & NOT boards_ge5 & NOT href_le1,1620,437,0.2698,269/878=30.6%,168/742=22.6%,yizi_today=0.0% | yizi_next_all=3.3% | height{2:1282;3:247;4:91} | themes=133 | dates=177
promote,NOT one_price_today & NOT boards_ge5 & NOT is_fanbao,1992,537,0.2696,306/1047=29.2%,231/945=24.4%,yizi_today=0.0% | yizi_next_all=3.4% | height{2:1452;3:370;4:170} | themes=144 | dates=207
promote,NOT one_price_today & NOT is_fanbao & NOT own_baoliang,1833,494,0.2695,285/952=29.9%,209/881=23.7%,yizi_today=0.0% | yizi_next_all=3.7% | height{2:1452;3:215;4:92;5:33;6:20;7:11;8:6;9:1;10:1;12:1;13:1} | themes=138 | dates=207
promote,NOT one_price_today & NOT opened & NOT href_le1,531,143,0.2693,89/277=32.1%,54/254=21.3%,yizi_today=0.0% | yizi_next_all=5.3% | height{2:449;3:49;4:24;5:8;6:1} | themes=94 | dates=162
promote,NOT one_price_today & NOT is_new_high & NOT is_fanbao,1916,514,0.2683,311/1045=29.8%,203/871=23.3%,yizi_today=0.0% | yizi_next_all=3.4% | height{2:1440;3:315;4:117;5:36;6:6;7:1;8:1} | themes=142 | dates=205
promote,NOT boards_ge5 & opened & NOT is_fanbao,1357,364,0.2682,208/732=28.4%,156/625=25.0%,yizi_today=0.0% | yizi_next_all=2.4% | height{2:952;3:284;4:121} | themes=126 | dates=207
promote,NOT is_new_high & NOT theme_alive_own & opened,235,63,0.2681,39/126=31.0%,24/109=22.0%,yizi_today=0.0% | yizi_next_all=0.9% | height{2:175;3:45;4:9;5:6} | themes=96 | dates=141
promote,leader_absent & NOT one_price_today & NOT href_le1,500,134,0.2680,87/292=29.8%,47/208=22.6%,yizi_today=0.0% | yizi_next_all=4.2% | height{2:405;3:68;4:22;5:5} | themes=89 | dates=59
promote,NOT one_price_today & theme_alive_own & NOT boards_ge5,1733,464,0.2677,252/870=29.0%,212/863=24.6%,yizi_today=0.0% | yizi_next_all=3.6% | height{2:1261;3:313;4:159} | themes=102 | dates=207
promote,NOT one_price_today & theme_alive_own & NOT own_baoliang,1595,427,0.2677,237/792=29.9%,190/803=23.7%,yizi_today=0.0% | yizi_next_all=3.9% | height{2:1261;3:181;4:88;5:30;6:18;7:9;8:5;10:1;12:1;13:1} | themes=100 | dates=207
promote,NOT height_new_high & opened,1328,355,0.2673,188/664=28.3%,167/664=25.2%,yizi_today=0.0% | yizi_next_all=2.2% | height{2:887;3:245;4:113;5:42;6:25;7:11;8:5} | themes=119 | dates=185
promote,NOT height_new_high & NOT unopened,1328,355,0.2673,188/664=28.3%,167/664=25.2%,yizi_today=0.0% | yizi_next_all=2.2% | height{2:887;3:245;4:113;5:42;6:25;7:11;8:5} | themes=119 | dates=185
promote,NOT one_price_today & NOT boards_ge5,2090,558,0.2670,306/1052=29.1%,252/1038=24.3%,yizi_today=0.0% | yizi_next_all=3.3% | height{2:1526;3:385;4:179} | themes=144 | dates=207
promote,NOT height_drop & opened,1147,306,0.2668,178/623=28.6%,128/524=24.4%,yizi_today=0.0% | yizi_next_all=2.3% | height{2:742;3:223;4:98;5:38;6:21;7:12;8:7;9:1;10:1;11:1;12:1;13:1;18:1} | themes=116 | dates=149
promote,NOT height_drop & NOT unopened,1147,306,0.2668,178/623=28.6%,128/524=24.4%,yizi_today=0.0% | yizi_next_all=2.3% | height{2:742;3:223;4:98;5:38;6:21;7:12;8:7;9:1;10:1;11:1;12:1;13:1;18:1} | themes=116 | dates=149
promote,leader_absent & opened & NOT href_le1,330,88,0.2667,53/194=27.3%,35/136=25.7%,yizi_today=0.0% | yizi_next_all=3.0% | height{2:256;3:53;4:18;5:3} | themes=76 | dates=59
promote,leader_baoliang & is_sub_high,240,64,0.2667,35/125=28.0%,29/115=25.2%,yizi_today=15.8% | yizi_next_all=5.0% | height{2:163;3:56;4:15;5:6} | themes=57 | dates=57
promote,leader_absent & NOT one_price_today & theme_alive_own,747,199,0.2664,103/372=27.7%,96/375=25.6%,yizi_today=0.0% | yizi_next_all=4.0% | height{2:524;3:133;4:60;5:18;6:10;7:1;10:1} | themes=74 | dates=86
promote,NOT one_price_today & NOT is_new_high & theme_alive_own,1654,440,0.2660,260/873=29.8%,180/781=23.0%,yizi_today=0.0% | yizi_next_all=3.6% | height{2:1248;3:266;4:104;5:28;6:6;7:1;8:1} | themes=101 | dates=205
promote,NOT is_new_high & opened & NOT is_fanbao,1306,347,0.2657,209/728=28.7%,138/578=23.9%,yizi_today=0.0% | yizi_next_all=2.7% | height{2:944;3:247;4:85;5:23;6:5;7:1;8:1} | themes=124 | dates=205
promote,opened & href_le1,403,107,0.2655,42/174=24.1%,65/229=28.4%,yizi_today=0.0% | yizi_next_all=2.0% | height{2:165;3:97;4:61;5:32;6:23;7:13;8:6;9:1;10:1;11:1;12:1;13:1;18:1} | themes=70 | dates=156
promote,NOT unopened & href_le1,403,107,0.2655,42/174=24.1%,65/229=28.4%,yizi_today=0.0% | yizi_next_all=2.0% | height{2:165;3:97;4:61;5:32;6:23;7:13;8:6;9:1;10:1;11:1;12:1;13:1;18:1} | themes=70 | dates=156
promote,NOT one_price_today & opened & href_le1,403,107,0.2655,42/174=24.1%,65/229=28.4%,yizi_today=0.0% | yizi_next_all=2.0% | height{2:165;3:97;4:61;5:32;6:23;7:13;8:6;9:1;10:1;11:1;12:1;13:1;18:1} | themes=70 | dates=156
promote,NOT one_price_today & NOT own_baoliang,1923,510,0.2652,285/956=29.8%,225/967=23.3%,yizi_today=0.0% | yizi_next_all=3.5% | height{2:1526;3:223;4:98;5:35;6:20;7:11;8:6;9:1;10:1;12:1;13:1} | themes=138 | dates=207
promote,opened & NOT is_fanbao & NOT own_baoliang,1218,323,0.2652,187/650=28.8%,136/568=23.9%,yizi_today=0.0% | yizi_next_all=2.7% | height{2:952;3:152;4:61;5:20;6:16;7:9;8:4;9:1;10:1;12:1;13:1} | themes=121 | dates=207
promote,to_hi & opened & NOT one_price_today,510,135,0.2647,74/268=27.6%,61/242=25.2%,yizi_today=0.0% | yizi_next_all=1.2% | height{2:280;3:113;4:58;5:27;6:16;7:8;8:4;9:1;11:1;12:1;18:1} | themes=91 | dates=203
promote,NOT same_theme_broken & is_fanbao,102,27,0.2647,2/7=28.6%,25/95=26.3%,yizi_today=11.8% | yizi_next_all=2.9% | height{2:76;3:13;4:9;5:4} | themes=29 | dates=58
promote,opened & NOT boards_ge5,1421,376,0.2646,208/736=28.3%,168/685=24.5%,yizi_today=0.0% | yizi_next_all=2.3% | height{2:998;3:295;4:128} | themes=126 | dates=207
promote,NOT unopened & NOT boards_ge5,1421,376,0.2646,208/736=28.3%,168/685=24.5%,yizi_today=0.0% | yizi_next_all=2.3% | height{2:998;3:295;4:128} | themes=126 | dates=207
promote,NOT one_price_today & NOT boards_ge5 & opened,1421,376,0.2646,208/736=28.3%,168/685=24.5%,yizi_today=0.0% | yizi_next_all=2.3% | height{2:998;3:295;4:128} | themes=126 | dates=207
promote,NOT is_new_high & NOT one_price_today,2000,528,0.2640,311/1050=29.6%,217/950=22.8%,yizi_today=0.0% | yizi_next_all=3.3% | height{2:1513;3:326;4:117;5:36;6:6;7:1;8:1} | themes=142 | dates=205
promote,theme_alive_own & opened & href_le1,341,90,0.2639,33/139=23.7%,57/202=28.2%,yizi_today=0.0% | yizi_next_all=2.3% | height{2:139;3:81;4:53;5:27;6:21;7:12;8:4;10:1;11:1;12:1;13:1} | themes=55 | dates=143
promote,leader_absent & NOT one_price_today & NOT is_fanbao,864,228,0.2639,122/447=27.3%,106/417=25.4%,yizi_today=0.0% | yizi_next_all=3.9% | height{2:608;3:159;4:62;5:22;6:11;7:1;10:1} | themes=111 | dates=86
promote,NOT theme_alive_own & opened & NOT own_baoliang,216,57,0.2639,36/117=30.8%,21/99=21.2%,yizi_today=0.0% | yizi_next_all=0.5% | height{2:175;3:28;4:7;5:3;6:1;7:1;9:1} | themes=90 | dates=131
promote,NOT theme_alive_own & NOT one_price_today,379,100,0.2639,58/197=29.4%,42/182=23.1%,yizi_today=0.0% | yizi_next_all=2.1% | height{2:265;3:72;4:20;5:12;6:3;7:2;8:3;9:1;18:1} | themes=114 | dates=176
promote,NOT one_price_today & NOT theme_alive_own & NOT is_fanbao,379,100,0.2639,58/197=29.4%,42/182=23.1%,yizi_today=0.0% | yizi_next_all=2.1% | height{2:265;3:72;4:20;5:12;6:3;7:2;8:3;9:1;18:1} | themes=114 | dates=176
promote,leader_absent & NOT one_price_today,906,239,0.2638,122/450=27.1%,117/456=25.7%,yizi_today=0.0% | yizi_next_all=3.8% | height{2:639;3:167;4:65;5:22;6:11;7:1;10:1} | themes=111 | dates=86
promote,NOT one_price_today & lag0,906,239,0.2638,122/450=27.1%,117/456=25.7%,yizi_today=0.0% | yizi_next_all=3.8% | height{2:639;3:167;4:65;5:22;6:11;7:1;10:1} | themes=111 | dates=86
promote,NOT one_price_today & NOT own_baoliang & NOT href_le1,1496,394,0.2634,244/803=30.4%,150/693=21.6%,yizi_today=0.0% | yizi_next_all=3.5% | height{2:1282;3:147;4:49;5:15;6:3} | themes=129 | dates=177
promote,NOT one_price_today & NOT theme_alive_own & NOT boards_ge5,357,94,0.2633,54/182=29.7%,40/175=22.9%,yizi_today=0.0% | yizi_next_all=2.0% | height{2:265;3:72;4:20} | themes=114 | dates=175
promote,leader_baoliang & NOT one_price_today,975,256,0.2626,140/544=25.7%,116/431=26.9%,yizi_today=0.0% | yizi_next_all=3.4% | height{2:648;3:193;4:84;5:29;6:11;7:5;8:3;11:1;18:1} | themes=110 | dates=102
promote,opened & NOT own_baoliang & NOT href_le1,991,260,0.2624,161/543=29.7%,99/448=22.1%,yizi_today=0.0% | yizi_next_all=2.6% | height{2:833;3:114;4:32;5:10;6:2} | themes=114 | dates=177
promote,is_fanbao & leader_absent & NOT one_price_today,42,11,0.2619,0/3=0.0%,11/39=28.2%,yizi_today=0.0% | yizi_next_all=0.0% | height{2:31;3:8;4:3} | themes=19 | dates=27
promote,leader_absent & NOT one_price_today & is_fanbao,42,11,0.2619,0/3=0.0%,11/39=28.2%,yizi_today=0.0% | yizi_next_all=0.0% | height{2:31;3:8;4:3} | themes=19 | dates=27
promote,NOT one_price_today & NOT is_new_high & NOT boards_ge5,1956,511,0.2612,296/1011=29.3%,215/945=22.8%,yizi_today=0.0% | yizi_next_all=3.2% | height{2:1513;3:326;4:117} | themes=142 | dates=205
promote,NOT is_new_high & opened,1359,355,0.2612,209/732=28.6%,146/627=23.3%,yizi_today=0.0% | yizi_next_all=2.6% | height{2:989;3:255;4:85;5:23;6:5;7:1;8:1} | themes=124 | dates=205
promote,NOT is_new_high & NOT unopened,1359,355,0.2612,209/732=28.6%,146/627=23.3%,yizi_today=0.0% | yizi_next_all=2.6% | height{2:989;3:255;4:85;5:23;6:5;7:1;8:1} | themes=124 | dates=205
promote,NOT one_price_today & NOT is_new_high & opened,1359,355,0.2612,209/732=28.6%,146/627=23.3%,yizi_today=0.0% | yizi_next_all=2.6% | height{2:989;3:255;4:85;5:23;6:5;7:1;8:1} | themes=124 | dates=205
promote,theme_alive_own & NOT boards_ge5 & opened,1180,308,0.2610,166/607=27.3%,142/573=24.8%,yizi_today=0.0% | yizi_next_all=2.6% | height{2:823;3:243;4:114} | themes=90 | dates=206
promote,is_mid_2_3 & NOT one_price_today,1911,498,0.2606,270/947=28.5%,228/964=23.7%,yizi_today=0.0% | yizi_next_all=3.3% | height{2:1526;3:385} | themes=144 | dates=207
promote,NOT one_price_today & NOT boards_ge5 & NOT own_baoliang,1847,481,0.2604,266/909=29.3%,215/938=22.9%,yizi_today=0.0% | yizi_next_all=3.4% | height{2:1526;3:223;4:98} | themes=137 | dates=207
promote,same_theme_broken & NOT href_le1,100,26,0.2600,21/50=42.0%,5/50=10.0%,yizi_today=19.0% | yizi_next_all=8.0% | height{2:88;3:7;4:4;5:1} | themes=21 | dates=41
promote,leader_absent & NOT theme_alive_own & opened,100,26,0.2600,13/52=25.0%,13/48=27.1%,yizi_today=0.0% | yizi_next_all=1.0% | height{2:72;3:21;4:2;5:4;6:1} | themes=60 | dates=57
promote,leader_absent & opened & NOT is_fanbao,581,151,0.2599,77/308=25.0%,74/273=27.1%,yizi_today=0.0% | yizi_next_all=2.8% | height{2:396;3:111;4:46;5:16;6:10;7:1;10:1} | themes=93 | dates=86
promote,NOT is_new_high & theme_alive_own & opened,1124,292,0.2598,170/606=28.1%,122/518=23.6%,yizi_today=0.0% | yizi_next_all=2.9% | height{2:814;3:210;4:76;5:17;6:5;7:1;8:1} | themes=88 | dates=202
promote,NOT own_baoliang & opened,1275,331,0.2596,187/653=28.6%,144/622=23.2%,yizi_today=0.0% | yizi_next_all=2.6% | height{2:998;3:158;4:65;5:21;6:16;7:9;8:4;9:1;10:1;12:1;13:1} | themes=121 | dates=207
promote,NOT own_baoliang & NOT unopened,1275,331,0.2596,187/653=28.6%,144/622=23.2%,yizi_today=0.0% | yizi_next_all=2.6% | height{2:998;3:158;4:65;5:21;6:16;7:9;8:4;9:1;10:1;12:1;13:1} | themes=121 | dates=207
promote,NOT one_price_today & opened & NOT own_baoliang,1275,331,0.2596,187/653=28.6%,144/622=23.2%,yizi_today=0.0% | yizi_next_all=2.6% | height{2:998;3:158;4:65;5:21;6:16;7:9;8:4;9:1;10:1;12:1;13:1} | themes=121 | dates=207
promote,NOT is_new_high & NOT boards_ge5 & opened,1329,345,0.2596,201/705=28.5%,144/624=23.1%,yizi_today=0.0% | yizi_next_all=2.4% | height{2:989;3:255;4:85} | themes=124 | dates=205
promote,is_mid_2_3 & opened,1293,335,0.2591,181/660=27.4%,154/633=24.3%,yizi_today=0.0% | yizi_next_all=2.3% | height{2:998;3:295} | themes=125 | dates=207
promote,is_mid_2_3 & NOT unopened,1293,335,0.2591,181/660=27.4%,154/633=24.3%,yizi_today=0.0% | yizi_next_all=2.3% | height{2:998;3:295} | themes=125 | dates=207
promote,theme_alive_own & opened & NOT own_baoliang,1059,274,0.2587,151/536=28.2%,123/523=23.5%,yizi_today=0.0% | yizi_next_all=3.0% | height{2:823;3:130;4:58;5:18;6:15;7:8;8:4;10:1;12:1;13:1} | themes=88 | dates=204
promote,leader_absent & NOT one_price_today & href_le1,406,105,0.2586,35/158=22.2%,70/248=28.2%,yizi_today=0.0% | yizi_next_all=3.2% | height{2:234;3:99;4:43;5:17;6:11;7:1;10:1} | themes=73 | dates=81
promote,leader_baoliang & opened,689,178,0.2583,94/391=24.0%,84/298=28.2%,yizi_today=0.0% | yizi_next_all=2.0% | height{2:440;3:144;4:64;5:24;6:9;7:4;8:2;11:1;18:1} | themes=97 | dates=102
promote,leader_baoliang & NOT unopened,689,178,0.2583,94/391=24.0%,84/298=28.2%,yizi_today=0.0% | yizi_next_all=2.0% | height{2:440;3:144;4:64;5:24;6:9;7:4;8:2;11:1;18:1} | themes=97 | dates=102
promote,leader_absent & NOT one_price_today & NOT boards_ge5,871,225,0.2583,112/425=26.4%,113/446=25.3%,yizi_today=0.0% | yizi_next_all=3.9% | height{2:639;3:167;4:65} | themes=109 | dates=86
promote,NOT leader_absent & same_theme_broken,62,16,0.2581,12/27=44.4%,4/35=11.4%,yizi_today=17.7% | yizi_next_all=6.5% | height{2:39;3:14;4:6;5:3} | themes=15 | dates=20
promote,same_theme_broken & NOT lag0,62,16,0.2581,12/27=44.4%,4/35=11.4%,yizi_today=17.7% | yizi_next_all=6.5% | height{2:39;3:14;4:6;5:3} | themes=15 | dates=20
promote,NOT one_price_today & is_fanbao & href_le1,31,8,0.2581,0/3=0.0%,8/28=28.6%,yizi_today=0.0% | yizi_next_all=3.2% | height{2:14;3:6;4:9;5:2} | themes=11 | dates=23
promote,leader_absent & opened,609,157,0.2578,77/311=24.8%,80/298=26.8%,yizi_today=0.0% | yizi_next_all=2.6% | height{2:415;3:118;4:48;5:16;6:10;7:1;10:1} | themes=93 | dates=86
promote,leader_absent & NOT unopened,609,157,0.2578,77/311=24.8%,80/298=26.8%,yizi_today=0.0% | yizi_next_all=2.6% | height{2:415;3:118;4:48;5:16;6:10;7:1;10:1} | themes=93 | dates=86
promote,opened & lag0,609,157,0.2578,77/311=24.8%,80/298=26.8%,yizi_today=0.0% | yizi_next_all=2.6% | height{2:415;3:118;4:48;5:16;6:10;7:1;10:1} | themes=93 | dates=86
promote,NOT unopened & lag0,609,157,0.2578,77/311=24.8%,80/298=26.8%,yizi_today=0.0% | yizi_next_all=2.6% | height{2:415;3:118;4:48;5:16;6:10;7:1;10:1} | themes=93 | dates=86
promote,leader_absent & NOT one_price_today & opened,609,157,0.2578,77/311=24.8%,80/298=26.8%,yizi_today=0.0% | yizi_next_all=2.6% | height{2:415;3:118;4:48;5:16;6:10;7:1;10:1} | themes=93 | dates=86
promote,NOT one_price_today & NOT is_new_high & NOT own_baoliang,1789,461,0.2577,267/911=29.3%,194/878=22.1%,yizi_today=0.0% | yizi_next_all=3.4% | height{2:1513;3:190;4:62;5:20;6:3;7:1} | themes=137 | dates=204
promote,NOT one_price_today & NOT boards_ge5 & href_le1,470,121,0.2574,37/174=21.3%,84/296=28.4%,yizi_today=0.0% | yizi_next_all=3.4% | height{2:244;3:138;4:88} | themes=75 | dates=97
promote,leader_absent & theme_alive_own & opened,509,131,0.2574,64/259=24.7%,67/250=26.8%,yizi_today=0.0% | yizi_next_all=2.9% | height{2:343;3:97;4:46;5:12;6:9;7:1;10:1} | themes=69 | dates=85
promote,NOT one_price_today & NOT opened & is_fanbao,35,9,0.2571,0/1=0.0%,9/34=26.5%,yizi_today=0.0% | yizi_next_all=2.9% | height{2:28;3:4;4:2;5:1} | themes=17 | dates=27
promote,NOT one_price_today & NOT theme_alive_own & NOT href_le1,284,73,0.2570,46/152=30.3%,27/132=20.5%,yizi_today=0.0% | yizi_next_all=2.1% | height{2:223;3:46;4:9;5:6} | themes=105 | dates=145
promote,NOT height_drop & is_sub_high,199,51,0.2563,28/98=28.6%,23/101=22.8%,yizi_today=15.1% | yizi_next_all=5.5% | height{2:102;3:67;4:23;5:6;7:1} | themes=54 | dates=59
promote,open_ge2,1127,287,0.2547,167/611=27.3%,120/516=23.3%,yizi_today=0.0% | yizi_next_all=1.5% | height{2:729;3:227;4:94;5:36;6:20;7:12;8:6;11:1;12:1;18:1} | themes=109 | dates=201
promote,leader_absent & NOT one_price_today & is_mid_2_3,806,205,0.2543,99/384=25.8%,106/422=25.1%,yizi_today=0.0% | yizi_next_all=3.7% | height{2:639;3:167} | themes=107 | dates=86
promote,NOT one_price_today & NOT is_new_high & NOT theme_alive_own,346,88,0.2543,51/177=28.8%,37/169=21.9%,yizi_today=0.0% | yizi_next_all=1.7% | height{2:265;3:60;4:13;5:8} | themes=113 | dates=171
promote,NOT boards_ge5 & opened & NOT own_baoliang,1221,310,0.2539,173/618=28.0%,137/603=22.7%,yizi_today=0.0% | yizi_next_all=2.5% | height{2:998;3:158;4:65} | themes=119 | dates=207
promote,leader_absent & NOT one_price_today & NOT own_baoliang,788,200,0.2538,103/378=27.2%,97/410=23.7%,yizi_today=0.0% | yizi_next_all=3.8% | height{2:639;3:96;4:38;5:10;6:4;10:1} | themes=100 | dates=86
promote,NOT one_price_today & NOT theme_alive_own & NOT own_baoliang,328,83,0.2530,48/164=29.3%,35/164=21.3%,yizi_today=0.0% | yizi_next_all=1.5% | height{2:265;3:42;4:10;5:5;6:2;7:2;8:1;9:1} | themes=107 | dates=165
promote,NOT height_drop & is_fanbao,83,21,0.2530,2/7=28.6%,19/76=25.0%,yizi_today=13.3% | yizi_next_all=3.6% | height{2:62;3:11;4:6;5:4} | themes=25 | dates=44
promote,NOT is_new_high & opened & NOT own_baoliang,1182,299,0.2530,173/615=28.1%,126/567=22.2%,yizi_today=0.0% | yizi_next_all=2.6% | height{2:989;3:137;4:42;5:11;6:2;7:1} | themes=119 | dates=204
promote,leader_absent & NOT one_price_today & NOT theme_alive_own,159,40,0.2516,19/78=24.4%,21/81=25.9%,yizi_today=0.0% | yizi_next_all=2.5% | height{2:115;3:34;4:5;5:4;6:1} | themes=79 | dates=71
promote,theme_alive & opened,522,131,0.2510,50/176=28.4%,81/346=23.4%,yizi_today=0.0% | yizi_next_all=1.9% | height{2:372;3:86;4:41;5:17;6:5;10:1} | themes=82 | dates=72
promote,theme_alive & NOT unopened,522,131,0.2510,50/176=28.4%,81/346=23.4%,yizi_today=0.0% | yizi_next_all=1.9% | height{2:372;3:86;4:41;5:17;6:5;10:1} | themes=82 | dates=72
promote,opened & NOT own_baoliang & href_le1,284,71,0.2500,26/110=23.6%,45/174=25.9%,yizi_today=0.0% | yizi_next_all=2.5% | height{2:165;3:44;4:33;5:11;6:14;7:9;8:4;9:1;10:1;12:1;13:1} | themes=61 | dates=107
promote,is_fanbao,112,28,0.2500,2/8=25.0%,26/104=25.0%,yizi_today=10.7% | yizi_next_all=2.7% | height{2:84;3:15;4:9;5:4} | themes=30 | dates=63
promote,theme_alive_own & is_fanbao,112,28,0.2500,2/8=25.0%,26/104=25.0%,yizi_today=10.7% | yizi_next_all=2.7% | height{2:84;3:15;4:9;5:4} | themes=30 | dates=63
promote,is_fanbao & NOT boards_ge5,108,27,0.2500,2/8=25.0%,25/100=25.0%,yizi_today=9.3% | yizi_next_all=1.9% | height{2:84;3:15;4:9} | themes=29 | dates=62
promote,theme_alive_own & NOT boards_ge5 & is_fanbao,108,27,0.2500,2/8=25.0%,25/100=25.0%,yizi_today=9.3% | yizi_next_all=1.9% | height{2:84;3:15;4:9} | themes=29 | dates=62
promote,to_hi,637,159,0.2496,86/339=25.4%,73/298=24.5%,yizi_today=0.2% | yizi_next_all=1.4% | height{2:365;3:138;4:68;5:31;6:17;7:8;8:5;9:2;11:1;12:1;18:1} | themes=99 | dates=207
promote,leader_absent & NOT boards_ge5 & opened,581,145,0.2496,69/292=23.6%,76/289=26.3%,yizi_today=0.0% | yizi_next_all=2.8% | height{2:415;3:118;4:48} | themes=91 | dates=86
promote,theme_alive & NOT one_price_today,790,197,0.2494,69/255=27.1%,128/535=23.9%,yizi_today=0.0% | yizi_next_all=2.7% | height{2:582;3:127;4:55;5:19;6:6;10:1} | themes=95 | dates=72
promote,leader_absent & opened & href_le1,279,69,0.2473,24/117=20.5%,45/162=27.8%,yizi_today=0.0% | yizi_next_all=2.2% | height{2:159;3:65;4:30;5:13;6:10;7:1;10:1} | themes=63 | dates=75
promote,leader_absent & NOT one_price_today & NOT is_new_high,783,192,0.2452,108/406=26.6%,84/377=22.3%,yizi_today=0.0% | yizi_next_all=3.6% | height{2:626;3:112;4:34;5:10;6:1} | themes=107 | dates=84
promote,same_theme_broken & opened,98,24,0.2449,12/39=30.8%,12/59=20.3%,yizi_today=0.0% | yizi_next_all=2.0% | height{2:68;3:21;4:6;5:3} | themes=24 | dates=52
promote,same_theme_broken & NOT unopened,98,24,0.2449,12/39=30.8%,12/59=20.3%,yizi_today=0.0% | yizi_next_all=2.0% | height{2:68;3:21;4:6;5:3} | themes=24 | dates=52
promote,nzt_ge80 & is_mid_2_3 & leader_absent,285,69,0.2421,20/65=30.8%,49/220=22.3%,yizi_today=9.8% | yizi_next_all=5.3% | height{2:221;3:64} | themes=60 | dates=22
promote,NOT height_new_high & is_fanbao,108,26,0.2407,2/8=25.0%,24/100=24.0%,yizi_today=11.1% | yizi_next_all=2.8% | height{2:82;3:13;4:9;5:4} | themes=30 | dates=61
promote,is_fanbao & NOT href_le1,79,19,0.2405,1/4=25.0%,18/75=24.0%,yizi_today=12.7% | yizi_next_all=2.5% | height{2:69;3:9;5:1} | themes=29 | dates=47
promote,NOT is_new_high & is_fanbao & NOT href_le1,79,19,0.2405,1/4=25.0%,18/75=24.0%,yizi_today=12.7% | yizi_next_all=2.5% | height{2:69;3:9;5:1} | themes=29 | dates=47
promote,theme_alive_own & is_fanbao & NOT href_le1,79,19,0.2405,1/4=25.0%,18/75=24.0%,yizi_today=12.7% | yizi_next_all=2.5% | height{2:69;3:9;5:1} | themes=29 | dates=47
promote,leader_absent & opened & NOT own_baoliang,512,123,0.2402,60/254=23.6%,63/258=24.4%,yizi_today=0.0% | yizi_next_all=2.7% | height{2:415;3:58;4:29;5:5;6:4;10:1} | themes=86 | dates=86
promote,NOT boards_ge5 & opened & href_le1,323,77,0.2384,23/126=18.3%,54/197=27.4%,yizi_today=0.0% | yizi_next_all=2.2% | height{2:165;3:97;4:61} | themes=64 | dates=89
promote,leader_absent & NOT is_new_high & opened,521,124,0.2380,66/276=23.9%,58/245=23.7%,yizi_today=0.0% | yizi_next_all=2.9% | height{2:406;3:82;4:27;5:5;6:1} | themes=91 | dates=84
promote,NOT leader_absent & is_fanbao,68,16,0.2353,1/4=25.0%,15/64=23.4%,yizi_today=14.7% | yizi_next_all=4.4% | height{2:51;3:7;4:6;5:4} | themes=22 | dates=36
promote,is_fanbao & NOT lag0,68,16,0.2353,1/4=25.0%,15/64=23.4%,yizi_today=14.7% | yizi_next_all=4.4% | height{2:51;3:7;4:6;5:4} | themes=22 | dates=36
promote,NOT leader_absent & theme_alive_own & is_fanbao,68,16,0.2353,1/4=25.0%,15/64=23.4%,yizi_today=14.7% | yizi_next_all=4.4% | height{2:51;3:7;4:6;5:4} | themes=22 | dates=36
promote,NOT leader_absent & NOT boards_ge5 & is_fanbao,64,15,0.2344,1/4=25.0%,14/60=23.3%,yizi_today=12.5% | yizi_next_all=3.1% | height{2:51;3:7;4:6} | themes=21 | dates=35
promote,same_theme_broken & NOT one_price_today,137,32,0.2336,16/54=29.6%,16/83=19.3%,yizi_today=0.0% | yizi_next_all=3.6% | height{2:100;3:25;4:9;5:3} | themes=24 | dates=57
promote,is_fanbao & NOT same_theme_baoliang,103,24,0.2330,2/8=25.0%,22/95=23.2%,yizi_today=11.7% | yizi_next_all=2.9% | height{2:82;3:12;4:5;5:4} | themes=30 | dates=58
promote,is_mid_2_3 & is_fanbao,99,23,0.2323,2/8=25.0%,21/91=23.1%,yizi_today=10.1% | yizi_next_all=1.0% | height{2:84;3:15} | themes=29 | dates=59
promote,is_fanbao & theme_alive_own & is_mid_2_3,99,23,0.2323,2/8=25.0%,21/91=23.1%,yizi_today=10.1% | yizi_next_all=1.0% | height{2:84;3:15} | themes=29 | dates=59
promote,NOT one_price_today & NOT theme_alive_own & NOT opened,121,28,0.2314,13/55=23.6%,15/66=22.7%,yizi_today=0.0% | yizi_next_all=5.0% | height{2:90;3:20;4:6;5:2;6:1;7:1;8:1} | themes=71 | dates=95
promote,NOT leader_baoliang & is_fanbao,78,18,0.2308,1/2=50.0%,17/76=22.4%,yizi_today=11.5% | yizi_next_all=2.6% | height{2:63;3:7;4:4;5:4} | themes=24 | dates=38
promote,NOT boards_ge5 & is_fanbao & NOT href_le1,78,18,0.2308,1/4=25.0%,17/74=23.0%,yizi_today=11.5% | yizi_next_all=1.3% | height{2:69;3:9} | themes=28 | dates=47
promote,NOT leader_absent & is_fanbao & NOT own_baoliang,61,14,0.2295,1/3=33.3%,13/58=22.4%,yizi_today=14.8% | yizi_next_all=3.3% | height{2:51;3:4;4:3;5:3} | themes=21 | dates=33
promote,NOT boards_ge5 & is_fanbao & NOT own_baoliang,98,22,0.2245,2/7=28.6%,20/91=22.0%,yizi_today=10.2% | yizi_next_all=2.0% | height{2:84;3:8;4:6} | themes=29 | dates=57
promote,prev_leader_baoliang & is_fanbao,58,13,0.2241,1/6=16.7%,12/52=23.1%,yizi_today=12.1% | yizi_next_all=3.4% | height{2:46;3:3;4:6;5:3} | themes=19 | dates=31
promote,NOT leader_absent & is_fanbao & NOT href_le1,58,13,0.2241,1/3=33.3%,12/55=21.8%,yizi_today=15.5% | yizi_next_all=3.4% | height{2:51;3:6;5:1} | themes=22 | dates=32
promote,leader_absent & NOT is_new_high & is_fanbao,36,8,0.2222,1/4=25.0%,7/32=21.9%,yizi_today=5.6% | yizi_next_all=0.0% | height{2:32;3:4} | themes=18 | dates=23
promote,is_sub_high & NOT one_price_today,347,77,0.2219,30/142=21.1%,47/205=22.9%,yizi_today=0.0% | yizi_next_all=2.6% | height{2:231;3:79;4:26;5:9;6:1;7:1} | themes=70 | dates=98
promote,NOT one_price_today & NOT is_new_high & href_le1,347,77,0.2219,30/142=21.1%,47/205=22.9%,yizi_today=0.0% | yizi_next_all=2.6% | height{2:231;3:79;4:26;5:9;6:1;7:1} | themes=70 | dates=98
promote,NOT is_new_high & is_fanbao,95,21,0.2211,2/8=25.0%,19/87=21.8%,yizi_today=11.6% | yizi_next_all=2.1% | height{2:83;3:11;5:1} | themes=30 | dates=56
promote,NOT is_new_high & theme_alive_own & is_fanbao,95,21,0.2211,2/8=25.0%,19/87=21.8%,yizi_today=11.6% | yizi_next_all=2.1% | height{2:83;3:11;5:1} | themes=30 | dates=56
promote,NOT leader_absent & NOT is_new_high & is_fanbao,59,13,0.2203,1/4=25.0%,12/55=21.8%,yizi_today=15.3% | yizi_next_all=3.4% | height{2:51;3:7;5:1} | themes=22 | dates=33
promote,is_fanbao & NOT own_baoliang,101,22,0.2178,2/7=28.6%,20/94=21.3%,yizi_today=10.9% | yizi_next_all=2.0% | height{2:84;3:8;4:6;5:3} | themes=29 | dates=58
promote,theme_alive_own & is_fanbao & NOT own_baoliang,101,22,0.2178,2/7=28.6%,20/94=21.3%,yizi_today=10.9% | yizi_next_all=2.0% | height{2:84;3:8;4:6;5:3} | themes=29 | dates=58
promote,is_fanbao & NOT own_baoliang & NOT href_le1,74,16,0.2162,1/4=25.0%,15/70=21.4%,yizi_today=12.2% | yizi_next_all=1.4% | height{2:69;3:5} | themes=28 | dates=46
promote,NOT one_price_today & NOT boards_ge5 & is_fanbao,98,21,0.2143,0/5=0.0%,21/93=22.6%,yizi_today=0.0% | yizi_next_all=1.0% | height{2:74;3:15;4:9} | themes=27 | dates=59
promote,NOT is_new_high & NOT boards_ge5 & is_fanbao,94,20,0.2128,2/8=25.0%,18/86=20.9%,yizi_today=10.6% | yizi_next_all=1.1% | height{2:83;3:11} | themes=29 | dates=56
promote,same_theme_broken & same_theme_baoliang,33,7,0.2121,5/21=23.8%,2/12=16.7%,yizi_today=18.2% | yizi_next_all=9.1% | height{2:16;3:8;4:5;5:3;10:1} | themes=11 | dates=13
promote,amt_hi & opened & theme_alive_own,446,94,0.2108,55/230=23.9%,39/216=18.1%,yizi_today=0.0% | yizi_next_all=1.1% | height{2:269;3:88;4:47;5:22;6:10;7:7;8:3} | themes=62 | dates=194
promote,NOT one_price_today & is_fanbao,100,21,0.2100,0/5=0.0%,21/95=22.1%,yizi_today=0.0% | yizi_next_all=1.0% | height{2:74;3:15;4:9;5:2} | themes=27 | dates=60
promote,NOT one_price_today & theme_alive_own & is_fanbao,100,21,0.2100,0/5=0.0%,21/95=22.1%,yizi_today=0.0% | yizi_next_all=1.0% | height{2:74;3:15;4:9;5:2} | themes=27 | dates=60
promote,amt_hi,637,132,0.2072,79/339=23.3%,53/298=17.8%,yizi_today=0.2% | yizi_next_all=1.3% | height{2:401;3:114;4:65;5:32;6:10;7:8;8:5;9:1;18:1} | themes=80 | dates=207
promote,is_sub_high & leader_absent & NOT one_price_today,283,58,0.2049,21/114=18.4%,37/169=21.9%,yizi_today=0.0% | yizi_next_all=2.5% | height{2:221;3:44;4:12;5:5;6:1} | themes=66 | dates=62
promote,NOT is_new_high & is_fanbao & NOT own_baoliang,89,18,0.2022,2/7=28.6%,16/82=19.5%,yizi_today=11.2% | yizi_next_all=1.1% | height{2:83;3:6} | themes=29 | dates=54
promote,leader_absent & is_fanbao & NOT own_baoliang,40,8,0.2000,1/4=25.0%,7/36=19.4%,yizi_today=5.0% | yizi_next_all=0.0% | height{2:33;3:4;4:3} | themes=20 | dates=25
promote,is_sub_high & opened,237,47,0.1983,17/101=16.8%,30/136=22.1%,yizi_today=0.0% | yizi_next_all=2.5% | height{2:156;3:57;4:18;5:4;6:1;7:1} | themes=61 | dates=84
promote,is_sub_high & NOT unopened,237,47,0.1983,17/101=16.8%,30/136=22.1%,yizi_today=0.0% | yizi_next_all=2.5% | height{2:156;3:57;4:18;5:4;6:1;7:1} | themes=61 | dates=84
promote,NOT is_new_high & opened & href_le1,237,47,0.1983,17/101=16.8%,30/136=22.1%,yizi_today=0.0% | yizi_next_all=2.5% | height{2:156;3:57;4:18;5:4;6:1;7:1} | themes=61 | dates=84
promote,is_sub_high & theme_alive_own & opened,198,39,0.1970,14/82=17.1%,25/116=21.6%,yizi_today=0.0% | yizi_next_all=3.0% | height{2:130;3:48;4:15;5:3;6:1;7:1} | themes=44 | dates=74
promote,opened & is_fanbao & NOT href_le1,41,8,0.1951,0/1=0.0%,8/40=20.0%,yizi_today=0.0% | yizi_next_all=0.0% | height{2:35;3:6} | themes=18 | dates=29
promote,NOT theme_alive & is_fanbao,53,10,0.1887,2/5=40.0%,8/48=16.7%,yizi_today=11.3% | yizi_next_all=1.9% | height{2:39;3:8;4:2;5:4} | themes=20 | dates=31
promote,NOT one_price_today & is_fanbao & NOT href_le1,69,13,0.1884,0/2=0.0%,13/67=19.4%,yizi_today=0.0% | yizi_next_all=0.0% | height{2:60;3:9} | themes=26 | dates=42
promote,NOT boards_ge5 & opened & is_fanbao,64,12,0.1875,0/4=0.0%,12/60=20.0%,yizi_today=0.0% | yizi_next_all=0.0% | height{2:46;3:11;4:7} | themes=21 | dates=47
promote,is_fanbao & opened,65,12,0.1846,0/4=0.0%,12/61=19.7%,yizi_today=0.0% | yizi_next_all=0.0% | height{2:46;3:11;4:7;5:1} | themes=21 | dates=48
promote,is_fanbao & NOT unopened,65,12,0.1846,0/4=0.0%,12/61=19.7%,yizi_today=0.0% | yizi_next_all=0.0% | height{2:46;3:11;4:7;5:1} | themes=21 | dates=48
promote,NOT one_price_today & opened & is_fanbao,65,12,0.1846,0/4=0.0%,12/61=19.7%,yizi_today=0.0% | yizi_next_all=0.0% | height{2:46;3:11;4:7;5:1} | themes=21 | dates=48
promote,theme_alive_own & opened & is_fanbao,65,12,0.1846,0/4=0.0%,12/61=19.7%,yizi_today=0.0% | yizi_next_all=0.0% | height{2:46;3:11;4:7;5:1} | themes=21 | dates=48
promote,NOT one_price_today & is_fanbao & NOT own_baoliang,90,16,0.1778,0/4=0.0%,16/86=18.6%,yizi_today=0.0% | yizi_next_all=1.1% | height{2:74;3:8;4:6;5:2} | themes=27 | dates=55
promote,NOT leader_absent & NOT one_price_today & is_fanbao,58,10,0.1724,0/2=0.0%,10/56=17.9%,yizi_today=0.0% | yizi_next_all=1.7% | height{2:43;3:7;4:6;5:2} | themes=19 | dates=33
promote,NOT one_price_today & NOT is_new_high & is_fanbao,84,14,0.1667,0/5=0.0%,14/79=17.7%,yizi_today=0.0% | yizi_next_all=0.0% | height{2:73;3:11} | themes=27 | dates=51
promote,NOT leader_absent & opened & is_fanbao,37,6,0.1622,0/1=0.0%,6/36=16.7%,yizi_today=0.0% | yizi_next_all=0.0% | height{2:27;3:4;4:5;5:1} | themes=16 | dates=26
promote,NOT is_new_high & opened & is_fanbao,53,8,0.1509,0/4=0.0%,8/49=16.3%,yizi_today=0.0% | yizi_next_all=0.0% | height{2:45;3:8} | themes=20 | dates=38
promote,opened & is_fanbao & NOT own_baoliang,57,8,0.1404,0/3=0.0%,8/54=14.8%,yizi_today=0.0% | yizi_next_all=0.0% | height{2:46;3:6;4:4;5:1} | themes=20 | dates=43
promote,height_new_high & NOT theme_alive_own,52,5,0.0962,4/34=11.8%,1/18=5.6%,yizi_today=7.7% | yizi_next_all=1.9% | height{2:35;3:8;4:2;5:4;8:1;9:1;18:1} | themes=41 | dates=21
tradable_zt,nzt_le40 & is_new_high & theme_alive_own,31,15,0.4839,5/11=45.5%,10/20=50.0%,yizi_today=25.8% | yizi_next_all=3.2% | height{3:11;4:10;5:6;6:3;7:1} | themes=18 | dates=20
tradable_zt,leader_absent & NOT one_price_today & boards_ge5,35,14,0.4000,10/25=40.0%,4/10=40.0%,yizi_today=0.0% | yizi_next_all=0.0% | height{5:22;6:11;7:1;10:1} | themes=21 | dates=25
tradable_zt,NOT one_price_today & boards_ge5 & own_baoliang,59,23,0.3898,15/40=37.5%,8/19=42.1%,yizi_today=0.0% | yizi_next_all=1.7% | height{5:35;6:13;7:5;8:4;11:1;18:1} | themes=30 | dates=52
tradable_zt,NOT one_price_today & boards_ge5 & NOT opened,31,12,0.3871,7/18=38.9%,5/13=38.5%,yizi_today=0.0% | yizi_next_all=6.5% | height{5:19;6:6;7:3;8:3} | themes=17 | dates=28
tradable_zt,is_new_high & opened & own_baoliang,73,28,0.3836,11/35=31.4%,17/38=44.7%,yizi_today=0.0% | yizi_next_all=0.0% | height{3:19;4:20;5:18;6:8;7:4;8:2;11:1;18:1} | themes=34 | dates=65
tradable_zt,leader_absent & theme_alive_own & boards_ge5,42,16,0.3810,11/33=33.3%,5/9=55.6%,yizi_today=28.6% | yizi_next_all=16.7% | height{5:23;6:13;7:2;10:3;14:1} | themes=21 | dates=29
tradable_zt,is_new_high & boards_ge5 & opened,74,28,0.3784,17/42=40.5%,11/32=34.4%,yizi_today=0.0% | yizi_next_all=1.4% | height{5:28;6:22;7:12;8:6;9:1;10:1;11:1;12:1;13:1;18:1} | themes=26 | dates=71
tradable_zt,is_sub_high & one_price_today,61,23,0.3770,18/42=42.9%,5/19=26.3%,yizi_today=100%_not_buyable | yizi_today=100.0% | yizi_next_all=27.9% | height{2:30;3:20;4:7;5:4} | themes=24 | dates=42
tradable_zt,one_price_today & NOT is_new_high & href_le1,61,23,0.3770,18/42=42.9%,5/19=26.3%,yizi_today=100%_not_buyable | yizi_today=100.0% | yizi_next_all=27.9% | height{2:30;3:20;4:7;5:4} | themes=24 | dates=42
tradable_zt,boards_ge5 & href0 & NOT one_price_today,91,34,0.3736,18/48=37.5%,16/43=37.2%,yizi_today=0.0% | yizi_next_all=2.2% | height{5:34;6:27;7:15;8:9;9:1;10:1;11:1;12:1;13:1;18:1} | themes=26 | dates=87
tradable_zt,NOT one_price_today & is_new_high & boards_ge5,91,34,0.3736,18/48=37.5%,16/43=37.2%,yizi_today=0.0% | yizi_next_all=2.2% | height{5:34;6:27;7:15;8:9;9:1;10:1;11:1;12:1;13:1;18:1} | themes=26 | dates=87
tradable_zt,NOT one_price_today & boards_ge5 & theme_alive_own,113,42,0.3717,27/72=37.5%,15/41=36.6%,yizi_today=0.0% | yizi_next_all=4.4% | height{5:58;6:30;7:14;8:7;10:1;11:1;12:1;13:1} | themes=32 | dates=90
tradable_zt,NOT one_price_today & theme_alive_own & boards_ge5,113,42,0.3717,27/72=37.5%,15/41=36.6%,yizi_today=0.0% | yizi_next_all=4.4% | height{5:58;6:30;7:14;8:7;10:1;11:1;12:1;13:1} | themes=32 | dates=90
tradable_zt,leader_absent & one_price_today & href_le1,95,35,0.3684,25/60=41.7%,10/35=28.6%,yizi_today=100%_not_buyable | yizi_today=100.0% | yizi_next_all=29.5% | height{2:33;3:27;4:23;5:4;6:4;7:1;10:2;14:1} | themes=30 | dates=56
tradable_zt,leader_absent & is_new_high & opened,88,32,0.3636,11/35=31.4%,21/53=39.6%,yizi_today=0.0% | yizi_next_all=1.1% | height{2:9;3:36;4:21;5:11;6:9;7:1;10:1} | themes=37 | dates=55
tradable_zt,is_new_high & boards_ge5 & own_baoliang,55,20,0.3636,12/33=36.4%,8/22=36.4%,yizi_today=29.1% | yizi_next_all=14.5% | height{5:20;6:14;7:7;8:5;9:2;10:1;11:1;13:1;14:1;16:1;17:1;18:1} | themes=23 | dates=53
tradable_zt,NOT one_price_today & boards_ge5 & href_le1,102,37,0.3627,21/57=36.8%,16/45=35.6%,yizi_today=0.0% | yizi_next_all=2.0% | height{5:43;6:28;7:16;8:9;9:1;10:1;11:1;12:1;13:1;18:1} | themes=29 | dates=92
tradable_zt,boards_ge5 & opened & href_le1,80,29,0.3625,18/48=37.5%,11/32=34.4%,yizi_today=0.0% | yizi_next_all=1.2% | height{5:32;6:23;7:13;8:6;9:1;10:1;11:1;12:1;13:1;18:1} | themes=28 | dates=74
tradable_zt,is_new_high & is_mid_2_3,94,34,0.3617,12/27=44.4%,22/67=32.8%,yizi_today=23.4% | yizi_next_all=7.4% | height{2:16;3:78} | themes=39 | dates=29
tradable_zt,one_price_today & NOT boards_ge5 & href_le1,103,37,0.3592,27/61=44.3%,10/42=23.8%,yizi_today=100%_not_buyable | yizi_today=100.0% | yizi_next_all=27.2% | height{2:33;3:39;4:31} | themes=31 | dates=62
tradable_zt,theme_alive_own & boards_ge5 & opened,87,31,0.3563,20/56=35.7%,11/31=35.5%,yizi_today=0.0% | yizi_next_all=4.6% | height{5:41;6:25;7:12;8:5;10:1;11:1;12:1;13:1} | themes=30 | dates=75
tradable_zt,boards_ge5 & own_baoliang & href_le1,62,22,0.3548,14/40=35.0%,8/22=36.4%,yizi_today=29.0% | yizi_next_all=14.5% | height{5:26;6:15;7:7;8:5;9:2;10:1;11:1;13:1;14:1;16:1;17:1;18:1} | themes=26 | dates=58
tradable_zt,NOT one_price_today & boards_ge5 & NOT is_fanbao,133,47,0.3534,30/87=34.5%,17/46=37.0%,yizi_today=0.0% | yizi_next_all=4.5% | height{5:68;6:33;7:16;8:10;9:1;10:1;11:1;12:1;13:1;18:1} | themes=38 | dates=100
tradable_zt,prev_leader_baoliang & is_new_high,156,55,0.3526,28/79=35.4%,27/77=35.1%,yizi_today=28.8% | yizi_next_all=10.3% | height{2:7;3:37;4:52;5:24;6:15;7:9;8:3;9:3;10:1;11:1;12:1;15:1;17:1;18:1} | themes=41 | dates=101
tradable_zt,NOT one_price_today & is_new_high & own_baoliang,91,32,0.3516,12/44=27.3%,20/47=42.6%,yizi_today=0.0% | yizi_next_all=2.2% | height{3:26;4:26;5:19;6:10;7:5;8:3;11:1;18:1} | themes=39 | dates=79
tradable_zt,is_new_high & opened & NOT is_fanbao,154,54,0.3506,24/73=32.9%,30/81=37.0%,yizi_today=0.0% | yizi_next_all=1.3% | height{2:8;3:37;4:36;5:27;6:22;7:12;8:6;9:1;10:1;11:1;12:1;13:1;18:1} | themes=44 | dates=119
tradable_zt,leader_baoliang & boards_ge5,77,27,0.3506,17/50=34.0%,10/27=37.0%,yizi_today=35.1% | yizi_next_all=18.2% | height{5:37;6:17;7:8;8:6;9:2;10:1;11:1;13:1;14:1;16:1;17:1;18:1} | themes=27 | dates=53
tradable_zt,is_new_high & opened,166,58,0.3494,24/73=32.9%,34/93=36.6%,yizi_today=0.0% | yizi_next_all=1.2% | height{2:9;3:40;4:43;5:28;6:22;7:12;8:6;9:1;10:1;11:1;12:1;13:1;18:1} | themes=44 | dates=124
tradable_zt,is_new_high & NOT unopened,166,58,0.3494,24/73=32.9%,34/93=36.6%,yizi_today=0.0% | yizi_next_all=1.2% | height{2:9;3:40;4:43;5:28;6:22;7:12;8:6;9:1;10:1;11:1;12:1;13:1;18:1} | themes=44 | dates=124
tradable_zt,NOT one_price_today & is_new_high & opened,166,58,0.3494,24/73=32.9%,34/93=36.6%,yizi_today=0.0% | yizi_next_all=1.2% | height{2:9;3:40;4:43;5:28;6:22;7:12;8:6;9:1;10:1;11:1;12:1;13:1;18:1} | themes=44 | dates=124
tradable_zt,is_new_high & opened & href_le1,166,58,0.3494,24/73=32.9%,34/93=36.6%,yizi_today=0.0% | yizi_next_all=1.2% | height{2:9;3:40;4:43;5:28;6:22;7:12;8:6;9:1;10:1;11:1;12:1;13:1;18:1} | themes=44 | dates=124
tradable_zt,NOT one_price_today & boards_ge5,135,47,0.3481,30/87=34.5%,17/48=35.4%,yizi_today=0.0% | yizi_next_all=4.4% | height{5:70;6:33;7:16;8:10;9:1;10:1;11:1;12:1;13:1;18:1} | themes=38 | dates=102
tradable_zt,one_price_today & is_new_high & NOT boards_ge5,46,16,0.3478,10/22=45.5%,6/24=25.0%,yizi_today=100%_not_buyable | yizi_today=100.0% | yizi_next_all=26.1% | height{2:3;3:19;4:24} | themes=24 | dates=36
tradable_zt,boards_eq3,526,181,0.3441,105/299=35.1%,76/227=33.5%,yizi_today=26.8% | yizi_next_all=11.6% | height{3:526} | themes=85 | dates=193
tradable_zt,opened & own_baoliang & NOT href_le1,131,45,0.3435,28/88=31.8%,17/43=39.5%,yizi_today=0.0% | yizi_next_all=2.3% | height{3:84;4:35;5:9;6:2;8:1} | themes=50 | dates=74
tradable_zt,NOT is_new_high & boards_ge5 & NOT opened,35,12,0.3429,10/30=33.3%,2/5=40.0%,yizi_today=60%_not_buyable | yizi_today=60.0% | yizi_next_all=37.1% | height{5:24;6:5;7:2;8:2;9:2} | themes=16 | dates=25
tradable_zt,opened & theme_alive_own & is_new_high,143,49,0.3427,18/57=31.6%,31/86=36.0%,yizi_today=0.0% | yizi_next_all=1.4% | height{2:9;3:33;4:38;5:24;6:20;7:11;8:4;10:1;11:1;12:1;13:1} | themes=37 | dates=112
tradable_zt,is_new_high & theme_alive_own & opened,143,49,0.3427,18/57=31.6%,31/86=36.0%,yizi_today=0.0% | yizi_next_all=1.4% | height{2:9;3:33;4:38;5:24;6:20;7:11;8:4;10:1;11:1;12:1;13:1} | themes=37 | dates=112
tradable_zt,theme_alive & boards_ge5,38,13,0.3421,7/22=31.8%,6/16=37.5%,yizi_today=31.6% | yizi_next_all=18.4% | height{5:23;6:10;7:1;10:3;14:1} | themes=23 | dates=28
tradable_zt,leader_absent & one_price_today & theme_alive_own,155,53,0.3419,37/101=36.6%,16/54=29.6%,yizi_today=100%_not_buyable | yizi_today=100.0% | yizi_next_all=32.3% | height{2:78;3:42;4:23;5:5;6:3;7:1;10:2;14:1} | themes=39 | dates=67
tradable_zt,boards_ge5 & opened & own_baoliang,50,17,0.3400,11/34=32.4%,6/16=37.5%,yizi_today=0.0% | yizi_next_all=2.0% | height{5:30;6:11;7:4;8:3;11:1;18:1} | themes=29 | dates=44
tradable_zt,boards_ge5 & opened & NOT is_fanbao,103,35,0.3398,23/69=33.3%,12/34=35.3%,yizi_today=0.0% | yizi_next_all=3.9% | height{5:50;6:27;7:13;8:7;9:1;10:1;11:1;12:1;13:1;18:1} | themes=35 | dates=82
tradable_zt,boards_ge5 & same_theme_baoliang,59,20,0.3390,12/37=32.4%,8/22=36.4%,yizi_today=32.2% | yizi_next_all=18.6% | height{5:23;6:15;7:7;8:5;9:2;10:1;11:1;13:1;14:1;16:1;17:1;18:1} | themes=23 | dates=53
tradable_zt,one_price_today & theme_alive_own & NOT boards_ge5,373,126,0.3378,86/248=34.7%,40/125=32.0%,yizi_today=100%_not_buyable | yizi_today=100.0% | yizi_next_all=35.1% | height{2:206;3:119;4:48} | themes=50 | dates=164
tradable_zt,NOT one_price_today & own_baoliang & NOT href_le1,157,53,0.3376,33/105=31.4%,20/52=38.5%,yizi_today=0.0% | yizi_next_all=2.5% | height{3:100;4:42;5:12;6:2;8:1} | themes=56 | dates=86
tradable_zt,opened & boards_ge5,104,35,0.3365,23/69=33.3%,12/35=34.3%,yizi_today=0.0% | yizi_next_all=3.8% | height{5:51;6:27;7:13;8:7;9:1;10:1;11:1;12:1;13:1;18:1} | themes=35 | dates=83
tradable_zt,NOT unopened & boards_ge5,104,35,0.3365,23/69=33.3%,12/35=34.3%,yizi_today=0.0% | yizi_next_all=3.8% | height{5:51;6:27;7:13;8:7;9:1;10:1;11:1;12:1;13:1;18:1} | themes=35 | dates=83
tradable_zt,NOT one_price_today & boards_ge5 & opened,104,35,0.3365,23/69=33.3%,12/35=34.3%,yizi_today=0.0% | yizi_next_all=3.8% | height{5:51;6:27;7:13;8:7;9:1;10:1;11:1;12:1;13:1;18:1} | themes=35 | dates=83
tradable_zt,one_price_today & NOT own_baoliang & href_le1,119,40,0.3361,28/73=38.4%,12/46=26.1%,yizi_today=100%_not_buyable | yizi_today=100.0% | yizi_next_all=31.1% | height{2:33;3:29;4:25;5:15;6:5;7:5;8:1;10:2;11:1;12:1;14:1;15:1} | themes=34 | dates=84
tradable_zt,NOT boards_ge5 & own_baoliang & NOT href_le1,161,54,0.3354,31/103=30.1%,23/58=39.7%,yizi_today=11.8% | yizi_next_all=6.8% | height{3:114;4:47} | themes=55 | dates=90
tradable_zt,leader_absent & one_price_today & NOT boards_ge5,179,60,0.3352,43/114=37.7%,17/65=26.2%,yizi_today=100%_not_buyable | yizi_today=100.0% | yizi_next_all=29.6% | height{2:99;3:50;4:30} | themes=48 | dates=77
tradable_zt,is_mid_2_3 & one_price_today,386,129,0.3342,85/247=34.4%,44/139=31.7%,yizi_today=100%_not_buyable | yizi_today=100.0% | yizi_next_all=35.8% | height{2:245;3:141} | themes=64 | dates=171
tradable_zt,NOT one_price_today & is_new_high & theme_alive_own,192,64,0.3333,21/69=30.4%,43/123=35.0%,yizi_today=0.0% | yizi_next_all=3.6% | height{2:13;3:47;4:55;5:30;6:24;7:13;8:6;10:1;11:1;12:1;13:1} | themes=40 | dates=138
tradable_zt,leader_absent & NOT one_price_today & is_new_high,123,41,0.3333,13/44=29.5%,28/79=35.4%,yizi_today=0.0% | yizi_next_all=4.9% | height{2:13;3:55;4:31;5:12;6:10;7:1;10:1} | themes=45 | dates=67
tradable_zt,leader_absent & theme_alive_own & own_baoliang,111,37,0.3333,18/65=27.7%,19/46=41.3%,yizi_today=18.0% | yizi_next_all=9.0% | height{3:62;4:30;5:9;6:7;7:1;10:1;14:1} | themes=36 | dates=57
tradable_zt,NOT leader_absent & is_new_high & opened,78,26,0.3333,13/38=34.2%,13/40=32.5%,yizi_today=0.0% | yizi_next_all=1.3% | height{3:4;4:22;5:17;6:13;7:11;8:6;9:1;11:1;12:1;13:1;18:1} | themes=30 | dates=69
tradable_zt,boards_ge5 & opened & NOT own_baoliang,54,18,0.3333,12/35=34.3%,6/19=31.6%,yizi_today=0.0% | yizi_next_all=5.6% | height{5:21;6:16;7:9;8:4;9:1;10:1;12:1;13:1} | themes=23 | dates=47
tradable_zt,leader_absent & boards_ge5,48,16,0.3333,11/37=29.7%,5/11=45.5%,yizi_today=27.1% | yizi_next_all=16.7% | height{5:27;6:15;7:2;10:3;14:1} | themes=24 | dates=31
tradable_zt,boards_ge5 & lag0,48,16,0.3333,11/37=29.7%,5/11=45.5%,yizi_today=27.1% | yizi_next_all=16.7% | height{5:27;6:15;7:2;10:3;14:1} | themes=24 | dates=31
tradable_zt,leader_absent & boards_ge5 & NOT is_fanbao,48,16,0.3333,11/37=29.7%,5/11=45.5%,yizi_today=27.1% | yizi_next_all=16.7% | height{5:27;6:15;7:2;10:3;14:1} | themes=24 | dates=31
tradable_zt,leader_absent & boards_ge5 & href_le1,42,14,0.3333,9/32=28.1%,5/10=50.0%,yizi_today=28.6% | yizi_next_all=16.7% | height{5:21;6:15;7:2;10:3;14:1} | themes=22 | dates=31
tradable_zt,NOT theme_alive_own & opened & own_baoliang,42,14,0.3333,8/25=32.0%,6/17=35.3%,yizi_today=0.0% | yizi_next_all=2.4% | height{3:24;4:7;5:7;6:1;8:2;18:1} | themes=29 | dates=39
tradable_zt,NOT leader_absent & one_price_today & NOT theme_alive_own,39,13,0.3333,6/18=33.3%,7/21=33.3%,yizi_today=100%_not_buyable | yizi_today=100.0% | yizi_next_all=46.2% | height{2:18;3:14;4:3;5:1;6:2;7:1} | themes=17 | dates=34
tradable_zt,NOT is_new_high & boards_ge5 & NOT own_baoliang,39,13,0.3333,10/33=30.3%,3/6=50.0%,yizi_today=38.5% | yizi_next_all=25.6% | height{5:27;6:7;7:3;8:2} | themes=20 | dates=24
tradable_zt,height_drop & boards_ge5,36,12,0.3333,9/30=30.0%,3/6=50.0%,yizi_today=27.8% | yizi_next_all=16.7% | height{5:22;6:10;7:2;10:2} | themes=20 | dates=21
tradable_zt,NOT theme_alive_own & own_baoliang & NOT href_le1,30,10,0.3333,7/18=38.9%,3/12=25.0%,yizi_today=10.0% | yizi_next_all=10.0% | height{3:21;4:6;5:3} | themes=22 | dates=27
tradable_zt,one_price_today & theme_alive_own & NOT own_baoliang,385,128,0.3325,90/264=34.1%,38/121=31.4%,yizi_today=100%_not_buyable | yizi_today=100.0% | yizi_next_all=36.4% | height{2:206;3:99;4:38;5:19;6:7;7:7;8:3;10:2;11:1;12:1;14:1;15:1} | themes=51 | dates=165
tradable_zt,leader_baoliang & one_price_today,235,78,0.3319,53/154=34.4%,25/81=30.9%,yizi_today=100%_not_buyable | yizi_today=100.0% | yizi_next_all=34.0% | height{2:107;3:71;4:30;5:8;6:6;7:3;8:3;9:2;10:1;13:1;14:1;16:1;17:1} | themes=50 | dates=94
tradable_zt,leader_absent & theme_alive_own & is_new_high,145,48,0.3310,17/55=30.9%,31/90=34.4%,yizi_today=26.9% | yizi_next_all=13.1% | height{2:15;3:56;4:44;5:12;6:12;7:2;10:3;14:1} | themes=39 | dates=79
tradable_zt,lag0 & is_new_high & theme_alive_own,145,48,0.3310,17/55=30.9%,31/90=34.4%,yizi_today=26.9% | yizi_next_all=13.1% | height{2:15;3:56;4:44;5:12;6:12;7:2;10:3;14:1} | themes=39 | dates=79
tradable_zt,leader_absent & is_new_high & theme_alive_own,145,48,0.3310,17/55=30.9%,31/90=34.4%,yizi_today=26.9% | yizi_next_all=13.1% | height{2:15;3:56;4:44;5:12;6:12;7:2;10:3;14:1} | themes=39 | dates=79
tradable_zt,solo_leader & is_new_high & theme_alive_own,133,44,0.3308,22/70=31.4%,22/63=34.9%,yizi_today=34.6% | yizi_next_all=18.8% | height{3:6;4:22;5:35;6:25;7:19;8:9;9:2;10:4;11:2;12:2;13:2;14:2;15:1;16:1;17:1} | themes=30 | dates=133
tradable_zt,NOT leader_absent & NOT one_price_today & boards_ge5,100,33,0.3300,20/62=32.3%,13/38=34.2%,yizi_today=0.0% | yizi_next_all=6.0% | height{5:48;6:22;7:15;8:10;9:1;11:1;12:1;13:1;18:1} | themes=34 | dates=77
tradable_zt,leader_absent & opened & own_baoliang,97,32,0.3299,15/57=26.3%,17/40=42.5%,yizi_today=0.0% | yizi_next_all=2.1% | height{3:60;4:19;5:11;6:6;7:1} | themes=42 | dates=52
tradable_zt,NOT height_new_high & one_price_today,431,142,0.3295,92/266=34.6%,50/165=30.3%,yizi_today=100%_not_buyable | yizi_today=100.0% | yizi_next_all=36.9% | height{2:208;3:122;4:51;5:24;6:11;7:7;8:2;10:2;11:1;12:1;13:1;14:1} | themes=58 | dates=166
tradable_zt,NOT height_new_high & boards_ge5,158,52,0.3291,31/100=31.0%,21/58=36.2%,yizi_today=31.6% | yizi_next_all=17.1% | height{5:83;6:41;7:21;8:7;10:2;11:1;12:1;13:1;14:1} | themes=36 | dates=107
tradable_zt,is_new_high & NOT one_price_today,225,74,0.3289,27/89=30.3%,47/136=34.6%,yizi_today=0.0% | yizi_next_all=4.0% | height{2:13;3:59;4:62;5:34;6:27;7:15;8:9;9:1;10:1;11:1;12:1;13:1;18:1} | themes=52 | dates=154
tradable_zt,NOT one_price_today & is_new_high & href_le1,225,74,0.3289,27/89=30.3%,47/136=34.6%,yizi_today=0.0% | yizi_next_all=4.0% | height{2:13;3:59;4:62;5:34;6:27;7:15;8:9;9:1;10:1;11:1;12:1;13:1;18:1} | themes=52 | dates=154
tradable_zt,boards_ge5 & NOT is_fanbao & href_le1,149,49,0.3289,28/90=31.1%,21/59=35.6%,yizi_today=32.9% | yizi_next_all=17.4% | height{5:58;6:37;7:23;8:12;9:3;10:4;11:2;12:2;13:2;14:2;15:1;16:1;17:1;18:1} | themes=32 | dates=126
tradable_zt,one_price_today & NOT is_new_high & theme_alive_own,359,118,0.3287,82/253=32.4%,36/106=34.0%,yizi_today=100%_not_buyable | yizi_today=100.0% | yizi_next_all=37.6% | height{2:204;3:104;4:31;5:10;6:4;7:2;8:2;9:2} | themes=51 | dates=153
tradable_zt,leader_absent & one_price_today & NOT is_new_high,143,47,0.3287,35/98=35.7%,12/45=26.7%,yizi_today=100%_not_buyable | yizi_today=100.0% | yizi_next_all=30.8% | height{2:96;3:34;4:10;5:3} | themes=47 | dates=65
tradable_zt,is_new_high & boards_ge5 & NOT is_fanbao,134,44,0.3284,24/78=30.8%,20/56=35.7%,yizi_today=33.6% | yizi_next_all=18.7% | height{5:45;6:36;7:22;8:12;9:3;10:4;11:2;12:2;13:2;14:2;15:1;16:1;17:1;18:1} | themes=28 | dates=126
tradable_zt,is_mid_2_3 & own_baoliang,186,61,0.3280,30/105=28.6%,31/81=38.3%,yizi_today=12.9% | yizi_next_all=8.1% | height{3:186} | themes=64 | dates=119
tradable_zt,is_new_high & NOT same_theme_baoliang,180,59,0.3278,24/76=31.6%,35/104=33.7%,yizi_today=34.4% | yizi_next_all=16.1% | height{2:6;3:41;4:51;5:28;6:22;7:15;8:7;9:1;10:3;11:1;12:2;13:1;14:1;15:1} | themes=42 | dates=141
tradable_zt,one_price_today & NOT boards_ge5 & NOT own_baoliang,409,134,0.3276,93/270=34.4%,41/139=29.5%,yizi_today=100%_not_buyable | yizi_today=100.0% | yizi_next_all=35.2% | height{2:245;3:117;4:47} | themes=65 | dates=177
tradable_zt,one_price_today & NOT same_theme_baoliang,458,150,0.3275,99/301=32.9%,51/157=32.5%,yizi_today=100%_not_buyable | yizi_today=100.0% | yizi_next_all=37.6% | height{2:233;3:128;4:49;5:22;6:8;7:7;8:3;9:2;10:2;11:1;12:1;14:1;15:1} | themes=65 | dates=181
tradable_zt,NOT is_mid_2_3 & NOT href_le1,168,55,0.3274,47/135=34.8%,8/33=24.2%,yizi_today=26.2% | yizi_next_all=15.5% | height{4:118;5:34;6:9;7:2;8:3;9:2} | themes=43 | dates=69
tradable_zt,one_price_today & NOT is_new_high & NOT own_baoliang,388,127,0.3273,89/264=33.7%,38/124=30.6%,yizi_today=100%_not_buyable | yizi_today=100.0% | yizi_next_all=36.6% | height{2:242;3:102;4:29;5:7;6:4;7:2;8:2} | themes=65 | dates=166
tradable_zt,leader_absent & is_new_high & NOT own_baoliang,107,35,0.3271,13/39=33.3%,22/68=32.4%,yizi_today=32.7% | yizi_next_all=13.1% | height{2:16;3:44;4:32;5:6;6:6;7:1;10:2} | themes=39 | dates=59
tradable_zt,NOT leader_absent & is_new_high & own_baoliang,52,17,0.3269,8/26=30.8%,9/26=34.6%,yizi_today=23.1% | yizi_next_all=7.7% | height{3:3;4:13;5:12;6:6;7:6;8:5;9:2;11:1;13:1;16:1;17:1;18:1} | themes=26 | dates=49
tradable_zt,one_price_today & NOT boards_ge5,444,145,0.3266,98/289=33.9%,47/155=30.3%,yizi_today=100%_not_buyable | yizi_today=100.0% | yizi_next_all=35.6% | height{2:245;3:141;4:58} | themes=65 | dates=182
tradable_zt,one_price_today & NOT boards_ge5 & NOT opened,444,145,0.3266,98/289=33.9%,47/155=30.3%,yizi_today=100%_not_buyable | yizi_today=100.0% | yizi_next_all=35.6% | height{2:245;3:141;4:58} | themes=65 | dates=182
tradable_zt,own_baoliang & theme_alive_own & is_new_high,98,32,0.3265,13/45=28.9%,19/53=35.8%,yizi_today=23.5% | yizi_next_all=11.2% | height{3:23;4:29;5:17;6:12;7:6;8:3;9:2;10:1;11:1;13:1;14:1;16:1;17:1} | themes=33 | dates=87
tradable_zt,is_new_high & theme_alive_own & own_baoliang,98,32,0.3265,13/45=28.9%,19/53=35.8%,yizi_today=23.5% | yizi_next_all=11.2% | height{3:23;4:29;5:17;6:12;7:6;8:3;9:2;10:1;11:1;13:1;14:1;16:1;17:1} | themes=33 | dates=87
tradable_zt,NOT theme_alive & is_new_high,190,62,0.3263,31/99=31.3%,31/91=34.1%,yizi_today=28.4% | yizi_next_all=15.3% | height{2:16;3:36;4:32;5:32;6:26;7:21;8:12;9:3;10:1;11:2;12:2;13:2;14:1;15:1;16:1;17:1;18:1} | themes=44 | dates=135
tradable_zt,leader_absent & is_new_high & NOT boards_ge5,138,45,0.3261,16/47=34.0%,29/91=31.9%,yizi_today=28.3% | yizi_next_all=11.6% | height{2:16;3:71;4:51} | themes=49 | dates=55
tradable_zt,is_new_high & NOT boards_ge5 & opened,92,30,0.3261,7/31=22.6%,23/61=37.7%,yizi_today=0.0% | yizi_next_all=1.1% | height{2:9;3:40;4:43} | themes=37 | dates=53
tradable_zt,leader_absent & own_baoliang & NOT href_le1,46,15,0.3261,8/30=26.7%,7/16=43.8%,yizi_today=10.9% | yizi_next_all=6.5% | height{3:35;4:9;5:2} | themes=25 | dates=19
tradable_zt,NOT leader_absent & one_price_today & NOT href_le1,261,85,0.3257,55/177=31.1%,30/84=35.7%,yizi_today=100%_not_buyable | yizi_today=100.0% | yizi_next_all=41.4% | height{2:146;3:79;4:20;5:6;6:4;7:2;8:2;9:2} | themes=52 | dates=99
tradable_zt,leader_absent & is_new_high,172,56,0.3256,22/72=30.6%,34/100=34.0%,yizi_today=28.5% | yizi_next_all=13.4% | height{2:16;3:71;4:51;5:14;6:14;7:2;10:3;14:1} | themes=51 | dates=86
tradable_zt,is_new_high & lag0,172,56,0.3256,22/72=30.6%,34/100=34.0%,yizi_today=28.5% | yizi_next_all=13.4% | height{2:16;3:71;4:51;5:14;6:14;7:2;10:3;14:1} | themes=51 | dates=86
tradable_zt,leader_absent & is_new_high & href_le1,172,56,0.3256,22/72=30.6%,34/100=34.0%,yizi_today=28.5% | yizi_next_all=13.4% | height{2:16;3:71;4:51;5:14;6:14;7:2;10:3;14:1} | themes=51 | dates=86
tradable_zt,NOT one_price_today & is_new_high & NOT is_fanbao,209,68,0.3254,27/89=30.3%,41/120=34.2%,yizi_today=0.0% | yizi_next_all=3.8% | height{2:12;3:55;4:53;5:32;6:27;7:15;8:9;9:1;10:1;11:1;12:1;13:1;18:1} | themes=52 | dates=148
tradable_zt,boards_ge5 & NOT is_fanbao & own_baoliang,80,26,0.3250,18/57=31.6%,8/23=34.8%,yizi_today=26.2% | yizi_next_all=16.2% | height{5:39;6:17;7:7;8:6;9:4;10:1;11:1;13:1;14:1;16:1;17:1;18:1} | themes=32 | dates=67
tradable_zt,is_new_high & own_baoliang,117,38,0.3248,17/59=28.8%,21/58=36.2%,yizi_today=22.2% | yizi_next_all=11.1% | height{3:30;4:32;5:20;6:14;7:7;8:5;9:2;10:1;11:1;13:1;14:1;16:1;17:1;18:1} | themes=41 | dates=100
tradable_zt,is_new_high & own_baoliang & href_le1,117,38,0.3248,17/59=28.8%,21/58=36.2%,yizi_today=22.2% | yizi_next_all=11.1% | height{3:30;4:32;5:20;6:14;7:7;8:5;9:2;10:1;11:1;13:1;14:1;16:1;17:1;18:1} | themes=41 | dates=100
tradable_zt,leader_baoliang & is_new_high,194,63,0.3247,26/86=30.2%,37/108=34.3%,yizi_today=26.8% | yizi_next_all=11.3% | height{2:16;3:66;4:54;5:23;6:14;7:7;8:5;9:2;10:1;11:1;13:1;14:1;16:1;17:1;18:1} | themes=50 | dates=102
tradable_zt,one_price_today & NOT is_new_high & NOT boards_ge5,398,129,0.3241,88/267=33.0%,41/131=31.3%,yizi_today=100%_not_buyable | yizi_today=100.0% | yizi_next_all=36.7% | height{2:242;3:122;4:34} | themes=64 | dates=167
tradable_zt,NOT leader_absent & one_price_today & NOT own_baoliang,287,93,0.3240,60/189=31.7%,33/98=33.7%,yizi_today=100%_not_buyable | yizi_today=100.0% | yizi_next_all=40.1% | height{2:146;3:80;4:24;5:16;6:7;7:6;8:3;10:1;11:1;12:1;14:1;15:1} | themes=55 | dates=109
tradable_zt,one_price_today & NOT own_baoliang,454,147,0.3238,100/301=33.2%,47/153=30.7%,yizi_today=100%_not_buyable | yizi_today=100.0% | yizi_next_all=36.6% | height{2:245;3:117;4:47;5:20;6:9;7:7;8:3;10:2;11:1;12:1;14:1;15:1} | themes=66 | dates=183
tradable_zt,one_price_today & NOT opened & NOT own_baoliang,454,147,0.3238,100/301=33.2%,47/153=30.7%,yizi_today=100%_not_buyable | yizi_today=100.0% | yizi_next_all=36.6% | height{2:245;3:117;4:47;5:20;6:9;7:7;8:3;10:2;11:1;12:1;14:1;15:1} | themes=66 | dates=183
tradable_zt,NOT leader_absent & NOT one_price_today & is_new_high,102,33,0.3235,14/45=31.1%,19/57=33.3%,yizi_today=0.0% | yizi_next_all=2.9% | height{3:4;4:31;5:22;6:17;7:14;8:9;9:1;11:1;12:1;13:1;18:1} | themes=36 | dates=87
tradable_zt,theme_alive_own & boards_ge5 & own_baoliang,68,22,0.3235,15/47=31.9%,7/21=33.3%,yizi_today=29.4% | yizi_next_all=19.1% | height{5:33;6:15;7:6;8:4;9:4;10:1;11:1;13:1;14:1;16:1;17:1} | themes=27 | dates=60
tradable_zt,leader_absent & is_new_high & boards_ge5,34,11,0.3235,6/25=24.0%,5/9=55.6%,yizi_today=29.4% | yizi_next_all=20.6% | height{5:14;6:14;7:2;10:3;14:1} | themes=20 | dates=31
tradable_zt,leader_absent & one_price_today & NOT own_baoliang,167,54,0.3234,40/112=35.7%,14/55=25.5%,yizi_today=100%_not_buyable | yizi_today=100.0% | yizi_next_all=30.5% | height{2:99;3:37;4:23;5:4;6:2;7:1;10:1} | themes=48 | dates=74
tradable_zt,NOT is_mid_2_3 & NOT own_baoliang,266,86,0.3233,57/168=33.9%,29/98=29.6%,yizi_today=34.6% | yizi_next_all=18.0% | height{4:145;5:55;6:29;7:18;8:9;9:1;10:3;11:1;12:2;13:1;14:1;15:1} | themes=49 | dates=148
tradable_zt,NOT is_sub_high & own_baoliang,297,96,0.3232,52/179=29.1%,44/118=37.3%,yizi_today=16.5% | yizi_next_all=9.8% | height{3:144;4:79;5:34;6:16;7:7;8:6;9:4;10:1;11:1;13:1;14:1;16:1;17:1;18:1} | themes=68 | dates=157
tradable_zt,leader_absent & is_new_high & own_baoliang,65,21,0.3231,9/33=27.3%,12/32=37.5%,yizi_today=21.5% | yizi_next_all=13.8% | height{3:27;4:19;5:8;6:8;7:1;10:1;14:1} | themes=33 | dates=51
tradable_zt,leader_absent & one_price_today,192,62,0.3229,44/126=34.9%,18/66=27.3%,yizi_today=100%_not_buyable | yizi_today=100.0% | yizi_next_all=31.8% | height{2:99;3:50;4:30;5:5;6:4;7:1;10:2;14:1} | themes=48 | dates=77
tradable_zt,one_price_today & lag0,192,62,0.3229,44/126=34.9%,18/66=27.3%,yizi_today=100%_not_buyable | yizi_today=100.0% | yizi_next_all=31.8% | height{2:99;3:50;4:30;5:5;6:4;7:1;10:2;14:1} | themes=48 | dates=77
tradable_zt,leader_absent & one_price_today & NOT opened,192,62,0.3229,44/126=34.9%,18/66=27.3%,yizi_today=100%_not_buyable | yizi_today=100.0% | yizi_next_all=31.8% | height{2:99;3:50;4:30;5:5;6:4;7:1;10:2;14:1} | themes=48 | dates=77
tradable_zt,one_price_today & theme_alive_own & href_le1,127,41,0.3228,30/79=38.0%,11/48=22.9%,yizi_today=100%_not_buyable | yizi_today=100.0% | yizi_next_all=33.9% | height{2:26;3:33;4:23;5:17;6:6;7:6;8:3;9:2;10:3;11:1;12:1;13:1;14:2;15:1;16:1;17:1} | themes=31 | dates=95
tradable_zt,one_price_today & NOT boards_ge5 & NOT is_fanbao,434,140,0.3226,96/286=33.6%,44/148=29.7%,yizi_today=100%_not_buyable | yizi_today=100.0% | yizi_next_all=36.2% | height{2:235;3:141;4:58} | themes=65 | dates=181
tradable_zt,is_new_high & opened & NOT own_baoliang,93,30,0.3226,13/38=34.2%,17/55=30.9%,yizi_today=0.0% | yizi_next_all=2.2% | height{2:9;3:21;4:23;5:10;6:14;7:8;8:4;9:1;10:1;12:1;13:1} | themes=33 | dates=75
tradable_zt,boards_ge5 & NOT own_baoliang & NOT href_le1,31,10,0.3226,8/28=28.6%,2/3=66.7%,yizi_today=41.9% | yizi_next_all=32.3% | height{5:20;6:7;7:2;8:2} | themes=17 | dates=18
tradable_zt,boards_ge5 & href_le1,152,49,0.3224,28/90=31.1%,21/62=33.9%,yizi_today=32.9% | yizi_next_all=17.1% | height{5:61;6:37;7:23;8:12;9:3;10:4;11:2;12:2;13:2;14:2;15:1;16:1;17:1;18:1} | themes=33 | dates=129
tradable_zt,own_baoliang & NOT href_le1,180,58,0.3222,35/120=29.2%,23/60=38.3%,yizi_today=12.8% | yizi_next_all=8.9% | height{3:114;4:47;5:14;6:2;8:1;9:2} | themes=56 | dates=92
tradable_zt,NOT is_new_high & own_baoliang & NOT href_le1,180,58,0.3222,35/120=29.2%,23/60=38.3%,yizi_today=12.8% | yizi_next_all=8.9% | height{3:114;4:47;5:14;6:2;8:1;9:2} | themes=56 | dates=92
tradable_zt,NOT is_new_high & one_price_today,419,135,0.3222,92/285=32.3%,43/134=32.1%,yizi_today=100%_not_buyable | yizi_today=100.0% | yizi_next_all=37.7% | height{2:242;3:122;4:34;5:11;6:4;7:2;8:2;9:2} | themes=65 | dates=168
tradable_zt,one_price_today & NOT is_new_high & NOT opened,419,135,0.3222,92/285=32.3%,43/134=32.1%,yizi_today=100%_not_buyable | yizi_today=100.0% | yizi_next_all=37.7% | height{2:242;3:122;4:34;5:11;6:4;7:2;8:2;9:2} | themes=65 | dates=168
tradable_zt,is_new_high & NOT boards_ge5 & NOT own_baoliang,118,38,0.3220,14/37=37.8%,24/81=29.6%,yizi_today=30.5% | yizi_next_all=11.9% | height{2:16;3:48;4:54} | themes=39 | dates=64
tradable_zt,NOT is_mid_2_3 & NOT one_price_today,314,101,0.3217,63/192=32.8%,38/122=31.1%,yizi_today=0.0% | yizi_next_all=3.8% | height{4:179;5:70;6:33;7:16;8:10;9:1;10:1;11:1;12:1;13:1;18:1} | themes=58 | dates=162
tradable_zt,theme_alive_own & boards_ge5 & NOT is_fanbao,171,55,0.3216,36/118=30.5%,19/53=35.8%,yizi_today=35.1% | yizi_next_all=21.6% | height{5:78;6:40;7:22;8:12;9:4;10:4;11:2;12:2;13:2;14:2;15:1;16:1;17:1} | themes=33 | dates=114
tradable_zt,NOT leader_absent & boards_ge5 & own_baoliang,56,18,0.3214,12/37=32.4%,6/19=31.6%,yizi_today=30.4% | yizi_next_all=17.9% | height{5:27;6:8;7:6;8:6;9:4;11:1;13:1;16:1;17:1;18:1} | themes=27 | dates=47
tradable_zt,is_new_high & boards_ge5,137,44,0.3212,24/78=30.8%,20/59=33.9%,yizi_today=33.6% | yizi_next_all=18.2% | height{5:48;6:36;7:22;8:12;9:3;10:4;11:2;12:2;13:2;14:2;15:1;16:1;17:1;18:1} | themes=29 | dates=129
tradable_zt,is_new_high & boards_ge5 & href_le1,137,44,0.3212,24/78=30.8%,20/59=33.9%,yizi_today=33.6% | yizi_next_all=18.2% | height{5:48;6:36;7:22;8:12;9:3;10:4;11:2;12:2;13:2;14:2;15:1;16:1;17:1;18:1} | themes=29 | dates=129
tradable_zt,leader_absent & one_price_today & NOT is_fanbao,190,61,0.3211,43/125=34.4%,18/65=27.7%,yizi_today=100%_not_buyable | yizi_today=100.0% | yizi_next_all=32.1% | height{2:97;3:50;4:30;5:5;6:4;7:1;10:2;14:1} | themes=48 | dates=77
tradable_zt,own_baoliang & boards_ge5,81,26,0.3210,18/57=31.6%,8/24=33.3%,yizi_today=27.2% | yizi_next_all=17.3% | height{5:40;6:17;7:7;8:6;9:4;10:1;11:1;13:1;14:1;16:1;17:1;18:1} | themes=32 | dates=68
tradable_zt,NOT leader_absent & own_baoliang & NOT href_le1,134,43,0.3209,27/90=30.0%,16/44=36.4%,yizi_today=13.4% | yizi_next_all=9.7% | height{3:79;4:38;5:12;6:2;8:1;9:2} | themes=48 | dates=73
tradable_zt,NOT leader_absent & one_price_today & NOT boards_ge5,265,85,0.3208,55/175=31.4%,30/90=33.3%,yizi_today=100%_not_buyable | yizi_today=100.0% | yizi_next_all=39.6% | height{2:146;3:91;4:28} | themes=54 | dates=105
tradable_zt,NOT leader_absent & NOT one_price_today & own_baoliang,184,59,0.3207,34/111=30.6%,25/73=34.2%,yizi_today=0.0% | yizi_next_all=1.6% | height{3:91;4:54;5:23;6:6;7:4;8:4;11:1;18:1} | themes=55 | dates=99
tradable_zt,theme_alive_own & boards_ge5 & href_le1,131,42,0.3206,25/78=32.1%,17/53=32.1%,yizi_today=34.4% | yizi_next_all=17.6% | height{5:54;6:31;7:20;8:9;9:2;10:4;11:2;12:2;13:2;14:2;15:1;16:1;17:1} | themes=29 | dates=114
tradable_zt,one_price_today & NOT is_fanbao & NOT own_baoliang,443,142,0.3205,98/298=32.9%,44/145=30.3%,yizi_today=100%_not_buyable | yizi_today=100.0% | yizi_next_all=37.2% | height{2:235;3:117;4:47;5:19;6:9;7:7;8:3;10:2;11:1;12:1;14:1;15:1} | themes=66 | dates=182
tradable_zt,NOT leader_absent & is_new_high & boards_ge5,103,33,0.3204,18/53=34.0%,15/50=30.0%,yizi_today=35.0% | yizi_next_all=17.5% | height{5:34;6:22;7:20;8:12;9:3;10:1;11:2;12:2;13:2;14:1;15:1;16:1;17:1;18:1} | themes=27 | dates=98
tradable_zt,one_price_today & href_le1,153,49,0.3203,34/94=36.2%,15/59=25.4%,yizi_today=100%_not_buyable | yizi_today=100.0% | yizi_next_all=34.0% | height{2:33;3:39;4:31;5:18;6:9;7:7;8:3;9:2;10:3;11:1;12:1;13:1;14:2;15:1;16:1;17:1} | themes=36 | dates=109
tradable_zt,one_price_today & NOT opened & href_le1,153,49,0.3203,34/94=36.2%,15/59=25.4%,yizi_today=100%_not_buyable | yizi_today=100.0% | yizi_next_all=34.0% | height{2:33;3:39;4:31;5:18;6:9;7:7;8:3;9:2;10:3;11:1;12:1;13:1;14:2;15:1;16:1;17:1} | themes=36 | dates=109
tradable_zt,own_baoliang & opened,250,80,0.3200,43/152=28.3%,37/98=37.8%,yizi_today=0.0% | yizi_next_all=1.6% | height{3:137;4:63;5:30;6:11;7:4;8:3;11:1;18:1} | themes=65 | dates=141
tradable_zt,own_baoliang & NOT unopened,250,80,0.3200,43/152=28.3%,37/98=37.8%,yizi_today=0.0% | yizi_next_all=1.6% | height{3:137;4:63;5:30;6:11;7:4;8:3;11:1;18:1} | themes=65 | dates=141
tradable_zt,NOT one_price_today & opened & own_baoliang,250,80,0.3200,43/152=28.3%,37/98=37.8%,yizi_today=0.0% | yizi_next_all=1.6% | height{3:137;4:63;5:30;6:11;7:4;8:3;11:1;18:1} | themes=65 | dates=141
tradable_zt,NOT is_fanbao & own_baoliang & NOT href_le1,175,56,0.3200,35/120=29.2%,21/55=38.2%,yizi_today=12.6% | yizi_next_all=8.6% | height{3:110;4:47;5:13;6:2;8:1;9:2} | themes=56 | dates=90
tradable_zt,theme_alive_own & own_baoliang & NOT href_le1,150,48,0.3200,28/102=27.5%,20/48=41.7%,yizi_today=13.3% | yizi_next_all=8.7% | height{3:93;4:41;5:11;6:2;8:1;9:2} | themes=42 | dates=83
tradable_zt,NOT height_drop & is_new_high,197,63,0.3198,29/97=29.9%,34/100=34.0%,yizi_today=28.4% | yizi_next_all=14.2% | height{3:28;4:55;5:38;6:27;7:20;8:12;9:3;10:2;11:2;12:2;13:2;14:2;15:1;16:1;17:1;18:1} | themes=41 | dates=149
tradable_zt,theme_alive_own & one_price_today,435,139,0.3195,95/294=32.3%,44/141=31.2%,yizi_today=100%_not_buyable | yizi_today=100.0% | yizi_next_all=37.7% | height{2:206;3:119;4:48;5:24;6:10;7:8;8:5;9:4;10:3;11:1;12:1;13:1;14:2;15:1;16:1;17:1} | themes=51 | dates=169
tradable_zt,one_price_today & theme_alive_own & NOT opened,435,139,0.3195,95/294=32.3%,44/141=31.2%,yizi_today=100%_not_buyable | yizi_today=100.0% | yizi_next_all=37.7% | height{2:206;3:119;4:48;5:24;6:10;7:8;8:5;9:4;10:3;11:1;12:1;13:1;14:2;15:1;16:1;17:1} | themes=51 | dates=169
tradable_zt,one_price_today & NOT own_baoliang & NOT href_le1,335,107,0.3194,72/228=31.6%,35/107=32.7%,yizi_today=100%_not_buyable | yizi_today=100.0% | yizi_next_all=38.5% | height{2:212;3:88;4:22;5:5;6:4;7:2;8:2} | themes=61 | dates=145
tradable_zt,is_new_high & theme_alive_own & boards_ge5,119,38,0.3193,21/67=31.3%,17/52=32.7%,yizi_today=35.3% | yizi_next_all=18.5% | height{5:44;6:30;7:19;8:9;9:2;10:4;11:2;12:2;13:2;14:2;15:1;16:1;17:1} | themes=27 | dates=113
tradable_zt,NOT leader_absent & one_price_today & NOT is_new_high,276,88,0.3188,57/187=30.5%,31/89=34.8%,yizi_today=100%_not_buyable | yizi_today=100.0% | yizi_next_all=41.3% | height{2:146;3:88;4:24;5:8;6:4;7:2;8:2;9:2} | themes=54 | dates=103
tradable_zt,NOT one_price_today & theme_alive_own & own_baoliang,251,80,0.3187,43/150=28.7%,37/101=36.6%,yizi_today=0.0% | yizi_next_all=1.6% | height{3:132;4:71;5:28;6:12;7:5;8:2;11:1} | themes=57 | dates=143
tradable_zt,one_price_today & NOT is_new_high & NOT is_fanbao,408,130,0.3186,90/282=31.9%,40/126=31.7%,yizi_today=100%_not_buyable | yizi_today=100.0% | yizi_next_all=38.2% | height{2:232;3:122;4:34;5:10;6:4;7:2;8:2;9:2} | themes=64 | dates=167
tradable_zt,NOT height_drop & one_price_today,383,122,0.3185,80/255=31.4%,42/128=32.8%,yizi_today=100%_not_buyable | yizi_today=100.0% | yizi_next_all=39.7% | height{2:179;3:108;4:39;5:21;6:10;7:8;8:5;9:4;10:1;11:1;12:1;13:1;14:2;15:1;16:1;17:1} | themes=57 | dates=134
tradable_zt,NOT height_drop & same_theme_baoliang,135,43,0.3185,21/78=26.9%,22/57=38.6%,yizi_today=23.7% | yizi_next_all=11.1% | height{2:36;3:26;4:26;5:17;6:11;7:6;8:5;9:2;11:1;13:1;14:1;16:1;17:1;18:1} | themes=32 | dates=67
tradable_zt,one_price_today & theme_alive_own & NOT href_le1,308,98,0.3182,65/215=30.2%,33/93=35.5%,yizi_today=100%_not_buyable | yizi_today=100.0% | yizi_next_all=39.3% | height{2:180;3:86;4:25;5:7;6:4;7:2;8:2;9:2} | themes=48 | dates=135
tradable_zt,NOT is_fanbao & boards_ge5,198,63,0.3182,40/135=29.6%,23/63=36.5%,yizi_today=32.8% | yizi_next_all=20.2% | height{5:91;6:46;7:25;8:15;9:5;10:4;11:2;12:2;13:2;14:2;15:1;16:1;17:1;18:1} | themes=39 | dates=126
tradable_zt,NOT leader_absent & boards_ge5 & href_le1,110,35,0.3182,19/58=32.8%,16/52=30.8%,yizi_today=34.5% | yizi_next_all=17.3% | height{5:40;6:22;7:21;8:12;9:3;10:1;11:2;12:2;13:2;14:1;15:1;16:1;17:1;18:1} | themes=29 | dates=98
tradable_zt,one_price_today & NOT is_fanbao & href_le1,151,48,0.3179,33/93=35.5%,15/58=25.9%,yizi_today=100%_not_buyable | yizi_today=100.0% | yizi_next_all=34.4% | height{2:32;3:39;4:31;5:17;6:9;7:7;8:3;9:2;10:3;11:1;12:1;13:1;14:2;15:1;16:1;17:1} | themes=35 | dates=108
tradable_zt,NOT leader_absent & NOT is_mid_2_3,296,94,0.3176,59/186=31.7%,35/110=31.8%,yizi_today=27.7% | yizi_next_all=15.2% | height{4:142;5:68;6:31;7:23;8:15;9:5;10:1;11:2;12:2;13:2;14:1;15:1;16:1;17:1;18:1} | themes=53 | dates=119
tradable_zt,NOT same_theme_broken & is_new_high,296,94,0.3176,40/130=30.8%,54/166=32.5%,yizi_today=29.4% | yizi_next_all=14.5% | height{2:16;3:69;4:79;5:44;6:36;7:22;8:12;9:3;10:3;11:2;12:2;13:2;14:2;15:1;16:1;17:1;18:1} | themes=55 | dates=201
tradable_zt,NOT is_mid_2_3 & NOT lag0,296,94,0.3176,59/186=31.7%,35/110=31.8%,yizi_today=27.7% | yizi_next_all=15.2% | height{4:142;5:68;6:31;7:23;8:15;9:5;10:1;11:2;12:2;13:2;14:1;15:1;16:1;17:1;18:1} | themes=53 | dates=119
tradable_zt,theme_alive_own & opened & own_baoliang,208,66,0.3173,35/127=27.6%,31/81=38.3%,yizi_today=0.0% | yizi_next_all=1.4% | height{3:113;4:56;5:23;6:10;7:4;8:1;11:1} | themes=55 | dates=128
tradable_zt,theme_alive_own & is_new_high,268,85,0.3172,34/110=30.9%,51/158=32.3%,yizi_today=28.4% | yizi_next_all=13.4% | height{2:15;3:62;4:72;5:44;6:30;7:19;8:9;9:2;10:4;11:2;12:2;13:2;14:2;15:1;16:1;17:1} | themes=44 | dates=186
tradable_zt,is_new_high & theme_alive_own & href_le1,268,85,0.3172,34/110=30.9%,51/158=32.3%,yizi_today=28.4% | yizi_next_all=13.4% | height{2:15;3:62;4:72;5:44;6:30;7:19;8:9;9:2;10:4;11:2;12:2;13:2;14:2;15:1;16:1;17:1} | themes=44 | dates=186
tradable_zt,leader_absent & is_new_high & NOT is_fanbao,164,52,0.3171,22/72=30.6%,30/92=32.6%,yizi_today=29.9% | yizi_next_all=14.0% | height{2:15;3:67;4:48;5:14;6:14;7:2;10:3;14:1} | themes=51 | dates=86
tradable_zt,NOT theme_alive & one_price_today,363,115,0.3168,87/266=32.7%,28/97=28.9%,yizi_today=100%_not_buyable | yizi_today=100.0% | yizi_next_all=39.7% | height{2:176;3:100;4:32;5:21;6:9;7:8;8:5;9:4;10:1;11:1;12:1;13:1;14:1;15:1;16:1;17:1} | themes=57 | dates=121
tradable_zt,one_price_today & theme_alive_own & NOT is_fanbao,423,134,0.3168,93/291=32.0%,41/132=31.1%,yizi_today=100%_not_buyable | yizi_today=100.0% | yizi_next_all=38.3% | height{2:196;3:119;4:48;5:22;6:10;7:8;8:5;9:4;10:3;11:1;12:1;13:1;14:2;15:1;16:1;17:1} | themes=50 | dates=168
tradable_zt,one_price_today & NOT boards_ge5 & NOT href_le1,341,108,0.3167,71/228=31.1%,37/113=32.7%,yizi_today=100%_not_buyable | yizi_today=100.0% | yizi_next_all=38.1% | height{2:212;3:102;4:27} | themes=60 | dates=146
tradable_zt,NOT height_new_high & is_new_high,294,93,0.3163,37/124=29.8%,56/170=32.9%,yizi_today=28.6% | yizi_next_all=13.3% | height{2:16;3:78;4:86;5:46;6:35;7:20;8:7;10:2;11:1;12:1;13:1;14:1} | themes=55 | dates=185
tradable_zt,NOT same_theme_broken & boards_ge5,196,62,0.3163,39/130=30.0%,23/66=34.8%,yizi_today=32.7% | yizi_next_all=19.9% | height{5:90;6:46;7:25;8:15;9:5;10:3;11:2;12:2;13:2;14:2;15:1;16:1;17:1;18:1} | themes=40 | dates=125
tradable_zt,NOT same_theme_broken & one_price_today,484,153,0.3161,103/320=32.2%,50/164=30.5%,yizi_today=100%_not_buyable | yizi_today=100.0% | yizi_next_all=38.2% | height{2:229;3:136;4:55;5:23;6:13;7:9;8:5;9:4;10:2;11:1;12:1;13:1;14:2;15:1;16:1;17:1} | themes=66 | dates=183
tradable_zt,prev_leader_baoliang & NOT is_mid_2_3,193,61,0.3161,42/121=34.7%,19/72=26.4%,yizi_today=27.5% | yizi_next_all=13.0% | height{4:112;5:40;6:17;7:10;8:4;9:4;10:1;11:1;12:1;15:1;17:1;18:1} | themes=42 | dates=84
tradable_zt,NOT one_price_today & boards_ge5 & NOT own_baoliang,76,24,0.3158,15/47=31.9%,9/29=31.0%,yizi_today=0.0% | yizi_next_all=6.6% | height{5:35;6:20;7:11;8:6;9:1;10:1;12:1;13:1} | themes=27 | dates=64
tradable_zt,is_new_high,317,100,0.3155,43/141=30.5%,57/176=32.4%,yizi_today=29.0% | yizi_next_all=13.9% | height{2:16;3:78;4:86;5:48;6:36;7:22;8:12;9:3;10:4;11:2;12:2;13:2;14:2;15:1;16:1;17:1;18:1} | themes=55 | dates=207
tradable_zt,href0,317,100,0.3155,43/141=30.5%,57/176=32.4%,yizi_today=29.0% | yizi_next_all=13.9% | height{2:16;3:78;4:86;5:48;6:36;7:22;8:12;9:3;10:4;11:2;12:2;13:2;14:2;15:1;16:1;17:1;18:1} | themes=55 | dates=207
tradable_zt,is_new_high & NOT is_sub_high,317,100,0.3155,43/141=30.5%,57/176=32.4%,yizi_today=29.0% | yizi_next_all=13.9% | height{2:16;3:78;4:86;5:48;6:36;7:22;8:12;9:3;10:4;11:2;12:2;13:2;14:2;15:1;16:1;17:1;18:1} | themes=55 | dates=207
tradable_zt,is_new_high & href_le1,317,100,0.3155,43/141=30.5%,57/176=32.4%,yizi_today=29.0% | yizi_next_all=13.9% | height{2:16;3:78;4:86;5:48;6:36;7:22;8:12;9:3;10:4;11:2;12:2;13:2;14:2;15:1;16:1;17:1;18:1} | themes=55 | dates=207
tradable_zt,NOT is_sub_high & href_le1,317,100,0.3155,43/141=30.5%,57/176=32.4%,yizi_today=29.0% | yizi_next_all=13.9% | height{2:16;3:78;4:86;5:48;6:36;7:22;8:12;9:3;10:4;11:2;12:2;13:2;14:2;15:1;16:1;17:1;18:1} | themes=55 | dates=207
tradable_zt,H_le4 & is_new_high & theme_alive_own,149,47,0.3154,13/43=30.2%,34/106=32.1%,yizi_today=22.8% | yizi_next_all=9.4% | height{2:15;3:62;4:72} | themes=40 | dates=73
tradable_zt,is_new_high & theme_alive_own & NOT boards_ge5,149,47,0.3154,13/43=30.2%,34/106=32.1%,yizi_today=22.8% | yizi_next_all=9.4% | height{2:15;3:62;4:72} | themes=40 | dates=73
tradable_zt,NOT prev_leader_baoliang & one_price_today,279,88,0.3154,59/181=32.6%,29/98=29.6%,yizi_today=100%_not_buyable | yizi_today=100.0% | yizi_next_all=38.0% | height{2:122;3:85;4:28;5:16;6:9;7:6;8:5;9:1;10:2;12:1;13:1;14:2;16:1} | themes=53 | dates=100
tradable_zt,one_price_today,511,161,0.3151,108/337=32.0%,53/174=30.5%,yizi_today=100%_not_buyable | yizi_today=100.0% | yizi_next_all=37.8% | height{2:245;3:141;4:58;5:25;6:13;7:9;8:5;9:4;10:3;11:1;12:1;13:1;14:2;15:1;16:1;17:1} | themes=66 | dates=187
tradable_zt,one_price_today & NOT opened,511,161,0.3151,108/337=32.0%,53/174=30.5%,yizi_today=100%_not_buyable | yizi_today=100.0% | yizi_next_all=37.8% | height{2:245;3:141;4:58;5:25;6:13;7:9;8:5;9:4;10:3;11:1;12:1;13:1;14:2;15:1;16:1;17:1} | themes=66 | dates=187
tradable_zt,one_price_today & unopened,511,161,0.3151,108/337=32.0%,53/174=30.5%,yizi_today=100%_not_buyable | yizi_today=100.0% | yizi_next_all=37.8% | height{2:245;3:141;4:58;5:25;6:13;7:9;8:5;9:4;10:3;11:1;12:1;13:1;14:2;15:1;16:1;17:1} | themes=66 | dates=187
tradable_zt,NOT boards_ge5 & opened & own_baoliang,200,63,0.3150,32/118=27.1%,31/82=37.8%,yizi_today=0.0% | yizi_next_all=1.5% | height{3:137;4:63} | themes=63 | dates=121
tradable_zt,is_new_high & theme_alive_own & NOT is_fanbao,251,79,0.3147,34/110=30.9%,45/141=31.9%,yizi_today=29.9% | yizi_next_all=13.9% | height{2:14;3:58;4:63;5:41;6:30;7:19;8:9;9:2;10:4;11:2;12:2;13:2;14:2;15:1;16:1;17:1} | themes=44 | dates=180
tradable_zt,prev_leader_baoliang & one_price_today,232,73,0.3147,49/156=31.4%,24/76=31.6%,yizi_today=100%_not_buyable | yizi_today=100.0% | yizi_next_all=37.5% | height{2:123;3:56;4:30;5:9;6:4;7:3;9:3;10:1;11:1;15:1;17:1} | themes=49 | dates=87
tradable_zt,NOT is_mid_2_3 & opened,232,73,0.3147,48/145=33.1%,25/87=28.7%,yizi_today=0.0% | yizi_next_all=3.0% | height{4:128;5:51;6:27;7:13;8:7;9:1;10:1;11:1;12:1;13:1;18:1} | themes=52 | dates=136
tradable_zt,NOT is_mid_2_3 & NOT unopened,232,73,0.3147,48/145=33.1%,25/87=28.7%,yizi_today=0.0% | yizi_next_all=3.0% | height{4:128;5:51;6:27;7:13;8:7;9:1;10:1;11:1;12:1;13:1;18:1} | themes=52 | dates=136
tradable_zt,NOT height_drop & own_baoliang,267,84,0.3146,46/165=27.9%,38/102=37.3%,yizi_today=14.6% | yizi_next_all=9.4% | height{3:133;4:69;5:31;6:12;7:6;8:6;9:4;11:1;13:1;14:1;16:1;17:1;18:1} | themes=61 | dates=125
tradable_zt,NOT is_mid_2_3 & NOT same_theme_baoliang,337,106,0.3145,72/221=32.6%,34/116=29.3%,yizi_today=28.8% | yizi_next_all=16.0% | height{4:194;5:72;6:31;7:18;8:10;9:3;10:3;11:1;12:2;13:1;14:1;15:1} | themes=53 | dates=149
tradable_zt,theme_alive_own & boards_ge5,175,55,0.3143,36/118=30.5%,19/57=33.3%,yizi_today=35.4% | yizi_next_all=21.7% | height{5:82;6:40;7:22;8:12;9:4;10:4;11:2;12:2;13:2;14:2;15:1;16:1;17:1} | themes=34 | dates=118
tradable_zt,one_price_today & NOT boards_ge5 & own_baoliang,35,11,0.3143,5/19=26.3%,6/16=37.5%,yizi_today=100%_not_buyable | yizi_today=100.0% | yizi_next_all=40.0% | height{3:24;4:11} | themes=13 | dates=34
tradable_zt,NOT same_theme_broken & own_baoliang,331,104,0.3142,58/203=28.6%,46/128=35.9%,yizi_today=16.0% | yizi_next_all=9.4% | height{3:168;4:86;5:37;6:17;7:7;8:6;9:4;11:1;13:1;14:1;16:1;17:1;18:1} | themes=71 | dates=155
tradable_zt,opened & NOT is_fanbao & own_baoliang,242,76,0.3140,43/151=28.5%,33/91=36.3%,yizi_today=0.0% | yizi_next_all=1.7% | height{3:132;4:60;5:30;6:11;7:4;8:3;11:1;18:1} | themes=65 | dates=138
tradable_zt,NOT prev_leader_baoliang & boards_ge5,121,38,0.3140,22/82=26.8%,16/39=41.0%,yizi_today=36.4% | yizi_next_all=19.8% | height{5:55;6:29;7:15;8:11;9:1;10:3;11:1;12:1;13:2;14:2;16:1} | themes=35 | dates=73
tradable_zt,is_new_high & NOT is_fanbao & NOT own_baoliang,188,59,0.3138,26/82=31.7%,33/106=31.1%,yizi_today=34.6% | yizi_next_all=16.0% | height{2:15;3:46;4:48;5:25;6:22;7:15;8:7;9:1;10:3;11:1;12:2;13:1;14:1;15:1} | themes=42 | dates=137
tradable_zt,NOT leader_absent & opened & own_baoliang,153,48,0.3137,28/95=29.5%,20/58=34.5%,yizi_today=0.0% | yizi_next_all=1.3% | height{3:77;4:44;5:19;6:5;7:3;8:3;11:1;18:1} | themes=51 | dates=89
tradable_zt,boards_ge5 & NOT is_fanbao & NOT own_baoliang,118,37,0.3136,22/78=28.2%,15/40=37.5%,yizi_today=37.3% | yizi_next_all=22.9% | height{5:52;6:29;7:18;8:9;9:1;10:3;11:1;12:2;13:1;14:1;15:1} | themes=29 | dates=86
tradable_zt,NOT height_new_high & own_baoliang,303,95,0.3135,52/179=29.1%,43/124=34.7%,yizi_today=14.9% | yizi_next_all=8.6% | height{3:165;4:78;5:33;6:15;7:6;8:3;10:1;13:1;14:1} | themes=66 | dates=147
tradable_zt,NOT one_price_today & is_new_high & NOT own_baoliang,134,42,0.3134,15/45=33.3%,27/89=30.3%,yizi_today=0.0% | yizi_next_all=5.2% | height{2:13;3:33;4:36;5:15;6:17;7:10;8:6;9:1;10:1;12:1;13:1} | themes=38 | dates=97
tradable_zt,is_new_high & NOT is_fanbao,300,94,0.3133,43/141=30.5%,51/159=32.1%,yizi_today=30.3% | yizi_next_all=14.3% | height{2:15;3:74;4:77;5:45;6:36;7:22;8:12;9:3;10:4;11:2;12:2;13:2;14:2;15:1;16:1;17:1;18:1} | themes=55 | dates=201
tradable_zt,is_new_high & NOT is_fanbao & href_le1,300,94,0.3133,43/141=30.5%,51/159=32.1%,yizi_today=30.3% | yizi_next_all=14.3% | height{2:15;3:74;4:77;5:45;6:36;7:22;8:12;9:3;10:4;11:2;12:2;13:2;14:2;15:1;16:1;17:1;18:1} | themes=55 | dates=201
tradable_zt,NOT leader_absent & boards_ge5 & NOT is_fanbao,150,47,0.3133,29/98=29.6%,18/52=34.6%,yizi_today=34.7% | yizi_next_all=21.3% | height{5:64;6:31;7:23;8:15;9:5;10:1;11:2;12:2;13:2;14:1;15:1;16:1;17:1;18:1} | themes=35 | dates=95
tradable_zt,one_price_today & NOT href_le1,358,112,0.3128,74/243=30.5%,38/115=33.0%,yizi_today=100%_not_buyable | yizi_today=100.0% | yizi_next_all=39.4% | height{2:212;3:102;4:27;5:7;6:4;7:2;8:2;9:2} | themes=61 | dates=147
tradable_zt,one_price_today & NOT is_new_high & NOT href_le1,358,112,0.3128,74/243=30.5%,38/115=33.0%,yizi_today=100%_not_buyable | yizi_today=100.0% | yizi_next_all=39.4% | height{2:212;3:102;4:27;5:7;6:4;7:2;8:2;9:2} | themes=61 | dates=147
tradable_zt,one_price_today & NOT opened & NOT href_le1,358,112,0.3128,74/243=30.5%,38/115=33.0%,yizi_today=100%_not_buyable | yizi_today=100.0% | yizi_next_all=39.4% | height{2:212;3:102;4:27;5:7;6:4;7:2;8:2;9:2} | themes=61 | dates=147
tradable_zt,one_price_today & NOT is_fanbao,499,156,0.3126,106/334=31.7%,50/165=30.3%,yizi_today=100%_not_buyable | yizi_today=100.0% | yizi_next_all=38.3% | height{2:235;3:141;4:58;5:23;6:13;7:9;8:5;9:4;10:3;11:1;12:1;13:1;14:2;15:1;16:1;17:1} | themes=66 | dates=186
tradable_zt,one_price_today & NOT opened & NOT is_fanbao,499,156,0.3126,106/334=31.7%,50/165=30.3%,yizi_today=100%_not_buyable | yizi_today=100.0% | yizi_next_all=38.3% | height{2:235;3:141;4:58;5:23;6:13;7:9;8:5;9:4;10:3;11:1;12:1;13:1;14:2;15:1;16:1;17:1} | themes=66 | dates=186
tradable_zt,NOT theme_alive & NOT is_mid_2_3,320,100,0.3125,67/222=30.2%,33/98=33.7%,yizi_today=27.2% | yizi_next_all=15.9% | height{4:156;5:72;6:36;7:24;8:15;9:5;10:1;11:2;12:2;13:2;14:1;15:1;16:1;17:1;18:1} | themes=56 | dates=120
tradable_zt,is_new_high & NOT is_fanbao & own_baoliang,112,35,0.3125,17/59=28.8%,18/53=34.0%,yizi_today=23.2% | yizi_next_all=11.6% | height{3:28;4:29;5:20;6:14;7:7;8:5;9:2;10:1;11:1;13:1;14:1;16:1;17:1;18:1} | themes=41 | dates=98
tradable_zt,boards_ge5,202,63,0.3119,40/135=29.6%,23/67=34.3%,yizi_today=33.2% | yizi_next_all=20.3% | height{5:95;6:46;7:25;8:15;9:5;10:4;11:2;12:2;13:2;14:2;15:1;16:1;17:1;18:1} | themes=40 | dates=129
tradable_zt,NOT is_mid_2_3 & boards_ge5,202,63,0.3119,40/135=29.6%,23/67=34.3%,yizi_today=33.2% | yizi_next_all=20.3% | height{5:95;6:46;7:25;8:15;9:5;10:4;11:2;12:2;13:2;14:2;15:1;16:1;17:1;18:1} | themes=40 | dates=129
tradable_zt,NOT leader_absent & same_theme_baoliang,93,29,0.3118,13/45=28.9%,16/48=33.3%,yizi_today=24.7% | yizi_next_all=9.7% | height{2:22;3:15;4:17;5:14;6:7;7:6;8:5;9:2;11:1;13:1;16:1;17:1;18:1} | themes=26 | dates=49
tradable_zt,NOT lag0 & same_theme_baoliang,93,29,0.3118,13/45=28.9%,16/48=33.3%,yizi_today=24.7% | yizi_next_all=9.7% | height{2:22;3:15;4:17;5:14;6:7;7:6;8:5;9:2;11:1;13:1;16:1;17:1;18:1} | themes=26 | dates=49
tradable_zt,NOT leader_absent & leader_baoliang & same_theme_baoliang,93,29,0.3118,13/45=28.9%,16/48=33.3%,yizi_today=24.7% | yizi_next_all=9.7% | height{2:22;3:15;4:17;5:14;6:7;7:6;8:5;9:2;11:1;13:1;16:1;17:1;18:1} | themes=26 | dates=49
tradable_zt,is_new_high & theme_alive_own & NOT own_baoliang,170,53,0.3118,21/65=32.3%,32/105=30.5%,yizi_today=31.2% | yizi_next_all=14.7% | height{2:15;3:39;4:43;5:27;6:18;7:13;8:6;10:3;11:1;12:2;13:1;14:1;15:1} | themes=37 | dates=126
tradable_zt,NOT one_price_today & own_baoliang,302,94,0.3113,51/183=27.9%,43/119=36.1%,yizi_today=0.0% | yizi_next_all=2.3% | height{3:162;4:81;5:35;6:13;7:5;8:4;11:1;18:1} | themes=73 | dates=157
tradable_zt,is_new_high & NOT boards_ge5,180,56,0.3111,19/63=30.2%,37/117=31.6%,yizi_today=25.6% | yizi_next_all=10.6% | height{2:16;3:78;4:86} | themes=50 | dates=78
tradable_zt,is_new_high & NOT boards_ge5 & href_le1,180,56,0.3111,19/63=30.2%,37/117=31.6%,yizi_today=25.6% | yizi_next_all=10.6% | height{2:16;3:78;4:86} | themes=50 | dates=78
tradable_zt,own_baoliang & same_theme_baoliang,135,42,0.3111,18/69=26.1%,24/66=36.4%,yizi_today=21.5% | yizi_next_all=11.1% | height{3:42;4:37;5:21;6:14;7:7;8:5;9:2;10:1;11:1;13:1;14:1;16:1;17:1;18:1} | themes=41 | dates=100
tradable_zt,theme_alive & one_price_today,148,46,0.3108,21/71=29.6%,25/77=32.5%,yizi_today=100%_not_buyable | yizi_today=100.0% | yizi_next_all=33.1% | height{2:69;3:41;4:26;5:4;6:4;7:1;10:2;14:1} | themes=41 | dates=66
tradable_zt,prev_leader_baoliang & own_baoliang,161,50,0.3106,28/98=28.6%,22/63=34.9%,yizi_today=15.5% | yizi_next_all=7.5% | height{3:83;4:44;5:18;6:5;7:4;8:2;9:3;17:1;18:1} | themes=45 | dates=79
tradable_zt,one_price_today & NOT is_fanbao & NOT href_le1,348,108,0.3103,73/241=30.3%,35/107=32.7%,yizi_today=100%_not_buyable | yizi_today=100.0% | yizi_next_all=39.9% | height{2:203;3:102;4:27;5:6;6:4;7:2;8:2;9:2} | themes=60 | dates=146
tradable_zt,NOT leader_absent & one_price_today,319,99,0.3103,64/211=30.3%,35/108=32.4%,yizi_today=100%_not_buyable | yizi_today=100.0% | yizi_next_all=41.4% | height{2:146;3:91;4:28;5:20;6:9;7:8;8:5;9:4;10:1;11:1;12:1;13:1;14:1;15:1;16:1;17:1} | themes=55 | dates=110
tradable_zt,one_price_today & NOT lag0,319,99,0.3103,64/211=30.3%,35/108=32.4%,yizi_today=100%_not_buyable | yizi_today=100.0% | yizi_next_all=41.4% | height{2:146;3:91;4:28;5:20;6:9;7:8;8:5;9:4;10:1;11:1;12:1;13:1;14:1;15:1;16:1;17:1} | themes=55 | dates=110
tradable_zt,NOT leader_absent & one_price_today & NOT opened,319,99,0.3103,64/211=30.3%,35/108=32.4%,yizi_today=100%_not_buyable | yizi_today=100.0% | yizi_next_all=41.4% | height{2:146;3:91;4:28;5:20;6:9;7:8;8:5;9:4;10:1;11:1;12:1;13:1;14:1;15:1;16:1;17:1} | themes=55 | dates=110
tradable_zt,NOT is_new_high & NOT is_mid_2_3,216,67,0.3102,55/168=32.7%,12/48=25.0%,yizi_today=25.5% | yizi_next_all=13.9% | height{4:151;5:47;6:10;7:3;8:3;9:2} | themes=48 | dates=95
tradable_zt,NOT is_sub_high & boards_ge5,187,58,0.3102,36/123=29.3%,22/64=34.4%,yizi_today=33.7% | yizi_next_all=21.4% | height{5:82;6:45;7:24;8:15;9:5;10:4;11:2;12:2;13:2;14:2;15:1;16:1;17:1;18:1} | themes=37 | dates=129
tradable_zt,NOT leader_baoliang & own_baoliang,129,40,0.3101,25/81=30.9%,15/48=31.2%,yizi_today=12.4% | yizi_next_all=10.1% | height{3:75;4:34;5:15;6:2;8:1;9:2} | themes=44 | dates=67
tradable_zt,is_new_high & NOT own_baoliang,200,62,0.3100,26/82=31.7%,36/118=30.5%,yizi_today=33.0% | yizi_next_all=15.5% | height{2:16;3:48;4:54;5:28;6:22;7:15;8:7;9:1;10:3;11:1;12:2;13:1;14:1;15:1} | themes=43 | dates=143
tradable_zt,is_new_high & NOT own_baoliang & href_le1,200,62,0.3100,26/82=31.7%,36/118=30.5%,yizi_today=33.0% | yizi_next_all=15.5% | height{2:16;3:48;4:54;5:28;6:22;7:15;8:7;9:1;10:3;11:1;12:2;13:1;14:1;15:1} | themes=43 | dates=143
tradable_zt,NOT height_new_high & NOT is_mid_2_3,368,114,0.3098,70/225=31.1%,44/143=30.8%,yizi_today=27.4% | yizi_next_all=13.9% | height{4:210;5:83;6:41;7:21;8:7;10:2;11:1;12:1;13:1;14:1} | themes=58 | dates=156
tradable_zt,NOT is_sub_high & NOT is_mid_2_3,391,121,0.3095,78/249=31.3%,43/142=30.3%,yizi_today=29.2% | yizi_next_all=16.1% | height{4:204;5:82;6:45;7:24;8:15;9:5;10:4;11:2;12:2;13:2;14:2;15:1;16:1;17:1;18:1} | themes=56 | dates=178
tradable_zt,NOT leader_absent & is_new_high & NOT is_fanbao,136,42,0.3088,21/69=30.4%,21/67=31.3%,yizi_today=30.9% | yizi_next_all=14.7% | height{3:7;4:29;5:31;6:22;7:20;8:12;9:3;10:1;11:2;12:2;13:2;14:1;15:1;16:1;17:1;18:1} | themes=36 | dates=115
tradable_zt,prev_leader_baoliang & boards_ge5,81,25,0.3086,18/53=34.0%,7/28=25.0%,yizi_today=28.4% | yizi_next_all=21.0% | height{5:40;6:17;7:10;8:4;9:4;10:1;11:1;12:1;15:1;17:1;18:1} | themes=26 | dates=56
tradable_zt,theme_alive_own & boards_ge5 & NOT own_baoliang,107,33,0.3084,21/71=29.6%,12/36=33.3%,yizi_today=39.3% | yizi_next_all=23.4% | height{5:49;6:25;7:16;8:8;10:3;11:1;12:2;13:1;14:1;15:1} | themes=27 | dates=79
tradable_zt,height_drop & is_new_high,120,37,0.3083,14/44=31.8%,23/76=30.3%,yizi_today=30.0% | yizi_next_all=13.3% | height{2:16;3:50;4:31;5:10;6:9;7:2;10:2} | themes=43 | dates=58
tradable_zt,NOT leader_absent & boards_ge5 & NOT opened,78,24,0.3077,14/48=29.2%,10/30=33.3%,yizi_today=69%_not_buyable | yizi_today=69.2% | yizi_next_all=37.2% | height{5:33;6:14;7:11;8:8;9:4;10:1;11:1;12:1;13:1;14:1;15:1;16:1;17:1} | themes=22 | dates=59
tradable_zt,NOT leader_absent & one_price_today & NOT is_fanbao,309,95,0.3074,63/209=30.1%,32/100=32.0%,yizi_today=100%_not_buyable | yizi_today=100.0% | yizi_next_all=42.1% | height{2:138;3:91;4:28;5:18;6:9;7:8;8:5;9:4;10:1;11:1;12:1;13:1;14:1;15:1;16:1;17:1} | themes=54 | dates=109
tradable_zt,NOT height_drop & boards_ge5,166,51,0.3072,31/105=29.5%,20/61=32.8%,yizi_today=34.3% | yizi_next_all=21.1% | height{5:73;6:36;7:23;8:15;9:5;10:2;11:2;12:2;13:2;14:2;15:1;16:1;17:1;18:1} | themes=38 | dates=108
tradable_zt,NOT leader_absent & one_price_today & theme_alive_own,280,86,0.3071,58/193=30.1%,28/87=32.2%,yizi_today=100%_not_buyable | yizi_today=100.0% | yizi_next_all=40.7% | height{2:128;3:77;4:25;5:19;6:7;7:7;8:5;9:4;10:1;11:1;12:1;13:1;14:1;15:1;16:1;17:1} | themes=46 | dates=102
tradable_zt,NOT is_sub_high & one_price_today,450,138,0.3067,90/295=30.5%,48/155=31.0%,yizi_today=100%_not_buyable | yizi_today=100.0% | yizi_next_all=39.1% | height{2:215;3:121;4:51;5:21;6:13;7:9;8:5;9:4;10:3;11:1;12:1;13:1;14:2;15:1;16:1;17:1} | themes=63 | dates=175
tradable_zt,theme_alive_own & NOT is_mid_2_3,382,117,0.3063,75/243=30.9%,42/139=30.2%,yizi_today=28.8% | yizi_next_all=16.0% | height{4:207;5:82;6:40;7:22;8:12;9:4;10:4;11:2;12:2;13:2;14:2;15:1;16:1;17:1} | themes=49 | dates=169
tradable_zt,NOT leader_absent & NOT is_fanbao & own_baoliang,209,64,0.3062,38/132=28.8%,26/77=33.8%,yizi_today=14.8% | yizi_next_all=9.1% | height{3:99;4:55;5:26;6:8;7:6;8:6;9:4;11:1;13:1;16:1;17:1;18:1} | themes=55 | dates=100
tradable_zt,NOT theme_alive_own & is_new_high,49,15,0.3061,9/31=29.0%,6/18=33.3%,yizi_today=32.7% | yizi_next_all=16.3% | height{2:1;3:16;4:14;5:4;6:6;7:3;8:3;9:1;18:1} | themes=31 | dates=44
tradable_zt,leader_absent & one_price_today & is_new_high,49,15,0.3061,9/28=32.1%,6/21=28.6%,yizi_today=100%_not_buyable | yizi_today=100.0% | yizi_next_all=34.7% | height{2:3;3:16;4:20;5:2;6:4;7:1;10:2;14:1} | themes=23 | dates=40
tradable_zt,is_new_high & NOT theme_alive_own & NOT is_fanbao,49,15,0.3061,9/31=29.0%,6/18=33.3%,yizi_today=32.7% | yizi_next_all=16.3% | height{2:1;3:16;4:14;5:4;6:6;7:3;8:3;9:1;18:1} | themes=31 | dates=44
tradable_zt,is_new_high & NOT theme_alive_own & href_le1,49,15,0.3061,9/31=29.0%,6/18=33.3%,yizi_today=32.7% | yizi_next_all=16.3% | height{2:1;3:16;4:14;5:4;6:6;7:3;8:3;9:1;18:1} | themes=31 | dates=44
tradable_zt,NOT own_baoliang & boards_ge5,121,37,0.3058,22/78=28.2%,15/43=34.9%,yizi_today=37.2% | yizi_next_all=22.3% | height{5:55;6:29;7:18;8:9;9:1;10:3;11:1;12:2;13:1;14:1;15:1} | themes=30 | dates=89
tradable_zt,NOT height_drop & NOT is_mid_2_3,344,105,0.3052,66/216=30.6%,39/128=30.5%,yizi_today=27.9% | yizi_next_all=15.1% | height{4:178;5:73;6:36;7:23;8:15;9:5;10:2;11:2;12:2;13:2;14:2;15:1;16:1;17:1;18:1} | themes=55 | dates=140
tradable_zt,NOT leader_absent & boards_ge5,154,47,0.3052,29/98=29.6%,18/56=32.1%,yizi_today=35.1% | yizi_next_all=21.4% | height{5:68;6:31;7:23;8:15;9:5;10:1;11:2;12:2;13:2;14:1;15:1;16:1;17:1;18:1} | themes=36 | dates=98
tradable_zt,boards_ge5 & NOT lag0,154,47,0.3052,29/98=29.6%,18/56=32.1%,yizi_today=35.1% | yizi_next_all=21.4% | height{5:68;6:31;7:23;8:15;9:5;10:1;11:2;12:2;13:2;14:1;15:1;16:1;17:1;18:1} | themes=36 | dates=98
tradable_zt,NOT is_mid_2_3 & NOT is_fanbao,426,130,0.3052,86/282=30.5%,44/144=30.6%,yizi_today=28.9% | yizi_next_all=15.3% | height{4:228;5:91;6:46;7:25;8:15;9:5;10:4;11:2;12:2;13:2;14:2;15:1;16:1;17:1;18:1} | themes=59 | dates=174
tradable_zt,NOT theme_alive & boards_ge5,164,50,0.3049,33/113=29.2%,17/51=33.3%,yizi_today=33.5% | yizi_next_all=20.7% | height{5:72;6:36;7:24;8:15;9:5;10:1;11:2;12:2;13:2;14:1;15:1;16:1;17:1;18:1} | themes=37 | dates=101
tradable_zt,NOT one_price_today & NOT is_fanbao & own_baoliang,292,89,0.3048,51/182=28.0%,38/110=34.5%,yizi_today=0.0% | yizi_next_all=2.4% | height{3:155;4:78;5:35;6:13;7:5;8:4;11:1;18:1} | themes=73 | dates=154
tradable_zt,height_drop & one_price_today,128,39,0.3047,28/82=34.1%,11/46=23.9%,yizi_today=100%_not_buyable | yizi_today=100.0% | yizi_next_all=32.0% | height{2:66;3:33;4:19;5:4;6:3;7:1;10:2} | themes=41 | dates=53
tradable_zt,lag1 & is_new_high & theme_alive_own,69,21,0.3043,7/26=26.9%,14/43=32.6%,yizi_today=29.0% | yizi_next_all=14.5% | height{3:6;4:26;5:22;6:7;7:5;8:1;11:1;15:1} | themes=27 | dates=54
tradable_zt,leader_baoliang & NOT is_mid_2_3,191,58,0.3037,37/124=29.8%,21/67=31.3%,yizi_today=29.8% | yizi_next_all=12.6% | height{4:114;5:37;6:17;7:8;8:6;9:2;10:1;11:1;13:1;14:1;16:1;17:1;18:1} | themes=49 | dates=81
tradable_zt,NOT is_new_high & theme_alive_own & boards_ge5,56,17,0.3036,15/51=29.4%,2/5=40.0%,yizi_today=35.7% | yizi_next_all=28.6% | height{5:38;6:10;7:3;8:3;9:2} | themes=21 | dates=33
tradable_zt,NOT leader_absent & is_new_high,145,44,0.3034,21/69=30.4%,23/76=30.3%,yizi_today=29.7% | yizi_next_all=14.5% | height{3:7;4:35;5:34;6:22;7:20;8:12;9:3;10:1;11:2;12:2;13:2;14:1;15:1;16:1;17:1;18:1} | themes=38 | dates=121
tradable_zt,is_new_high & NOT lag0,145,44,0.3034,21/69=30.4%,23/76=30.3%,yizi_today=29.7% | yizi_next_all=14.5% | height{3:7;4:35;5:34;6:22;7:20;8:12;9:3;10:1;11:2;12:2;13:2;14:1;15:1;16:1;17:1;18:1} | themes=38 | dates=121
tradable_zt,NOT leader_absent & is_new_high & href_le1,145,44,0.3034,21/69=30.4%,23/76=30.3%,yizi_today=29.7% | yizi_next_all=14.5% | height{3:7;4:35;5:34;6:22;7:20;8:12;9:3;10:1;11:2;12:2;13:2;14:1;15:1;16:1;17:1;18:1} | themes=38 | dates=121
tradable_zt,one_price_today & is_new_high & NOT own_baoliang,66,20,0.3030,11/37=29.7%,9/29=31.0%,yizi_today=100%_not_buyable | yizi_today=100.0% | yizi_next_all=36.4% | height{2:3;3:15;4:18;5:13;6:5;7:5;8:1;10:2;11:1;12:1;14:1;15:1} | themes=27 | dates=60
tradable_zt,NOT one_price_today & is_new_high & NOT theme_alive_own,33,10,0.3030,6/20=30.0%,4/13=30.8%,yizi_today=0.0% | yizi_next_all=6.1% | height{3:12;4:7;5:4;6:3;7:2;8:3;9:1;18:1} | themes=25 | dates=30
tradable_zt,NOT one_price_today & boards_ge5 & NOT href_le1,33,10,0.3030,9/30=30.0%,1/3=33.3%,yizi_today=0.0% | yizi_next_all=12.1% | height{5:27;6:5;8:1} | themes=21 | dates=24
tradable_zt,NOT is_mid_2_3,439,133,0.3030,86/282=30.5%,47/157=29.9%,yizi_today=28.5% | yizi_next_all=15.3% | height{4:237;5:95;6:46;7:25;8:15;9:5;10:4;11:2;12:2;13:2;14:2;15:1;16:1;17:1;18:1} | themes=59 | dates=178
tradable_zt,boards_ge4,439,133,0.3030,86/282=30.5%,47/157=29.9%,yizi_today=28.5% | yizi_next_all=15.3% | height{4:237;5:95;6:46;7:25;8:15;9:5;10:4;11:2;12:2;13:2;14:2;15:1;16:1;17:1;18:1} | themes=59 | dates=178
tradable_zt,NOT leader_absent & boards_ge5 & opened,76,23,0.3026,15/50=30.0%,8/26=30.8%,yizi_today=0.0% | yizi_next_all=5.3% | height{5:35;6:17;7:12;8:7;9:1;11:1;12:1;13:1;18:1} | themes=30 | dates=61
tradable_zt,NOT leader_baoliang & NOT is_mid_2_3,248,75,0.3024,49/158=31.0%,26/90=28.9%,yizi_today=27.4% | yizi_next_all=17.3% | height{4:123;5:58;6:29;7:17;8:9;9:3;10:3;11:1;12:2;13:1;14:1;15:1} | themes=45 | dates=97
tradable_zt,theme_alive_own & own_baoliang,301,91,0.3023,48/180=26.7%,43/121=35.5%,yizi_today=16.6% | yizi_next_all=9.3% | height{3:152;4:81;5:33;6:15;7:6;8:4;9:4;10:1;11:1;13:1;14:1;16:1;17:1} | themes=57 | dates=154
tradable_zt,NOT same_theme_broken & NOT is_mid_2_3,421,127,0.3017,81/269=30.1%,46/152=30.3%,yizi_today=28.3% | yizi_next_all=15.4% | height{4:225;5:90;6:46;7:25;8:15;9:5;10:3;11:2;12:2;13:2;14:2;15:1;16:1;17:1;18:1} | themes=59 | dates=175
tradable_zt,NOT theme_alive & own_baoliang,252,76,0.3016,48/169=28.4%,28/83=33.7%,yizi_today=15.9% | yizi_next_all=10.3% | height{3:121;4:67;5:28;6:14;7:7;8:6;9:4;11:1;13:1;16:1;17:1;18:1} | themes=59 | dates=114
tradable_zt,amt_lo,637,192,0.3014,106/339=31.3%,86/298=28.9%,yizi_today=62%_not_buyable | yizi_today=62.5% | yizi_next_all=28.6% | height{2:369;3:138;4:63;5:29;6:13;7:10;8:5;9:2;10:3;11:1;12:1;13:1;14:1;15:1} | themes=86 | dates=207
tradable_zt,NOT leader_absent & NOT one_price_today & href_le1,166,50,0.3012,21/73=28.8%,29/93=31.2%,yizi_today=0.0% | yizi_next_all=3.0% | height{2:10;3:39;4:45;5:26;6:17;7:15;8:9;9:1;11:1;12:1;13:1;18:1} | themes=44 | dates=97
tradable_zt,is_new_high & NOT boards_ge5 & NOT is_fanbao,166,50,0.3012,19/63=30.2%,31/103=30.1%,yizi_today=27.7% | yizi_next_all=10.8% | height{2:15;3:74;4:77} | themes=50 | dates=75
tradable_zt,NOT leader_absent & own_baoliang,216,65,0.3009,38/133=28.6%,27/83=32.5%,yizi_today=14.8% | yizi_next_all=9.3% | height{3:102;4:58;5:27;6:8;7:6;8:6;9:4;11:1;13:1;16:1;17:1;18:1} | themes=55 | dates=103
tradable_zt,own_baoliang & NOT lag0,216,65,0.3009,38/133=28.6%,27/83=32.5%,yizi_today=14.8% | yizi_next_all=9.3% | height{3:102;4:58;5:27;6:8;7:6;8:6;9:4;11:1;13:1;16:1;17:1;18:1} | themes=55 | dates=103
tradable_zt,own_baoliang,359,108,0.3008,59/219=26.9%,49/140=35.0%,yizi_today=15.9% | yizi_next_all=9.5% | height{3:186;4:92;5:40;6:17;7:7;8:6;9:4;10:1;11:1;13:1;14:1;16:1;17:1;18:1} | themes=73 | dates=167
tradable_zt,NOT leader_baoliang & is_new_high,123,37,0.3008,17/55=30.9%,20/68=29.4%,yizi_today=32.5% | yizi_next_all=17.9% | height{3:12;4:32;5:25;6:22;7:15;8:7;9:1;10:3;11:1;12:2;13:1;14:1;15:1} | themes=33 | dates=105
tradable_zt,NOT leader_absent & is_new_high & theme_alive_own,123,37,0.3008,17/55=30.9%,20/68=29.4%,yizi_today=30.1% | yizi_next_all=13.8% | height{3:6;4:28;5:32;6:18;7:17;8:9;9:2;10:1;11:2;12:2;13:2;14:1;15:1;16:1;17:1} | themes=33 | dates=107
tradable_zt,NOT leader_baoliang & one_price_today,276,83,0.3007,55/183=30.1%,28/93=30.1%,yizi_today=100%_not_buyable | yizi_today=100.0% | yizi_next_all=40.9% | height{2:138;3:70;4:28;5:17;6:7;7:6;8:2;9:2;10:2;11:1;12:1;14:1;15:1} | themes=54 | dates=93
tradable_zt,leader_absent & own_baoliang,143,43,0.3007,21/86=24.4%,22/57=38.6%,yizi_today=17.5% | yizi_next_all=9.8% | height{3:84;4:34;5:13;6:9;7:1;10:1;14:1} | themes=52 | dates=64
tradable_zt,own_baoliang & lag0,143,43,0.3007,21/86=24.4%,22/57=38.6%,yizi_today=17.5% | yizi_next_all=9.8% | height{3:84;4:34;5:13;6:9;7:1;10:1;14:1} | themes=52 | dates=64
tradable_zt,boards_ge5 & NOT same_theme_baoliang,143,43,0.3007,28/98=28.6%,15/45=33.3%,yizi_today=33.6% | yizi_next_all=21.0% | height{5:72;6:31;7:18;8:10;9:3;10:3;11:1;12:2;13:1;14:1;15:1} | themes=37 | dates=90
tradable_zt,own_baoliang & NOT one_price_today & boards_ge4,140,42,0.3000,25/91=27.5%,17/49=34.7%,yizi_today=0.0% | yizi_next_all=0.7% | height{4:81;5:35;6:13;7:5;8:4;11:1;18:1} | themes=46 | dates=104
tradable_zt,leader_absent & NOT one_price_today & boards_ge4,100,30,0.3000,21/66=31.8%,9/34=26.5%,yizi_today=0.0% | yizi_next_all=4.0% | height{4:65;5:22;6:11;7:1;10:1} | themes=37 | dates=51
tradable_zt,boards_ge5 & NOT own_baoliang & href_le1,90,27,0.3000,14/50=28.0%,13/40=32.5%,yizi_today=35.6% | yizi_next_all=18.9% | height{5:35;6:22;7:16;8:7;9:1;10:3;11:1;12:2;13:1;14:1;15:1} | themes=26 | dates=82
tradable_zt,is_new_high & NOT theme_alive_own & NOT own_baoliang,30,9,0.3000,5/17=29.4%,4/13=30.8%,yizi_today=43.3% | yizi_next_all=20.0% | height{2:1;3:9;4:11;5:1;6:4;7:2;8:1;9:1} | themes=20 | dates=29
tradable_zt,is_new_high & same_theme_baoliang,137,41,0.2993,19/65=29.2%,22/72=30.6%,yizi_today=21.9% | yizi_next_all=10.9% | height{2:10;3:37;4:35;5:20;6:14;7:7;8:5;9:2;10:1;11:1;13:1;14:1;16:1;17:1;18:1} | themes=41 | dates=102
tradable_zt,theme_alive & is_new_high,127,38,0.2992,12/42=28.6%,26/85=30.6%,yizi_today=29.9% | yizi_next_all=11.8% | height{3:42;4:54;5:16;6:10;7:1;10:3;14:1} | themes=42 | dates=72
tradable_zt,theme_alive & own_baoliang,107,32,0.2991,11/50=22.0%,21/57=36.8%,yizi_today=15.9% | yizi_next_all=7.5% | height{3:65;4:25;5:12;6:3;10:1;14:1} | themes=45 | dates=53
tradable_zt,is_new_high & NOT opened & NOT own_baoliang,107,32,0.2991,13/44=29.5%,19/63=30.2%,yizi_today=62%_not_buyable | yizi_today=61.7% | yizi_next_all=27.1% | height{2:7;3:27;4:31;5:18;6:8;7:7;8:3;10:2;11:1;12:1;14:1;15:1} | themes=36 | dates=89
tradable_zt,NOT one_price_today & is_new_high & NOT boards_ge5,134,40,0.2985,9/41=22.0%,31/93=33.3%,yizi_today=0.0% | yizi_next_all=5.2% | height{2:13;3:59;4:62} | themes=47 | dates=67
tradable_zt,lag_1to3 & is_new_high & theme_alive_own,114,34,0.2982,14/49=28.6%,20/65=30.8%,yizi_today=29.8% | yizi_next_all=14.0% | height{3:6;4:27;5:32;6:18;7:16;8:6;9:1;11:1;12:1;13:2;14:1;15:1;16:1;17:1} | themes=32 | dates=98
tradable_zt,lag1 & href_le1 & NOT one_price_today,111,33,0.2973,12/46=26.1%,21/65=32.3%,yizi_today=0.0% | yizi_next_all=3.6% | height{2:10;3:37;4:39;5:13;6:7;7:5} | themes=41 | dates=51
tradable_zt,NOT is_new_high & boards_ge5 & NOT is_fanbao,64,19,0.2969,16/57=28.1%,3/7=42.9%,yizi_today=31.2% | yizi_next_all=23.4% | height{5:46;6:10;7:3;8:3;9:2} | themes=29 | dates=37
tradable_zt,leader_absent & NOT one_price_today & own_baoliang,118,35,0.2966,17/72=23.6%,18/46=39.1%,yizi_today=0.0% | yizi_next_all=3.4% | height{3:71;4:27;5:12;6:7;7:1} | themes=50 | dates=58
tradable_zt,leader_absent & NOT boards_ge5 & own_baoliang,118,35,0.2966,15/66=22.7%,20/52=38.5%,yizi_today=16.9% | yizi_next_all=8.5% | height{3:84;4:34} | themes=47 | dates=57
tradable_zt,theme_alive_own & NOT is_fanbao & own_baoliang,290,86,0.2966,48/179=26.8%,38/111=34.2%,yizi_today=16.9% | yizi_next_all=9.3% | height{3:145;4:78;5:32;6:15;7:6;8:4;9:4;10:1;11:1;13:1;14:1;16:1;17:1} | themes=57 | dates=151
tradable_zt,NOT is_new_high & NOT boards_ge5 & own_baoliang,216,64,0.2963,36/136=26.5%,28/80=35.0%,yizi_today=11.6% | yizi_next_all=6.9% | height{3:156;4:60} | themes=60 | dates=121
tradable_zt,theme_alive_own & NOT boards_ge5 & own_baoliang,233,69,0.2961,33/133=24.8%,36/100=36.0%,yizi_today=12.9% | yizi_next_all=6.4% | height{3:152;4:81} | themes=55 | dates=134
tradable_zt,NOT is_fanbao & own_baoliang,348,103,0.2960,59/218=27.1%,44/130=33.8%,yizi_today=16.1% | yizi_next_all=9.5% | height{3:179;4:89;5:39;6:17;7:7;8:6;9:4;10:1;11:1;13:1;14:1;16:1;17:1;18:1} | themes=73 | dates=164
tradable_zt,is_new_high & NOT is_mid_2_3,223,66,0.2960,31/114=27.2%,35/109=32.1%,yizi_today=31.4% | yizi_next_all=16.6% | height{4:86;5:48;6:36;7:22;8:12;9:3;10:4;11:2;12:2;13:2;14:2;15:1;16:1;17:1;18:1} | themes=42 | dates=178
tradable_zt,NOT leader_absent & boards_ge5 & NOT own_baoliang,98,29,0.2959,17/61=27.9%,12/37=32.4%,yizi_today=37.8% | yizi_next_all=23.5% | height{5:41;6:23;7:17;8:9;9:1;10:1;11:1;12:2;13:1;14:1;15:1} | themes=29 | dates=73
tradable_zt,NOT leader_absent & NOT own_baoliang & href_le1,142,42,0.2958,19/64=29.7%,23/78=29.5%,yizi_today=31.0% | yizi_next_all=15.5% | height{2:10;3:28;4:33;5:25;6:16;7:15;8:7;9:1;10:1;11:1;12:2;13:1;14:1;15:1} | themes=41 | dates=91
tradable_zt,leader_baoliang & own_baoliang,230,68,0.2957,34/138=24.6%,34/92=37.0%,yizi_today=17.8% | yizi_next_all=9.1% | height{3:111;4:58;5:25;6:15;7:7;8:5;9:2;10:1;11:1;13:1;14:1;16:1;17:1;18:1} | themes=65 | dates=100
tradable_zt,is_new_high & NOT boards_ge5 & NOT opened,88,26,0.2955,12/32=37.5%,14/56=25.0%,yizi_today=52%_not_buyable | yizi_today=52.3% | yizi_next_all=20.5% | height{2:7;3:38;4:43} | themes=39 | dates=56
tradable_zt,NOT one_price_today & NOT is_new_high & boards_ge5,44,13,0.2955,12/39=30.8%,1/5=20.0%,yizi_today=0.0% | yizi_next_all=9.1% | height{5:36;6:6;7:1;8:1} | themes=26 | dates=32
tradable_zt,theme_alive_own & boards_ge5 & NOT href_le1,44,13,0.2955,11/40=27.5%,2/4=50.0%,yizi_today=38.6% | yizi_next_all=34.1% | height{5:28;6:9;7:2;8:3;9:2} | themes=19 | dates=25
tradable_zt,NOT boards_ge5 & NOT opened & is_fanbao,44,13,0.2955,2/4=50.0%,11/40=27.5%,yizi_today=22.7% | yizi_next_all=4.5% | height{2:38;3:4;4:2} | themes=19 | dates=32
tradable_zt,boards_eq4,237,70,0.2954,46/147=31.3%,24/90=26.7%,yizi_today=24.5% | yizi_next_all=11.0% | height{4:237} | themes=54 | dates=139
tradable_zt,NOT is_mid_2_3 & NOT boards_ge5,237,70,0.2954,46/147=31.3%,24/90=26.7%,yizi_today=24.5% | yizi_next_all=11.0% | height{4:237} | themes=54 | dates=139
tradable_zt,own_baoliang & NOT boards_ge5,278,82,0.2950,41/162=25.3%,41/116=35.3%,yizi_today=12.6% | yizi_next_all=7.2% | height{3:186;4:92} | themes=72 | dates=148
tradable_zt,height_drop & NOT is_mid_2_3,95,28,0.2947,20/66=30.3%,8/29=27.6%,yizi_today=30.5% | yizi_next_all=15.8% | height{4:59;5:22;6:10;7:2;10:2} | themes=36 | dates=38
tradable_zt,boards_ge5 & NOT opened & NOT is_fanbao,95,28,0.2947,17/66=25.8%,11/29=37.9%,yizi_today=68%_not_buyable | yizi_today=68.4% | yizi_next_all=37.9% | height{5:41;6:19;7:12;8:8;9:4;10:3;11:1;12:1;13:1;14:2;15:1;16:1;17:1} | themes=23 | dates=69
tradable_zt,own_baoliang & NOT same_theme_baoliang,224,66,0.2946,41/150=27.3%,25/74=33.8%,yizi_today=12.5% | yizi_next_all=8.5% | height{3:144;4:55;5:19;6:3;8:1;9:2} | themes=61 | dates=120
tradable_zt,opened & own_baoliang & href_le1,119,35,0.2941,15/64=23.4%,20/55=36.4%,yizi_today=0.0% | yizi_next_all=0.8% | height{3:53;4:28;5:21;6:9;7:4;8:2;11:1;18:1} | themes=43 | dates=88
tradable_zt,NOT opened & NOT own_baoliang & href_le1,262,77,0.2939,40/116=34.5%,37/146=25.3%,yizi_today=45.4% | yizi_next_all=17.2% | height{2:112;3:61;4:41;5:24;6:8;7:7;8:3;10:2;11:1;12:1;14:1;15:1} | themes=54 | dates=118
tradable_zt,NOT one_price_today & NOT is_new_high & own_baoliang,211,62,0.2938,39/139=28.1%,23/72=31.9%,yizi_today=0.0% | yizi_next_all=2.4% | height{3:136;4:55;5:16;6:3;8:1} | themes=62 | dates=115
tradable_zt,NOT is_new_high & opened & own_baoliang,177,52,0.2938,32/117=27.4%,20/60=33.3%,yizi_today=0.0% | yizi_next_all=2.3% | height{3:118;4:43;5:12;6:3;8:1} | themes=57 | dates=100
tradable_zt,NOT leader_absent & NOT boards_ge5 & own_baoliang,160,47,0.2938,26/96=27.1%,21/64=32.8%,yizi_today=9.4% | yizi_next_all=6.2% | height{3:102;4:58} | themes=51 | dates=91
tradable_zt,NOT leader_absent & theme_alive_own & boards_ge5,133,39,0.2932,25/85=29.4%,14/48=29.2%,yizi_today=37.6% | yizi_next_all=23.3% | height{5:59;6:27;7:20;8:12;9:4;10:1;11:2;12:2;13:2;14:1;15:1;16:1;17:1} | themes=33 | dates=89
tradable_zt,NOT theme_alive_own & own_baoliang,58,17,0.2931,11/39=28.2%,6/19=31.6%,yizi_today=12.1% | yizi_next_all=10.3% | height{3:34;4:11;5:7;6:2;7:1;8:2;18:1} | themes=35 | dates=52
tradable_zt,NOT theme_alive_own & NOT is_fanbao & own_baoliang,58,17,0.2931,11/39=28.2%,6/19=31.6%,yizi_today=12.1% | yizi_next_all=10.3% | height{3:34;4:11;5:7;6:2;7:1;8:2;18:1} | themes=35 | dates=52
tradable_zt,NOT prev_leader_baoliang & own_baoliang,198,58,0.2929,31/121=25.6%,27/77=35.1%,yizi_today=16.2% | yizi_next_all=11.1% | height{3:103;4:48;5:22;6:12;7:3;8:4;9:1;10:1;11:1;13:1;14:1;16:1} | themes=62 | dates=88
tradable_zt,NOT prev_leader_baoliang & NOT is_mid_2_3,246,72,0.2927,44/161=27.3%,28/85=32.9%,yizi_today=29.3% | yizi_next_all=17.1% | height{4:125;5:55;6:29;7:15;8:11;9:1;10:3;11:1;12:1;13:2;14:2;16:1} | themes=52 | dates=94
tradable_zt,NOT leader_absent & NOT is_new_high & own_baoliang,164,48,0.2927,30/107=28.0%,18/57=31.6%,yizi_today=12.2% | yizi_next_all=9.8% | height{3:99;4:45;5:15;6:2;8:1;9:2} | themes=51 | dates=89
tradable_zt,is_new_high & boards_ge5 & NOT own_baoliang,82,24,0.2927,12/45=26.7%,12/37=32.4%,yizi_today=36.6% | yizi_next_all=20.7% | height{5:28;6:22;7:15;8:7;9:1;10:3;11:1;12:2;13:1;14:1;15:1} | themes=25 | dates=79
tradable_zt,is_sub_high & NOT opened,171,50,0.2924,30/83=36.1%,20/88=22.7%,yizi_today=35.7% | yizi_next_all=11.7% | height{2:105;3:42;4:15;5:9} | themes=49 | dates=75
tradable_zt,is_sub_high & unopened,171,50,0.2924,30/83=36.1%,20/88=22.7%,yizi_today=35.7% | yizi_next_all=11.7% | height{2:105;3:42;4:15;5:9} | themes=49 | dates=75
tradable_zt,NOT is_new_high & NOT opened & href_le1,171,50,0.2924,30/83=36.1%,20/88=22.7%,yizi_today=35.7% | yizi_next_all=11.7% | height{2:105;3:42;4:15;5:9} | themes=49 | dates=75
tradable_zt,NOT is_new_high & boards_ge5,65,19,0.2923,16/57=28.1%,3/8=37.5%,yizi_today=32.3% | yizi_next_all=24.6% | height{5:47;6:10;7:3;8:3;9:2} | themes=29 | dates=38
tradable_zt,NOT one_price_today & NOT boards_ge5 & own_baoliang,243,71,0.2922,36/143=25.2%,35/100=35.0%,yizi_today=0.0% | yizi_next_all=2.5% | height{3:162;4:81} | themes=72 | dates=140
tradable_zt,height_drop & NOT leader_baoliang,289,84,0.2907,51/146=34.9%,33/143=23.1%,yizi_today=18.0% | yizi_next_all=10.7% | height{2:201;3:47;4:20;5:13;6:6;7:1;10:1} | themes=69 | dates=23
tradable_zt,NOT is_new_high & theme_alive_own & own_baoliang,203,59,0.2906,35/135=25.9%,24/68=35.3%,yizi_today=13.3% | yizi_next_all=8.4% | height{3:129;4:52;5:16;6:3;8:1;9:2} | themes=50 | dates=111
tradable_zt,NOT leader_absent & opened & href_le1,124,36,0.2903,16/57=28.1%,20/67=29.9%,yizi_today=0.0% | yizi_next_all=1.6% | height{2:6;3:32;4:31;5:19;6:13;7:12;8:6;9:1;11:1;12:1;13:1;18:1} | themes=36 | dates=81
tradable_zt,NOT leader_absent & is_new_high & NOT own_baoliang,93,27,0.2903,13/43=30.2%,14/50=28.0%,yizi_today=33.3% | yizi_next_all=18.3% | height{3:4;4:22;5:22;6:16;7:14;8:7;9:1;10:1;11:1;12:2;13:1;14:1;15:1} | themes=29 | dates=84
tradable_zt,is_new_high & NOT boards_ge5 & own_baoliang,62,18,0.2903,5/26=19.2%,13/36=36.1%,yizi_today=16.1% | yizi_next_all=8.1% | height{3:30;4:32} | themes=34 | dates=47
tradable_zt,NOT leader_absent & NOT theme_alive_own & href_le1,31,9,0.2903,5/19=26.3%,4/12=33.3%,yizi_today=25.8% | yizi_next_all=12.9% | height{2:1;3:5;4:9;5:4;6:4;7:3;8:3;9:1;18:1} | themes=18 | dates=28
tradable_zt,is_new_high & NOT theme_alive_own & NOT boards_ge5,31,9,0.2903,6/20=30.0%,3/11=27.3%,yizi_today=38.7% | yizi_next_all=16.1% | height{2:1;3:16;4:14} | themes=23 | dates=26
tradable_zt,boards_ge5 & NOT opened & own_baoliang,31,9,0.2903,7/23=30.4%,2/8=25.0%,yizi_today=71%_not_buyable | yizi_today=71.0% | yizi_next_all=41.9% | height{5:10;6:6;7:3;8:3;9:4;10:1;13:1;14:1;16:1;17:1} | themes=14 | dates=28
tradable_zt,NOT is_mid_2_3 & NOT opened,207,60,0.2899,38/137=27.7%,22/70=31.4%,yizi_today=60%_not_buyable | yizi_today=60.4% | yizi_next_all=29.0% | height{4:109;5:44;6:19;7:12;8:8;9:4;10:3;11:1;12:1;13:1;14:2;15:1;16:1;17:1} | themes=43 | dates=121
tradable_zt,NOT is_mid_2_3 & unopened,207,60,0.2899,38/137=27.7%,22/70=31.4%,yizi_today=60%_not_buyable | yizi_today=60.4% | yizi_next_all=29.0% | height{4:109;5:44;6:19;7:12;8:8;9:4;10:3;11:1;12:1;13:1;14:2;15:1;16:1;17:1} | themes=43 | dates=121
tradable_zt,NOT leader_absent & NOT is_fanbao & href_le1,214,62,0.2897,30/106=28.3%,32/108=29.6%,yizi_today=26.6% | yizi_next_all=13.1% | height{2:10;3:50;4:47;5:37;6:22;7:21;8:12;9:3;10:1;11:2;12:2;13:2;14:1;15:1;16:1;17:1;18:1} | themes=47 | dates=120
tradable_zt,NOT theme_alive_own & one_price_today,76,22,0.2895,13/43=30.2%,9/33=27.3%,yizi_today=100%_not_buyable | yizi_today=100.0% | yizi_next_all=38.2% | height{2:39;3:22;4:10;5:1;6:3;7:1} | themes=32 | dates=65
tradable_zt,one_price_today & NOT theme_alive_own & NOT opened,76,22,0.2895,13/43=30.2%,9/33=27.3%,yizi_today=100%_not_buyable | yizi_today=100.0% | yizi_next_all=38.2% | height{2:39;3:22;4:10;5:1;6:3;7:1} | themes=32 | dates=65
tradable_zt,one_price_today & NOT theme_alive_own & NOT is_fanbao,76,22,0.2895,13/43=30.2%,9/33=27.3%,yizi_today=100%_not_buyable | yizi_today=100.0% | yizi_next_all=38.2% | height{2:39;3:22;4:10;5:1;6:3;7:1} | themes=32 | dates=65
tradable_zt,NOT is_new_high & own_baoliang,242,70,0.2893,42/160=26.2%,28/82=34.1%,yizi_today=12.8% | yizi_next_all=8.7% | height{3:156;4:60;5:20;6:3;8:1;9:2} | themes=62 | dates=125
tradable_zt,theme_alive_own & NOT opened & href_le1,263,76,0.2890,43/126=34.1%,33/137=24.1%,yizi_today=48.3% | yizi_next_all=19.4% | height{2:89;3:64;4:47;5:27;6:10;7:8;8:5;9:2;10:3;11:1;12:1;13:1;14:2;15:1;16:1;17:1} | themes=46 | dates=131
tradable_zt,one_price_today & boards_ge5 & NOT own_baoliang,45,13,0.2889,7/31=22.6%,6/14=42.9%,yizi_today=100%_not_buyable | yizi_today=100.0% | yizi_next_all=48.9% | height{5:20;6:9;7:7;8:3;10:2;11:1;12:1;14:1;15:1} | themes=17 | dates=39
tradable_zt,NOT theme_alive_own & NOT boards_ge5 & own_baoliang,45,13,0.2889,8/29=27.6%,5/16=31.2%,yizi_today=11.1% | yizi_next_all=11.1% | height{3:34;4:11} | themes=32 | dates=42
tradable_zt,leader_absent & own_baoliang & href_le1,97,28,0.2887,13/56=23.2%,15/41=36.6%,yizi_today=20.6% | yizi_next_all=11.3% | height{3:49;4:25;5:11;6:9;7:1;10:1;14:1} | themes=41 | dates=58
tradable_zt,leader_absent & NOT opened & href_le1,222,64,0.2883,35/101=34.7%,29/121=24.0%,yizi_today=42.8% | yizi_next_all=15.8% | height{2:108;3:61;4:36;5:8;6:5;7:1;10:2;14:1} | themes=54 | dates=68
tradable_zt,NOT is_new_high & NOT is_fanbao & own_baoliang,236,68,0.2881,42/159=26.4%,26/77=33.8%,yizi_today=12.7% | yizi_next_all=8.5% | height{3:151;4:60;5:19;6:3;8:1;9:2} | themes=62 | dates=124
tradable_zt,NOT boards_ge5 & NOT opened & href_le1,250,72,0.2880,39/109=35.8%,33/141=23.4%,yizi_today=41.2% | yizi_next_all=14.8% | height{2:112;3:80;4:58} | themes=57 | dates=83
tradable_zt,NOT leader_baoliang & boards_ge5,125,36,0.2880,23/85=27.1%,13/40=32.5%,yizi_today=32.0% | yizi_next_all=21.6% | height{5:58;6:29;7:17;8:9;9:3;10:3;11:1;12:2;13:1;14:1;15:1} | themes=35 | dates=76
tradable_zt,is_new_high & theme_alive_own & NOT opened,125,36,0.2880,16/53=30.2%,20/72=27.8%,yizi_today=61%_not_buyable | yizi_today=60.8% | yizi_next_all=27.2% | height{2:6;3:29;4:34;5:20;6:10;7:8;8:5;9:2;10:3;11:1;12:1;13:1;14:2;15:1;16:1;17:1} | themes=32 | dates=103
tradable_zt,NOT is_mid_2_3 & href_le1,271,78,0.2878,39/147=26.5%,39/124=31.5%,yizi_today=29.9% | yizi_next_all=15.1% | height{4:119;5:61;6:37;7:23;8:12;9:3;10:4;11:2;12:2;13:2;14:2;15:1;16:1;17:1;18:1} | themes=47 | dates=178
tradable_zt,NOT boards_ge5 & NOT is_fanbao & own_baoliang,268,77,0.2873,41/161=25.5%,36/107=33.6%,yizi_today=13.1% | yizi_next_all=7.5% | height{3:179;4:89} | themes=72 | dates=146
tradable_zt,href_le1 & same_theme_baoliang,164,47,0.2866,20/75=26.7%,27/89=30.3%,yizi_today=22.0% | yizi_next_all=9.8% | height{2:21;3:46;4:41;5:21;6:14;7:7;8:5;9:2;10:1;11:1;13:1;14:1;16:1;17:1;18:1} | themes=41 | dates=102
tradable_zt,NOT opened & href_le1,322,92,0.2857,49/151=32.5%,43/171=25.1%,yizi_today=47.5% | yizi_next_all=19.3% | height{2:112;3:80;4:58;5:29;6:14;7:10;8:6;9:2;10:3;11:1;12:1;13:1;14:2;15:1;16:1;17:1} | themes=59 | dates=144
tradable_zt,unopened & href_le1,322,92,0.2857,49/151=32.5%,43/171=25.1%,yizi_today=47.5% | yizi_next_all=19.3% | height{2:112;3:80;4:58;5:29;6:14;7:10;8:6;9:2;10:3;11:1;12:1;13:1;14:2;15:1;16:1;17:1} | themes=59 | dates=144
tradable_zt,NOT leader_absent & href_le1,224,64,0.2857,30/107=28.0%,34/117=29.1%,yizi_today=25.9% | yizi_next_all=12.9% | height{2:10;3:51;4:53;5:40;6:22;7:21;8:12;9:3;10:1;11:2;12:2;13:2;14:1;15:1;16:1;17:1;18:1} | themes=48 | dates=121
tradable_zt,href_le1 & NOT lag0,224,64,0.2857,30/107=28.0%,34/117=29.1%,yizi_today=25.9% | yizi_next_all=12.9% | height{2:10;3:51;4:53;5:40;6:22;7:21;8:12;9:3;10:1;11:2;12:2;13:2;14:1;15:1;16:1;17:1;18:1} | themes=48 | dates=121
tradable_zt,NOT opened & boards_ge5,98,28,0.2857,17/66=25.8%,11/32=34.4%,yizi_today=68%_not_buyable | yizi_today=68.4% | yizi_next_all=37.8% | height{5:44;6:19;7:12;8:8;9:4;10:3;11:1;12:1;13:1;14:2;15:1;16:1;17:1} | themes=24 | dates=71
tradable_zt,unopened & boards_ge5,98,28,0.2857,17/66=25.8%,11/32=34.4%,yizi_today=68%_not_buyable | yizi_today=68.4% | yizi_next_all=37.8% | height{5:44;6:19;7:12;8:8;9:4;10:3;11:1;12:1;13:1;14:2;15:1;16:1;17:1} | themes=24 | dates=71
tradable_zt,one_price_today & is_new_high & NOT is_fanbao,91,26,0.2857,16/52=30.8%,10/39=25.6%,yizi_today=100%_not_buyable | yizi_today=100.0% | yizi_next_all=38.5% | height{2:3;3:19;4:24;5:13;6:9;7:7;8:3;9:2;10:3;11:1;12:1;13:1;14:2;15:1;16:1;17:1} | themes=28 | dates=81
tradable_zt,leader_absent & is_new_high & unopened,84,24,0.2857,11/37=29.7%,13/47=27.7%,yizi_today=58%_not_buyable | yizi_today=58.3% | yizi_next_all=26.2% | height{2:7;3:35;4:30;5:3;6:5;7:1;10:2;14:1} | themes=37 | dates=54
tradable_zt,leader_absent & is_new_high & NOT opened,84,24,0.2857,11/37=29.7%,13/47=27.7%,yizi_today=58%_not_buyable | yizi_today=58.3% | yizi_next_all=26.2% | height{2:7;3:35;4:30;5:3;6:5;7:1;10:2;14:1} | themes=37 | dates=54
tradable_zt,boards_ge5 & NOT is_fanbao & NOT href_le1,49,14,0.2857,12/45=26.7%,2/4=50.0%,yizi_today=32.7% | yizi_next_all=28.6% | height{5:33;6:9;7:2;8:3;9:2} | themes=24 | dates=26
tradable_zt,NOT leader_absent & theme_alive_own & href_le1,193,55,0.2850,25/88=28.4%,30/105=28.6%,yizi_today=25.9% | yizi_next_all=13.0% | height{2:9;3:46;4:44;5:36;6:18;7:18;8:9;9:2;10:1;11:2;12:2;13:2;14:1;15:1;16:1;17:1} | themes=43 | dates=108
tradable_zt,NOT leader_absent & NOT theme_alive_own & opened,158,45,0.2848,31/90=34.4%,14/68=20.6%,yizi_today=0.0% | yizi_next_all=0.6% | height{2:103;3:31;4:12;5:6;6:1;7:1;8:2;9:1;18:1} | themes=76 | dates=90
tradable_zt,theme_alive_own & own_baoliang & href_le1,151,43,0.2848,20/78=25.6%,23/73=31.5%,yizi_today=19.9% | yizi_next_all=9.9% | height{3:59;4:40;5:22;6:13;7:6;8:3;9:2;10:1;11:1;13:1;14:1;16:1;17:1} | themes=41 | dates=106
tradable_zt,height_new_high & theme_alive_own,299,85,0.2843,69/237=29.1%,16/62=25.8%,yizi_today=25.4% | yizi_next_all=15.1% | height{2:168;3:69;4:25;5:8;6:5;7:4;8:7;9:4;10:2;11:1;12:1;13:1;14:1;15:1;16:1;17:1} | themes=43 | dates=22
tradable_zt,NOT leader_absent & theme_alive_own & own_baoliang,190,54,0.2842,30/115=26.1%,24/75=32.0%,yizi_today=15.8% | yizi_next_all=9.5% | height{3:90;4:51;5:24;6:8;7:5;8:4;9:4;11:1;13:1;16:1;17:1} | themes=48 | dates=97
tradable_zt,to_lo,637,181,0.2841,104/339=30.7%,77/298=25.8%,yizi_today=67%_not_buyable | yizi_today=67.2% | yizi_next_all=28.6% | height{2:364;3:136;4:70;5:28;6:16;7:9;8:4;9:2;10:2;11:1;12:1;13:1;14:1;15:1;17:1} | themes=82 | dates=207
tradable_zt,lag3,250,71,0.2840,54/174=31.0%,17/76=22.4%,yizi_today=22.0% | yizi_next_all=12.0% | height{2:138;3:62;4:20;5:8;6:7;7:7;8:3;9:2;13:1;14:1;17:1} | themes=61 | dates=18
tradable_zt,opened & same_theme_baoliang,148,42,0.2838,17/74=23.0%,25/74=33.8%,yizi_today=0.0% | yizi_next_all=0.7% | height{2:50;3:38;4:26;5:18;6:8;7:4;8:2;11:1;18:1} | themes=35 | dates=82
tradable_zt,NOT unopened & same_theme_baoliang,148,42,0.2838,17/74=23.0%,25/74=33.8%,yizi_today=0.0% | yizi_next_all=0.7% | height{2:50;3:38;4:26;5:18;6:8;7:4;8:2;11:1;18:1} | themes=35 | dates=82
tradable_zt,boards_ge5 & NOT opened & NOT own_baoliang,67,19,0.2836,10/43=23.3%,9/24=37.5%,yizi_today=67%_not_buyable | yizi_today=67.2% | yizi_next_all=35.8% | height{5:34;6:13;7:9;8:5;10:2;11:1;12:1;14:1;15:1} | themes=23 | dates=52
tradable_zt,one_price_today & NOT is_new_high & NOT theme_alive_own,60,17,0.2833,10/32=31.2%,7/28=25.0%,yizi_today=100%_not_buyable | yizi_today=100.0% | yizi_next_all=38.3% | height{2:38;3:18;4:3;5:1} | themes=27 | dates=53
tradable_zt,NOT one_price_today & own_baoliang & href_le1,145,41,0.2828,18/78=23.1%,23/67=34.3%,yizi_today=0.0% | yizi_next_all=2.1% | height{3:62;4:39;5:23;6:11;7:5;8:3;11:1;18:1} | themes=49 | dates=100
tradable_zt,height_new_high & is_mid_2_3 & theme_alive_own,237,67,0.2827,54/186=29.0%,13/51=25.5%,yizi_today=21.9% | yizi_next_all=12.2% | height{2:168;3:69} | themes=41 | dates=22
tradable_zt,is_new_high & one_price_today,92,26,0.2826,16/52=30.8%,10/40=25.0%,yizi_today=100%_not_buyable | yizi_today=100.0% | yizi_next_all=38.0% | height{2:3;3:19;4:24;5:14;6:9;7:7;8:3;9:2;10:3;11:1;12:1;13:1;14:2;15:1;16:1;17:1} | themes=29 | dates=82
tradable_zt,one_price_today & is_new_high & NOT opened,92,26,0.2826,16/52=30.8%,10/40=25.0%,yizi_today=100%_not_buyable | yizi_today=100.0% | yizi_next_all=38.0% | height{2:3;3:19;4:24;5:14;6:9;7:7;8:3;9:2;10:3;11:1;12:1;13:1;14:2;15:1;16:1;17:1} | themes=29 | dates=82
tradable_zt,one_price_today & is_new_high & href_le1,92,26,0.2826,16/52=30.8%,10/40=25.0%,yizi_today=100%_not_buyable | yizi_today=100.0% | yizi_next_all=38.0% | height{2:3;3:19;4:24;5:14;6:9;7:7;8:3;9:2;10:3;11:1;12:1;13:1;14:2;15:1;16:1;17:1} | themes=29 | dates=82
tradable_zt,leader_absent & NOT is_new_high & own_baoliang,78,22,0.2821,12/53=22.6%,10/25=40.0%,yizi_today=14.1% | yizi_next_all=6.4% | height{3:57;4:15;5:5;6:1} | themes=36 | dates=36
tradable_zt,NOT is_new_high & NOT theme_alive_own & own_baoliang,39,11,0.2821,7/25=28.0%,4/14=28.6%,yizi_today=10.3% | yizi_next_all=10.3% | height{3:27;4:8;5:4} | themes=27 | dates=35
tradable_zt,NOT opened & NOT is_fanbao & href_le1,313,88,0.2812,48/150=32.0%,40/163=24.5%,yizi_today=48.2% | yizi_next_all=19.5% | height{2:108;3:79;4:56;5:27;6:14;7:10;8:6;9:2;10:3;11:1;12:1;13:1;14:2;15:1;16:1;17:1} | themes=58 | dates=142
tradable_zt,NOT theme_alive_own & NOT is_mid_2_3,57,16,0.2807,11/39=28.2%,5/18=27.8%,yizi_today=26.3% | yizi_next_all=10.5% | height{4:30;5:13;6:6;7:3;8:3;9:1;18:1} | themes=30 | dates=52
tradable_zt,leader_absent & NOT is_fanbao & own_baoliang,139,39,0.2806,21/86=24.4%,18/53=34.0%,yizi_today=18.0% | yizi_next_all=10.1% | height{3:80;4:34;5:13;6:9;7:1;10:1;14:1} | themes=52 | dates=64
tradable_zt,boards_ge6,107,30,0.2804,18/75=24.0%,12/32=37.5%,yizi_today=39.3% | yizi_next_all=26.2% | height{6:46;7:25;8:15;9:5;10:4;11:2;12:2;13:2;14:2;15:1;16:1;17:1;18:1} | themes=24 | dates=86
tradable_zt,NOT leader_absent & NOT opened & href_le1,100,28,0.2800,14/50=28.0%,14/50=28.0%,yizi_today=58%_not_buyable | yizi_today=58.0% | yizi_next_all=27.0% | height{2:4;3:19;4:22;5:21;6:9;7:9;8:6;9:2;10:1;11:1;12:1;13:1;14:1;15:1;16:1;17:1} | themes=31 | dates=76
tradable_zt,boards_ge5 & NOT href_le1,50,14,0.2800,12/45=26.7%,2/5=40.0%,yizi_today=34.0% | yizi_next_all=30.0% | height{5:34;6:9;7:2;8:3;9:2} | themes=24 | dates=27
tradable_zt,one_price_today & NOT theme_alive_own & NOT href_le1,50,14,0.2800,9/28=32.1%,5/22=22.7%,yizi_today=100%_not_buyable | yizi_today=100.0% | yizi_next_all=40.0% | height{2:32;3:16;4:2} | themes=26 | dates=46
tradable_zt,NOT is_new_high & boards_ge5 & NOT href_le1,50,14,0.2800,12/45=26.7%,2/5=40.0%,yizi_today=34.0% | yizi_next_all=30.0% | height{5:34;6:9;7:2;8:3;9:2} | themes=24 | dates=27
tradable_zt,height_drop & prev_leader_baoliang,268,75,0.2799,40/133=30.1%,35/135=25.9%,yizi_today=20.1% | yizi_next_all=7.1% | height{2:195;3:45;4:19;5:6;6:2;7:1} | themes=59 | dates=24
tradable_zt,NOT theme_alive_own & NOT own_baoliang & href_le1,93,26,0.2796,11/39=28.2%,15/54=27.8%,yizi_today=23.7% | yizi_next_all=8.6% | height{2:49;3:19;4:14;5:3;6:4;7:2;8:1;9:1} | themes=45 | dates=57
tradable_zt,NOT prev_leader_baoliang & is_new_high,161,45,0.2795,15/62=24.2%,30/99=30.3%,yizi_today=29.2% | yizi_next_all=17.4% | height{2:9;3:41;4:34;5:24;6:21;7:13;8:9;10:3;11:1;12:1;13:2;14:2;16:1} | themes=43 | dates=106
tradable_zt,own_baoliang & href_le1,179,50,0.2793,24/99=24.2%,26/80=32.5%,yizi_today=19.0% | yizi_next_all=10.1% | height{3:72;4:45;5:26;6:15;7:7;8:5;9:2;10:1;11:1;13:1;14:1;16:1;17:1;18:1} | themes=52 | dates=119
tradable_zt,nzt_le40,194,54,0.2784,29/89=32.6%,25/105=23.8%,yizi_today=20.6% | yizi_next_all=7.7% | height{2:118;3:44;4:19;5:8;6:4;7:1} | themes=58 | dates=22
tradable_zt,leader_absent & one_price_today & NOT href_le1,97,27,0.2784,19/66=28.8%,8/31=25.8%,yizi_today=100%_not_buyable | yizi_today=100.0% | yizi_next_all=34.0% | height{2:66;3:23;4:7;5:1} | themes=42 | dates=48
tradable_zt,NOT same_theme_broken & same_theme_baoliang,212,59,0.2783,28/107=26.2%,31/105=29.5%,yizi_today=22.2% | yizi_next_all=10.4% | height{2:67;3:52;4:38;5:20;6:15;7:7;8:5;9:2;11:1;13:1;14:1;16:1;17:1;18:1} | themes=41 | dates=89
tradable_zt,is_new_high & NOT opened,151,42,0.2781,19/68=27.9%,23/83=27.7%,yizi_today=61%_not_buyable | yizi_today=60.9% | yizi_next_all=27.8% | height{2:7;3:38;4:43;5:20;6:14;7:10;8:6;9:2;10:3;11:1;12:1;13:1;14:2;15:1;16:1;17:1} | themes=42 | dates=118
tradable_zt,is_new_high & unopened,151,42,0.2781,19/68=27.9%,23/83=27.7%,yizi_today=61%_not_buyable | yizi_today=60.9% | yizi_next_all=27.8% | height{2:7;3:38;4:43;5:20;6:14;7:10;8:6;9:2;10:3;11:1;12:1;13:1;14:2;15:1;16:1;17:1} | themes=42 | dates=118
tradable_zt,is_new_high & NOT opened & href_le1,151,42,0.2781,19/68=27.9%,23/83=27.7%,yizi_today=61%_not_buyable | yizi_today=60.9% | yizi_next_all=27.8% | height{2:7;3:38;4:43;5:20;6:14;7:10;8:6;9:2;10:3;11:1;12:1;13:1;14:2;15:1;16:1;17:1} | themes=42 | dates=118
tradable_zt,boards_ge5 & NOT opened & href_le1,72,20,0.2778,10/42=23.8%,10/30=33.3%,yizi_today=69%_not_buyable | yizi_today=69.4% | yizi_next_all=34.7% | height{5:29;6:14;7:10;8:6;9:2;10:3;11:1;12:1;13:1;14:2;15:1;16:1;17:1} | themes=22 | dates=66
tradable_zt,theme_alive & NOT is_mid_2_3,119,33,0.2773,19/60=31.7%,14/59=23.7%,yizi_today=31.9% | yizi_next_all=13.4% | height{4:81;5:23;6:10;7:1;10:3;14:1} | themes=38 | dates=58
tradable_zt,NOT is_new_high & NOT opened & own_baoliang,65,18,0.2769,10/43=23.3%,8/22=36.4%,yizi_today=47.7% | yizi_next_all=26.2% | height{3:38;4:17;5:8;9:2} | themes=25 | dates=57
tradable_zt,is_fanbao & NOT opened,47,13,0.2766,2/4=50.0%,11/43=25.6%,yizi_today=25.5% | yizi_next_all=6.4% | height{2:38;3:4;4:2;5:3} | themes=20 | dates=34
tradable_zt,is_fanbao & unopened,47,13,0.2766,2/4=50.0%,11/43=25.6%,yizi_today=25.5% | yizi_next_all=6.4% | height{2:38;3:4;4:2;5:3} | themes=20 | dates=34
tradable_zt,theme_alive_own & NOT opened & is_fanbao,47,13,0.2766,2/4=50.0%,11/43=25.6%,yizi_today=25.5% | yizi_next_all=6.4% | height{2:38;3:4;4:2;5:3} | themes=20 | dates=34
tradable_zt,one_price_today & is_new_high & theme_alive_own,76,21,0.2763,13/41=31.7%,8/35=22.9%,yizi_today=100%_not_buyable | yizi_today=100.0% | yizi_next_all=38.2% | height{2:2;3:15;4:17;5:14;6:6;7:6;8:3;9:2;10:3;11:1;12:1;13:1;14:2;15:1;16:1;17:1} | themes=24 | dates=71
tradable_zt,NOT theme_alive & href_le1,399,110,0.2757,63/235=26.8%,47/164=28.7%,yizi_today=24.3% | yizi_next_all=11.0% | height{2:144;3:80;4:58;5:41;6:27;7:22;8:12;9:3;10:1;11:2;12:2;13:2;14:1;15:1;16:1;17:1;18:1} | themes=67 | dates=135
tradable_zt,NOT leader_baoliang & NOT theme_alive_own,236,65,0.2754,38/113=33.6%,27/123=22.0%,yizi_today=15.7% | yizi_next_all=7.2% | height{2:159;3:48;4:13;5:8;6:4;7:2;8:1;9:1} | themes=93 | dates=99
tradable_zt,one_price_today & NOT theme_alive_own & NOT own_baoliang,69,19,0.2754,10/37=27.0%,9/32=28.1%,yizi_today=100%_not_buyable | yizi_today=100.0% | yizi_next_all=37.7% | height{2:39;3:18;4:9;5:1;6:2} | themes=31 | dates=61
tradable_zt,H_ge8,571,157,0.2750,127/457=27.8%,30/114=26.3%,yizi_today=23.1% | yizi_next_all=11.4% | height{2:334;3:106;4:61;5:22;6:9;7:3;8:15;9:5;10:4;11:2;12:2;13:2;14:2;15:1;16:1;17:1;18:1} | themes=69 | dates=31
tradable_zt,NOT leader_baoliang & prev_leader_baoliang,706,194,0.2748,106/328=32.3%,88/378=23.3%,yizi_today=17.0% | yizi_next_all=9.5% | height{2:505;3:101;4:52;5:22;6:11;7:6;8:3;9:2;10:1;11:1;12:1;15:1} | themes=90 | dates=50
tradable_zt,NOT leader_absent & NOT is_new_high & boards_ge5,51,14,0.2745,11/45=24.4%,3/6=50.0%,yizi_today=35.3% | yizi_next_all=29.4% | height{5:34;6:9;7:3;8:3;9:2} | themes=26 | dates=29
tradable_zt,NOT one_price_today & NOT theme_alive_own & own_baoliang,51,14,0.2745,8/33=24.2%,6/18=33.3%,yizi_today=0.0% | yizi_next_all=5.9% | height{3:30;4:10;5:7;6:1;8:2;18:1} | themes=35 | dates=46
tradable_zt,NOT theme_alive & NOT opened,795,218,0.2742,154/521=29.6%,64/274=23.4%,yizi_today=45.7% | yizi_next_all=21.5% | height{2:494;3:149;4:69;5:38;6:14;7:11;8:8;9:4;10:1;11:1;12:1;13:1;14:1;15:1;16:1;17:1} | themes=101 | dates=135
tradable_zt,NOT theme_alive & unopened,795,218,0.2742,154/521=29.6%,64/274=23.4%,yizi_today=45.7% | yizi_next_all=21.5% | height{2:494;3:149;4:69;5:38;6:14;7:11;8:8;9:4;10:1;11:1;12:1;13:1;14:1;15:1;16:1;17:1} | themes=101 | dates=135
tradable_zt,NOT theme_alive_own & opened & href_le1,62,17,0.2742,9/35=25.7%,8/27=29.6%,yizi_today=0.0% | yizi_next_all=0.0% | height{2:26;3:16;4:8;5:5;6:2;7:1;8:2;9:1;18:1} | themes=40 | dates=45
tradable_zt,is_new_high & NOT opened & NOT is_fanbao,146,40,0.2740,19/68=27.9%,21/78=26.9%,yizi_today=62%_not_buyable | yizi_today=62.3% | yizi_next_all=28.1% | height{2:7;3:37;4:41;5:18;6:14;7:10;8:6;9:2;10:3;11:1;12:1;13:1;14:2;15:1;16:1;17:1} | themes=41 | dates=115
tradable_zt,NOT theme_alive_own & NOT boards_ge5 & opened,241,66,0.2739,40/129=31.0%,26/112=23.2%,yizi_today=0.0% | yizi_next_all=0.8% | height{2:175;3:52;4:14} | themes=96 | dates=143
tradable_zt,prev_leader_baoliang & href_le1,380,104,0.2737,52/186=28.0%,52/194=26.8%,yizi_today=20.0% | yizi_next_all=7.4% | height{2:161;3:88;4:68;5:27;6:15;7:9;8:3;9:3;10:1;11:1;12:1;15:1;17:1;18:1} | themes=60 | dates=101
tradable_zt,prev_leader_baoliang & theme_alive_own & href_le1,307,84,0.2736,43/150=28.7%,41/157=26.1%,yizi_today=20.2% | yizi_next_all=7.2% | height{2:129;3:71;4:55;5:26;6:11;7:7;8:1;9:2;10:1;11:1;12:1;15:1;17:1} | themes=45 | dates=92
tradable_zt,H_ge10,344,94,0.2733,87/322=27.0%,7/22=31.8%,yizi_today=25.6% | yizi_next_all=14.0% | height{2:197;3:70;4:37;5:12;6:5;7:2;8:3;9:2;10:4;11:2;12:2;13:2;14:2;15:1;16:1;17:1;18:1} | themes=51 | dates=16
tradable_zt,NOT height_new_high & NOT theme_alive_own,403,110,0.2730,61/206=29.6%,49/197=24.9%,yizi_today=17.9% | yizi_next_all=8.9% | height{2:269;3:86;4:28;5:9;6:6;7:3;8:2} | themes=112 | dates=167
tradable_zt,leader_absent & NOT is_mid_2_3,143,39,0.2727,27/96=28.1%,12/47=25.5%,yizi_today=30.1% | yizi_next_all=15.4% | height{4:95;5:27;6:15;7:2;10:3;14:1} | themes=42 | dates=59
tradable_zt,NOT is_mid_2_3 & lag0,143,39,0.2727,27/96=28.1%,12/47=25.5%,yizi_today=30.1% | yizi_next_all=15.4% | height{4:95;5:27;6:15;7:2;10:3;14:1} | themes=42 | dates=59
tradable_zt,NOT theme_alive_own & href_le1,121,33,0.2727,15/60=25.0%,18/61=29.5%,yizi_today=21.5% | yizi_next_all=9.1% | height{2:49;3:32;4:19;5:7;6:6;7:3;8:3;9:1;18:1} | themes=54 | dates=75
tradable_zt,NOT theme_alive_own & NOT is_fanbao & href_le1,121,33,0.2727,15/60=25.0%,18/61=29.5%,yizi_today=21.5% | yizi_next_all=9.1% | height{2:49;3:32;4:19;5:7;6:6;7:3;8:3;9:1;18:1} | themes=54 | dates=75
tradable_zt,theme_alive_own & boards_ge5 & NOT opened,88,24,0.2727,16/62=25.8%,8/26=30.8%,yizi_today=70%_not_buyable | yizi_today=70.5% | yizi_next_all=38.6% | height{5:41;6:15;7:10;8:7;9:4;10:3;11:1;12:1;13:1;14:2;15:1;16:1;17:1} | themes=23 | dates=65
tradable_zt,leader_absent & is_fanbao,44,12,0.2727,1/4=25.0%,11/40=27.5%,yizi_today=4.5% | yizi_next_all=0.0% | height{2:33;3:8;4:3} | themes=20 | dates=27
tradable_zt,is_fanbao & lag0,44,12,0.2727,1/4=25.0%,11/40=27.5%,yizi_today=4.5% | yizi_next_all=0.0% | height{2:33;3:8;4:3} | themes=20 | dates=27
tradable_zt,leader_absent & theme_alive_own & is_fanbao,44,12,0.2727,1/4=25.0%,11/40=27.5%,yizi_today=4.5% | yizi_next_all=0.0% | height{2:33;3:8;4:3} | themes=20 | dates=27
tradable_zt,leader_absent & NOT boards_ge5 & is_fanbao,44,12,0.2727,1/4=25.0%,11/40=27.5%,yizi_today=4.5% | yizi_next_all=0.0% | height{2:33;3:8;4:3} | themes=20 | dates=27
tradable_zt,NOT leader_absent & boards_ge5 & NOT href_le1,44,12,0.2727,10/40=25.0%,2/4=50.0%,yizi_today=36.4% | yizi_next_all=31.8% | height{5:28;6:9;7:2;8:3;9:2} | themes=21 | dates=24
tradable_zt,NOT opened & is_fanbao & NOT own_baoliang,44,12,0.2727,2/4=50.0%,10/40=25.0%,yizi_today=25.0% | yizi_next_all=4.5% | height{2:38;3:2;4:2;5:2} | themes=19 | dates=32
tradable_zt,NOT leader_absent & theme_alive_own & NOT opened,621,169,0.2721,101/359=28.1%,68/262=26.0%,yizi_today=45.1% | yizi_next_all=21.1% | height{2:385;3:111;4:56;5:30;6:11;7:9;8:7;9:4;10:1;11:1;12:1;13:1;14:1;15:1;16:1;17:1} | themes=68 | dates=118
tradable_zt,NOT leader_absent & leader_baoliang & theme_alive_own,452,123,0.2721,69/251=27.5%,54/201=26.9%,yizi_today=22.1% | yizi_next_all=11.1% | height{2:258;3:102;4:45;5:22;6:9;7:6;8:4;9:2;11:1;13:1;16:1;17:1} | themes=63 | dates=49
tradable_zt,NOT is_mid_2_3 & own_baoliang,173,47,0.2717,29/114=25.4%,18/59=30.5%,yizi_today=19.1% | yizi_next_all=11.0% | height{4:92;5:40;6:17;7:7;8:6;9:4;10:1;11:1;13:1;14:1;16:1;17:1;18:1} | themes=47 | dates=118
tradable_zt,NOT is_fanbao & own_baoliang & href_le1,173,47,0.2717,24/98=24.5%,23/75=30.7%,yizi_today=19.7% | yizi_next_all=10.4% | height{3:69;4:42;5:26;6:15;7:7;8:5;9:2;10:1;11:1;13:1;14:1;16:1;17:1;18:1} | themes=52 | dates=117
tradable_zt,prev_leader_baoliang & NOT opened,567,154,0.2716,91/319=28.5%,63/248=25.4%,yizi_today=40.9% | yizi_next_all=17.5% | height{2:383;3:88;4:59;5:18;6:6;7:5;8:1;9:3;10:1;11:1;15:1;17:1} | themes=83 | dates=100
tradable_zt,prev_leader_baoliang & unopened,567,154,0.2716,91/319=28.5%,63/248=25.4%,yizi_today=40.9% | yizi_next_all=17.5% | height{2:383;3:88;4:59;5:18;6:6;7:5;8:1;9:3;10:1;11:1;15:1;17:1} | themes=83 | dates=100
tradable_zt,theme_alive_own & NOT opened & NOT own_baoliang,921,250,0.2714,157/520=30.2%,93/401=23.2%,yizi_today=41.8% | yizi_next_all=18.6% | height{2:644;3:150;4:68;5:31;6:10;7:8;8:4;10:2;11:1;12:1;14:1;15:1} | themes=79 | dates=201
tradable_zt,NOT theme_alive_own & opened,258,70,0.2713,43/142=30.3%,27/116=23.3%,yizi_today=0.0% | yizi_next_all=0.8% | height{2:175;3:52;4:14;5:10;6:2;7:1;8:2;9:1;18:1} | themes=96 | dates=147
tradable_zt,NOT theme_alive_own & NOT unopened,258,70,0.2713,43/142=30.3%,27/116=23.3%,yizi_today=0.0% | yizi_next_all=0.8% | height{2:175;3:52;4:14;5:10;6:2;7:1;8:2;9:1;18:1} | themes=96 | dates=147
tradable_zt,NOT one_price_today & NOT theme_alive_own & opened,258,70,0.2713,43/142=30.3%,27/116=23.3%,yizi_today=0.0% | yizi_next_all=0.8% | height{2:175;3:52;4:14;5:10;6:2;7:1;8:2;9:1;18:1} | themes=96 | dates=147
tradable_zt,NOT theme_alive_own & opened & NOT is_fanbao,258,70,0.2713,43/142=30.3%,27/116=23.3%,yizi_today=0.0% | yizi_next_all=0.8% | height{2:175;3:52;4:14;5:10;6:2;7:1;8:2;9:1;18:1} | themes=96 | dates=147
tradable_zt,theme_alive_own & NOT opened,1014,275,0.2712,170/573=29.7%,105/441=23.8%,yizi_today=42.9% | yizi_next_all=19.3% | height{2:644;3:189;4:93;5:41;6:15;7:10;8:7;9:4;10:3;11:1;12:1;13:1;14:2;15:1;16:1;17:1} | themes=81 | dates=201
tradable_zt,theme_alive_own & unopened,1014,275,0.2712,170/573=29.7%,105/441=23.8%,yizi_today=42.9% | yizi_next_all=19.3% | height{2:644;3:189;4:93;5:41;6:15;7:10;8:7;9:4;10:3;11:1;12:1;13:1;14:2;15:1;16:1;17:1} | themes=81 | dates=201
tradable_zt,theme_alive & is_fanbao,59,16,0.2712,0/3=0.0%,16/56=28.6%,yizi_today=10.2% | yizi_next_all=3.4% | height{2:45;3:7;4:7} | themes=21 | dates=32
tradable_zt,NOT one_price_today & unopened & is_new_high,59,16,0.2712,3/16=18.8%,13/43=30.2%,yizi_today=0.0% | yizi_next_all=11.9% | height{2:4;3:19;4:19;5:6;6:5;7:3;8:3} | themes=30 | dates=47
tradable_zt,NOT one_price_today & is_new_high & NOT opened,59,16,0.2712,3/16=18.8%,13/43=30.2%,yizi_today=0.0% | yizi_next_all=11.9% | height{2:4;3:19;4:19;5:6;6:5;7:3;8:3} | themes=30 | dates=47
tradable_zt,NOT theme_alive_own & NOT opened & href_le1,59,16,0.2712,6/25=24.0%,10/34=29.4%,yizi_today=44.1% | yizi_next_all=18.6% | height{2:23;3:16;4:11;5:2;6:4;7:2;8:1} | themes=29 | dates=45
tradable_zt,theme_alive_own & NOT boards_ge5 & NOT opened,926,251,0.2711,154/511=30.1%,97/415=23.4%,yizi_today=40.3% | yizi_next_all=17.5% | height{2:644;3:189;4:93} | themes=81 | dates=200
tradable_zt,theme_alive_own & NOT opened & NOT is_fanbao,967,262,0.2709,168/569=29.5%,94/398=23.6%,yizi_today=43.7% | yizi_next_all=20.0% | height{2:606;3:185;4:91;5:38;6:15;7:10;8:7;9:4;10:3;11:1;12:1;13:1;14:2;15:1;16:1;17:1} | themes=81 | dates=200
tradable_zt,NOT one_price_today & same_theme_baoliang,192,52,0.2708,21/92=22.8%,31/100=31.0%,yizi_today=0.0% | yizi_next_all=2.1% | height{2:71;3:47;4:34;5:20;6:10;7:5;8:3;11:1;18:1} | themes=40 | dates=89
tradable_zt,prev_leader_baoliang & NOT is_sub_high,1050,284,0.2705,160/572=28.0%,124/478=25.9%,yizi_today=19.1% | yizi_next_all=9.7% | height{2:714;3:162;4:96;5:37;6:17;7:10;8:4;9:4;10:1;11:1;12:1;15:1;17:1;18:1} | themes=112 | dates=101
tradable_zt,NOT theme_alive_own & opened & NOT href_le1,196,53,0.2704,34/107=31.8%,19/89=21.3%,yizi_today=0.0% | yizi_next_all=1.0% | height{2:149;3:36;4:6;5:5} | themes=89 | dates=120
tradable_zt,prev_leader_baoliang & same_theme_baoliang,126,34,0.2698,18/78=23.1%,16/48=33.3%,yizi_today=23.8% | yizi_next_all=7.1% | height{2:43;3:27;4:30;5:11;6:6;7:4;8:1;9:2;17:1;18:1} | themes=27 | dates=51
tradable_zt,NOT leader_absent & NOT opened & own_baoliang,63,17,0.2698,10/38=26.3%,7/25=28.0%,yizi_today=51%_not_buyable | yizi_today=50.8% | yizi_next_all=28.6% | height{3:25;4:14;5:8;6:3;7:3;8:3;9:4;13:1;16:1;17:1} | themes=25 | dates=49
tradable_zt,height_drop & NOT same_theme_baoliang,593,160,0.2698,95/310=30.6%,65/283=23.0%,yizi_today=18.0% | yizi_next_all=9.1% | height{2:424;3:103;4:42;5:16;6:6;7:1;10:1} | themes=91 | dates=58
tradable_zt,NOT leader_absent & NOT theme_alive,1331,359,0.2697,228/816=27.9%,131/515=25.4%,yizi_today=20.3% | yizi_next_all=11.3% | height{2:809;3:263;4:117;5:58;6:30;7:22;8:15;9:5;10:1;11:2;12:2;13:2;14:1;15:1;16:1;17:1;18:1} | themes=108 | dates=97
tradable_zt,NOT theme_alive & NOT lag0,1331,359,0.2697,228/816=27.9%,131/515=25.4%,yizi_today=20.3% | yizi_next_all=11.3% | height{2:809;3:263;4:117;5:58;6:30;7:22;8:15;9:5;10:1;11:2;12:2;13:2;14:1;15:1;16:1;17:1;18:1} | themes=108 | dates=97
tradable_zt,leader_absent & theme_alive_own & NOT opened,393,106,0.2697,69/214=32.2%,37/179=20.7%,yizi_today=39.4% | yizi_next_all=16.5% | height{2:259;3:78;4:37;5:11;6:4;7:1;10:2;14:1} | themes=58 | dates=83
tradable_zt,lag1,742,200,0.2695,101/338=29.9%,99/404=24.5%,yizi_today=18.1% | yizi_next_all=9.4% | height{2:486;3:139;4:64;5:33;6:9;7:8;8:1;11:1;15:1} | themes=91 | dates=58
tradable_zt,NOT one_price_today & NOT opened & own_baoliang,52,14,0.2692,8/31=25.8%,6/21=28.6%,yizi_today=0.0% | yizi_next_all=5.8% | height{3:25;4:18;5:5;6:2;7:1;8:1} | themes=30 | dates=44
tradable_zt,NOT leader_absent & NOT opened & NOT is_fanbao,691,186,0.2692,110/403=27.3%,76/288=26.4%,yizi_today=44.7% | yizi_next_all=21.6% | height{2:426;3:129;4:61;5:30;6:14;7:11;8:8;9:4;10:1;11:1;12:1;13:1;14:1;15:1;16:1;17:1} | themes=94 | dates=120
tradable_zt,NOT is_new_high & theme_alive_own & NOT opened,889,239,0.2688,154/520=29.6%,85/369=23.0%,yizi_today=40.4% | yizi_next_all=18.2% | height{2:638;3:160;4:59;5:21;6:5;7:2;8:2;9:2} | themes=80 | dates=195
tradable_zt,theme_alive_own & NOT opened & own_baoliang,93,25,0.2688,13/53=24.5%,12/40=30.0%,yizi_today=54%_not_buyable | yizi_today=53.8% | yizi_next_all=26.9% | height{3:39;4:25;5:10;6:5;7:2;8:3;9:4;10:1;13:1;14:1;16:1;17:1} | themes=27 | dates=76
tradable_zt,NOT theme_alive & NOT is_sub_high,1589,427,0.2687,283/1014=27.9%,144/575=25.0%,yizi_today=20.1% | yizi_next_all=11.5% | height{2:992;3:314;4:130;5:63;6:35;7:23;8:15;9:5;10:1;11:2;12:2;13:2;14:1;15:1;16:1;17:1;18:1} | themes=124 | dates=135
tradable_zt,NOT leader_absent & is_new_high & NOT opened,67,18,0.2687,8/31=25.8%,10/36=27.8%,yizi_today=64%_not_buyable | yizi_today=64.2% | yizi_next_all=29.9% | height{3:3;4:13;5:17;6:9;7:9;8:6;9:2;10:1;11:1;12:1;13:1;14:1;15:1;16:1;17:1} | themes=21 | dates=64
tradable_zt,NOT leader_absent & own_baoliang & href_le1,82,22,0.2683,11/43=25.6%,11/39=28.2%,yizi_today=17.1% | yizi_next_all=8.5% | height{3:23;4:20;5:15;6:6;7:6;8:5;9:2;11:1;13:1;16:1;17:1;18:1} | themes=32 | dates=61
tradable_zt,height_new_high & NOT is_mid_2_3,71,19,0.2676,16/57=28.1%,3/14=21.4%,yizi_today=33.8% | yizi_next_all=22.5% | height{4:27;5:12;6:5;7:4;8:8;9:5;10:2;11:1;12:1;13:1;14:1;15:1;16:1;17:1;18:1} | themes=23 | dates=22
tradable_zt,one_price_today & NOT theme_alive_own & NOT boards_ge5,71,19,0.2676,12/41=29.3%,7/30=23.3%,yizi_today=100%_not_buyable | yizi_today=100.0% | yizi_next_all=38.0% | height{2:39;3:22;4:10} | themes=32 | dates=62
tradable_zt,NOT height_new_high & NOT theme_alive,1469,393,0.2675,243/879=27.6%,150/590=25.4%,yizi_today=19.4% | yizi_next_all=10.3% | height{2:926;3:290;4:131;5:61;6:31;7:20;8:7;11:1;12:1;13:1} | themes=124 | dates=114
tradable_zt,NOT opened & NOT same_theme_baoliang,1114,298,0.2675,178/617=28.8%,120/497=24.1%,yizi_today=41.1% | yizi_next_all=18.6% | height{2:740;3:209;4:92;5:39;6:12;7:9;8:5;9:2;10:2;11:1;12:1;14:1;15:1} | themes=115 | dates=206
tradable_zt,unopened & NOT same_theme_baoliang,1114,298,0.2675,178/617=28.8%,120/497=24.1%,yizi_today=41.1% | yizi_next_all=18.6% | height{2:740;3:209;4:92;5:39;6:12;7:9;8:5;9:2;10:2;11:1;12:1;14:1;15:1} | themes=115 | dates=206
tradable_zt,NOT height_drop & NOT opened,886,237,0.2675,137/493=27.8%,100/393=25.4%,yizi_today=43.2% | yizi_next_all=20.1% | height{2:558;3:166;4:80;5:35;6:15;7:11;8:8;9:4;10:1;11:1;12:1;13:1;14:2;15:1;16:1;17:1} | themes=101 | dates=148
tradable_zt,NOT height_drop & unopened,886,237,0.2675,137/493=27.8%,100/393=25.4%,yizi_today=43.2% | yizi_next_all=20.1% | height{2:558;3:166;4:80;5:35;6:15;7:11;8:8;9:4;10:1;11:1;12:1;13:1;14:2;15:1;16:1;17:1} | themes=101 | dates=148
tradable_zt,height_drop & href_le1,329,88,0.2675,37/130=28.5%,51/199=25.6%,yizi_today=20.4% | yizi_next_all=9.4% | height{2:175;3:82;4:41;5:17;6:10;7:2;10:2} | themes=63 | dates=58
tradable_zt,leader_absent & height_drop & href_le1,329,88,0.2675,37/130=28.5%,51/199=25.6%,yizi_today=20.4% | yizi_next_all=9.4% | height{2:175;3:82;4:41;5:17;6:10;7:2;10:2} | themes=63 | dates=58
tradable_zt,NOT leader_absent & NOT opened,722,193,0.2673,111/406=27.3%,82/316=25.9%,yizi_today=44.2% | yizi_next_all=21.1% | height{2:450;3:132;4:62;5:33;6:14;7:11;8:8;9:4;10:1;11:1;12:1;13:1;14:1;15:1;16:1;17:1} | themes=94 | dates=120
tradable_zt,NOT leader_absent & unopened,722,193,0.2673,111/406=27.3%,82/316=25.9%,yizi_today=44.2% | yizi_next_all=21.1% | height{2:450;3:132;4:62;5:33;6:14;7:11;8:8;9:4;10:1;11:1;12:1;13:1;14:1;15:1;16:1;17:1} | themes=94 | dates=120
tradable_zt,NOT opened & NOT lag0,722,193,0.2673,111/406=27.3%,82/316=25.9%,yizi_today=44.2% | yizi_next_all=21.1% | height{2:450;3:132;4:62;5:33;6:14;7:11;8:8;9:4;10:1;11:1;12:1;13:1;14:1;15:1;16:1;17:1} | themes=94 | dates=120
tradable_zt,unopened & NOT lag0,722,193,0.2673,111/406=27.3%,82/316=25.9%,yizi_today=44.2% | yizi_next_all=21.1% | height{2:450;3:132;4:62;5:33;6:14;7:11;8:8;9:4;10:1;11:1;12:1;13:1;14:1;15:1;16:1;17:1} | themes=94 | dates=120
tradable_zt,NOT same_theme_broken & NOT opened,1145,306,0.2672,183/639=28.6%,123/506=24.3%,yizi_today=42.3% | yizi_next_all=19.2% | height{2:725;3:222;4:103;5:42;6:19;7:12;8:8;9:4;10:2;11:1;12:1;13:1;14:2;15:1;16:1;17:1} | themes=117 | dates=205
tradable_zt,NOT same_theme_broken & unopened,1145,306,0.2672,183/639=28.6%,123/506=24.3%,yizi_today=42.3% | yizi_next_all=19.2% | height{2:725;3:222;4:103;5:42;6:19;7:12;8:8;9:4;10:2;11:1;12:1;13:1;14:2;15:1;16:1;17:1} | themes=117 | dates=205
tradable_zt,NOT leader_absent & NOT is_new_high & NOT opened,655,175,0.2672,103/375=27.5%,72/280=25.7%,yizi_today=42.1% | yizi_next_all=20.2% | height{2:450;3:129;4:49;5:16;6:5;7:2;8:2;9:2} | themes=93 | dates=119
tradable_zt,NOT theme_alive & same_theme_baoliang,146,39,0.2671,21/83=25.3%,18/63=28.6%,yizi_today=23.3% | yizi_next_all=11.6% | height{2:51;3:28;4:23;5:13;6:12;7:7;8:5;9:2;11:1;13:1;16:1;17:1;18:1} | themes=32 | dates=63
tradable_zt,NOT leader_absent & NOT opened & NOT own_baoliang,659,176,0.2671,101/368=27.4%,75/291=25.8%,yizi_today=43.6% | yizi_next_all=20.3% | height{2:450;3:107;4:48;5:25;6:11;7:8;8:5;10:1;11:1;12:1;14:1;15:1} | themes=92 | dates=120
tradable_zt,NOT theme_alive & NOT is_fanbao,1745,466,0.2670,313/1145=27.3%,153/600=25.5%,yizi_today=20.5% | yizi_next_all=11.3% | height{2:1081;3:350;4:154;5:68;6:36;7:24;8:15;9:5;10:1;11:2;12:2;13:2;14:1;15:1;16:1;17:1;18:1} | themes=132 | dates=135
tradable_zt,NOT height_new_high & NOT opened,1057,282,0.2668,158/541=29.2%,124/516=24.0%,yizi_today=40.8% | yizi_next_all=18.3% | height{2:681;3:204;4:97;5:41;6:16;7:10;8:2;10:2;11:1;12:1;13:1;14:1} | themes=113 | dates=184
tradable_zt,NOT height_new_high & unopened,1057,282,0.2668,158/541=29.2%,124/516=24.0%,yizi_today=40.8% | yizi_next_all=18.3% | height{2:681;3:204;4:97;5:41;6:16;7:10;8:2;10:2;11:1;12:1;13:1;14:1} | themes=113 | dates=184
tradable_zt,leader_absent & NOT theme_alive_own & href_le1,90,24,0.2667,10/41=24.4%,14/49=28.6%,yizi_today=20.0% | yizi_next_all=7.8% | height{2:48;3:27;4:10;5:3;6:2} | themes=49 | dates=47
tradable_zt,NOT boards_ge5 & is_fanbao & href_le1,30,8,0.2667,1/4=25.0%,7/26=26.9%,yizi_today=3.3% | yizi_next_all=3.3% | height{2:15;3:6;4:9} | themes=11 | dates=21
tradable_zt,prev_leader_baoliang & NOT same_theme_broken,1182,315,0.2665,173/634=27.3%,142/548=25.9%,yizi_today=18.3% | yizi_next_all=9.0% | height{2:804;3:195;4:104;5:38;6:17;7:10;8:4;9:4;10:1;11:1;12:1;15:1;17:1;18:1} | themes=115 | dates=101
tradable_zt,NOT is_legacy_near,1775,473,0.2665,307/1105=27.8%,166/670=24.8%,yizi_today=19.3% | yizi_next_all=10.3% | height{2:1128;3:332;4:154;5:71;6:35;7:22;8:14;9:4;10:3;11:2;12:2;13:2;14:2;15:1;16:1;17:1;18:1} | themes=129 | dates=198
tradable_zt,NOT leader_absent & NOT theme_alive_own,259,69,0.2664,41/137=29.9%,28/122=23.0%,yizi_today=15.1% | yizi_next_all=8.5% | height{2:168;3:52;4:18;5:9;6:4;7:3;8:3;9:1;18:1} | themes=90 | dates=111
tradable_zt,NOT theme_alive_own & NOT lag0,259,69,0.2664,41/137=29.9%,28/122=23.0%,yizi_today=15.1% | yizi_next_all=8.5% | height{2:168;3:52;4:18;5:9;6:4;7:3;8:3;9:1;18:1} | themes=90 | dates=111
tradable_zt,NOT leader_absent & NOT theme_alive_own & NOT is_fanbao,259,69,0.2664,41/137=29.9%,28/122=23.0%,yizi_today=15.1% | yizi_next_all=8.5% | height{2:168;3:52;4:18;5:9;6:4;7:3;8:3;9:1;18:1} | themes=90 | dates=111
tradable_zt,NOT leader_absent & NOT height_new_high,1309,348,0.2659,178/629=28.3%,170/680=25.0%,yizi_today=18.4% | yizi_next_all=9.7% | height{2:839;3:241;4:117;5:57;6:26;7:19;8:7;11:1;12:1;13:1} | themes=109 | dates=100
tradable_zt,NOT height_new_high & NOT lag0,1309,348,0.2659,178/629=28.3%,170/680=25.0%,yizi_today=18.4% | yizi_next_all=9.7% | height{2:839;3:241;4:117;5:57;6:26;7:19;8:7;11:1;12:1;13:1} | themes=109 | dates=100
tradable_zt,same_theme_broken & href_le1,64,17,0.2656,5/21=23.8%,12/43=27.9%,yizi_today=12.5% | yizi_next_all=7.8% | height{2:28;3:23;4:8;5:4;10:1} | themes=20 | dates=34
tradable_zt,NOT leader_absent & NOT is_fanbao,1570,417,0.2656,249/896=27.8%,168/674=24.9%,yizi_today=19.7% | yizi_next_all=10.8% | height{2:982;3:302;4:136;5:64;6:31;7:23;8:15;9:5;10:1;11:2;12:2;13:2;14:1;15:1;16:1;17:1;18:1} | themes=118 | dates=121
tradable_zt,NOT is_fanbao & NOT lag0,1570,417,0.2656,249/896=27.8%,168/674=24.9%,yizi_today=19.7% | yizi_next_all=10.8% | height{2:982;3:302;4:136;5:64;6:31;7:23;8:15;9:5;10:1;11:2;12:2;13:2;14:1;15:1;16:1;17:1;18:1} | themes=118 | dates=121
tradable_zt,NOT leader_absent & theme_alive_own & NOT is_fanbao,1311,348,0.2654,208/759=27.4%,140/552=25.4%,yizi_today=20.6% | yizi_next_all=11.3% | height{2:814;3:250;4:118;5:55;6:27;7:20;8:12;9:4;10:1;11:2;12:2;13:2;14:1;15:1;16:1;17:1} | themes=86 | dates=121
tradable_zt,NOT leader_baoliang & NOT theme_alive,1036,275,0.2654,184/652=28.2%,91/384=23.7%,yizi_today=20.0% | yizi_next_all=11.7% | height{2:655;3:188;4:90;5:46;6:22;7:16;8:9;9:3;10:1;11:1;12:2;13:1;14:1;15:1} | themes=100 | dates=72
tradable_zt,prev_leader_baoliang & NOT theme_alive,814,216,0.2654,140/509=27.5%,76/305=24.9%,yizi_today=19.8% | yizi_next_all=10.2% | height{2:528;3:145;4:71;5:32;6:15;7:9;8:4;9:4;10:1;11:1;12:1;15:1;17:1;18:1} | themes=101 | dates=63
tradable_zt,NOT opened & own_baoliang & NOT href_le1,49,13,0.2653,7/32=21.9%,6/17=35.3%,yizi_today=46.9% | yizi_next_all=26.5% | height{3:30;4:12;5:5;9:2} | themes=25 | dates=44
tradable_zt,NOT leader_absent & NOT opened & NOT href_le1,622,165,0.2653,97/356=27.2%,68/266=25.6%,yizi_today=42.0% | yizi_next_all=20.1% | height{2:446;3:113;4:40;5:12;6:5;7:2;8:2;9:2} | themes=90 | dates=116
tradable_zt,NOT leader_absent & NOT same_theme_broken,1576,418,0.2652,241/873=27.6%,177/703=25.2%,yizi_today=19.5% | yizi_next_all=10.7% | height{2:994;3:295;4:136;5:65;6:31;7:23;8:15;9:5;10:1;11:2;12:2;13:2;14:1;15:1;16:1;17:1;18:1} | themes=119 | dates=121
tradable_zt,NOT same_theme_broken & NOT lag0,1576,418,0.2652,241/873=27.6%,177/703=25.2%,yizi_today=19.5% | yizi_next_all=10.7% | height{2:994;3:295;4:136;5:65;6:31;7:23;8:15;9:5;10:1;11:2;12:2;13:2;14:1;15:1;16:1;17:1;18:1} | themes=119 | dates=121
tradable_zt,theme_alive_own & NOT theme_alive,1486,394,0.2651,262/962=27.2%,132/524=25.2%,yizi_today=20.9% | yizi_next_all=11.4% | height{2:914;3:292;4:138;5:63;6:31;7:21;8:12;9:4;10:1;11:2;12:2;13:2;14:1;15:1;16:1;17:1} | themes=90 | dates=135
tradable_zt,lag_1to3,1464,388,0.2650,217/775=28.0%,171/689=24.8%,yizi_today=19.2% | yizi_next_all=10.5% | height{2:930;3:278;4:123;5:64;6:30;7:20;8:9;9:2;11:1;12:1;13:2;14:1;15:1;16:1;17:1} | themes=115 | dates=109
tradable_zt,theme_alive_own & NOT opened & NOT href_le1,751,199,0.2650,127/447=28.4%,72/304=23.7%,yizi_today=41.0% | yizi_next_all=19.3% | height{2:555;3:125;4:46;5:14;6:5;7:2;8:2;9:2} | themes=74 | dates=168
tradable_zt,leader_baoliang & href_le1,434,115,0.2650,52/211=24.6%,63/223=28.3%,yizi_today=20.7% | yizi_next_all=7.8% | height{2:179;3:122;4:69;5:29;6:14;7:7;8:5;9:2;10:1;11:1;13:1;14:1;16:1;17:1;18:1} | themes=71 | dates=102
tradable_zt,prev_leader_baoliang & NOT is_fanbao,1216,322,0.2648,183/673=27.2%,139/543=25.6%,yizi_today=18.5% | yizi_next_all=9.2% | height{2:822;3:210;4:106;5:37;6:17;7:10;8:4;9:4;10:1;11:1;12:1;15:1;17:1;18:1} | themes=114 | dates=101
tradable_zt,NOT is_mid_2_3 & same_theme_baoliang,102,27,0.2647,14/61=23.0%,13/41=31.7%,yizi_today=27.5% | yizi_next_all=12.7% | height{4:43;5:23;6:15;7:7;8:5;9:2;10:1;11:1;13:1;14:1;16:1;17:1;18:1} | themes=33 | dates=81
tradable_zt,leader_baoliang & is_fanbao,34,9,0.2647,1/6=16.7%,8/28=28.6%,yizi_today=8.8% | yizi_next_all=2.9% | height{2:21;3:8;4:5} | themes=16 | dates=25
tradable_zt,one_price_today & own_baoliang & href_le1,34,9,0.2647,6/21=28.6%,3/13=23.1%,yizi_today=100%_not_buyable | yizi_today=100.0% | yizi_next_all=44.1% | height{3:10;4:6;5:3;6:4;7:2;8:2;9:2;10:1;13:1;14:1;16:1;17:1} | themes=11 | dates=32
tradable_zt,solo_leader,2075,549,0.2646,339/1200=28.2%,210/875=24.0%,yizi_today=19.5% | yizi_next_all=10.6% | height{2:1328;3:394;4:169;5:83;6:40;7:25;8:15;9:5;10:4;11:2;12:2;13:2;14:2;15:1;16:1;17:1;18:1} | themes=137 | dates=152
tradable_zt,NOT height_drop & NOT theme_alive,1516,401,0.2645,262/968=27.1%,139/548=25.4%,yizi_today=20.0% | yizi_next_all=10.8% | height{2:932;3:302;4:135;5:60;6:33;7:22;8:15;9:5;10:1;11:2;12:2;13:2;14:1;15:1;16:1;17:1;18:1} | themes=120 | dates=110
tradable_zt,NOT is_fanbao & href_le1,692,183,0.2645,85/321=26.5%,98/371=26.4%,yizi_today=21.8% | yizi_next_all=10.0% | height{2:262;3:171;4:110;5:58;6:37;7:23;8:12;9:3;10:4;11:2;12:2;13:2;14:2;15:1;16:1;17:1;18:1} | themes=82 | dates=206
tradable_zt,NOT theme_alive,1798,475,0.2642,315/1150=27.4%,160/648=24.7%,yizi_today=20.2% | yizi_next_all=11.0% | height{2:1120;3:358;4:156;5:72;6:36;7:24;8:15;9:5;10:1;11:2;12:2;13:2;14:1;15:1;16:1;17:1;18:1} | themes=132 | dates=135
tradable_zt,NOT own_baoliang & NOT opened,1102,291,0.2641,175/604=29.0%,116/498=23.3%,yizi_today=41.2% | yizi_next_all=18.2% | height{2:773;3:182;4:80;5:34;6:13;7:9;8:5;10:2;11:1;12:1;14:1;15:1} | themes=112 | dates=206
tradable_zt,NOT own_baoliang & unopened,1102,291,0.2641,175/604=29.0%,116/498=23.3%,yizi_today=41.2% | yizi_next_all=18.2% | height{2:773;3:182;4:80;5:34;6:13;7:9;8:5;10:2;11:1;12:1;14:1;15:1} | themes=112 | dates=206
tradable_zt,NOT leader_absent & NOT prev_leader_baoliang,818,216,0.2641,138/500=27.6%,78/318=24.5%,yizi_today=21.0% | yizi_next_all=11.0% | height{2:494;3:171;4:67;5:35;6:19;7:14;8:11;9:1;11:1;12:1;13:2;14:1;16:1} | themes=92 | dates=58
tradable_zt,NOT prev_leader_baoliang & NOT lag0,818,216,0.2641,138/500=27.6%,78/318=24.5%,yizi_today=21.0% | yizi_next_all=11.0% | height{2:494;3:171;4:67;5:35;6:19;7:14;8:11;9:1;11:1;12:1;13:2;14:1;16:1} | themes=92 | dates=58
tradable_zt,height_new_high & opened,197,52,0.2640,39/141=27.7%,13/56=23.2%,yizi_today=0.0% | yizi_next_all=4.1% | height{2:111;3:50;4:15;5:9;6:2;7:2;8:2;9:1;10:1;11:1;12:1;13:1;18:1} | themes=57 | dates=22
tradable_zt,height_new_high & NOT unopened,197,52,0.2640,39/141=27.7%,13/56=23.2%,yizi_today=0.0% | yizi_next_all=4.1% | height{2:111;3:50;4:15;5:9;6:2;7:2;8:2;9:1;10:1;11:1;12:1;13:1;18:1} | themes=57 | dates=22
tradable_zt,NOT theme_alive & NOT same_theme_baoliang,1652,436,0.2639,294/1067=27.6%,142/585=24.3%,yizi_today=19.9% | yizi_next_all=11.0% | height{2:1069;3:330;4:133;5:59;6:24;7:17;8:10;9:3;10:1;11:1;12:2;13:1;14:1;15:1} | themes=132 | dates=135
tradable_zt,NOT theme_alive & NOT same_theme_broken,1793,473,0.2638,313/1145=27.3%,160/648=24.7%,yizi_today=20.2% | yizi_next_all=11.0% | height{2:1117;3:357;4:156;5:71;6:36;7:24;8:15;9:5;10:1;11:2;12:2;13:2;14:1;15:1;16:1;17:1;18:1} | themes=132 | dates=135
tradable_zt,NOT leader_baoliang & NOT opened,690,182,0.2638,103/364=28.3%,79/326=24.2%,yizi_today=40.0% | yizi_next_all=19.1% | height{2:458;3:111;4:59;5:31;6:11;7:8;8:4;9:2;10:2;11:1;12:1;14:1;15:1} | themes=90 | dates=105
tradable_zt,NOT leader_baoliang & unopened,690,182,0.2638,103/364=28.3%,79/326=24.2%,yizi_today=40.0% | yizi_next_all=19.1% | height{2:458;3:111;4:59;5:31;6:11;7:8;8:4;9:2;10:2;11:1;12:1;14:1;15:1} | themes=90 | dates=105
tradable_zt,NOT same_theme_broken & NOT is_sub_high,2207,582,0.2637,338/1231=27.5%,244/976=25.0%,yizi_today=19.3% | yizi_next_all=10.6% | height{2:1422;3:411;4:193;5:77;6:45;7:24;8:15;9:5;10:3;11:2;12:2;13:2;14:2;15:1;16:1;17:1;18:1} | themes=142 | dates=206
tradable_zt,NOT opened & NOT is_fanbao & NOT own_baoliang,1058,279,0.2637,173/600=28.8%,106/458=23.1%,yizi_today=41.9% | yizi_next_all=18.8% | height{2:735;3:180;4:78;5:32;6:13;7:9;8:5;10:2;11:1;12:1;14:1;15:1} | themes=112 | dates=206
tradable_zt,height_new_high & leader_baoliang,129,34,0.2636,27/100=27.0%,7/29=24.1%,yizi_today=23.3% | yizi_next_all=14.7% | height{2:71;3:30;4:8;5:6;6:3;7:2;8:3;9:2;11:1;16:1;17:1;18:1} | themes=43 | dates=10
tradable_zt,NOT leader_absent & leader_baoliang,554,146,0.2635,81/312=26.0%,65/242=26.9%,yizi_today=20.9% | yizi_next_all=10.8% | height{2:324;3:123;4:53;5:25;6:9;7:7;8:6;9:2;11:1;13:1;16:1;17:1;18:1} | themes=87 | dates=49
tradable_zt,leader_baoliang & NOT lag0,554,146,0.2635,81/312=26.0%,65/242=26.9%,yizi_today=20.9% | yizi_next_all=10.8% | height{2:324;3:123;4:53;5:25;6:9;7:7;8:6;9:2;11:1;13:1;16:1;17:1;18:1} | themes=87 | dates=49
tradable_zt,href_le1,725,191,0.2634,86/325=26.5%,105/400=26.2%,yizi_today=21.1% | yizi_next_all=9.7% | height{2:277;3:177;4:119;5:61;6:37;7:23;8:12;9:3;10:4;11:2;12:2;13:2;14:2;15:1;16:1;17:1;18:1} | themes=82 | dates=207
tradable_zt,NOT opened,1211,319,0.2634,191/671=28.5%,128/540=23.7%,yizi_today=42.2% | yizi_next_all=19.1% | height{2:773;3:231;4:109;5:44;6:19;7:12;8:8;9:4;10:3;11:1;12:1;13:1;14:2;15:1;16:1;17:1} | themes=117 | dates=206
tradable_zt,unopened,1211,319,0.2634,191/671=28.5%,128/540=23.7%,yizi_today=42.2% | yizi_next_all=19.1% | height{2:773;3:231;4:109;5:44;6:19;7:12;8:8;9:4;10:3;11:1;12:1;13:1;14:2;15:1;16:1;17:1} | themes=117 | dates=206
tradable_zt,NOT opened & unopened,1211,319,0.2634,191/671=28.5%,128/540=23.7%,yizi_today=42.2% | yizi_next_all=19.1% | height{2:773;3:231;4:109;5:44;6:19;7:12;8:8;9:4;10:3;11:1;12:1;13:1;14:2;15:1;16:1;17:1} | themes=117 | dates=206
tradable_zt,NOT same_theme_broken & href_le1,661,174,0.2632,81/304=26.6%,93/357=26.1%,yizi_today=21.9% | yizi_next_all=9.8% | height{2:249;3:154;4:111;5:57;6:37;7:23;8:12;9:3;10:3;11:2;12:2;13:2;14:2;15:1;16:1;17:1;18:1} | themes=82 | dates=204
tradable_zt,NOT prev_leader_baoliang & NOT theme_alive,984,259,0.2632,175/641=27.3%,84/343=24.5%,yizi_today=20.5% | yizi_next_all=11.7% | height{2:592;3:213;4:85;5:40;6:21;7:15;8:11;9:1;11:1;12:1;13:2;14:1;16:1} | themes=104 | dates=72
tradable_zt,prev_leader_baoliang & NOT theme_alive_own,228,60,0.2632,34/121=28.1%,26/107=24.3%,yizi_today=17.1% | yizi_next_all=8.3% | height{2:158;3:39;4:17;5:4;6:4;7:2;8:2;9:1;18:1} | themes=89 | dates=95
tradable_zt,NOT leader_absent & NOT theme_alive_own & NOT href_le1,228,60,0.2632,36/118=30.5%,24/110=21.8%,yizi_today=13.6% | yizi_next_all=7.9% | height{2:167;3:47;4:9;5:5} | themes=89 | dates=106
tradable_zt,NOT one_price_today & NOT theme_alive_own & href_le1,95,25,0.2632,11/45=24.4%,14/50=28.0%,yizi_today=0.0% | yizi_next_all=2.1% | height{2:42;3:26;4:11;5:6;6:3;7:2;8:3;9:1;18:1} | themes=50 | dates=62
tradable_zt,NOT leader_absent & NOT is_sub_high,1559,410,0.2630,241/862=28.0%,169/697=24.2%,yizi_today=19.5% | yizi_next_all=10.6% | height{2:1023;3:265;4:124;5:62;6:31;7:22;8:15;9:5;10:1;11:2;12:2;13:2;14:1;15:1;16:1;17:1;18:1} | themes=117 | dates=121
tradable_zt,NOT is_sub_high & NOT lag0,1559,410,0.2630,241/862=28.0%,169/697=24.2%,yizi_today=19.5% | yizi_next_all=10.6% | height{2:1023;3:265;4:124;5:62;6:31;7:22;8:15;9:5;10:1;11:2;12:2;13:2;14:1;15:1;16:1;17:1;18:1} | themes=117 | dates=121
tradable_zt,leader_baoliang & NOT opened,521,137,0.2630,88/307=28.7%,49/214=22.9%,yizi_today=45.1% | yizi_next_all=19.0% | height{2:315;3:120;4:50;5:13;6:8;7:4;8:4;9:2;10:1;13:1;14:1;16:1;17:1} | themes=87 | dates=101
tradable_zt,leader_baoliang & unopened,521,137,0.2630,88/307=28.7%,49/214=22.9%,yizi_today=45.1% | yizi_next_all=19.0% | height{2:315;3:120;4:50;5:13;6:8;7:4;8:4;9:2;10:1;13:1;14:1;16:1;17:1} | themes=87 | dates=101
tradable_zt,NOT leader_baoliang & NOT is_sub_high,1358,357,0.2629,210/719=29.2%,147/639=23.0%,yizi_today=18.6% | yizi_next_all=10.4% | height{2:918;3:219;4:105;5:51;6:28;7:16;8:9;9:3;10:3;11:1;12:2;13:1;14:1;15:1} | themes=118 | dates=105
tradable_zt,NOT is_fanbao & NOT opened,1164,306,0.2629,189/667=28.3%,117/497=23.5%,yizi_today=42.9% | yizi_next_all=19.6% | height{2:735;3:227;4:107;5:41;6:19;7:12;8:8;9:4;10:3;11:1;12:1;13:1;14:2;15:1;16:1;17:1} | themes=117 | dates=206
tradable_zt,NOT is_fanbao & unopened,1164,306,0.2629,189/667=28.3%,117/497=23.5%,yizi_today=42.9% | yizi_next_all=19.6% | height{2:735;3:227;4:107;5:41;6:19;7:12;8:8;9:4;10:3;11:1;12:1;13:1;14:2;15:1;16:1;17:1} | themes=117 | dates=206
tradable_zt,NOT boards_ge5 & NOT opened & NOT own_baoliang,1035,272,0.2628,165/561=29.4%,107/474=22.6%,yizi_today=39.5% | yizi_next_all=17.1% | height{2:773;3:182;4:80} | themes=112 | dates=205
tradable_zt,NOT leader_absent & opened & NOT is_fanbao,879,231,0.2628,139/493=28.2%,92/386=23.8%,yizi_today=0.0% | yizi_next_all=2.4% | height{2:556;3:173;4:75;5:34;6:17;7:12;8:7;9:1;11:1;12:1;13:1;18:1} | themes=100 | dates=121
tradable_zt,theme_alive_own & NOT is_fanbao & href_le1,571,150,0.2627,70/261=26.8%,80/310=25.8%,yizi_today=21.9% | yizi_next_all=10.2% | height{2:213;3:139;4:91;5:51;6:31;7:20;8:9;9:2;10:4;11:2;12:2;13:2;14:2;15:1;16:1;17:1} | themes=62 | dates=191
tradable_zt,NOT leader_absent,1638,430,0.2625,250/900=27.8%,180/738=24.4%,yizi_today=19.5% | yizi_next_all=10.6% | height{2:1033;3:309;4:142;5:68;6:31;7:23;8:15;9:5;10:1;11:2;12:2;13:2;14:1;15:1;16:1;17:1;18:1} | themes=119 | dates=121
tradable_zt,NOT lag0,1638,430,0.2625,250/900=27.8%,180/738=24.4%,yizi_today=19.5% | yizi_next_all=10.6% | height{2:1033;3:309;4:142;5:68;6:31;7:23;8:15;9:5;10:1;11:2;12:2;13:2;14:1;15:1;16:1;17:1;18:1} | themes=119 | dates=121
tradable_zt,NOT leader_absent & NOT height_drop,1638,430,0.2625,250/900=27.8%,180/738=24.4%,yizi_today=19.5% | yizi_next_all=10.6% | height{2:1033;3:309;4:142;5:68;6:31;7:23;8:15;9:5;10:1;11:2;12:2;13:2;14:1;15:1;16:1;17:1;18:1} | themes=119 | dates=121
tradable_zt,NOT leader_absent & NOT lag0,1638,430,0.2625,250/900=27.8%,180/738=24.4%,yizi_today=19.5% | yizi_next_all=10.6% | height{2:1033;3:309;4:142;5:68;6:31;7:23;8:15;9:5;10:1;11:2;12:2;13:2;14:1;15:1;16:1;17:1;18:1} | themes=119 | dates=121
tradable_zt,NOT height_drop & NOT lag0,1638,430,0.2625,250/900=27.8%,180/738=24.4%,yizi_today=19.5% | yizi_next_all=10.6% | height{2:1033;3:309;4:142;5:68;6:31;7:23;8:15;9:5;10:1;11:2;12:2;13:2;14:1;15:1;16:1;17:1;18:1} | themes=119 | dates=121
tradable_zt,NOT height_new_high & href_le1,701,184,0.2625,80/307=26.1%,104/394=26.4%,yizi_today=20.5% | yizi_next_all=9.3% | height{2:277;3:177;4:118;5:59;6:36;7:21;8:7;10:2;11:1;12:1;13:1;14:1} | themes=82 | dates=185
tradable_zt,leader_baoliang & NOT theme_alive,762,200,0.2625,131/498=26.3%,69/264=26.1%,yizi_today=20.5% | yizi_next_all=10.1% | height{2:465;3:170;4:66;5:26;6:14;7:8;8:6;9:2;11:1;13:1;16:1;17:1;18:1} | themes=102 | dates=63
tradable_zt,NOT leader_baoliang & NOT is_fanbao,1448,380,0.2624,226/776=29.1%,154/672=22.9%,yizi_today=18.4% | yizi_next_all=10.6% | height{2:953;3:255;4:119;5:54;6:29;7:17;8:9;9:3;10:3;11:1;12:2;13:1;14:1;15:1} | themes=122 | dates=105
tradable_zt,NOT leader_absent & NOT boards_ge5 & NOT opened,644,169,0.2624,97/358=27.1%,72/286=25.2%,yizi_today=41.1% | yizi_next_all=19.1% | height{2:450;3:132;4:62} | themes=94 | dates=119
tradable_zt,height_drop & NOT theme_alive,282,74,0.2624,53/182=29.1%,21/100=21.0%,yizi_today=21.3% | yizi_next_all=12.4% | height{2:188;3:56;4:21;5:12;6:3;7:2} | themes=65 | dates=25
tradable_zt,theme_alive_own & NOT is_sub_high,1945,510,0.2622,297/1081=27.5%,213/864=24.7%,yizi_today=19.7% | yizi_next_all=10.7% | height{2:1254;3:349;4:179;5:72;6:39;7:21;8:12;9:4;10:4;11:2;12:2;13:2;14:2;15:1;16:1;17:1} | themes=99 | dates=204
tradable_zt,leader_absent & prev_leader_baoliang,454,119,0.2621,72/279=25.8%,47/175=26.9%,yizi_today=18.7% | yizi_next_all=6.8% | height{2:329;3:75;4:37;5:7;6:5;7:1} | themes=76 | dates=38
tradable_zt,prev_leader_baoliang & lag0,454,119,0.2621,72/279=25.8%,47/175=26.9%,yizi_today=18.7% | yizi_next_all=6.8% | height{2:329;3:75;4:37;5:7;6:5;7:1} | themes=76 | dates=38
tradable_zt,NOT is_fanbao & NOT own_baoliang & href_le1,519,136,0.2620,61/223=27.4%,75/296=25.3%,yizi_today=22.5% | yizi_next_all=9.8% | height{2:262;3:102;4:68;5:32;6:22;7:16;8:7;9:1;10:3;11:1;12:2;13:1;14:1;15:1} | themes=69 | dates=163
tradable_zt,NOT leader_absent & NOT leader_baoliang,1084,284,0.2620,169/588=28.7%,115/496=23.2%,yizi_today=18.7% | yizi_next_all=10.4% | height{2:709;3:186;4:89;5:43;6:22;7:16;8:9;9:3;10:1;11:1;12:2;13:1;14:1;15:1} | themes=101 | dates=72
tradable_zt,NOT leader_baoliang & NOT lag0,1084,284,0.2620,169/588=28.7%,115/496=23.2%,yizi_today=18.7% | yizi_next_all=10.4% | height{2:709;3:186;4:89;5:43;6:22;7:16;8:9;9:3;10:1;11:1;12:2;13:1;14:1;15:1} | themes=101 | dates=72
tradable_zt,NOT height_new_high & prev_leader_baoliang,1130,296,0.2619,150/551=27.2%,146/579=25.2%,yizi_today=17.6% | yizi_next_all=8.6% | height{2:781;3:188;4:99;5:36;6:15;7:8;8:2;11:1} | themes=105 | dates=91
tradable_zt,is_fanbao & leader_absent & NOT one_price_today,42,11,0.2619,0/3=0.0%,11/39=28.2%,yizi_today=0.0% | yizi_next_all=0.0% | height{2:31;3:8;4:3} | themes=19 | dates=27
tradable_zt,leader_absent & NOT one_price_today & is_fanbao,42,11,0.2619,0/3=0.0%,11/39=28.2%,yizi_today=0.0% | yizi_next_all=0.0% | height{2:31;3:8;4:3} | themes=19 | dates=27
tradable_zt,NOT leader_absent & is_new_high & NOT boards_ge5,42,11,0.2619,3/16=18.8%,8/26=30.8%,yizi_today=16.7% | yizi_next_all=7.1% | height{3:7;4:35} | themes=24 | dates=23
tradable_zt,NOT is_new_high & NOT opened & is_fanbao,42,11,0.2619,2/4=50.0%,9/38=23.7%,yizi_today=26.2% | yizi_next_all=4.8% | height{2:38;3:3;5:1} | themes=20 | dates=32
tradable_zt,NOT leader_absent & NOT is_fanbao & NOT href_le1,1356,355,0.2618,219/790=27.7%,136/566=24.0%,yizi_today=18.6% | yizi_next_all=10.5% | height{2:972;3:252;4:89;5:27;6:9;7:2;8:3;9:2} | themes=114 | dates=118
tradable_zt,NOT leader_absent & theme_alive_own,1379,361,0.2618,209/763=27.4%,152/616=24.7%,yizi_today=20.3% | yizi_next_all=10.9% | height{2:865;3:257;4:124;5:59;6:27;7:20;8:12;9:4;10:1;11:2;12:2;13:2;14:1;15:1;16:1;17:1} | themes=87 | dates=121
tradable_zt,theme_alive_own & NOT lag0,1379,361,0.2618,209/763=27.4%,152/616=24.7%,yizi_today=20.3% | yizi_next_all=10.9% | height{2:865;3:257;4:124;5:59;6:27;7:20;8:12;9:4;10:1;11:2;12:2;13:2;14:1;15:1;16:1;17:1} | themes=87 | dates=121
tradable_zt,NOT is_sub_high & opened,1288,337,0.2616,194/704=27.6%,143/584=24.5%,yizi_today=0.0% | yizi_next_all=2.4% | height{2:842;3:238;4:110;5:47;6:26;7:12;8:7;9:1;10:1;11:1;12:1;13:1;18:1} | themes=121 | dates=200
tradable_zt,NOT is_sub_high & NOT unopened,1288,337,0.2616,194/704=27.6%,143/584=24.5%,yizi_today=0.0% | yizi_next_all=2.4% | height{2:842;3:238;4:110;5:47;6:26;7:12;8:7;9:1;10:1;11:1;12:1;13:1;18:1} | themes=121 | dates=200
tradable_zt,NOT leader_absent & NOT is_new_high & NOT theme_alive_own,237,62,0.2616,37/123=30.1%,25/114=21.9%,yizi_today=13.9% | yizi_next_all=7.6% | height{2:168;3:51;4:11;5:7} | themes=89 | dates=109
tradable_zt,theme_alive_own & href_le1,604,158,0.2616,71/265=26.8%,87/339=25.7%,yizi_today=21.0% | yizi_next_all=9.8% | height{2:228;3:145;4:100;5:54;6:31;7:20;8:9;9:2;10:4;11:2;12:2;13:2;14:2;15:1;16:1;17:1} | themes=62 | dates=192
tradable_zt,NOT leader_absent & NOT is_new_high & NOT is_fanbao,1434,375,0.2615,228/827=27.6%,147/607=24.2%,yizi_today=18.6% | yizi_next_all=10.5% | height{2:982;3:295;4:107;5:33;6:9;7:3;8:3;9:2} | themes=117 | dates=121
tradable_zt,NOT height_new_high & NOT leader_baoliang,1304,341,0.2615,182/607=30.0%,159/697=22.8%,yizi_today=17.3% | yizi_next_all=9.8% | height{2:884;3:215;4:104;5:52;6:27;7:15;8:4;10:1;11:1;12:1} | themes=116 | dates=93
tradable_zt,NOT is_sub_high & same_theme_baoliang,218,57,0.2615,29/118=24.6%,28/100=28.0%,yizi_today=21.6% | yizi_next_all=11.0% | height{2:72;3:51;4:37;5:22;6:15;7:7;8:5;9:2;10:1;11:1;13:1;14:1;16:1;17:1;18:1} | themes=41 | dates=102
tradable_zt,NOT opened & NOT boards_ge5,1113,291,0.2615,174/605=28.8%,117/508=23.0%,yizi_today=39.9% | yizi_next_all=17.4% | height{2:773;3:231;4:109} | themes=117 | dates=205
tradable_zt,unopened & NOT boards_ge5,1113,291,0.2615,174/605=28.8%,117/508=23.0%,yizi_today=39.9% | yizi_next_all=17.4% | height{2:773;3:231;4:109} | themes=117 | dates=205
tradable_zt,prev_leader_baoliang,1274,333,0.2614,184/679=27.1%,149/595=25.0%,yizi_today=18.2% | yizi_next_all=8.9% | height{2:868;3:213;4:112;5:40;6:17;7:10;8:4;9:4;10:1;11:1;12:1;15:1;17:1;18:1} | themes=115 | dates=101
tradable_zt,NOT height_new_high & NOT is_sub_high,1978,517,0.2614,283/1022=27.7%,234/956=24.5%,yizi_today=18.8% | yizi_next_all=9.9% | height{2:1307;3:350;4:178;5:70;6:40;7:20;8:7;10:2;11:1;12:1;13:1;14:1} | themes=137 | dates=185
tradable_zt,NOT leader_baoliang & NOT same_theme_broken,1454,380,0.2613,214/751=28.5%,166/703=23.6%,yizi_today=18.4% | yizi_next_all=10.2% | height{2:962;3:252;4:117;5:56;6:29;7:17;8:9;9:3;10:3;11:1;12:2;13:1;14:1;15:1} | themes=122 | dates=105
tradable_zt,NOT is_new_high & NOT opened,1060,277,0.2613,172/603=28.5%,105/457=23.0%,yizi_today=39.5% | yizi_next_all=17.8% | height{2:766;3:193;4:66;5:24;6:5;7:2;8:2;9:2} | themes=115 | dates=202
tradable_zt,NOT is_new_high & unopened,1060,277,0.2613,172/603=28.5%,105/457=23.0%,yizi_today=39.5% | yizi_next_all=17.8% | height{2:766;3:193;4:66;5:24;6:5;7:2;8:2;9:2} | themes=115 | dates=202
tradable_zt,NOT is_new_high & NOT opened & NOT is_fanbao,1018,266,0.2613,170/599=28.4%,96/419=22.9%,yizi_today=40.1% | yizi_next_all=18.4% | height{2:728;3:190;4:66;5:23;6:5;7:2;8:2;9:2} | themes=115 | dates=201
tradable_zt,NOT is_sub_high & NOT is_fanbao,2232,583,0.2612,354/1288=27.5%,229/944=24.3%,yizi_today=19.7% | yizi_next_all=10.7% | height{2:1440;3:414;4:195;5:78;6:45;7:24;8:15;9:5;10:4;11:2;12:2;13:2;14:2;15:1;16:1;17:1;18:1} | themes=142 | dates=207
tradable_zt,NOT leader_baoliang & href_le1,291,76,0.2612,34/114=29.8%,42/177=23.7%,yizi_today=21.6% | yizi_next_all=12.4% | height{2:98;3:55;4:50;5:32;6:23;7:16;8:7;9:1;10:3;11:1;12:2;13:1;14:1;15:1} | themes=54 | dates=105
tradable_zt,height_drop & NOT is_sub_high,494,129,0.2611,81/274=29.6%,48/220=21.8%,yizi_today=19.6% | yizi_next_all=9.9% | height{2:312;3:105;4:49;5:15;6:9;7:2;10:2} | themes=88 | dates=58
tradable_zt,prev_leader_baoliang & theme_alive_own,1046,273,0.2610,150/558=26.9%,123/488=25.2%,yizi_today=18.5% | yizi_next_all=9.1% | height{2:710;3:174;4:95;5:36;6:13;7:8;8:2;9:3;10:1;11:1;12:1;15:1;17:1} | themes=81 | dates=101
tradable_zt,NOT leader_absent & prev_leader_baoliang,820,214,0.2610,112/400=28.0%,102/420=24.3%,yizi_today=17.9% | yizi_next_all=10.1% | height{2:539;3:138;4:75;5:33;6:12;7:9;8:4;9:4;10:1;11:1;12:1;15:1;17:1;18:1} | themes=99 | dates=63
tradable_zt,prev_leader_baoliang & NOT lag0,820,214,0.2610,112/400=28.0%,102/420=24.3%,yizi_today=17.9% | yizi_next_all=10.1% | height{2:539;3:138;4:75;5:33;6:12;7:9;8:4;9:4;10:1;11:1;12:1;15:1;17:1;18:1} | themes=99 | dates=63
tradable_zt,NOT theme_alive & NOT href_le1,1399,365,0.2609,252/915=27.5%,113/484=23.3%,yizi_today=19.0% | yizi_next_all=11.0% | height{2:976;3:278;4:98;5:31;6:9;7:2;8:3;9:2} | themes=122 | dates=120
tradable_zt,height_drop & own_baoliang,92,24,0.2609,13/54=24.1%,11/38=28.9%,yizi_today=19.6% | yizi_next_all=9.8% | height{3:53;4:23;5:9;6:5;7:1;10:1} | themes=42 | dates=42
tradable_zt,NOT leader_absent & NOT boards_ge5 & NOT is_fanbao,1420,370,0.2606,220/798=27.6%,150/622=24.1%,yizi_today=18.1% | yizi_next_all=9.7% | height{2:982;3:302;4:136} | themes=117 | dates=121
tradable_zt,prev_leader_baoliang & NOT same_theme_baoliang,1148,299,0.2605,166/601=27.6%,133/547=24.3%,yizi_today=17.6% | yizi_next_all=9.1% | height{2:825;3:186;4:82;5:29;6:11;7:6;8:3;9:2;10:1;11:1;12:1;15:1} | themes=114 | dates=101
tradable_zt,NOT is_sub_high,2328,606,0.2603,355/1292=27.5%,251/1036=24.2%,yizi_today=19.3% | yizi_next_all=10.4% | height{2:1510;3:427;4:204;5:82;6:45;7:24;8:15;9:5;10:4;11:2;12:2;13:2;14:2;15:1;16:1;17:1;18:1} | themes=142 | dates=207
tradable_zt,NOT is_new_high & NOT opened & NOT own_baoliang,995,259,0.2603,162/560=28.9%,97/435=22.3%,yizi_today=39.0% | yizi_next_all=17.3% | height{2:766;3:155;4:49;5:16;6:5;7:2;8:2} | themes=112 | dates=202
tradable_zt,NOT is_sub_high & NOT same_theme_baoliang,2110,549,0.2602,326/1174=27.8%,223/936=23.8%,yizi_today=19.1% | yizi_next_all=10.3% | height{2:1438;3:376;4:167;5:60;6:30;7:17;8:10;9:3;10:3;11:1;12:2;13:1;14:1;15:1} | themes=139 | dates=203
tradable_zt,leader_absent & NOT boards_ge5 & NOT opened,469,122,0.2601,77/247=31.2%,45/222=20.3%,yizi_today=38.2% | yizi_next_all=15.1% | height{2:323;3:99;4:47} | themes=83 | dates=86
tradable_zt,NOT height_drop & href_le1,396,103,0.2601,49/195=25.1%,54/201=26.9%,yizi_today=21.7% | yizi_next_all=9.8% | height{2:102;3:95;4:78;5:44;6:27;7:21;8:12;9:3;10:2;11:2;12:2;13:2;14:2;15:1;16:1;17:1;18:1} | themes=65 | dates=149
tradable_zt,NOT theme_alive & NOT boards_ge5,1634,425,0.2601,282/1037=27.2%,143/597=24.0%,yizi_today=18.8% | yizi_next_all=10.0% | height{2:1120;3:358;4:156} | themes=131 | dates=135
tradable_zt,NOT height_drop & NOT is_sub_high,1834,477,0.2601,274/1018=26.9%,203/816=24.9%,yizi_today=19.2% | yizi_next_all=10.5% | height{2:1198;3:322;4:155;5:67;6:36;7:22;8:15;9:5;10:2;11:2;12:2;13:2;14:2;15:1;16:1;17:1;18:1} | themes=126 | dates=149
tradable_zt,NOT boards_ge5 & NOT opened & NOT is_fanbao,1069,278,0.2601,172/601=28.6%,106/468=22.6%,yizi_today=40.6% | yizi_next_all=18.0% | height{2:735;3:227;4:107} | themes=117 | dates=205
tradable_zt,NOT theme_alive_own & NOT boards_ge5 & href_le1,100,26,0.2600,12/48=25.0%,14/52=26.9%,yizi_today=21.0% | yizi_next_all=8.0% | height{2:49;3:32;4:19} | themes=51 | dates=55
tradable_zt,theme_alive_own & NOT same_theme_broken,2125,552,0.2598,318/1171=27.2%,234/954=24.5%,yizi_today=19.2% | yizi_next_all=10.3% | height{2:1356;3:404;4:195;5:78;6:40;7:22;8:12;9:4;10:3;11:2;12:2;13:2;14:2;15:1;16:1;17:1} | themes=104 | dates=207
tradable_zt,NOT theme_alive_own & NOT theme_alive,312,81,0.2596,53/188=28.2%,28/124=22.6%,yizi_today=16.7% | yizi_next_all=9.0% | height{2:206;3:66;4:18;5:9;6:5;7:3;8:3;9:1;18:1} | themes=105 | dates=124
tradable_zt,leader_absent & NOT opened & NOT own_baoliang,443,115,0.2596,74/236=31.4%,41/207=19.8%,yizi_today=37.7% | yizi_next_all=15.1% | height{2:323;3:75;4:32;5:9;6:2;7:1;10:1} | themes=78 | dates=86
tradable_zt,height_drop & theme_alive_own,574,149,0.2596,87/290=30.0%,62/284=21.8%,yizi_today=17.1% | yizi_next_all=8.7% | height{2:385;3:107;4:49;5:20;6:9;7:2;10:2} | themes=68 | dates=58
tradable_zt,NOT is_new_high & NOT theme_alive_own & opened,235,61,0.2596,37/126=29.4%,24/109=22.0%,yizi_today=0.0% | yizi_next_all=0.9% | height{2:175;3:45;4:9;5:6} | themes=96 | dates=141
tradable_zt,NOT leader_absent & NOT same_theme_baoliang,1545,401,0.2595,237/855=27.7%,164/690=23.8%,yizi_today=19.2% | yizi_next_all=10.6% | height{2:1011;3:294;4:125;5:54;6:24;7:17;8:10;9:3;10:1;11:1;12:2;13:1;14:1;15:1} | themes=119 | dates=121
tradable_zt,NOT lag0 & NOT same_theme_baoliang,1545,401,0.2595,237/855=27.7%,164/690=23.8%,yizi_today=19.2% | yizi_next_all=10.6% | height{2:1011;3:294;4:125;5:54;6:24;7:17;8:10;9:3;10:1;11:1;12:2;13:1;14:1;15:1} | themes=119 | dates=121
tradable_zt,NOT leader_baoliang,1526,396,0.2595,227/778=29.2%,169/748=22.6%,yizi_today=18.1% | yizi_next_all=10.2% | height{2:1016;3:262;4:123;5:58;6:29;7:17;8:9;9:3;10:3;11:1;12:2;13:1;14:1;15:1} | themes=122 | dates=105
tradable_zt,NOT leader_baoliang & NOT same_theme_baoliang,1526,396,0.2595,227/778=29.2%,169/748=22.6%,yizi_today=18.1% | yizi_next_all=10.2% | height{2:1016;3:262;4:123;5:58;6:29;7:17;8:9;9:3;10:3;11:1;12:2;13:1;14:1;15:1} | themes=122 | dates=105
tradable_zt,NOT leader_absent & NOT is_fanbao & NOT own_baoliang,1361,353,0.2594,211/764=27.6%,142/597=23.8%,yizi_today=20.4% | yizi_next_all=11.1% | height{2:982;3:203;4:81;5:38;6:23;7:17;8:9;9:1;10:1;11:1;12:2;13:1;14:1;15:1} | themes=117 | dates=121
tradable_zt,height_drop & opened,378,98,0.2593,50/182=27.5%,48/196=24.5%,yizi_today=0.0% | yizi_next_all=2.9% | height{2:256;3:72;4:30;5:13;6:6;7:1} | themes=76 | dates=58
tradable_zt,height_drop & NOT unopened,378,98,0.2593,50/182=27.5%,48/196=24.5%,yizi_today=0.0% | yizi_next_all=2.9% | height{2:256;3:72;4:30;5:13;6:6;7:1} | themes=76 | dates=58
tradable_zt,NOT theme_alive_own & opened & NOT own_baoliang,216,56,0.2593,35/117=29.9%,21/99=21.2%,yizi_today=0.0% | yizi_next_all=0.5% | height{2:175;3:28;4:7;5:3;6:1;7:1;9:1} | themes=90 | dates=131
tradable_zt,NOT prev_leader_baoliang & is_fanbao,54,14,0.2593,1/2=50.0%,13/52=25.0%,yizi_today=9.3% | yizi_next_all=1.9% | height{2:38;3:12;4:3;5:1} | themes=21 | dates=32
tradable_zt,NOT leader_absent & one_price_today & boards_ge5,54,14,0.2593,9/36=25.0%,5/18=27.8%,yizi_today=100%_not_buyable | yizi_today=100.0% | yizi_next_all=50.0% | height{5:20;6:9;7:8;8:5;9:4;10:1;11:1;12:1;13:1;14:1;15:1;16:1;17:1} | themes=17 | dates=45
tradable_zt,NOT leader_baoliang & NOT href_le1,1235,320,0.2591,193/664=29.1%,127/571=22.2%,yizi_today=17.2% | yizi_next_all=9.6% | height{2:918;3:207;4:73;5:26;6:6;7:1;8:2;9:2} | themes=115 | dates=97
tradable_zt,NOT leader_absent & NOT href_le1,1414,366,0.2588,220/793=27.7%,146/621=23.5%,yizi_today=18.5% | yizi_next_all=10.2% | height{2:1023;3:258;4:89;5:28;6:9;7:2;8:3;9:2} | themes=115 | dates=118
tradable_zt,NOT href_le1 & NOT lag0,1414,366,0.2588,220/793=27.7%,146/621=23.5%,yizi_today=18.5% | yizi_next_all=10.2% | height{2:1023;3:258;4:89;5:28;6:9;7:2;8:3;9:2} | themes=115 | dates=118
tradable_zt,NOT leader_absent & NOT is_new_high & NOT href_le1,1414,366,0.2588,220/793=27.7%,146/621=23.5%,yizi_today=18.5% | yizi_next_all=10.2% | height{2:1023;3:258;4:89;5:28;6:9;7:2;8:3;9:2} | themes=115 | dates=118
tradable_zt,NOT leader_absent & opened,916,237,0.2587,139/494=28.1%,98/422=23.2%,yizi_today=0.0% | yizi_next_all=2.3% | height{2:583;3:177;4:80;5:35;6:17;7:12;8:7;9:1;11:1;12:1;13:1;18:1} | themes=101 | dates=121
tradable_zt,NOT leader_absent & NOT unopened,916,237,0.2587,139/494=28.1%,98/422=23.2%,yizi_today=0.0% | yizi_next_all=2.3% | height{2:583;3:177;4:80;5:35;6:17;7:12;8:7;9:1;11:1;12:1;13:1;18:1} | themes=101 | dates=121
tradable_zt,opened & NOT lag0,916,237,0.2587,139/494=28.1%,98/422=23.2%,yizi_today=0.0% | yizi_next_all=2.3% | height{2:583;3:177;4:80;5:35;6:17;7:12;8:7;9:1;11:1;12:1;13:1;18:1} | themes=101 | dates=121
tradable_zt,NOT unopened & NOT lag0,916,237,0.2587,139/494=28.1%,98/422=23.2%,yizi_today=0.0% | yizi_next_all=2.3% | height{2:583;3:177;4:80;5:35;6:17;7:12;8:7;9:1;11:1;12:1;13:1;18:1} | themes=101 | dates=121
tradable_zt,NOT leader_absent & NOT one_price_today & opened,916,237,0.2587,139/494=28.1%,98/422=23.2%,yizi_today=0.0% | yizi_next_all=2.3% | height{2:583;3:177;4:80;5:35;6:17;7:12;8:7;9:1;11:1;12:1;13:1;18:1} | themes=101 | dates=121
tradable_zt,NOT is_sub_high & NOT opened,1040,269,0.2587,161/588=27.4%,108/452=23.9%,yizi_today=43.3% | yizi_next_all=20.3% | height{2:668;3:189;4:94;5:35;6:19;7:12;8:8;9:4;10:3;11:1;12:1;13:1;14:2;15:1;16:1;17:1} | themes=110 | dates=201
tradable_zt,NOT is_sub_high & unopened,1040,269,0.2587,161/588=27.4%,108/452=23.9%,yizi_today=43.3% | yizi_next_all=20.3% | height{2:668;3:189;4:94;5:35;6:19;7:12;8:8;9:4;10:3;11:1;12:1;13:1;14:2;15:1;16:1;17:1} | themes=110 | dates=201
tradable_zt,height_drop & NOT same_theme_broken,638,165,0.2586,97/334=29.0%,68/304=22.4%,yizi_today=18.8% | yizi_next_all=9.2% | height{2:423;3:128;4:54;5:20;6:10;7:2;10:1} | themes=97 | dates=58
tradable_zt,NOT leader_absent & NOT is_new_high,1493,386,0.2585,229/831=27.6%,157/662=23.7%,yizi_today=18.5% | yizi_next_all=10.2% | height{2:1033;3:302;4:107;5:34;6:9;7:3;8:3;9:2} | themes=118 | dates=121
tradable_zt,NOT is_new_high & NOT lag0,1493,386,0.2585,229/831=27.6%,157/662=23.7%,yizi_today=18.5% | yizi_next_all=10.2% | height{2:1033;3:302;4:107;5:34;6:9;7:3;8:3;9:2} | themes=118 | dates=121
tradable_zt,NOT is_new_high & NOT boards_ge5 & NOT opened,1025,265,0.2585,162/573=28.3%,103/452=22.8%,yizi_today=38.8% | yizi_next_all=17.2% | height{2:766;3:193;4:66} | themes=115 | dates=201
tradable_zt,NOT leader_absent & theme_alive_own & NOT boards_ge5,1246,322,0.2584,184/678=27.1%,138/568=24.3%,yizi_today=18.5% | yizi_next_all=9.6% | height{2:865;3:257;4:124} | themes=85 | dates=121
tradable_zt,NOT leader_absent & NOT boards_ge5 & NOT href_le1,1370,354,0.2584,210/753=27.9%,144/617=23.3%,yizi_today=17.9% | yizi_next_all=9.5% | height{2:1023;3:258;4:89} | themes=115 | dates=118
tradable_zt,height_new_high & NOT one_price_today,271,70,0.2583,56/200=28.0%,14/71=19.7%,yizi_today=0.0% | yizi_next_all=4.4% | height{2:166;3:58;4:20;5:11;6:3;7:2;8:5;9:1;10:1;11:1;12:1;13:1;18:1} | themes=65 | dates=22
tradable_zt,NOT same_theme_broken & NOT is_fanbao,2470,638,0.2583,377/1398=27.0%,261/1072=24.3%,yizi_today=19.1% | yizi_next_all=10.2% | height{2:1579;3:483;4:216;5:86;6:46;7:25;8:15;9:5;10:3;11:2;12:2;13:2;14:2;15:1;16:1;17:1;18:1} | themes=150 | dates=207
tradable_zt,NOT own_baoliang & href_le1,546,141,0.2582,62/226=27.4%,79/320=24.7%,yizi_today=21.8% | yizi_next_all=9.5% | height{2:277;3:105;4:74;5:35;6:22;7:16;8:7;9:1;10:3;11:1;12:2;13:1;14:1;15:1} | themes=69 | dates=164
tradable_zt,NOT leader_absent & theme_alive_own & NOT own_baoliang,1189,307,0.2582,179/648=27.6%,128/541=23.7%,yizi_today=21.0% | yizi_next_all=11.2% | height{2:865;3:167;4:73;5:35;6:19;7:15;8:8;10:1;11:1;12:2;13:1;14:1;15:1} | themes=85 | dates=121
tradable_zt,prev_leader_baoliang & NOT boards_ge5,1193,308,0.2582,166/626=26.5%,142/567=25.0%,yizi_today=17.5% | yizi_next_all=8.1% | height{2:868;3:213;4:112} | themes=115 | dates=101
tradable_zt,NOT leader_absent & NOT boards_ge5,1484,383,0.2581,221/802=27.6%,162/682=23.8%,yizi_today=17.9% | yizi_next_all=9.4% | height{2:1033;3:309;4:142} | themes=118 | dates=121
tradable_zt,NOT boards_ge5 & NOT lag0,1484,383,0.2581,221/802=27.6%,162/682=23.8%,yizi_today=17.9% | yizi_next_all=9.4% | height{2:1033;3:309;4:142} | themes=118 | dates=121
tradable_zt,NOT theme_alive & NOT own_baoliang,1546,399,0.2581,267/981=27.2%,132/565=23.4%,yizi_today=20.9% | yizi_next_all=11.1% | height{2:1120;3:237;4:89;5:44;6:22;7:17;8:9;9:1;10:1;11:1;12:2;13:1;14:1;15:1} | themes=131 | dates=135
tradable_zt,one_price_today & NOT is_new_high & own_baoliang,31,8,0.2581,3/21=14.3%,5/10=50.0%,yizi_today=100%_not_buyable | yizi_today=100.0% | yizi_next_all=51.6% | height{3:20;4:5;5:4;9:2} | themes=13 | dates=29
tradable_zt,NOT leader_absent & theme_alive_own & NOT href_le1,1186,306,0.2580,184/675=27.3%,122/511=23.9%,yizi_today=19.4% | yizi_next_all=10.6% | height{2:856;3:211;4:80;5:23;6:9;7:2;8:3;9:2} | themes=82 | dates=118
tradable_zt,NOT leader_absent & NOT is_new_high & NOT boards_ge5,1442,372,0.2580,218/786=27.7%,154/656=23.5%,yizi_today=17.9% | yizi_next_all=9.5% | height{2:1033;3:302;4:107} | themes=118 | dates=121
tradable_zt,is_mid_2_3 & NOT opened,1004,259,0.2580,153/534=28.7%,106/470=22.6%,yizi_today=38.4% | yizi_next_all=17.0% | height{2:773;3:231} | themes=115 | dates=203
tradable_zt,is_mid_2_3 & unopened,1004,259,0.2580,153/534=28.7%,106/470=22.6%,yizi_today=38.4% | yizi_next_all=17.0% | height{2:773;3:231} | themes=115 | dates=203
tradable_zt,NOT leader_absent & NOT is_new_high & theme_alive_own,1256,324,0.2580,192/708=27.1%,132/548=24.1%,yizi_today=19.3% | yizi_next_all=10.7% | height{2:865;3:251;4:96;5:27;6:9;7:3;8:3;9:2} | themes=86 | dates=121
tradable_zt,NOT height_new_high & NOT same_theme_broken,2223,573,0.2578,307/1134=27.1%,266/1089=24.4%,yizi_today=18.2% | yizi_next_all=9.4% | height{2:1453;3:420;4:198;5:78;6:41;7:21;8:7;10:1;11:1;12:1;13:1;14:1} | themes=145 | dates=185
tradable_zt,leader_absent & NOT opened,489,126,0.2577,80/265=30.2%,46/224=20.5%,yizi_today=39.3% | yizi_next_all=16.2% | height{2:323;3:99;4:47;5:11;6:5;7:1;10:2;14:1} | themes=83 | dates=86
tradable_zt,leader_absent & unopened,489,126,0.2577,80/265=30.2%,46/224=20.5%,yizi_today=39.3% | yizi_next_all=16.2% | height{2:323;3:99;4:47;5:11;6:5;7:1;10:2;14:1} | themes=83 | dates=86
tradable_zt,NOT opened & lag0,489,126,0.2577,80/265=30.2%,46/224=20.5%,yizi_today=39.3% | yizi_next_all=16.2% | height{2:323;3:99;4:47;5:11;6:5;7:1;10:2;14:1} | themes=83 | dates=86
tradable_zt,unopened & lag0,489,126,0.2577,80/265=30.2%,46/224=20.5%,yizi_today=39.3% | yizi_next_all=16.2% | height{2:323;3:99;4:47;5:11;6:5;7:1;10:2;14:1} | themes=83 | dates=86
tradable_zt,height_new_high & NOT own_baoliang,295,76,0.2576,65/231=28.1%,11/64=17.2%,yizi_today=23.1% | yizi_next_all=12.9% | height{2:203;3:56;4:13;5:5;6:3;7:3;8:5;9:1;10:2;12:1;13:1;14:1;15:1} | themes=62 | dates=22
tradable_zt,NOT height_drop & leader_baoliang,796,205,0.2575,118/484=24.4%,87/312=27.9%,yizi_today=20.0% | yizi_next_all=10.1% | height{2:485;3:174;4:75;5:28;6:13;7:7;8:6;9:2;11:1;13:1;14:1;16:1;17:1;18:1} | themes=103 | dates=67
tradable_zt,NOT same_theme_broken,2572,662,0.2574,379/1405=27.0%,283/1167=24.3%,yizi_today=18.8% | yizi_next_all=9.9% | height{2:1655;3:496;4:225;5:90;6:46;7:25;8:15;9:5;10:3;11:2;12:2;13:2;14:2;15:1;16:1;17:1;18:1} | themes=150 | dates=207
tradable_zt,theme_alive_own & NOT is_fanbao,2169,558,0.2573,332/1228=27.0%,226/941=24.0%,yizi_today=19.5% | yizi_next_all=10.5% | height{2:1383;3:417;4:198;5:78;6:40;7:22;8:12;9:4;10:4;11:2;12:2;13:2;14:2;15:1;16:1;17:1} | themes=104 | dates=207
tradable_zt,same_theme_baoliang,245,63,0.2571,30/128=23.4%,33/117=28.2%,yizi_today=21.6% | yizi_next_all=10.2% | height{2:83;3:60;4:43;5:23;6:15;7:7;8:5;9:2;10:1;11:1;13:1;14:1;16:1;17:1;18:1} | themes=41 | dates=102
tradable_zt,leader_baoliang & same_theme_baoliang,245,63,0.2571,30/128=23.4%,33/117=28.2%,yizi_today=21.6% | yizi_next_all=10.2% | height{2:83;3:60;4:43;5:23;6:15;7:7;8:5;9:2;10:1;11:1;13:1;14:1;16:1;17:1;18:1} | themes=41 | dates=102
tradable_zt,NOT height_drop & NOT same_theme_broken,1934,497,0.2570,282/1071=26.3%,215/863=24.9%,yizi_today=18.8% | yizi_next_all=10.1% | height{2:1232;3:368;4:171;5:70;6:36;7:23;8:15;9:5;10:2;11:2;12:2;13:2;14:2;15:1;16:1;17:1;18:1} | themes=132 | dates=149
tradable_zt,NOT leader_baoliang & NOT boards_ge5,1401,360,0.2570,204/693=29.4%,156/708=22.0%,yizi_today=16.8% | yizi_next_all=9.1% | height{2:1016;3:262;4:123} | themes=121 | dates=105
tradable_zt,height_new_high & prev_leader_baoliang,144,37,0.2569,34/128=26.6%,3/16=18.8%,yizi_today=22.9% | yizi_next_all=11.8% | height{2:87;3:25;4:13;5:4;6:2;7:2;8:2;9:4;10:1;12:1;15:1;17:1;18:1} | themes=43 | dates=10
tradable_zt,NOT height_new_high & NOT is_fanbao,2277,585,0.2569,324/1197=27.1%,261/1080=24.2%,yizi_today=18.4% | yizi_next_all=9.6% | height{2:1486;3:436;4:201;5:79;6:41;7:21;8:7;10:2;11:1;12:1;13:1;14:1} | themes=145 | dates=185
tradable_zt,own_baoliang & NOT opened,109,28,0.2569,16/67=23.9%,12/42=28.6%,yizi_today=52%_not_buyable | yizi_today=52.3% | yizi_next_all=27.5% | height{3:49;4:29;5:10;6:6;7:3;8:3;9:4;10:1;13:1;14:1;16:1;17:1} | themes=35 | dates=84
tradable_zt,own_baoliang & unopened,109,28,0.2569,16/67=23.9%,12/42=28.6%,yizi_today=52%_not_buyable | yizi_today=52.3% | yizi_next_all=27.5% | height{3:49;4:29;5:10;6:6;7:3;8:3;9:4;10:1;13:1;14:1;16:1;17:1} | themes=35 | dates=84
tradable_zt,NOT theme_alive & NOT is_new_high,1608,413,0.2568,284/1051=27.0%,129/557=23.2%,yizi_today=19.2% | yizi_next_all=10.5% | height{2:1104;3:322;4:124;5:40;6:10;7:3;8:3;9:2} | themes=131 | dates=133
tradable_zt,leader_baoliang & NOT is_sub_high,970,249,0.2567,145/573=25.3%,104/397=26.2%,yizi_today=20.3% | yizi_next_all=10.4% | height{2:592;3:208;4:99;5:31;6:17;7:8;8:6;9:2;10:1;11:1;13:1;14:1;16:1;17:1;18:1} | themes=110 | dates=102
tradable_zt,NOT is_fanbao & NOT same_theme_baoliang,2388,613,0.2567,366/1340=27.3%,247/1048=23.6%,yizi_today=18.7% | yizi_next_all=10.1% | height{2:1606;3:454;4:189;5:68;6:31;7:18;8:10;9:3;10:3;11:1;12:2;13:1;14:1;15:1} | themes=148 | dates=207
tradable_zt,href_le1 & NOT same_theme_baoliang,561,144,0.2567,66/250=26.4%,78/311=25.1%,yizi_today=20.9% | yizi_next_all=9.6% | height{2:256;3:131;4:78;5:40;6:23;7:16;8:7;9:1;10:3;11:1;12:2;13:1;14:1;15:1} | themes=75 | dates=164
tradable_zt,NOT leader_absent & NOT own_baoliang,1422,365,0.2567,212/767=27.6%,153/655=23.4%,yizi_today=20.2% | yizi_next_all=10.8% | height{2:1033;3:207;4:84;5:41;6:23;7:17;8:9;9:1;10:1;11:1;12:2;13:1;14:1;15:1} | themes=118 | dates=121
tradable_zt,NOT own_baoliang & NOT lag0,1422,365,0.2567,212/767=27.6%,153/655=23.4%,yizi_today=20.2% | yizi_next_all=10.8% | height{2:1033;3:207;4:84;5:41;6:23;7:17;8:9;9:1;10:1;11:1;12:2;13:1;14:1;15:1} | themes=118 | dates=121
tradable_zt,height_drop & NOT is_fanbao,674,173,0.2567,104/359=29.0%,69/315=21.9%,yizi_today=18.8% | yizi_next_all=9.5% | height{2:449;3:133;4:56;5:22;6:10;7:2;10:2} | themes=97 | dates=58
tradable_zt,NOT leader_baoliang & theme_alive_own,1290,331,0.2566,189/665=28.4%,142/625=22.7%,yizi_today=18.5% | yizi_next_all=10.7% | height{2:857;3:214;4:110;5:50;6:25;7:15;8:8;9:2;10:3;11:1;12:2;13:1;14:1;15:1} | themes=83 | dates=105
tradable_zt,NOT height_drop & prev_leader_baoliang,1006,258,0.2565,144/546=26.4%,114/460=24.8%,yizi_today=17.7% | yizi_next_all=9.4% | height{2:673;3:168;4:93;5:34;6:15;7:9;8:4;9:4;10:1;11:1;12:1;15:1;17:1;18:1} | themes=109 | dates=77
tradable_zt,NOT leader_absent & NOT theme_alive_own & NOT boards_ge5,238,61,0.2563,37/124=29.8%,24/114=21.1%,yizi_today=14.7% | yizi_next_all=8.4% | height{2:168;3:52;4:18} | themes=90 | dates=110
tradable_zt,NOT theme_alive & opened,1003,257,0.2562,161/629=25.6%,96/374=25.7%,yizi_today=0.0% | yizi_next_all=2.7% | height{2:626;3:209;4:87;5:34;6:22;7:13;8:7;9:1;11:1;12:1;13:1;18:1} | themes=109 | dates=135
tradable_zt,NOT theme_alive & NOT unopened,1003,257,0.2562,161/629=25.6%,96/374=25.7%,yizi_today=0.0% | yizi_next_all=2.7% | height{2:626;3:209;4:87;5:34;6:22;7:13;8:7;9:1;11:1;12:1;13:1;18:1} | themes=109 | dates=135
tradable_zt,NOT prev_leader_baoliang & NOT opened,644,165,0.2562,100/352=28.4%,65/292=22.3%,yizi_today=43.3% | yizi_next_all=20.5% | height{2:390;3:143;4:50;5:26;6:13;7:7;8:7;9:1;10:2;12:1;13:1;14:2;16:1} | themes=94 | dates=106
tradable_zt,NOT prev_leader_baoliang & unopened,644,165,0.2562,100/352=28.4%,65/292=22.3%,yizi_today=43.3% | yizi_next_all=20.5% | height{2:390;3:143;4:50;5:26;6:13;7:7;8:7;9:1;10:2;12:1;13:1;14:2;16:1} | themes=94 | dates=106
tradable_zt,NOT theme_dead,2377,609,0.2562,341/1240=27.5%,268/1137=23.6%,yizi_today=18.5% | yizi_next_all=9.9% | height{2:1519;3:461;4:213;5:82;6:43;7:23;8:15;9:5;10:4;11:2;12:2;13:2;14:2;15:1;16:1;17:1;18:1} | themes=137 | dates=178
tradable_zt,NOT opened & NOT is_fanbao & NOT href_le1,851,218,0.2562,141/517=27.3%,77/334=23.1%,yizi_today=40.9% | yizi_next_all=19.6% | height{2:627;3:148;4:51;5:14;6:5;7:2;8:2;9:2} | themes=107 | dates=172
tradable_zt,prev_leader_baoliang & NOT href_le1,894,229,0.2562,132/493=26.8%,97/401=24.2%,yizi_today=17.4% | yizi_next_all=9.6% | height{2:707;3:125;4:44;5:13;6:2;7:1;8:1;9:1} | themes=110 | dates=83
tradable_zt,NOT is_fanbao,2624,672,0.2561,396/1468=27.0%,276/1156=23.9%,yizi_today=19.0% | yizi_next_all=10.1% | height{2:1687;3:511;4:228;5:91;6:46;7:25;8:15;9:5;10:4;11:2;12:2;13:2;14:2;15:1;16:1;17:1;18:1} | themes=150 | dates=207
tradable_zt,height_drop,703,180,0.2560,104/360=28.9%,76/343=22.2%,yizi_today=18.2% | yizi_next_all=9.1% | height{2:471;3:137;4:59;5:22;6:10;7:2;10:2} | themes=97 | dates=58
tradable_zt,leader_absent & height_drop,703,180,0.2560,104/360=28.9%,76/343=22.2%,yizi_today=18.2% | yizi_next_all=9.1% | height{2:471;3:137;4:59;5:22;6:10;7:2;10:2} | themes=97 | dates=58
tradable_zt,height_drop & NOT height_new_high,703,180,0.2560,104/360=28.9%,76/343=22.2%,yizi_today=18.2% | yizi_next_all=9.1% | height{2:471;3:137;4:59;5:22;6:10;7:2;10:2} | themes=97 | dates=58
tradable_zt,height_drop & lag0,703,180,0.2560,104/360=28.9%,76/343=22.2%,yizi_today=18.2% | yizi_next_all=9.1% | height{2:471;3:137;4:59;5:22;6:10;7:2;10:2} | themes=97 | dates=58
tradable_zt,NOT is_mid_2_3 & one_price_today,125,32,0.2560,23/90=25.6%,9/35=25.7%,yizi_today=100%_not_buyable | yizi_today=100.0% | yizi_next_all=44.0% | height{4:58;5:25;6:13;7:9;8:5;9:4;10:3;11:1;12:1;13:1;14:2;15:1;16:1;17:1} | themes=30 | dates=92
tradable_zt,NOT leader_baoliang & opened,836,214,0.2560,124/414=30.0%,90/422=21.3%,yizi_today=0.0% | yizi_next_all=2.8% | height{2:558;3:151;4:64;5:27;6:18;7:9;8:5;9:1;10:1;12:1;13:1} | themes=99 | dates=105
tradable_zt,NOT leader_baoliang & NOT unopened,836,214,0.2560,124/414=30.0%,90/422=21.3%,yizi_today=0.0% | yizi_next_all=2.8% | height{2:558;3:151;4:64;5:27;6:18;7:9;8:5;9:1;10:1;12:1;13:1} | themes=99 | dates=105
tradable_zt,theme_alive_own & NOT same_theme_baoliang,2055,526,0.2560,308/1122=27.5%,218/933=23.4%,yizi_today=18.7% | yizi_next_all=10.1% | height{2:1384;3:379;4:167;5:62;6:27;7:16;8:9;9:2;10:3;11:1;12:2;13:1;14:1;15:1} | themes=103 | dates=207
tradable_zt,NOT is_sub_high & NOT boards_ge5,2141,548,0.2560,319/1169=27.3%,229/972=23.6%,yizi_today=18.1% | yizi_next_all=9.4% | height{2:1510;3:427;4:204} | themes=141 | dates=207
tradable_zt,NOT height_drop & NOT is_fanbao,1950,499,0.2559,292/1109=26.3%,207/841=24.6%,yizi_today=19.1% | yizi_next_all=10.3% | height{2:1238;3:378;4:172;5:69;6:36;7:23;8:15;9:5;10:2;11:2;12:2;13:2;14:2;15:1;16:1;17:1;18:1} | themes=132 | dates=149
tradable_zt,NOT leader_baoliang & NOT is_new_high,1403,359,0.2559,210/723=29.0%,149/680=21.9%,yizi_today=16.8% | yizi_next_all=9.5% | height{2:1016;3:250;4:91;5:33;6:7;7:2;8:2;9:2} | themes=120 | dates=105
tradable_zt,same_theme_broken & is_sub_high,43,11,0.2558,2/10=20.0%,9/33=27.3%,yizi_today=7.0% | yizi_next_all=9.3% | height{2:28;3:14;4:1} | themes=16 | dates=23
tradable_zt,NOT leader_absent & one_price_today & is_new_high,43,11,0.2558,7/24=29.2%,4/19=21.1%,yizi_today=100%_not_buyable | yizi_today=100.0% | yizi_next_all=41.9% | height{3:3;4:4;5:12;6:5;7:6;8:3;9:2;10:1;11:1;12:1;13:1;14:1;15:1;16:1;17:1} | themes=17 | dates=42
tradable_zt,NOT height_new_high & NOT same_theme_baoliang,2159,552,0.2557,302/1093=27.6%,250/1066=23.5%,yizi_today=18.0% | yizi_next_all=9.4% | height{2:1491;3:390;4:167;5:61;6:28;7:15;8:4;10:1;11:1;12:1} | themes=142 | dates=185
tradable_zt,theme_alive_own,2281,583,0.2556,334/1236=27.0%,249/1045=23.8%,yizi_today=19.1% | yizi_next_all=10.1% | height{2:1467;3:432;4:207;5:82;6:40;7:22;8:12;9:4;10:4;11:2;12:2;13:2;14:2;15:1;16:1;17:1} | themes=104 | dates=207
tradable_zt,NOT same_theme_broken & NOT same_theme_baoliang,2360,603,0.2555,351/1298=27.0%,252/1062=23.7%,yizi_today=18.5% | yizi_next_all=9.9% | height{2:1588;3:444;4:187;5:70;6:31;7:18;8:10;9:3;10:3;11:1;12:2;13:1;14:1;15:1} | themes=148 | dates=207
tradable_zt,NOT same_theme_broken & NOT href_le1,1911,488,0.2554,298/1101=27.1%,190/810=23.5%,yizi_today=17.7% | yizi_next_all=9.9% | height{2:1406;3:342;4:114;5:33;6:9;7:2;8:3;9:2} | themes=138 | dates=177
tradable_zt,NOT leader_absent & NOT one_price_today & NOT is_fanbao,1261,322,0.2554,186/687=27.1%,136/574=23.7%,yizi_today=0.0% | yizi_next_all=3.2% | height{2:844;3:211;4:108;5:46;6:22;7:15;8:10;9:1;11:1;12:1;13:1;18:1} | themes=115 | dates=121
tradable_zt,NOT opened & NOT href_le1,889,227,0.2553,142/520=27.3%,85/369=23.0%,yizi_today=40.3% | yizi_next_all=19.0% | height{2:661;3:151;4:51;5:15;6:5;7:2;8:2;9:2} | themes=107 | dates=172
tradable_zt,unopened & NOT href_le1,889,227,0.2553,142/520=27.3%,85/369=23.0%,yizi_today=40.3% | yizi_next_all=19.0% | height{2:661;3:151;4:51;5:15;6:5;7:2;8:2;9:2} | themes=107 | dates=172
tradable_zt,NOT is_new_high & NOT opened & NOT href_le1,889,227,0.2553,142/520=27.3%,85/369=23.0%,yizi_today=40.3% | yizi_next_all=19.0% | height{2:661;3:151;4:51;5:15;6:5;7:2;8:2;9:2} | themes=107 | dates=172
tradable_zt,theme_alive_own & NOT is_fanbao & NOT href_le1,1598,408,0.2553,262/967=27.1%,146/631=23.1%,yizi_today=18.6% | yizi_next_all=10.6% | height{2:1170;3:278;4:107;5:27;6:9;7:2;8:3;9:2} | themes=95 | dates=177
tradable_zt,height_drop & NOT own_baoliang,611,156,0.2553,91/306=29.7%,65/305=21.3%,yizi_today=18.0% | yizi_next_all=9.0% | height{2:471;3:84;4:36;5:13;6:5;7:1;10:1} | themes=89 | dates=58
tradable_zt,height_new_high & NOT same_theme_broken,349,89,0.2550,72/271=26.6%,17/78=21.8%,yizi_today=22.9% | yizi_next_all=13.2% | height{2:202;3:76;4:27;5:12;6:5;7:4;8:8;9:5;10:2;11:1;12:1;13:1;14:1;15:1;16:1;17:1;18:1} | themes=65 | dates=22
tradable_zt,NOT height_new_high,2385,608,0.2549,326/1205=27.1%,282/1180=23.9%,yizi_today=18.1% | yizi_next_all=9.3% | height{2:1568;3:449;4:210;5:83;6:41;7:21;8:7;10:2;11:1;12:1;13:1;14:1} | themes=145 | dates=185
tradable_zt,leader_absent & NOT is_sub_high,769,196,0.2549,114/430=26.5%,82/339=24.2%,yizi_today=19.0% | yizi_next_all=10.0% | height{2:487;3:162;4:80;5:20;6:14;7:2;10:3;14:1} | themes=106 | dates=86
tradable_zt,NOT is_sub_high & lag0,769,196,0.2549,114/430=26.5%,82/339=24.2%,yizi_today=19.0% | yizi_next_all=10.0% | height{2:487;3:162;4:80;5:20;6:14;7:2;10:3;14:1} | themes=106 | dates=86
tradable_zt,NOT leader_baoliang & NOT own_baoliang,1397,356,0.2548,202/697=29.0%,154/700=22.0%,yizi_today=18.6% | yizi_next_all=10.2% | height{2:1016;3:187;4:89;5:43;6:27;7:17;8:8;9:1;10:3;11:1;12:2;13:1;14:1;15:1} | themes=121 | dates=105
tradable_zt,NOT leader_absent & NOT boards_ge5 & opened,840,214,0.2548,124/444=27.9%,90/396=22.7%,yizi_today=0.0% | yizi_next_all=2.0% | height{2:583;3:177;4:80} | themes=100 | dates=121
tradable_zt,NOT opened & NOT own_baoliang & NOT href_le1,840,214,0.2548,135/488=27.7%,79/352=22.4%,yizi_today=39.9% | yizi_next_all=18.6% | height{2:661;3:121;4:39;5:10;6:5;7:2;8:2} | themes=104 | dates=172
tradable_zt,ALL,2736,697,0.2548,398/1476=27.0%,299/1260=23.7%,yizi_today=18.7% | yizi_next_all=9.8% | height{2:1771;3:526;4:237;5:95;6:46;7:25;8:15;9:5;10:4;11:2;12:2;13:2;14:2;15:1;16:1;17:1;18:1} | themes=150 | dates=207
tradable_zt,NOT opened & NOT is_fanbao & own_baoliang,106,27,0.2547,16/67=23.9%,11/39=28.2%,yizi_today=53%_not_buyable | yizi_today=52.8% | yizi_next_all=27.4% | height{3:47;4:29;5:9;6:6;7:3;8:3;9:4;10:1;13:1;14:1;16:1;17:1} | themes=35 | dates=82
tradable_zt,NOT height_drop & NOT theme_alive_own,326,83,0.2546,47/170=27.6%,36/156=23.1%,yizi_today=14.1% | yizi_next_all=7.1% | height{2:218;3:64;4:20;5:11;6:5;7:3;8:3;9:1;18:1} | themes=104 | dates=137
tradable_zt,NOT leader_absent & NOT one_price_today & NOT theme_alive_own,220,56,0.2545,35/119=29.4%,21/101=20.8%,yizi_today=0.0% | yizi_next_all=1.8% | height{2:150;3:38;4:15;5:8;6:2;7:2;8:3;9:1;18:1} | themes=87 | dates=105
tradable_zt,NOT same_theme_baoliang,2491,634,0.2545,368/1348=27.3%,266/1143=23.3%,yizi_today=18.4% | yizi_next_all=9.8% | height{2:1688;3:466;4:194;5:72;6:31;7:18;8:10;9:3;10:3;11:1;12:2;13:1;14:1;15:1} | themes=148 | dates=207
tradable_zt,NOT height_drop & NOT height_new_high,1682,428,0.2545,222/845=26.3%,206/837=24.6%,yizi_today=18.0% | yizi_next_all=9.4% | height{2:1097;3:312;4:151;5:61;6:31;7:19;8:7;11:1;12:1;13:1;14:1} | themes=123 | dates=127
tradable_zt,NOT one_price_today & NOT opened & href_le1,169,43,0.2544,15/57=26.3%,28/112=25.0%,yizi_today=0.0% | yizi_next_all=5.9% | height{2:79;3:41;4:27;5:11;6:5;7:3;8:3} | themes=51 | dates=83
tradable_zt,NOT leader_absent & NOT boards_ge5 & href_le1,114,29,0.2544,11/49=22.4%,18/65=27.7%,yizi_today=17.5% | yizi_next_all=8.8% | height{2:10;3:51;4:53} | themes=40 | dates=37
tradable_zt,prev_leader_baoliang & theme_alive,460,117,0.2543,44/170=25.9%,73/290=25.2%,yizi_today=15.4% | yizi_next_all=6.7% | height{2:340;3:68;4:41;5:8;6:2;7:1} | themes=72 | dates=38
tradable_zt,NOT leader_absent & NOT is_new_high & NOT own_baoliang,1329,338,0.2543,199/724=27.5%,139/605=23.0%,yizi_today=19.3% | yizi_next_all=10.2% | height{2:1033;3:203;4:62;5:19;6:7;7:3;8:2} | themes=117 | dates=120
tradable_zt,NOT height_drop,2033,517,0.2543,294/1116=26.3%,223/917=24.3%,yizi_today=18.8% | yizi_next_all=10.0% | height{2:1300;3:389;4:178;5:73;6:36;7:23;8:15;9:5;10:2;11:2;12:2;13:2;14:2;15:1;16:1;17:1;18:1} | themes=132 | dates=149
tradable_zt,leader_baoliang & theme_alive_own,991,252,0.2543,145/571=25.4%,107/420=25.5%,yizi_today=19.8% | yizi_next_all=9.4% | height{2:610;3:218;4:97;5:32;6:15;7:7;8:4;9:2;10:1;11:1;13:1;14:1;16:1;17:1} | themes=83 | dates=102
tradable_zt,height_new_high & NOT is_sub_high,350,89,0.2543,72/270=26.7%,17/80=21.2%,yizi_today=22.6% | yizi_next_all=13.1% | height{2:203;3:77;4:26;5:12;6:5;7:4;8:8;9:5;10:2;11:1;12:1;13:1;14:1;15:1;16:1;17:1;18:1} | themes=65 | dates=22
tradable_zt,prev_leader_baoliang & NOT own_baoliang,1113,283,0.2543,156/581=26.9%,127/532=23.9%,yizi_today=18.6% | yizi_next_all=9.2% | height{2:868;3:130;4:68;5:22;6:12;7:6;8:2;9:1;10:1;11:1;12:1;15:1} | themes=115 | dates=101
tradable_zt,NOT height_drop & theme_alive_own,1707,434,0.2542,247/946=26.1%,187/761=24.6%,yizi_today=19.7% | yizi_next_all=10.6% | height{2:1082;3:325;4:158;5:62;6:31;7:20;8:12;9:4;10:2;11:2;12:2;13:2;14:2;15:1;16:1;17:1} | themes=94 | dates=149
tradable_zt,same_theme_broken & theme_alive_own & href_le1,59,15,0.2542,4/18=22.2%,11/41=26.8%,yizi_today=13.6% | yizi_next_all=8.5% | height{2:26;3:21;4:8;5:3;10:1} | themes=17 | dates=31
tradable_zt,height_new_high & NOT boards_ge5,307,78,0.2541,63/236=26.7%,15/71=21.1%,yizi_today=20.5% | yizi_next_all=10.4% | height{2:203;3:77;4:27} | themes=63 | dates=22
tradable_zt,is_new_high & boards_ge5 & NOT opened,63,16,0.2540,7/36=19.4%,9/27=33.3%,yizi_today=73%_not_buyable | yizi_today=73.0% | yizi_next_all=38.1% | height{5:20;6:14;7:10;8:6;9:2;10:3;11:1;12:1;13:1;14:2;15:1;16:1;17:1} | themes=19 | dates=62
tradable_zt,NOT href_le1 & NOT same_theme_baoliang,1930,490,0.2539,302/1098=27.5%,188/832=22.6%,yizi_today=17.7% | yizi_next_all=9.8% | height{2:1432;3:335;4:116;5:32;6:8;7:2;8:3;9:2} | themes=137 | dates=177
tradable_zt,theme_alive_own & NOT own_baoliang & href_le1,453,115,0.2539,51/187=27.3%,64/266=24.1%,yizi_today=21.4% | yizi_next_all=9.7% | height{2:228;3:86;4:60;5:32;6:18;7:14;8:6;10:3;11:1;12:2;13:1;14:1;15:1} | themes=54 | dates=150
tradable_zt,NOT leader_absent & opened & NOT href_le1,792,201,0.2538,123/437=28.1%,78/355=22.0%,yizi_today=0.0% | yizi_next_all=2.4% | height{2:577;3:145;4:49;5:16;6:4;8:1} | themes=98 | dates=118
tradable_zt,NOT leader_absent & NOT boards_ge5 & NOT own_baoliang,1324,336,0.2538,195/706=27.6%,141/618=22.8%,yizi_today=18.9% | yizi_next_all=9.8% | height{2:1033;3:207;4:84} | themes=116 | dates=121
tradable_zt,NOT boards_ge5 & NOT opened & NOT href_le1,863,219,0.2538,135/496=27.2%,84/367=22.9%,yizi_today=39.5% | yizi_next_all=18.2% | height{2:661;3:151;4:51} | themes=107 | dates=172
tradable_zt,NOT theme_alive & is_mid_2_3,1478,375,0.2537,248/928=26.7%,127/550=23.1%,yizi_today=18.7% | yizi_next_all=9.9% | height{2:1120;3:358} | themes=131 | dates=135
tradable_zt,leader_absent & NOT opened & NOT is_fanbao,473,120,0.2537,79/264=29.9%,41/209=19.6%,yizi_today=40.2% | yizi_next_all=16.7% | height{2:309;3:98;4:46;5:11;6:5;7:1;10:2;14:1} | themes=83 | dates=86
tradable_zt,height_new_high,351,89,0.2536,72/271=26.6%,17/80=21.2%,yizi_today=22.8% | yizi_next_all=13.1% | height{2:203;3:77;4:27;5:12;6:5;7:4;8:8;9:5;10:2;11:1;12:1;13:1;14:1;15:1;16:1;17:1;18:1} | themes=65 | dates=22
tradable_zt,NOT height_drop & height_new_high,351,89,0.2536,72/271=26.6%,17/80=21.2%,yizi_today=22.8% | yizi_next_all=13.1% | height{2:203;3:77;4:27;5:12;6:5;7:4;8:8;9:5;10:2;11:1;12:1;13:1;14:1;15:1;16:1;17:1;18:1} | themes=65 | dates=22
tradable_zt,leader_absent & href_le1,501,127,0.2535,56/218=25.7%,71/283=25.1%,yizi_today=19.0% | yizi_next_all=8.2% | height{2:267;3:126;4:66;5:21;6:15;7:2;10:3;14:1} | themes=76 | dates=86
tradable_zt,href_le1 & lag0,501,127,0.2535,56/218=25.7%,71/283=25.1%,yizi_today=19.0% | yizi_next_all=8.2% | height{2:267;3:126;4:66;5:21;6:15;7:2;10:3;14:1} | themes=76 | dates=86
tradable_zt,theme_alive_own & NOT href_le1,1677,425,0.2534,263/971=27.1%,162/706=22.9%,yizi_today=18.4% | yizi_next_all=10.3% | height{2:1239;3:287;4:107;5:28;6:9;7:2;8:3;9:2} | themes=96 | dates=177
tradable_zt,NOT is_new_high & theme_alive_own & NOT href_le1,1677,425,0.2534,263/971=27.1%,162/706=22.9%,yizi_today=18.4% | yizi_next_all=10.3% | height{2:1239;3:287;4:107;5:28;6:9;7:2;8:3;9:2} | themes=96 | dates=177
tradable_zt,leader_absent & NOT leader_baoliang,442,112,0.2534,58/190=30.5%,54/252=21.4%,yizi_today=16.5% | yizi_next_all=9.5% | height{2:307;3:76;4:34;5:15;6:7;7:1;10:2} | themes=84 | dates=33
tradable_zt,NOT leader_baoliang & lag0,442,112,0.2534,58/190=30.5%,54/252=21.4%,yizi_today=16.5% | yizi_next_all=9.5% | height{2:307;3:76;4:34;5:15;6:7;7:1;10:2} | themes=84 | dates=33
tradable_zt,NOT leader_absent & theme_alive_own & opened,758,192,0.2533,108/404=26.7%,84/354=23.7%,yizi_today=0.0% | yizi_next_all=2.6% | height{2:480;3:146;4:68;5:29;6:16;7:11;8:5;11:1;12:1;13:1} | themes=74 | dates=121
tradable_zt,prev_leader_baoliang & opened,707,179,0.2532,93/360=25.8%,86/347=24.8%,yizi_today=0.0% | yizi_next_all=2.1% | height{2:485;3:125;4:53;5:22;6:11;7:5;8:3;9:1;12:1;18:1} | themes=98 | dates=101
tradable_zt,prev_leader_baoliang & NOT unopened,707,179,0.2532,93/360=25.8%,86/347=24.8%,yizi_today=0.0% | yizi_next_all=2.1% | height{2:485;3:125;4:53;5:22;6:11;7:5;8:3;9:1;12:1;18:1} | themes=98 | dates=101
tradable_zt,NOT leader_absent & is_sub_high,79,20,0.2532,9/38=23.7%,11/41=26.8%,yizi_today=19.0% | yizi_next_all=10.1% | height{2:10;3:44;4:18;5:6;7:1} | themes=34 | dates=41
tradable_zt,is_sub_high & NOT lag0,79,20,0.2532,9/38=23.7%,11/41=26.8%,yizi_today=19.0% | yizi_next_all=10.1% | height{2:10;3:44;4:18;5:6;7:1} | themes=34 | dates=41
tradable_zt,NOT leader_absent & NOT is_new_high & href_le1,79,20,0.2532,9/38=23.7%,11/41=26.8%,yizi_today=19.0% | yizi_next_all=10.1% | height{2:10;3:44;4:18;5:6;7:1} | themes=34 | dates=41
tradable_zt,leader_absent & NOT is_fanbao & href_le1,478,121,0.2531,55/215=25.6%,66/263=25.1%,yizi_today=19.7% | yizi_next_all=8.6% | height{2:252;3:121;4:63;5:21;6:15;7:2;10:3;14:1} | themes=76 | dates=86
tradable_zt,NOT is_fanbao & NOT href_le1,1932,489,0.2531,311/1147=27.1%,178/785=22.7%,yizi_today=18.0% | yizi_next_all=10.1% | height{2:1425;3:340;4:118;5:33;6:9;7:2;8:3;9:2} | themes=138 | dates=177
tradable_zt,NOT is_new_high & NOT is_fanbao & NOT href_le1,1932,489,0.2531,311/1147=27.1%,178/785=22.7%,yizi_today=18.0% | yizi_next_all=10.1% | height{2:1425;3:340;4:118;5:33;6:9;7:2;8:3;9:2} | themes=138 | dates=177
tradable_zt,to_hi & opened & NOT one_price_today,510,129,0.2529,70/268=26.1%,59/242=24.4%,yizi_today=0.0% | yizi_next_all=1.2% | height{2:280;3:113;4:58;5:27;6:16;7:8;8:4;9:1;11:1;12:1;18:1} | themes=91 | dates=203
tradable_zt,NOT height_drop & NOT href_le1,1637,414,0.2529,245/921=26.6%,169/716=23.6%,yizi_today=18.1% | yizi_next_all=10.1% | height{2:1198;3:294;4:100;5:29;6:9;7:2;8:3;9:2} | themes=124 | dates=139
tradable_zt,NOT same_theme_broken & NOT boards_ge5,2376,600,0.2525,340/1275=26.7%,260/1101=23.6%,yizi_today=17.7% | yizi_next_all=9.1% | height{2:1655;3:496;4:225} | themes=149 | dates=207
tradable_zt,NOT leader_absent & NOT own_baoliang & NOT href_le1,1280,323,0.2523,193/703=27.5%,130/577=22.5%,yizi_today=19.0% | yizi_next_all=10.2% | height{2:1023;3:179;4:51;5:16;6:7;7:2;8:2} | themes=114 | dates=118
tradable_zt,leader_baoliang & NOT prev_leader_baoliang,642,162,0.2523,93/347=26.8%,69/295=23.4%,yizi_today=19.2% | yizi_next_all=10.3% | height{2:392;3:152;4:54;5:19;6:11;7:4;8:5;10:1;11:1;13:1;14:1;16:1} | themes=95 | dates=51
tradable_zt,height_drop & NOT opened,325,82,0.2523,54/178=30.3%,28/147=19.0%,yizi_today=39.4% | yizi_next_all=16.3% | height{2:215;3:65;4:29;5:9;6:4;7:1;10:2} | themes=74 | dates=58
tradable_zt,height_drop & unopened,325,82,0.2523,54/178=30.3%,28/147=19.0%,yizi_today=39.4% | yizi_next_all=16.3% | height{2:215;3:65;4:29;5:9;6:4;7:1;10:2} | themes=74 | dates=58
tradable_zt,theme_alive_own & NOT boards_ge5 & NOT href_le1,1633,412,0.2523,252/931=27.1%,160/702=22.8%,yizi_today=17.8% | yizi_next_all=9.6% | height{2:1239;3:287;4:107} | themes=96 | dates=177
tradable_zt,NOT boards_ge5 & NOT is_fanbao & NOT href_le1,1883,475,0.2523,299/1102=27.1%,176/781=22.5%,yizi_today=17.6% | yizi_next_all=9.7% | height{2:1425;3:340;4:118} | themes=138 | dates=177
tradable_zt,leader_baoliang & NOT same_theme_broken,1118,282,0.2522,165/654=25.2%,117/464=25.2%,yizi_today=19.4% | yizi_next_all=9.5% | height{2:693;3:244;4:108;5:34;6:17;7:8;8:6;9:2;11:1;13:1;14:1;16:1;17:1;18:1} | themes=116 | dates=102
tradable_zt,NOT height_drop & NOT leader_baoliang,1237,312,0.2522,176/632=27.8%,136/605=22.5%,yizi_today=18.1% | yizi_next_all=10.0% | height{2:815;3:215;4:103;5:45;6:23;7:16;8:9;9:3;10:2;11:1;12:2;13:1;14:1;15:1} | themes=107 | dates=82
tradable_zt,theme_alive_own & same_theme_baoliang,226,57,0.2522,26/114=22.8%,31/112=27.7%,yizi_today=22.1% | yizi_next_all=10.2% | height{2:83;3:53;4:40;5:20;6:13;7:6;8:3;9:2;10:1;11:1;13:1;14:1;16:1;17:1} | themes=33 | dates=89
tradable_zt,NOT height_drop & NOT prev_leader_baoliang,1027,259,0.2522,150/570=26.3%,109/457=23.9%,yizi_today=20.0% | yizi_next_all=10.6% | height{2:627;3:221;4:85;5:39;6:21;7:14;8:11;9:1;10:1;11:1;12:1;13:2;14:2;16:1} | themes=101 | dates=72
tradable_zt,NOT prev_leader_baoliang & href_le1,345,87,0.2522,34/139=24.5%,53/206=25.7%,yizi_today=22.3% | yizi_next_all=12.2% | height{2:116;3:89;4:51;5:34;6:22;7:14;8:9;10:3;11:1;12:1;13:2;14:2;16:1} | themes=66 | dates=106
tradable_zt,NOT prev_leader_baoliang & NOT is_sub_high,1278,322,0.2520,195/720=27.1%,127/558=22.8%,yizi_today=19.5% | yizi_next_all=11.0% | height{2:796;3:265;4:108;5:45;6:28;7:14;8:11;9:1;10:3;11:1;12:1;13:2;14:2;16:1} | themes=116 | dates=106
tradable_zt,height_drop & NOT boards_ge5,667,168,0.2519,95/330=28.8%,73/337=21.7%,yizi_today=17.7% | yizi_next_all=8.7% | height{2:471;3:137;4:59} | themes=95 | dates=58
tradable_zt,leader_absent & NOT is_new_high & NOT opened,405,102,0.2519,69/228=30.3%,33/177=18.6%,yizi_today=35.3% | yizi_next_all=14.1% | height{2:316;3:64;4:17;5:8} | themes=79 | dates=83
tradable_zt,NOT leader_absent & NOT is_new_high & opened,838,211,0.2518,126/456=27.6%,85/382=22.3%,yizi_today=0.0% | yizi_next_all=2.4% | height{2:583;3:173;4:58;5:18;6:4;7:1;8:1} | themes=99 | dates=121
tradable_zt,NOT height_new_high & NOT href_le1,1684,424,0.2518,246/898=27.4%,178/786=22.6%,yizi_today=17.0% | yizi_next_all=9.3% | height{2:1291;3:272;4:92;5:24;6:5} | themes=132 | dates=155
tradable_zt,height_drop & theme_alive,421,106,0.2518,51/178=28.7%,55/243=22.6%,yizi_today=16.2% | yizi_next_all=6.9% | height{2:283;3:81;4:38;5:10;6:7;10:2} | themes=74 | dates=33
tradable_zt,theme_alive_own & NOT boards_ge5 & NOT is_fanbao,1998,503,0.2518,296/1110=26.7%,207/888=23.3%,yizi_today=18.2% | yizi_next_all=9.6% | height{2:1383;3:417;4:198} | themes=103 | dates=207
tradable_zt,is_mid_2_3 & same_theme_baoliang,143,36,0.2517,16/67=23.9%,20/76=26.3%,yizi_today=17.5% | yizi_next_all=8.4% | height{2:83;3:60} | themes=33 | dates=67
tradable_zt,NOT boards_ge5 & NOT same_theme_baoliang,2348,591,0.2517,340/1250=27.2%,251/1098=22.9%,yizi_today=17.5% | yizi_next_all=9.1% | height{2:1688;3:466;4:194} | themes=147 | dates=207
tradable_zt,prev_leader_baoliang & is_mid_2_3,1081,272,0.2516,142/558=25.4%,130/523=24.9%,yizi_today=16.6% | yizi_next_all=8.2% | height{2:868;3:213} | themes=113 | dates=101
tradable_zt,NOT href_le1,2011,506,0.2516,312/1151=27.1%,194/860=22.6%,yizi_today=17.8% | yizi_next_all=9.8% | height{2:1494;3:349;4:118;5:34;6:9;7:2;8:3;9:2} | themes=138 | dates=177
tradable_zt,NOT is_new_high & NOT is_sub_high,2011,506,0.2516,312/1151=27.1%,194/860=22.6%,yizi_today=17.8% | yizi_next_all=9.8% | height{2:1494;3:349;4:118;5:34;6:9;7:2;8:3;9:2} | themes=138 | dates=177
tradable_zt,NOT is_new_high & NOT href_le1,2011,506,0.2516,312/1151=27.1%,194/860=22.6%,yizi_today=17.8% | yizi_next_all=9.8% | height{2:1494;3:349;4:118;5:34;6:9;7:2;8:3;9:2} | themes=138 | dates=177
tradable_zt,NOT is_sub_high & NOT href_le1,2011,506,0.2516,312/1151=27.1%,194/860=22.6%,yizi_today=17.8% | yizi_next_all=9.8% | height{2:1494;3:349;4:118;5:34;6:9;7:2;8:3;9:2} | themes=138 | dates=177
tradable_zt,NOT height_new_high & theme_alive_own,1982,498,0.2513,265/999=26.5%,233/983=23.7%,yizi_today=18.1% | yizi_next_all=9.4% | height{2:1299;3:363;4:182;5:74;6:35;7:18;8:5;10:2;11:1;12:1;13:1;14:1} | themes=100 | dates=185
tradable_zt,height_new_high & NOT prev_leader_baoliang,207,52,0.2512,38/143=26.6%,14/64=21.9%,yizi_today=22.7% | yizi_next_all=14.0% | height{2:116;3:52;4:14;5:8;6:3;7:2;8:6;9:1;10:1;11:1;13:1;14:1;16:1} | themes=54 | dates=12
tradable_zt,theme_alive_own & NOT is_fanbao & NOT own_baoliang,1879,472,0.2512,284/1049=27.1%,188/830=22.7%,yizi_today=19.9% | yizi_next_all=10.7% | height{2:1383;3:272;4:120;5:46;6:25;7:16;8:8;10:3;11:1;12:2;13:1;14:1;15:1} | themes=102 | dates=207
tradable_zt,NOT leader_baoliang & is_mid_2_3,1278,321,0.2512,178/620=28.7%,143/658=21.7%,yizi_today=16.3% | yizi_next_all=8.8% | height{2:1016;3:262} | themes=120 | dates=105
tradable_zt,NOT is_sub_high & NOT own_baoliang,2031,510,0.2511,303/1113=27.2%,207/918=22.5%,yizi_today=19.7% | yizi_next_all=10.5% | height{2:1510;3:283;4:125;5:48;6:29;7:17;8:9;9:1;10:3;11:1;12:2;13:1;14:1;15:1} | themes=139 | dates=203
tradable_zt,NOT is_fanbao & NOT boards_ge5,2426,609,0.2510,356/1333=26.7%,253/1093=23.1%,yizi_today=17.9% | yizi_next_all=9.3% | height{2:1687;3:511;4:228} | themes=149 | dates=207
tradable_zt,NOT prev_leader_baoliang & theme_alive_own,1235,310,0.2510,184/678=27.1%,126/557=22.6%,yizi_today=19.6% | yizi_next_all=11.0% | height{2:757;3:258;4:112;5:46;6:27;7:14;8:10;9:1;10:3;11:1;12:1;13:2;14:2;16:1} | themes=88 | dates=106
tradable_zt,NOT leader_absent & NOT one_price_today,1319,331,0.2509,186/689=27.0%,145/630=23.0%,yizi_today=0.0% | yizi_next_all=3.1% | height{2:887;3:218;4:114;5:48;6:22;7:15;8:10;9:1;11:1;12:1;13:1;18:1} | themes=116 | dates=121
tradable_zt,NOT one_price_today & NOT lag0,1319,331,0.2509,186/689=27.0%,145/630=23.0%,yizi_today=0.0% | yizi_next_all=3.1% | height{2:887;3:218;4:114;5:48;6:22;7:15;8:10;9:1;11:1;12:1;13:1;18:1} | themes=116 | dates=121
tradable_zt,NOT boards_ge5 & NOT href_le1,1961,492,0.2509,300/1106=27.1%,192/855=22.5%,yizi_today=17.4% | yizi_next_all=9.3% | height{2:1494;3:349;4:118} | themes=138 | dates=177
tradable_zt,NOT is_new_high & NOT boards_ge5 & NOT href_le1,1961,492,0.2509,300/1106=27.1%,192/855=22.5%,yizi_today=17.4% | yizi_next_all=9.3% | height{2:1494;3:349;4:118} | themes=138 | dates=177
tradable_zt,NOT theme_alive & NOT one_price_today,1435,360,0.2509,228/884=25.8%,132/551=24.0%,yizi_today=0.0% | yizi_next_all=3.8% | height{2:944;3:258;4:124;5:51;6:27;7:16;8:10;9:1;11:1;12:1;13:1;18:1} | themes=127 | dates=135
tradable_zt,height_new_high & NOT href_le1,327,82,0.2508,66/253=26.1%,16/74=21.6%,yizi_today=21.7% | yizi_next_all=12.5% | height{2:203;3:77;4:26;5:10;6:4;7:2;8:3;9:2} | themes=65 | dates=22
tradable_zt,height_new_high & NOT is_fanbao,347,87,0.2507,72/271=26.6%,15/76=19.7%,yizi_today=23.1% | yizi_next_all=13.3% | height{2:201;3:75;4:27;5:12;6:5;7:4;8:8;9:5;10:2;11:1;12:1;13:1;14:1;15:1;16:1;17:1;18:1} | themes=65 | dates=22
tradable_zt,theme_alive_own & NOT boards_ge5,2106,528,0.2507,298/1118=26.7%,230/988=23.3%,yizi_today=17.7% | yizi_next_all=9.2% | height{2:1467;3:432;4:207} | themes=103 | dates=207
tradable_zt,opened & NOT is_fanbao & NOT href_le1,1081,271,0.2507,170/630=27.0%,101/451=22.4%,yizi_today=0.0% | yizi_next_all=2.7% | height{2:798;3:192;4:67;5:19;6:4;8:1} | themes=117 | dates=177
tradable_zt,NOT is_fanbao & opened,1460,366,0.2507,207/801=25.8%,159/659=24.1%,yizi_today=0.0% | yizi_next_all=2.5% | height{2:952;3:284;4:121;5:50;6:27;7:13;8:7;9:1;10:1;11:1;12:1;13:1;18:1} | themes=127 | dates=207
tradable_zt,NOT is_fanbao & NOT unopened,1460,366,0.2507,207/801=25.8%,159/659=24.1%,yizi_today=0.0% | yizi_next_all=2.5% | height{2:952;3:284;4:121;5:50;6:27;7:13;8:7;9:1;10:1;11:1;12:1;13:1;18:1} | themes=127 | dates=207
tradable_zt,NOT one_price_today & opened & NOT is_fanbao,1460,366,0.2507,207/801=25.8%,159/659=24.1%,yizi_today=0.0% | yizi_next_all=2.5% | height{2:952;3:284;4:121;5:50;6:27;7:13;8:7;9:1;10:1;11:1;12:1;13:1;18:1} | themes=127 | dates=207
tradable_zt,opened & NOT is_fanbao & href_le1,379,95,0.2507,37/171=21.6%,58/208=27.9%,yizi_today=0.0% | yizi_next_all=2.1% | height{2:154;3:92;4:54;5:31;6:23;7:13;8:6;9:1;10:1;11:1;12:1;13:1;18:1} | themes=70 | dates=153
tradable_zt,NOT theme_alive_own & NOT is_sub_high,383,96,0.2507,58/211=27.5%,38/172=22.1%,yizi_today=17.2% | yizi_next_all=8.9% | height{2:256;3:78;4:25;5:10;6:6;7:3;8:3;9:1;18:1} | themes=113 | dates=172
tradable_zt,leader_absent & theme_alive_own & href_le1,411,103,0.2506,46/177=26.0%,57/234=24.4%,yizi_today=18.7% | yizi_next_all=8.3% | height{2:219;3:99;4:56;5:18;6:13;7:2;10:3;14:1} | themes=56 | dates=84
tradable_zt,NOT own_baoliang & NOT same_theme_baoliang,2267,568,0.2506,327/1198=27.3%,241/1069=22.5%,yizi_today=19.0% | yizi_next_all=9.9% | height{2:1688;3:322;4:139;5:53;6:28;7:18;8:9;9:1;10:3;11:1;12:2;13:1;14:1;15:1} | themes=146 | dates=207
tradable_zt,NOT theme_alive_own,455,114,0.2505,64/240=26.7%,50/215=23.3%,yizi_today=16.7% | yizi_next_all=8.1% | height{2:304;3:94;4:30;5:13;6:6;7:3;8:3;9:1;18:1} | themes=120 | dates=188
tradable_zt,theme_weak_own,455,114,0.2505,64/240=26.7%,50/215=23.3%,yizi_today=16.7% | yizi_next_all=8.1% | height{2:304;3:94;4:30;5:13;6:6;7:3;8:3;9:1;18:1} | themes=120 | dates=188
tradable_zt,NOT theme_alive_own & NOT is_fanbao,455,114,0.2505,64/240=26.7%,50/215=23.3%,yizi_today=16.7% | yizi_next_all=8.1% | height{2:304;3:94;4:30;5:13;6:6;7:3;8:3;9:1;18:1} | themes=120 | dates=188
tradable_zt,NOT leader_baoliang & NOT one_price_today,1250,313,0.2504,172/595=28.9%,141/655=21.5%,yizi_today=0.0% | yizi_next_all=3.4% | height{2:878;3:192;4:95;5:41;6:22;7:11;8:7;9:1;10:1;12:1;13:1} | themes=119 | dates=105
tradable_zt,NOT is_sub_high & is_mid_2_3,1937,485,0.2504,277/1043=26.6%,208/894=23.3%,yizi_today=17.3% | yizi_next_all=9.2% | height{2:1510;3:427} | themes=140 | dates=206
tradable_zt,NOT leader_absent & is_mid_2_3,1342,336,0.2504,191/714=26.8%,145/628=23.1%,yizi_today=17.7% | yizi_next_all=9.5% | height{2:1033;3:309} | themes=118 | dates=121
tradable_zt,is_mid_2_3 & NOT lag0,1342,336,0.2504,191/714=26.8%,145/628=23.1%,yizi_today=17.7% | yizi_next_all=9.5% | height{2:1033;3:309} | themes=118 | dates=121
tradable_zt,NOT leader_absent & NOT one_price_today & theme_alive_own,1099,275,0.2502,151/570=26.5%,124/529=23.4%,yizi_today=0.0% | yizi_next_all=3.4% | height{2:737;3:180;4:99;5:40;6:20;7:13;8:7;11:1;12:1;13:1} | themes=86 | dates=121
tradable_zt,NOT boards_ge5,2534,634,0.2502,358/1341=26.7%,276/1193=23.1%,yizi_today=17.5% | yizi_next_all=9.0% | height{2:1771;3:526;4:237} | themes=149 | dates=207
tradable_zt,NOT is_fanbao & NOT own_baoliang,2276,569,0.2500,337/1250=27.0%,232/1026=22.6%,yizi_today=19.5% | yizi_next_all=10.2% | height{2:1687;3:332;4:139;5:52;6:29;7:18;8:9;9:1;10:3;11:1;12:2;13:1;14:1;15:1} | themes=146 | dates=207
tradable_zt,height_drop & is_mid_2_3,608,152,0.2500,84/294=28.6%,68/314=21.7%,yizi_today=16.3% | yizi_next_all=8.1% | height{2:471;3:137} | themes=93 | dates=58
tradable_zt,NOT boards_ge5 & NOT own_baoliang & href_le1,456,114,0.2500,48/176=27.3%,66/280=23.6%,yizi_today=19.1% | yizi_next_all=7.7% | height{2:277;3:105;4:74} | themes=68 | dates=92
tradable_zt,height_new_high & NOT is_new_high,328,82,0.2500,66/254=26.0%,16/74=21.6%,yizi_today=22.0% | yizi_next_all=12.5% | height{2:203;3:77;4:27;5:10;6:4;7:2;8:3;9:2} | themes=65 | dates=22
tradable_zt,height_new_high & is_mid_2_3,280,70,0.2500,56/214=26.2%,14/66=21.2%,yizi_today=20.0% | yizi_next_all=10.7% | height{2:203;3:77} | themes=62 | dates=22
tradable_zt,NOT is_fanbao & same_theme_baoliang,236,59,0.2500,30/128=23.4%,29/108=26.9%,yizi_today=22.5% | yizi_next_all=10.6% | height{2:81;3:57;4:39;5:23;6:15;7:7;8:5;9:2;10:1;11:1;13:1;14:1;16:1;17:1;18:1} | themes=41 | dates=101
tradable_zt,leader_absent & NOT theme_alive_own & opened,100,25,0.2500,12/52=23.1%,13/48=27.1%,yizi_today=0.0% | yizi_next_all=1.0% | height{2:72;3:21;4:2;5:4;6:1} | themes=60 | dates=57
tradable_zt,NOT theme_alive_own & is_sub_high,72,18,0.2500,6/29=20.7%,12/43=27.9%,yizi_today=13.9% | yizi_next_all=4.2% | height{2:48;3:16;4:5;5:3} | themes=44 | dates=46
tradable_zt,NOT is_new_high & NOT theme_alive_own & href_le1,72,18,0.2500,6/29=20.7%,12/43=27.9%,yizi_today=13.9% | yizi_next_all=4.2% | height{2:48;3:16;4:5;5:3} | themes=44 | dates=46
tradable_zt,NOT opened & own_baoliang & href_le1,60,15,0.2500,9/35=25.7%,6/25=24.0%,yizi_today=57%_not_buyable | yizi_today=56.7% | yizi_next_all=28.3% | height{3:19;4:17;5:5;6:6;7:3;8:3;9:2;10:1;13:1;14:1;16:1;17:1} | themes=25 | dates=52
tradable_zt,one_price_today & NOT is_fanbao & own_baoliang,56,14,0.2500,8/36=22.2%,6/20=30.0%,yizi_today=100%_not_buyable | yizi_today=100.0% | yizi_next_all=46.4% | height{3:24;4:11;5:4;6:4;7:2;8:2;9:4;10:1;13:1;14:1;16:1;17:1} | themes=16 | dates=48
tradable_zt,is_sub_high & NOT is_mid_2_3,48,12,0.2500,8/33=24.2%,4/15=26.7%,yizi_today=22.9% | yizi_next_all=8.3% | height{4:33;5:13;6:1;7:1} | themes=23 | dates=35
tradable_zt,height_new_high & boards_ge5,44,11,0.2500,9/35=25.7%,2/9=22.2%,yizi_today=38.6% | yizi_next_all=31.8% | height{5:12;6:5;7:4;8:8;9:5;10:2;11:1;12:1;13:1;14:1;15:1;16:1;17:1;18:1} | themes=15 | dates=22
tradable_zt,NOT is_new_high & theme_alive_own & NOT is_fanbao,1918,479,0.2497,298/1118=26.7%,181/800=22.6%,yizi_today=18.1% | yizi_next_all=10.1% | height{2:1369;3:359;4:135;5:37;6:10;7:3;8:3;9:2} | themes=102 | dates=205
tradable_zt,NOT height_drop & NOT same_theme_baoliang,1898,474,0.2497,273/1038=26.3%,201/860=23.4%,yizi_today=18.5% | yizi_next_all=10.0% | height{2:1264;3:363;4:152;5:56;6:25;7:17;8:10;9:3;10:2;11:1;12:2;13:1;14:1;15:1} | themes=132 | dates=149
tradable_zt,NOT height_new_high & NOT boards_ge5,2227,556,0.2497,295/1105=26.7%,261/1122=23.3%,yizi_today=17.1% | yizi_next_all=8.8% | height{2:1568;3:449;4:210} | themes=144 | dates=185
tradable_zt,NOT prev_leader_baoliang & NOT same_theme_broken,1390,347,0.2496,206/771=26.7%,141/619=22.8%,yizi_today=19.3% | yizi_next_all=10.7% | height{2:851;3:301;4:121;5:52;6:29;7:15;8:11;9:1;10:2;11:1;12:1;13:2;14:2;16:1} | themes=124 | dates=106
tradable_zt,NOT height_drop & NOT boards_ge5,1867,466,0.2496,263/1011=26.0%,203/856=23.7%,yizi_today=17.5% | yizi_next_all=9.1% | height{2:1300;3:389;4:178} | themes=131 | dates=149
tradable_zt,NOT same_theme_broken & NOT is_new_high,2276,568,0.2496,339/1275=26.6%,229/1001=22.9%,yizi_today=17.4% | yizi_next_all=9.3% | height{2:1639;3:427;4:146;5:46;6:10;7:3;8:3;9:2} | themes=147 | dates=204
tradable_zt,NOT one_price_today & NOT is_fanbao & href_le1,541,135,0.2495,52/228=22.8%,83/313=26.5%,yizi_today=0.0% | yizi_next_all=3.1% | height{2:230;3:132;4:79;5:41;6:28;7:16;8:9;9:1;10:1;11:1;12:1;13:1;18:1} | themes=79 | dates=175
tradable_zt,prev_leader_baoliang & NOT one_price_today,1042,260,0.2495,135/523=25.8%,125/519=24.1%,yizi_today=0.0% | yizi_next_all=2.6% | height{2:745;3:157;4:82;5:31;6:13;7:7;8:4;9:1;12:1;18:1} | themes=111 | dates=101
tradable_zt,NOT same_theme_broken & opened,1427,356,0.2495,196/766=25.6%,160/661=24.2%,yizi_today=0.0% | yizi_next_all=2.5% | height{2:930;3:274;4:122;5:48;6:27;7:13;8:7;9:1;10:1;11:1;12:1;13:1;18:1} | themes=127 | dates=207
tradable_zt,NOT same_theme_broken & NOT unopened,1427,356,0.2495,196/766=25.6%,160/661=24.2%,yizi_today=0.0% | yizi_next_all=2.5% | height{2:930;3:274;4:122;5:48;6:27;7:13;8:7;9:1;10:1;11:1;12:1;13:1;18:1} | themes=127 | dates=207
tradable_zt,NOT prev_leader_baoliang & NOT same_theme_baoliang,1343,335,0.2494,202/747=27.0%,133/596=22.3%,yizi_today=19.1% | yizi_next_all=10.3% | height{2:863;3:280;4:112;5:43;6:20;7:12;8:7;9:1;10:2;12:1;13:1;14:1} | themes=122 | dates=106
tradable_zt,href_le2,1259,314,0.2494,136/529=25.7%,178/730=24.4%,yizi_today=19.1% | yizi_next_all=9.0% | height{2:672;3:270;4:150;5:73;6:40;7:23;8:12;9:3;10:4;11:2;12:2;13:2;14:2;15:1;16:1;17:1;18:1} | themes=110 | dates=207
tradable_zt,NOT leader_absent & height_new_high,329,82,0.2492,72/271=26.6%,10/58=17.2%,yizi_today=23.7% | yizi_next_all=14.0% | height{2:194;3:68;4:25;5:11;6:5;7:4;8:8;9:5;10:1;11:1;12:1;13:1;14:1;15:1;16:1;17:1;18:1} | themes=63 | dates=21
tradable_zt,height_new_high & NOT theme_alive,329,82,0.2492,72/271=26.6%,10/58=17.2%,yizi_today=23.7% | yizi_next_all=14.0% | height{2:194;3:68;4:25;5:11;6:5;7:4;8:8;9:5;10:1;11:1;12:1;13:1;14:1;15:1;16:1;17:1;18:1} | themes=63 | dates=21
tradable_zt,height_new_high & NOT lag0,329,82,0.2492,72/271=26.6%,10/58=17.2%,yizi_today=23.7% | yizi_next_all=14.0% | height{2:194;3:68;4:25;5:11;6:5;7:4;8:8;9:5;10:1;11:1;12:1;13:1;14:1;15:1;16:1;17:1;18:1} | themes=63 | dates=21
tradable_zt,NOT is_sub_high & NOT one_price_today,1878,468,0.2492,265/997=26.6%,203/881=23.0%,yizi_today=0.0% | yizi_next_all=3.5% | height{2:1295;3:306;4:153;5:61;6:32;7:15;8:10;9:1;10:1;11:1;12:1;13:1;18:1} | themes=137 | dates=205
tradable_zt,NOT same_theme_broken & NOT own_baoliang,2241,558,0.2490,321/1202=26.7%,237/1039=22.8%,yizi_today=19.2% | yizi_next_all=10.0% | height{2:1655;3:328;4:139;5:53;6:29;7:18;8:9;9:1;10:3;11:1;12:2;13:1;14:1;15:1} | themes=146 | dates=207
tradable_zt,NOT prev_leader_baoliang,1462,364,0.2490,214/797=26.9%,150/665=22.6%,yizi_today=19.1% | yizi_next_all=10.5% | height{2:903;3:313;4:125;5:55;6:29;7:15;8:11;9:1;10:3;11:1;12:1;13:2;14:2;16:1} | themes=124 | dates=106
tradable_zt,NOT leader_absent & NOT theme_alive_own & NOT own_baoliang,233,58,0.2489,33/119=27.7%,25/114=21.9%,yizi_today=15.9% | yizi_next_all=8.6% | height{2:168;3:40;4:11;5:6;6:4;7:2;8:1;9:1} | themes=89 | dates=108
tradable_zt,is_mid_2_3 & href_le1,454,113,0.2489,47/178=26.4%,66/276=23.9%,yizi_today=15.9% | yizi_next_all=6.4% | height{2:277;3:177} | themes=73 | dates=73
tradable_zt,NOT is_new_high & NOT same_theme_baoliang,2311,575,0.2488,344/1272=27.0%,231/1039=22.2%,yizi_today=17.1% | yizi_next_all=9.3% | height{2:1682;3:425;4:143;5:44;6:9;7:3;8:3;9:2} | themes=147 | dates=205
tradable_zt,leader_baoliang,1210,301,0.2488,171/698=24.5%,130/512=25.4%,yizi_today=19.4% | yizi_next_all=9.3% | height{2:755;3:264;4:114;5:37;6:17;7:8;8:6;9:2;10:1;11:1;13:1;14:1;16:1;17:1;18:1} | themes=116 | dates=102
tradable_zt,NOT same_theme_broken & is_mid_2_3,2151,535,0.2487,298/1136=26.2%,237/1015=23.3%,yizi_today=17.0% | yizi_next_all=8.8% | height{2:1655;3:496} | themes=149 | dates=206
tradable_zt,NOT is_new_high & NOT is_fanbao,2324,578,0.2487,353/1327=26.6%,225/997=22.6%,yizi_today=17.6% | yizi_next_all=9.6% | height{2:1672;3:437;4:151;5:46;6:10;7:3;8:3;9:2} | themes=147 | dates=205
tradable_zt,opened & NOT href_le1,1122,279,0.2487,170/631=26.9%,109/491=22.2%,yizi_today=0.0% | yizi_next_all=2.6% | height{2:833;3:198;4:67;5:19;6:4;8:1} | themes=118 | dates=177
tradable_zt,NOT unopened & NOT href_le1,1122,279,0.2487,170/631=26.9%,109/491=22.2%,yizi_today=0.0% | yizi_next_all=2.6% | height{2:833;3:198;4:67;5:19;6:4;8:1} | themes=118 | dates=177
tradable_zt,NOT one_price_today & opened & NOT href_le1,1122,279,0.2487,170/631=26.9%,109/491=22.2%,yizi_today=0.0% | yizi_next_all=2.6% | height{2:833;3:198;4:67;5:19;6:4;8:1} | themes=118 | dates=177
tradable_zt,NOT is_new_high & opened & NOT href_le1,1122,279,0.2487,170/631=26.9%,109/491=22.2%,yizi_today=0.0% | yizi_next_all=2.6% | height{2:833;3:198;4:67;5:19;6:4;8:1} | themes=118 | dates=177
tradable_zt,prev_leader_baoliang & NOT is_new_high,1118,278,0.2487,156/600=26.0%,122/518=23.6%,yizi_today=16.7% | yizi_next_all=8.8% | height{2:861;3:176;4:60;5:16;6:2;7:1;8:1;9:1} | themes=114 | dates=100
tradable_zt,NOT boards_ge5 & opened & NOT href_le1,1098,273,0.2486,165/610=27.0%,108/488=22.1%,yizi_today=0.0% | yizi_next_all=2.4% | height{2:833;3:198;4:67} | themes=118 | dates=177
tradable_zt,NOT height_new_high & NOT prev_leader_baoliang,1255,312,0.2486,176/654=26.9%,136/601=22.6%,yizi_today=18.5% | yizi_next_all=10.0% | height{2:787;3:261;4:111;5:47;6:26;7:13;8:5;10:2;12:1;13:1;14:1} | themes=120 | dates=94
tradable_zt,NOT prev_leader_baoliang & NOT is_fanbao,1408,350,0.2486,213/795=26.8%,137/613=22.3%,yizi_today=19.5% | yizi_next_all=10.9% | height{2:865;3:301;4:122;5:54;6:29;7:15;8:11;9:1;10:3;11:1;12:1;13:2;14:2;16:1} | themes=124 | dates=106
tradable_zt,theme_alive_own & NOT own_baoliang,1980,492,0.2485,286/1056=27.1%,206/924=22.3%,yizi_today=19.4% | yizi_next_all=10.3% | height{2:1467;3:280;4:126;5:49;6:25;7:16;8:8;10:3;11:1;12:2;13:1;14:1;15:1} | themes=102 | dates=207
tradable_zt,theme_alive & href_le1,326,81,0.2485,23/90=25.6%,58/236=24.6%,yizi_today=17.2% | yizi_next_all=8.0% | height{2:133;3:97;4:61;5:20;6:10;7:1;10:3;14:1} | themes=60 | dates=72
tradable_zt,leader_absent & NOT theme_alive,467,116,0.2484,87/334=26.0%,29/133=21.8%,yizi_today=19.9% | yizi_next_all=10.3% | height{2:311;3:95;4:39;5:14;6:6;7:2} | themes=85 | dates=38
tradable_zt,NOT theme_alive & lag0,467,116,0.2484,87/334=26.0%,29/133=21.8%,yizi_today=19.9% | yizi_next_all=10.3% | height{2:311;3:95;4:39;5:14;6:6;7:2} | themes=85 | dates=38
tradable_zt,leader_baoliang & NOT is_fanbao,1176,292,0.2483,170/692=24.6%,122/484=25.2%,yizi_today=19.7% | yizi_next_all=9.5% | height{2:734;3:256;4:109;5:37;6:17;7:8;8:6;9:2;10:1;11:1;13:1;14:1;16:1;17:1;18:1} | themes=116 | dates=102
tradable_zt,NOT one_price_today & href_le1,572,142,0.2483,52/231=22.5%,90/341=26.4%,yizi_today=0.0% | yizi_next_all=3.1% | height{2:244;3:138;4:88;5:43;6:28;7:16;8:9;9:1;10:1;11:1;12:1;13:1;18:1} | themes=79 | dates=178
tradable_zt,NOT prev_leader_baoliang & NOT href_le1,1117,277,0.2480,180/658=27.4%,97/459=21.1%,yizi_today=18.1% | yizi_next_all=10.0% | height{2:787;3:224;4:74;5:21;6:7;7:1;8:2;9:1} | themes=111 | dates=94
tradable_zt,lag2,472,117,0.2479,62/263=23.6%,55/209=26.3%,yizi_today=19.5% | yizi_next_all=11.4% | height{2:306;3:77;4:39;5:23;6:14;7:5;8:5;12:1;13:1;16:1} | themes=70 | dates=33
tradable_zt,opened,1525,378,0.2479,207/805=25.7%,171/720=23.8%,yizi_today=0.0% | yizi_next_all=2.4% | height{2:998;3:295;4:128;5:51;6:27;7:13;8:7;9:1;10:1;11:1;12:1;13:1;18:1} | themes=127 | dates=207
tradable_zt,NOT unopened,1525,378,0.2479,207/805=25.7%,171/720=23.8%,yizi_today=0.0% | yizi_next_all=2.4% | height{2:998;3:295;4:128;5:51;6:27;7:13;8:7;9:1;10:1;11:1;12:1;13:1;18:1} | themes=127 | dates=207
tradable_zt,NOT one_price_today & opened,1525,378,0.2479,207/805=25.7%,171/720=23.8%,yizi_today=0.0% | yizi_next_all=2.4% | height{2:998;3:295;4:128;5:51;6:27;7:13;8:7;9:1;10:1;11:1;12:1;13:1;18:1} | themes=127 | dates=207
tradable_zt,NOT one_price_today & NOT unopened,1525,378,0.2479,207/805=25.7%,171/720=23.8%,yizi_today=0.0% | yizi_next_all=2.4% | height{2:998;3:295;4:128;5:51;6:27;7:13;8:7;9:1;10:1;11:1;12:1;13:1;18:1} | themes=127 | dates=207
tradable_zt,opened & NOT unopened,1525,378,0.2479,207/805=25.7%,171/720=23.8%,yizi_today=0.0% | yizi_next_all=2.4% | height{2:998;3:295;4:128;5:51;6:27;7:13;8:7;9:1;10:1;11:1;12:1;13:1;18:1} | themes=127 | dates=207
tradable_zt,NOT boards_ge5 & href_le1,573,142,0.2478,58/235=24.7%,84/338=24.9%,yizi_today=18.0% | yizi_next_all=7.7% | height{2:277;3:177;4:119} | themes=76 | dates=100
tradable_zt,NOT own_baoliang,2377,589,0.2478,339/1257=27.0%,250/1120=22.3%,yizi_today=19.1% | yizi_next_all=9.8% | height{2:1771;3:340;4:145;5:55;6:29;7:18;8:9;9:1;10:3;11:1;12:2;13:1;14:1;15:1} | themes=146 | dates=207
tradable_zt,NOT height_new_high & same_theme_baoliang,226,56,0.2478,24/112=21.4%,32/114=28.1%,yizi_today=19.0% | yizi_next_all=8.0% | height{2:77;3:59;4:43;5:22;6:13;7:6;8:3;10:1;13:1;14:1} | themes=40 | dates=92
tradable_zt,height_new_high & NOT leader_baoliang,222,55,0.2477,45/171=26.3%,10/51=19.6%,yizi_today=22.5% | yizi_next_all=12.2% | height{2:132;3:47;4:19;5:6;6:2;7:2;8:5;9:3;10:2;12:1;13:1;14:1;15:1} | themes=53 | dates=12
tradable_zt,NOT leader_absent & opened & NOT own_baoliang,763,189,0.2477,111/399=27.8%,78/364=21.4%,yizi_today=0.0% | yizi_next_all=2.5% | height{2:583;3:100;4:36;5:16;6:12;7:9;8:4;9:1;12:1;13:1} | themes=98 | dates=121
tradable_zt,NOT theme_alive_own & NOT same_theme_baoliang,436,108,0.2477,60/226=26.5%,48/210=22.9%,yizi_today=16.7% | yizi_next_all=8.0% | height{2:304;3:87;4:27;5:10;6:4;7:2;8:1;9:1} | themes=119 | dates=186
tradable_zt,NOT theme_alive_own & NOT boards_ge5,428,106,0.2477,60/223=26.9%,46/205=22.4%,yizi_today=16.6% | yizi_next_all=7.9% | height{2:304;3:94;4:30} | themes=120 | dates=187
tradable_zt,NOT theme_alive_own & NOT boards_ge5 & NOT is_fanbao,428,106,0.2477,60/223=26.9%,46/205=22.4%,yizi_today=16.6% | yizi_next_all=7.9% | height{2:304;3:94;4:30} | themes=120 | dates=187
tradable_zt,theme_alive_own & NOT is_new_high,2013,498,0.2474,300/1126=26.6%,198/887=22.3%,yizi_today=17.8% | yizi_next_all=9.7% | height{2:1452;3:370;4:135;5:38;6:10;7:3;8:3;9:2} | themes=102 | dates=205
tradable_zt,NOT is_new_high & NOT boards_ge5 & NOT is_fanbao,2260,559,0.2473,337/1270=26.5%,222/990=22.4%,yizi_today=17.2% | yizi_next_all=9.2% | height{2:1672;3:437;4:151} | themes=147 | dates=205
tradable_zt,NOT height_drop & NOT is_new_high,1836,454,0.2473,265/1019=26.0%,189/817=23.1%,yizi_today=17.8% | yizi_next_all=9.6% | height{2:1300;3:361;4:123;5:35;6:9;7:3;8:3;9:2} | themes=131 | dates=149
tradable_zt,NOT height_new_high & leader_baoliang,1081,267,0.2470,144/598=24.1%,123/483=25.5%,yizi_today=19.0% | yizi_next_all=8.7% | height{2:684;3:234;4:106;5:31;6:14;7:6;8:3;10:1;13:1;14:1} | themes=110 | dates=92
tradable_zt,height_new_high & NOT same_theme_baoliang,332,82,0.2470,66/255=25.9%,16/77=20.8%,yizi_today=21.1% | yizi_next_all=11.7% | height{2:197;3:76;4:27;5:11;6:3;7:3;8:6;9:3;10:2;12:1;13:1;14:1;15:1} | themes=65 | dates=22
tradable_zt,NOT leader_baoliang & theme_alive,490,121,0.2469,43/126=34.1%,78/364=21.4%,yizi_today=14.1% | yizi_next_all=6.9% | height{2:361;3:74;4:33;5:12;6:7;7:1;10:2} | themes=82 | dates=33
tradable_zt,theme_alive_own & NOT own_baoliang & NOT href_le1,1527,377,0.2469,235/869=27.0%,142/658=21.6%,yizi_today=18.9% | yizi_next_all=10.4% | height{2:1239;3:194;4:66;5:17;6:7;7:2;8:2} | themes=95 | dates=177
tradable_zt,NOT is_new_high,2419,597,0.2468,355/1335=26.6%,242/1084=22.3%,yizi_today=17.3% | yizi_next_all=9.3% | height{2:1755;3:448;4:151;5:47;6:10;7:3;8:3;9:2} | themes=147 | dates=205
tradable_zt,NOT boards_ge5 & NOT is_fanbao & href_le1,543,134,0.2468,57/231=24.7%,77/312=24.7%,yizi_today=18.8% | yizi_next_all=7.9% | height{2:262;3:171;4:110} | themes=76 | dates=100
tradable_zt,leader_baoliang & NOT same_theme_baoliang,965,238,0.2466,141/570=24.7%,97/395=24.6%,yizi_today=18.9% | yizi_next_all=9.1% | height{2:672;3:204;4:71;5:14;6:2;7:1;8:1} | themes=113 | dates=102
tradable_zt,is_mid_2_3 & NOT is_fanbao,2198,542,0.2466,310/1186=26.1%,232/1012=22.9%,yizi_today=17.1% | yizi_next_all=9.1% | height{2:1687;3:511} | themes=149 | dates=207
tradable_zt,NOT boards_ge5 & NOT is_fanbao & NOT own_baoliang,2158,532,0.2465,315/1172=26.9%,217/986=22.0%,yizi_today=18.5% | yizi_next_all=9.5% | height{2:1687;3:332;4:139} | themes=145 | dates=207
tradable_zt,NOT is_fanbao & NOT own_baoliang & NOT href_le1,1757,433,0.2464,276/1027=26.9%,157/730=21.5%,yizi_today=18.6% | yizi_next_all=10.3% | height{2:1425;3:230;4:71;5:20;6:7;7:2;8:2} | themes=137 | dates=177
tradable_zt,NOT height_new_high & NOT own_baoliang,2082,513,0.2464,274/1026=26.7%,239/1056=22.6%,yizi_today=18.5% | yizi_next_all=9.4% | height{2:1568;3:284;4:132;5:50;6:26;7:15;8:4;10:1;11:1;12:1} | themes=138 | dates=185
tradable_zt,NOT leader_baoliang & NOT prev_leader_baoliang,820,202,0.2463,121/450=26.9%,81/370=21.9%,yizi_today=19.0% | yizi_next_all=10.7% | height{2:511;3:161;4:71;5:36;6:18;7:11;8:6;9:1;10:2;12:1;13:1;14:1} | themes=101 | dates=55
tradable_zt,leader_absent & NOT same_theme_baoliang,946,233,0.2463,131/493=26.6%,102/453=22.5%,yizi_today=17.1% | yizi_next_all=8.4% | height{2:677;3:172;4:69;5:18;6:7;7:1;10:2} | themes=114 | dates=86
tradable_zt,lag0 & NOT same_theme_baoliang,946,233,0.2463,131/493=26.6%,102/453=22.5%,yizi_today=17.1% | yizi_next_all=8.4% | height{2:677;3:172;4:69;5:18;6:7;7:1;10:2} | themes=114 | dates=86
tradable_zt,NOT height_new_high & NOT is_new_high,2091,515,0.2463,289/1081=26.7%,226/1010=22.4%,yizi_today=16.6% | yizi_next_all=8.8% | height{2:1552;3:371;4:124;5:37;6:6;7:1} | themes=141 | dates=183
tradable_zt,theme_alive_own & opened & NOT is_fanbao,1202,296,0.2463,164/659=24.9%,132/543=24.3%,yizi_today=0.0% | yizi_next_all=2.9% | height{2:777;3:232;4:107;5:40;6:25;7:12;8:5;10:1;11:1;12:1;13:1} | themes=91 | dates=206
tradable_zt,NOT theme_alive_own & is_mid_2_3,398,98,0.2462,53/201=26.4%,45/197=22.8%,yizi_today=15.3% | yizi_next_all=7.8% | height{2:304;3:94} | themes=118 | dates=184
tradable_zt,leader_absent & NOT boards_ge5 & href_le1,459,113,0.2462,47/186=25.3%,66/273=24.2%,yizi_today=18.1% | yizi_next_all=7.4% | height{2:267;3:126;4:66} | themes=73 | dates=63
tradable_zt,one_price_today & boards_ge5 & NOT is_fanbao,65,16,0.2462,10/48=20.8%,6/17=35.3%,yizi_today=100%_not_buyable | yizi_today=100.0% | yizi_next_all=52.3% | height{5:23;6:13;7:9;8:5;9:4;10:3;11:1;12:1;13:1;14:2;15:1;16:1;17:1} | themes=18 | dates=54
tradable_zt,leader_absent & theme_alive_own,902,222,0.2461,125/473=26.4%,97/429=22.6%,yizi_today=17.2% | yizi_next_all=8.9% | height{2:602;3:175;4:83;5:23;6:13;7:2;10:3;14:1} | themes=77 | dates=86
tradable_zt,theme_alive_own & lag0,902,222,0.2461,125/473=26.4%,97/429=22.6%,yizi_today=17.2% | yizi_next_all=8.9% | height{2:602;3:175;4:83;5:23;6:13;7:2;10:3;14:1} | themes=77 | dates=86
tradable_zt,NOT theme_alive_own & NOT same_theme_broken,447,110,0.2461,61/234=26.1%,49/213=23.0%,yizi_today=16.8% | yizi_next_all=8.3% | height{2:299;3:92;4:30;5:12;6:6;7:3;8:3;9:1;18:1} | themes=120 | dates=187
tradable_zt,height_drop & NOT href_le1,374,92,0.2460,67/230=29.1%,25/144=17.4%,yizi_today=16.3% | yizi_next_all=8.8% | height{2:296;3:55;4:18;5:5} | themes=79 | dates=38
tradable_zt,NOT is_new_high & theme_alive_own & NOT boards_ge5,1957,481,0.2458,285/1075=26.5%,196/882=22.2%,yizi_today=17.3% | yizi_next_all=9.1% | height{2:1452;3:370;4:135} | themes=102 | dates=205
tradable_zt,opened & href_le1,403,99,0.2457,37/174=21.3%,62/229=27.1%,yizi_today=0.0% | yizi_next_all=2.0% | height{2:165;3:97;4:61;5:32;6:23;7:13;8:6;9:1;10:1;11:1;12:1;13:1;18:1} | themes=70 | dates=156
tradable_zt,NOT unopened & href_le1,403,99,0.2457,37/174=21.3%,62/229=27.1%,yizi_today=0.0% | yizi_next_all=2.0% | height{2:165;3:97;4:61;5:32;6:23;7:13;8:6;9:1;10:1;11:1;12:1;13:1;18:1} | themes=70 | dates=156
tradable_zt,NOT one_price_today & opened & href_le1,403,99,0.2457,37/174=21.3%,62/229=27.1%,yizi_today=0.0% | yizi_next_all=2.0% | height{2:165;3:97;4:61;5:32;6:23;7:13;8:6;9:1;10:1;11:1;12:1;13:1;18:1} | themes=70 | dates=156
tradable_zt,one_price_today & own_baoliang,57,14,0.2456,8/36=22.2%,6/21=28.6%,yizi_today=100%_not_buyable | yizi_today=100.0% | yizi_next_all=47.4% | height{3:24;4:11;5:5;6:4;7:2;8:2;9:4;10:1;13:1;14:1;16:1;17:1} | themes=16 | dates=49
tradable_zt,one_price_today & NOT opened & own_baoliang,57,14,0.2456,8/36=22.2%,6/21=28.6%,yizi_today=100%_not_buyable | yizi_today=100.0% | yizi_next_all=47.4% | height{3:24;4:11;5:5;6:4;7:2;8:2;9:4;10:1;13:1;14:1;16:1;17:1} | themes=16 | dates=49
tradable_zt,NOT is_new_high & NOT boards_ge5,2354,578,0.2455,339/1278=26.5%,239/1076=22.2%,yizi_today=16.9% | yizi_next_all=8.8% | height{2:1755;3:448;4:151} | themes=147 | dates=205
tradable_zt,is_mid_2_3,2297,564,0.2455,312/1194=26.1%,252/1103=22.8%,yizi_today=16.8% | yizi_next_all=8.8% | height{2:1771;3:526} | themes=149 | dates=207
tradable_zt,is_mid_2_3 & NOT boards_ge5,2297,564,0.2455,312/1194=26.1%,252/1103=22.8%,yizi_today=16.8% | yizi_next_all=8.8% | height{2:1771;3:526} | themes=149 | dates=207
tradable_zt,NOT height_new_high & opened,1328,326,0.2455,168/664=25.3%,158/664=23.8%,yizi_today=0.0% | yizi_next_all=2.2% | height{2:887;3:245;4:113;5:42;6:25;7:11;8:5} | themes=119 | dates=185
tradable_zt,NOT height_new_high & NOT unopened,1328,326,0.2455,168/664=25.3%,158/664=23.8%,yizi_today=0.0% | yizi_next_all=2.2% | height{2:887;3:245;4:113;5:42;6:25;7:11;8:5} | themes=119 | dates=185
tradable_zt,theme_alive_own & is_mid_2_3,1899,466,0.2454,259/993=26.1%,207/906=22.8%,yizi_today=17.1% | yizi_next_all=9.0% | height{2:1467;3:432} | themes=103 | dates=207
tradable_zt,height_drop & NOT is_new_high,583,143,0.2453,90/316=28.5%,53/267=19.9%,yizi_today=15.8% | yizi_next_all=8.2% | height{2:455;3:87;4:28;5:12;6:1} | themes=92 | dates=56
tradable_zt,NOT one_price_today & href_le1 & theme_alive_own,477,117,0.2453,41/186=22.0%,76/291=26.1%,yizi_today=0.0% | yizi_next_all=3.4% | height{2:202;3:112;4:77;5:37;6:25;7:14;8:6;10:1;11:1;12:1;13:1} | themes=59 | dates=164
tradable_zt,NOT one_price_today & theme_alive_own & href_le1,477,117,0.2453,41/186=22.0%,76/291=26.1%,yizi_today=0.0% | yizi_next_all=3.4% | height{2:202;3:112;4:77;5:37;6:25;7:14;8:6;10:1;11:1;12:1;13:1} | themes=59 | dates=164
tradable_zt,theme_alive_own & NOT boards_ge5 & href_le1,473,116,0.2452,46/187=24.6%,70/286=24.5%,yizi_today=17.3% | yizi_next_all=7.6% | height{2:228;3:145;4:100} | themes=58 | dates=97
tradable_zt,height_drop & NOT one_price_today,575,141,0.2452,76/278=27.3%,65/297=21.9%,yizi_today=0.0% | yizi_next_all=4.0% | height{2:405;3:104;4:40;5:18;6:7;7:1} | themes=91 | dates=58
tradable_zt,NOT prev_leader_baoliang & NOT is_new_high,1301,319,0.2452,199/735=27.1%,120/566=21.2%,yizi_today=17.8% | yizi_next_all=9.7% | height{2:894;3:272;4:91;5:31;6:8;7:2;8:2;9:1} | themes=121 | dates=105
tradable_zt,NOT height_drop & NOT own_baoliang,1766,433,0.2452,248/951=26.1%,185/815=22.7%,yizi_today=19.5% | yizi_next_all=10.1% | height{2:1300;3:256;4:109;5:42;6:24;7:17;8:9;9:1;10:2;11:1;12:2;13:1;14:1;15:1} | themes=130 | dates=149
tradable_zt,is_mid_2_3 & NOT same_theme_baoliang,2154,528,0.2451,296/1127=26.3%,232/1027=22.6%,yizi_today=16.8% | yizi_next_all=8.8% | height{2:1688;3:466} | themes=147 | dates=207
tradable_zt,theme_dead,359,88,0.2451,57/236=24.2%,31/123=25.2%,yizi_today=19.8% | yizi_next_all=8.9% | height{2:252;3:65;4:24;5:13;6:3;7:2} | themes=77 | dates=29
tradable_zt,theme_alive_own & NOT boards_ge5 & NOT own_baoliang,1873,459,0.2451,265/985=26.9%,194/888=21.8%,yizi_today=18.3% | yizi_next_all=9.5% | height{2:1467;3:280;4:126} | themes=101 | dates=207
tradable_zt,leader_absent & NOT own_baoliang & href_le1,404,99,0.2450,43/162=26.5%,56/242=23.1%,yizi_today=18.6% | yizi_next_all=7.4% | height{2:267;3:77;4:41;5:10;6:6;7:1;10:2} | themes=66 | dates=73
tradable_zt,leader_absent & NOT same_theme_broken,996,244,0.2450,138/532=25.9%,106/464=22.8%,yizi_today=17.7% | yizi_next_all=8.6% | height{2:661;3:201;4:89;5:25;6:15;7:2;10:2;14:1} | themes=117 | dates=86
tradable_zt,NOT same_theme_broken & lag0,996,244,0.2450,138/532=25.9%,106/464=22.8%,yizi_today=17.7% | yizi_next_all=8.6% | height{2:661;3:201;4:89;5:25;6:15;7:2;10:2;14:1} | themes=117 | dates=86
tradable_zt,NOT height_new_high & is_mid_2_3,2017,494,0.2449,256/980=26.1%,238/1037=23.0%,yizi_today=16.4% | yizi_next_all=8.5% | height{2:1568;3:449} | themes=142 | dates=185
tradable_zt,NOT leader_absent & NOT one_price_today & NOT is_new_high,1217,298,0.2449,172/644=26.7%,126/573=22.0%,yizi_today=0.0% | yizi_next_all=3.1% | height{2:887;3:214;4:83;5:26;6:5;7:1;8:1} | themes=115 | dates=121
tradable_zt,leader_absent & theme_alive_own & NOT is_fanbao,858,210,0.2448,124/469=26.4%,86/389=22.1%,yizi_today=17.8% | yizi_next_all=9.3% | height{2:569;3:167;4:80;5:23;6:13;7:2;10:3;14:1} | themes=77 | dates=86
tradable_zt,leader_baoliang & prev_leader_baoliang,568,139,0.2447,78/351=22.2%,61/217=28.1%,yizi_today=19.7% | yizi_next_all=8.3% | height{2:363;3:112;4:60;5:18;6:6;7:4;8:1;9:2;17:1;18:1} | themes=81 | dates=51
tradable_zt,is_mid_2_3 & NOT href_le1,1843,451,0.2447,265/1016=26.1%,186/827=22.5%,yizi_today=17.0% | yizi_next_all=9.3% | height{2:1494;3:349} | themes=138 | dates=177
tradable_zt,NOT own_baoliang & NOT boards_ge5,2256,552,0.2447,317/1179=26.9%,235/1077=21.8%,yizi_today=18.1% | yizi_next_all=9.2% | height{2:1771;3:340;4:145} | themes=145 | dates=207
tradable_zt,NOT own_baoliang & NOT href_le1,1831,448,0.2447,277/1031=26.9%,171/800=21.4%,yizi_today=18.3% | yizi_next_all=9.9% | height{2:1494;3:235;4:71;5:20;6:7;7:2;8:2} | themes=137 | dates=177
tradable_zt,NOT is_new_high & NOT own_baoliang & NOT href_le1,1831,448,0.2447,277/1031=26.9%,171/800=21.4%,yizi_today=18.3% | yizi_next_all=9.9% | height{2:1494;3:235;4:71;5:20;6:7;7:2;8:2} | themes=137 | dates=177
tradable_zt,NOT leader_absent & NOT one_price_today & NOT boards_ge5,1219,298,0.2445,166/627=26.5%,132/592=22.3%,yizi_today=0.0% | yizi_next_all=2.9% | height{2:887;3:218;4:114} | themes=115 | dates=121
tradable_zt,NOT theme_alive_own & NOT own_baoliang,397,97,0.2443,53/201=26.4%,44/196=22.4%,yizi_today=17.4% | yizi_next_all=7.8% | height{2:304;3:60;4:19;5:6;6:4;7:2;8:1;9:1} | themes=115 | dates=181
tradable_zt,NOT is_new_high & NOT theme_alive_own & NOT boards_ge5,397,97,0.2443,54/203=26.6%,43/194=22.2%,yizi_today=14.9% | yizi_next_all=7.3% | height{2:303;3:78;4:16} | themes=118 | dates=183
tradable_zt,NOT theme_alive_own & NOT is_fanbao & NOT own_baoliang,397,97,0.2443,53/201=26.4%,44/196=22.4%,yizi_today=17.4% | yizi_next_all=7.8% | height{2:304;3:60;4:19;5:6;6:4;7:2;8:1;9:1} | themes=115 | dates=181
tradable_zt,NOT is_new_high & NOT is_fanbao & NOT own_baoliang,2088,510,0.2443,311/1168=26.6%,199/920=21.6%,yizi_today=18.1% | yizi_next_all=9.7% | height{2:1672;3:286;4:91;5:27;6:7;7:3;8:2} | themes=145 | dates=204
tradable_zt,NOT height_drop & opened,1147,280,0.2441,157/623=25.2%,123/524=23.5%,yizi_today=0.0% | yizi_next_all=2.3% | height{2:742;3:223;4:98;5:38;6:21;7:12;8:7;9:1;10:1;11:1;12:1;13:1;18:1} | themes=116 | dates=149
tradable_zt,NOT height_drop & NOT unopened,1147,280,0.2441,157/623=25.2%,123/524=23.5%,yizi_today=0.0% | yizi_next_all=2.3% | height{2:742;3:223;4:98;5:38;6:21;7:12;8:7;9:1;10:1;11:1;12:1;13:1;18:1} | themes=116 | dates=149
tradable_zt,theme_alive_own & opened & NOT href_le1,926,226,0.2441,136/524=26.0%,90/402=22.4%,yizi_today=0.0% | yizi_next_all=2.9% | height{2:684;3:162;4:61;5:14;6:4;8:1} | themes=84 | dates=176
tradable_zt,height_drop & is_sub_high,209,51,0.2440,23/86=26.7%,28/123=22.8%,yizi_today=14.8% | yizi_next_all=7.2% | height{2:159;3:32;4:10;5:7;6:1} | themes=54 | dates=47
tradable_zt,opened & NOT same_theme_baoliang,1377,336,0.2440,190/731=26.0%,146/646=22.6%,yizi_today=0.0% | yizi_next_all=2.6% | height{2:948;3:257;4:102;5:33;6:19;7:9;8:5;9:1;10:1;12:1;13:1} | themes=124 | dates=207
tradable_zt,NOT unopened & NOT same_theme_baoliang,1377,336,0.2440,190/731=26.0%,146/646=22.6%,yizi_today=0.0% | yizi_next_all=2.6% | height{2:948;3:257;4:102;5:33;6:19;7:9;8:5;9:1;10:1;12:1;13:1} | themes=124 | dates=207
tradable_zt,NOT height_drop & is_mid_2_3,1689,412,0.2439,228/900=25.3%,184/789=23.3%,yizi_today=17.0% | yizi_next_all=9.0% | height{2:1300;3:389} | themes=131 | dates=149
tradable_zt,NOT boards_ge5 & opened & NOT is_fanbao,1357,331,0.2439,184/732=25.1%,147/625=23.5%,yizi_today=0.0% | yizi_next_all=2.4% | height{2:952;3:284;4:121} | themes=126 | dates=207
tradable_zt,NOT theme_alive_own & NOT boards_ge5 & NOT href_le1,328,80,0.2439,48/175=27.4%,32/153=20.9%,yizi_today=15.2% | yizi_next_all=7.9% | height{2:255;3:62;4:11} | themes=110 | dates=155
tradable_zt,NOT theme_alive_own & NOT is_new_high,406,99,0.2438,55/209=26.3%,44/197=22.3%,yizi_today=14.8% | yizi_next_all=7.1% | height{2:303;3:78;4:16;5:9} | themes=118 | dates=184
tradable_zt,NOT is_new_high & NOT theme_alive_own & NOT is_fanbao,406,99,0.2438,55/209=26.3%,44/197=22.3%,yizi_today=14.8% | yizi_next_all=7.1% | height{2:303;3:78;4:16;5:9} | themes=118 | dates=184
tradable_zt,NOT same_theme_broken & NOT one_price_today,2088,509,0.2438,276/1085=25.4%,233/1003=23.2%,yizi_today=0.0% | yizi_next_all=3.4% | height{2:1426;3:360;4:170;5:67;6:33;7:16;8:10;9:1;10:1;11:1;12:1;13:1;18:1} | themes=145 | dates=207
tradable_zt,NOT leader_absent & NOT one_price_today & NOT href_le1,1153,281,0.2437,165/616=26.8%,116/537=21.6%,yizi_today=0.0% | yizi_next_all=3.1% | height{2:877;3:179;4:69;5:22;6:5;8:1} | themes=113 | dates=118
tradable_zt,NOT one_price_today & NOT theme_alive_own & NOT boards_ge5,357,87,0.2437,48/182=26.4%,39/175=22.3%,yizi_today=0.0% | yizi_next_all=2.0% | height{2:265;3:72;4:20} | themes=114 | dates=175
tradable_zt,NOT prev_leader_baoliang & same_theme_baoliang,119,29,0.2437,12/50=24.0%,17/69=24.6%,yizi_today=19.3% | yizi_next_all=13.4% | height{2:40;3:33;4:13;5:12;6:9;7:3;8:4;10:1;11:1;13:1;14:1;16:1} | themes=32 | dates=51
tradable_zt,NOT boards_ge5 & NOT opened & own_baoliang,78,19,0.2436,9/44=20.5%,10/34=29.4%,yizi_today=44.9% | yizi_next_all=21.8% | height{3:49;4:29} | themes=31 | dates=69
tradable_zt,NOT boards_ge5 & NOT own_baoliang & NOT href_le1,1800,438,0.2433,269/1003=26.8%,169/797=21.2%,yizi_today=17.9% | yizi_next_all=9.6% | height{2:1494;3:235;4:71} | themes=137 | dates=177
tradable_zt,NOT prev_leader_baoliang & opened,818,199,0.2433,114/445=25.6%,85/373=22.8%,yizi_today=0.0% | yizi_next_all=2.7% | height{2:513;3:170;4:75;5:29;6:16;7:8;8:4;10:1;11:1;13:1} | themes=102 | dates=106
tradable_zt,NOT prev_leader_baoliang & NOT unopened,818,199,0.2433,114/445=25.6%,85/373=22.8%,yizi_today=0.0% | yizi_next_all=2.7% | height{2:513;3:170;4:75;5:29;6:16;7:8;8:4;10:1;11:1;13:1} | themes=102 | dates=106
tradable_zt,leader_absent & one_price_today & NOT theme_alive_own,37,9,0.2432,7/25=28.0%,2/12=16.7%,yizi_today=100%_not_buyable | yizi_today=100.0% | yizi_next_all=29.7% | height{2:21;3:8;4:7;6:1} | themes=21 | dates=31
tradable_zt,leader_absent,1098,267,0.2432,148/576=25.7%,119/522=22.8%,yizi_today=17.5% | yizi_next_all=8.7% | height{2:738;3:217;4:95;5:27;6:15;7:2;10:3;14:1} | themes=117 | dates=86
tradable_zt,lag0,1098,267,0.2432,148/576=25.7%,119/522=22.8%,yizi_today=17.5% | yizi_next_all=8.7% | height{2:738;3:217;4:95;5:27;6:15;7:2;10:3;14:1} | themes=117 | dates=86
tradable_zt,leader_absent & lag0,1098,267,0.2432,148/576=25.7%,119/522=22.8%,yizi_today=17.5% | yizi_next_all=8.7% | height{2:738;3:217;4:95;5:27;6:15;7:2;10:3;14:1} | themes=117 | dates=86
tradable_zt,NOT prev_leader_baoliang & NOT boards_ge5,1341,326,0.2431,192/715=26.9%,134/626=21.4%,yizi_today=17.5% | yizi_next_all=9.7% | height{2:903;3:313;4:125} | themes=122 | dates=106
tradable_zt,theme_alive_own & opened,1267,308,0.2431,164/663=24.7%,144/604=23.8%,yizi_today=0.0% | yizi_next_all=2.8% | height{2:823;3:243;4:114;5:41;6:25;7:12;8:5;10:1;11:1;12:1;13:1} | themes=91 | dates=206
tradable_zt,theme_alive_own & NOT unopened,1267,308,0.2431,164/663=24.7%,144/604=23.8%,yizi_today=0.0% | yizi_next_all=2.8% | height{2:823;3:243;4:114;5:41;6:25;7:12;8:5;10:1;11:1;12:1;13:1} | themes=91 | dates=206
tradable_zt,NOT one_price_today & theme_alive_own & opened,1267,308,0.2431,164/663=24.7%,144/604=23.8%,yizi_today=0.0% | yizi_next_all=2.8% | height{2:823;3:243;4:114;5:41;6:25;7:12;8:5;10:1;11:1;12:1;13:1} | themes=91 | dates=206
tradable_zt,leader_any_absent,1539,374,0.2430,190/727=26.1%,184/812=22.7%,yizi_today=16.9% | yizi_next_all=8.7% | height{2:1055;3:283;4:128;5:46;6:19;7:4;10:3;14:1} | themes=128 | dates=122
tradable_zt,NOT one_price_today & theme_alive_own & NOT is_fanbao,1746,424,0.2428,239/937=25.5%,185/809=22.9%,yizi_today=0.0% | yizi_next_all=3.8% | height{2:1187;3:298;4:150;5:56;6:30;7:14;8:7;10:1;11:1;12:1;13:1} | themes=103 | dates=207
tradable_zt,NOT one_price_today & NOT is_fanbao,2125,516,0.2428,290/1134=25.6%,226/991=22.8%,yizi_today=0.0% | yizi_next_all=3.5% | height{2:1452;3:370;4:170;5:68;6:33;7:16;8:10;9:1;10:1;11:1;12:1;13:1;18:1} | themes=145 | dates=207
tradable_zt,NOT theme_alive_own & NOT boards_ge5 & NOT own_baoliang,383,93,0.2428,52/194=26.8%,41/189=21.7%,yizi_today=17.2% | yizi_next_all=7.6% | height{2:304;3:60;4:19} | themes=115 | dates=180
tradable_zt,theme_alive & NOT opened,416,101,0.2428,37/150=24.7%,64/266=24.1%,yizi_today=35.6% | yizi_next_all=14.4% | height{2:279;3:82;4:40;5:6;6:5;7:1;10:2;14:1} | themes=73 | dates=71
tradable_zt,theme_alive & unopened,416,101,0.2428,37/150=24.7%,64/266=24.1%,yizi_today=35.6% | yizi_next_all=14.4% | height{2:279;3:82;4:40;5:6;6:5;7:1;10:2;14:1} | themes=73 | dates=71
tradable_zt,NOT theme_alive_own & NOT one_price_today,379,92,0.2427,51/197=25.9%,41/182=22.5%,yizi_today=0.0% | yizi_next_all=2.1% | height{2:265;3:72;4:20;5:12;6:3;7:2;8:3;9:1;18:1} | themes=114 | dates=176
tradable_zt,NOT one_price_today & NOT theme_alive_own & NOT is_fanbao,379,92,0.2427,51/197=25.9%,41/182=22.5%,yizi_today=0.0% | yizi_next_all=2.1% | height{2:265;3:72;4:20;5:12;6:3;7:2;8:3;9:1;18:1} | themes=114 | dates=176
tradable_zt,theme_alive & NOT same_theme_broken,779,189,0.2426,66/260=25.4%,123/519=23.7%,yizi_today=15.7% | yizi_next_all=7.3% | height{2:538;3:139;4:69;5:19;6:10;7:1;10:2;14:1} | themes=98 | dates=72
tradable_zt,NOT is_new_high & theme_alive_own & NOT own_baoliang,1810,439,0.2425,265/991=26.7%,174/819=21.2%,yizi_today=18.3% | yizi_next_all=9.8% | height{2:1452;3:241;4:83;5:22;6:7;7:3;8:2} | themes=101 | dates=204
tradable_zt,NOT theme_alive_own & NOT href_le1,334,81,0.2425,49/180=27.2%,32/154=20.8%,yizi_today=15.0% | yizi_next_all=7.8% | height{2:255;3:62;4:11;5:6} | themes=110 | dates=156
tradable_zt,NOT is_new_high & NOT theme_alive_own & NOT href_le1,334,81,0.2425,49/180=27.2%,32/154=20.8%,yizi_today=15.0% | yizi_next_all=7.8% | height{2:255;3:62;4:11;5:6} | themes=110 | dates=156
tradable_zt,NOT theme_alive_own & NOT is_fanbao & NOT href_le1,334,81,0.2425,49/180=27.2%,32/154=20.8%,yizi_today=15.0% | yizi_next_all=7.8% | height{2:255;3:62;4:11;5:6} | themes=110 | dates=156
tradable_zt,theme_alive & same_theme_baoliang,99,24,0.2424,9/45=20.0%,15/54=27.8%,yizi_today=19.2% | yizi_next_all=8.1% | height{2:32;3:32;4:20;5:10;6:3;10:1;14:1} | themes=28 | dates=39
tradable_zt,is_fanbao & href_le1,33,8,0.2424,1/4=25.0%,7/29=24.1%,yizi_today=6.1% | yizi_next_all=3.0% | height{2:15;3:6;4:9;5:3} | themes=11 | dates=24
tradable_zt,theme_alive_own & is_fanbao & href_le1,33,8,0.2424,1/4=25.0%,7/29=24.1%,yizi_today=6.1% | yizi_next_all=3.0% | height{2:15;3:6;4:9;5:3} | themes=11 | dates=24
tradable_zt,leader_absent & theme_alive_own & NOT href_le1,491,119,0.2424,79/296=26.7%,40/195=20.5%,yizi_today=15.9% | yizi_next_all=9.4% | height{2:383;3:76;4:27;5:5} | themes=64 | dates=59
tradable_zt,theme_alive & NOT is_sub_high,739,179,0.2422,72/278=25.9%,107/461=23.2%,yizi_today=17.6% | yizi_next_all=8.0% | height{2:518;3:113;4:74;5:19;6:10;7:1;10:3;14:1} | themes=91 | dates=72
tradable_zt,NOT prev_leader_baoliang & NOT own_baoliang,1264,306,0.2421,183/676=27.1%,123/588=20.9%,yizi_today=19.5% | yizi_next_all=10.4% | height{2:903;3:210;4:77;5:33;6:17;7:12;8:7;10:2;12:1;13:1;14:1} | themes=118 | dates=106
tradable_zt,NOT is_new_high & NOT own_baoliang,2177,527,0.2421,313/1175=26.6%,214/1002=21.4%,yizi_today=17.8% | yizi_next_all=9.3% | height{2:1755;3:292;4:91;5:27;6:7;7:3;8:2} | themes=145 | dates=204
tradable_zt,leader_absent & NOT is_fanbao,1054,255,0.2419,147/572=25.7%,108/482=22.4%,yizi_today=18.0% | yizi_next_all=9.0% | height{2:705;3:209;4:92;5:27;6:15;7:2;10:3;14:1} | themes=117 | dates=86
tradable_zt,NOT is_fanbao & lag0,1054,255,0.2419,147/572=25.7%,108/482=22.4%,yizi_today=18.0% | yizi_next_all=9.0% | height{2:705;3:209;4:92;5:27;6:15;7:2;10:3;14:1} | themes=117 | dates=86
tradable_zt,leader_baoliang & NOT boards_ge5,1133,274,0.2418,154/648=23.8%,120/485=24.7%,yizi_today=18.4% | yizi_next_all=8.7% | height{2:755;3:264;4:114} | themes=116 | dates=102
tradable_zt,leader_absent & NOT height_new_high,1076,260,0.2416,148/576=25.7%,112/500=22.4%,yizi_today=17.7% | yizi_next_all=8.8% | height{2:729;3:208;4:93;5:26;6:15;7:2;10:2;14:1} | themes=116 | dates=85
tradable_zt,NOT height_new_high & lag0,1076,260,0.2416,148/576=25.7%,112/500=22.4%,yizi_today=17.7% | yizi_next_all=8.8% | height{2:729;3:208;4:93;5:26;6:15;7:2;10:2;14:1} | themes=116 | dates=85
tradable_zt,opened & NOT boards_ge5,1421,343,0.2414,184/736=25.0%,159/685=23.2%,yizi_today=0.0% | yizi_next_all=2.3% | height{2:998;3:295;4:128} | themes=126 | dates=207
tradable_zt,NOT unopened & NOT boards_ge5,1421,343,0.2414,184/736=25.0%,159/685=23.2%,yizi_today=0.0% | yizi_next_all=2.3% | height{2:998;3:295;4:128} | themes=126 | dates=207
tradable_zt,NOT one_price_today & NOT boards_ge5 & opened,1421,343,0.2414,184/736=25.0%,159/685=23.2%,yizi_today=0.0% | yizi_next_all=2.3% | height{2:998;3:295;4:128} | themes=126 | dates=207
tradable_zt,height_drop & NOT prev_leader_baoliang,435,105,0.2414,64/227=28.2%,41/208=19.7%,yizi_today=17.0% | yizi_next_all=10.3% | height{2:276;3:92;4:40;5:16;6:8;7:1;10:2} | themes=85 | dates=34
tradable_zt,NOT leader_absent & one_price_today & href_le1,58,14,0.2414,9/34=26.5%,5/24=20.8%,yizi_today=100%_not_buyable | yizi_today=100.0% | yizi_next_all=41.4% | height{3:12;4:8;5:14;6:5;7:6;8:3;9:2;10:1;11:1;12:1;13:1;14:1;15:1;16:1;17:1} | themes=22 | dates=53
tradable_zt,theme_dead & leader_absent & is_mid_2_3,253,61,0.2411,41/177=23.2%,20/76=26.3%,yizi_today=20.2% | yizi_next_all=7.9% | height{2:200;3:53} | themes=72 | dates=22
tradable_zt,NOT one_price_today,2225,536,0.2409,290/1139=25.5%,246/1086=22.7%,yizi_today=0.0% | yizi_next_all=3.4% | height{2:1526;3:385;4:179;5:70;6:33;7:16;8:10;9:1;10:1;11:1;12:1;13:1;18:1} | themes=145 | dates=207
tradable_zt,NOT is_new_high & is_mid_2_3,2203,530,0.2406,300/1167=25.7%,230/1036=22.2%,yizi_today=16.5% | yizi_next_all=8.8% | height{2:1755;3:448} | themes=147 | dates=205
tradable_zt,NOT one_price_today & NOT is_fanbao & NOT href_le1,1584,381,0.2405,238/906=26.3%,143/678=21.1%,yizi_today=0.0% | yizi_next_all=3.6% | height{2:1222;3:238;4:91;5:27;6:5;8:1} | themes=132 | dates=177
tradable_zt,theme_alive_own & NOT one_price_today,1846,444,0.2405,239/942=25.4%,205/904=22.7%,yizi_today=0.0% | yizi_next_all=3.6% | height{2:1261;3:313;4:159;5:58;6:30;7:14;8:7;10:1;11:1;12:1;13:1} | themes=103 | dates=207
tradable_zt,theme_alive_own & opened & href_le1,341,82,0.2405,28/139=20.1%,54/202=26.7%,yizi_today=0.0% | yizi_next_all=2.3% | height{2:139;3:81;4:53;5:27;6:21;7:12;8:4;10:1;11:1;12:1;13:1} | themes=55 | dates=143
tradable_zt,NOT is_new_high & NOT boards_ge5 & NOT own_baoliang,2138,514,0.2404,303/1142=26.5%,211/996=21.2%,yizi_today=17.4% | yizi_next_all=9.0% | height{2:1755;3:292;4:91} | themes=145 | dates=204
tradable_zt,amt_lo & one_price_today & boards_ge4,104,25,0.2404,17/75=22.7%,8/29=27.6%,yizi_today=100%_not_buyable | yizi_today=100.0% | yizi_next_all=47.1% | height{4:50;5:22;6:11;7:8;8:4;9:2;10:2;11:1;12:1;13:1;14:1;15:1} | themes=28 | dates=83
tradable_zt,height_drop & NOT theme_alive_own,129,31,0.2403,17/70=24.3%,14/59=23.7%,yizi_today=23.3% | yizi_next_all=10.9% | height{2:86;3:30;4:10;5:2;6:1} | themes=68 | dates=51
tradable_zt,height_new_high & NOT opened,154,37,0.2403,33/130=25.4%,4/24=16.7%,yizi_today=52%_not_buyable | yizi_today=51.9% | yizi_next_all=24.7% | height{2:92;3:27;4:12;5:3;6:3;7:2;8:6;9:4;10:1;14:1;15:1;16:1;17:1} | themes=42 | dates=22
tradable_zt,height_new_high & unopened,154,37,0.2403,33/130=25.4%,4/24=16.7%,yizi_today=52%_not_buyable | yizi_today=51.9% | yizi_next_all=24.7% | height{2:92;3:27;4:12;5:3;6:3;7:2;8:6;9:4;10:1;14:1;15:1;16:1;17:1} | themes=42 | dates=22
tradable_zt,NOT prev_leader_baoliang & is_mid_2_3,1216,292,0.2401,170/636=26.7%,122/580=21.0%,yizi_today=17.0% | yizi_next_all=9.2% | height{2:903;3:313} | themes=122 | dates=106
tradable_zt,one_price_today & boards_ge5 & href_le1,50,12,0.2400,7/33=21.2%,5/17=29.4%,yizi_today=100%_not_buyable | yizi_today=100.0% | yizi_next_all=48.0% | height{5:18;6:9;7:7;8:3;9:2;10:3;11:1;12:1;13:1;14:2;15:1;16:1;17:1} | themes=17 | dates=49
tradable_zt,NOT is_new_high & NOT theme_alive_own & NOT own_baoliang,367,88,0.2398,48/184=26.1%,40/183=21.9%,yizi_today=15.3% | yizi_next_all=6.8% | height{2:303;3:51;4:8;5:5} | themes=114 | dates=178
tradable_zt,leader_baoliang & NOT href_le1,776,186,0.2397,119/487=24.4%,67/289=23.2%,yizi_today=18.7% | yizi_next_all=10.2% | height{2:576;3:142;4:45;5:8;6:3;7:1;8:1} | themes=105 | dates=80
tradable_zt,NOT leader_absent & NOT one_price_today & NOT own_baoliang,1135,272,0.2396,152/578=26.3%,120/557=21.5%,yizi_today=0.0% | yizi_next_all=3.3% | height{2:887;3:127;4:60;5:25;6:16;7:11;8:6;9:1;12:1;13:1} | themes=113 | dates=121
tradable_zt,NOT is_sub_high & is_fanbao,96,23,0.2396,1/4=25.0%,22/92=23.9%,yizi_today=11.5% | yizi_next_all=3.1% | height{2:70;3:13;4:9;5:4} | themes=29 | dates=55
tradable_zt,open_ge2,1127,270,0.2396,154/611=25.2%,116/516=22.5%,yizi_today=0.0% | yizi_next_all=1.5% | height{2:729;3:227;4:94;5:36;6:20;7:12;8:6;11:1;12:1;18:1} | themes=109 | dates=201
tradable_zt,leader_absent & theme_alive_own & NOT boards_ge5,860,206,0.2395,114/440=25.9%,92/420=21.9%,yizi_today=16.6% | yizi_next_all=8.5% | height{2:602;3:175;4:83} | themes=76 | dates=86
tradable_zt,NOT height_drop & NOT one_price_today,1650,395,0.2394,214/861=24.9%,181/789=22.9%,yizi_today=0.0% | yizi_next_all=3.2% | height{2:1121;3:281;4:139;5:52;6:26;7:15;8:10;9:1;10:1;11:1;12:1;13:1;18:1} | themes=131 | dates=149
tradable_zt,NOT boards_ge5 & own_baoliang & href_le1,117,28,0.2393,10/59=16.9%,18/58=31.0%,yizi_today=13.7% | yizi_next_all=7.7% | height{3:72;4:45} | themes=44 | dates=65
tradable_zt,leader_absent & theme_alive,631,151,0.2393,61/242=25.2%,90/389=23.1%,yizi_today=15.7% | yizi_next_all=7.4% | height{2:427;3:122;4:56;5:13;6:9;10:3;14:1} | themes=87 | dates=48
tradable_zt,theme_alive & lag0,631,151,0.2393,61/242=25.2%,90/389=23.1%,yizi_today=15.7% | yizi_next_all=7.4% | height{2:427;3:122;4:56;5:13;6:9;10:3;14:1} | themes=87 | dates=48
tradable_zt,leader_absent & NOT opened & own_baoliang,46,11,0.2391,6/29=20.7%,5/17=29.4%,yizi_today=54%_not_buyable | yizi_today=54.3% | yizi_next_all=26.1% | height{3:24;4:15;5:2;6:3;10:1;14:1} | themes=23 | dates=35
tradable_zt,leader_absent & NOT boards_ge5,1050,251,0.2390,137/539=25.4%,114/511=22.3%,yizi_today=17.0% | yizi_next_all=8.3% | height{2:738;3:217;4:95} | themes=115 | dates=86
tradable_zt,NOT boards_ge5 & lag0,1050,251,0.2390,137/539=25.4%,114/511=22.3%,yizi_today=17.0% | yizi_next_all=8.3% | height{2:738;3:217;4:95} | themes=115 | dates=86
tradable_zt,NOT is_new_high & opened & NOT is_fanbao,1306,312,0.2389,183/728=25.1%,129/578=22.3%,yizi_today=0.0% | yizi_next_all=2.7% | height{2:944;3:247;4:85;5:23;6:5;7:1;8:1} | themes=124 | dates=205
tradable_zt,NOT one_price_today & theme_alive_own & NOT href_le1,1369,327,0.2389,198/756=26.2%,129/613=21.0%,yizi_today=0.0% | yizi_next_all=3.7% | height{2:1059;3:201;4:82;5:21;6:5;8:1} | themes=93 | dates=177
tradable_zt,one_price_today & boards_ge5,67,16,0.2388,10/48=20.8%,6/19=31.6%,yizi_today=100%_not_buyable | yizi_today=100.0% | yizi_next_all=52.2% | height{5:25;6:13;7:9;8:5;9:4;10:3;11:1;12:1;13:1;14:2;15:1;16:1;17:1} | themes=19 | dates=56
tradable_zt,one_price_today & unopened & boards_ge5,67,16,0.2388,10/48=20.8%,6/19=31.6%,yizi_today=100%_not_buyable | yizi_today=100.0% | yizi_next_all=52.2% | height{5:25;6:13;7:9;8:5;9:4;10:3;11:1;12:1;13:1;14:2;15:1;16:1;17:1} | themes=19 | dates=56
tradable_zt,one_price_today & boards_ge5 & NOT opened,67,16,0.2388,10/48=20.8%,6/19=31.6%,yizi_today=100%_not_buyable | yizi_today=100.0% | yizi_next_all=52.2% | height{5:25;6:13;7:9;8:5;9:4;10:3;11:1;12:1;13:1;14:2;15:1;16:1;17:1} | themes=19 | dates=56
tradable_zt,leader_absent & is_mid_2_3,955,228,0.2387,121/480=25.2%,107/475=22.5%,yizi_today=15.6% | yizi_next_all=7.6% | height{2:738;3:217} | themes=113 | dates=86
tradable_zt,is_mid_2_3 & lag0,955,228,0.2387,121/480=25.2%,107/475=22.5%,yizi_today=15.6% | yizi_next_all=7.6% | height{2:738;3:217} | themes=113 | dates=86
tradable_zt,NOT height_new_high & NOT one_price_today,1954,466,0.2385,234/939=24.9%,232/1015=22.9%,yizi_today=0.0% | yizi_next_all=3.2% | height{2:1360;3:327;4:159;5:59;6:30;7:14;8:5} | themes=138 | dates=185
tradable_zt,leader_baoliang & is_mid_2_3,1019,243,0.2385,134/574=23.3%,109/445=24.5%,yizi_today=17.5% | yizi_next_all=8.7% | height{2:755;3:264} | themes=116 | dates=102
tradable_zt,NOT one_price_today & NOT href_le1,1653,394,0.2384,238/908=26.2%,156/745=20.9%,yizi_today=0.0% | yizi_next_all=3.4% | height{2:1282;3:247;4:91;5:27;6:5;8:1} | themes=133 | dates=177
tradable_zt,NOT one_price_today & NOT is_new_high & NOT href_le1,1653,394,0.2384,238/908=26.2%,156/745=20.9%,yizi_today=0.0% | yizi_next_all=3.4% | height{2:1282;3:247;4:91;5:27;6:5;8:1} | themes=133 | dates=177
tradable_zt,is_mid_2_3 & NOT own_baoliang,2111,503,0.2383,282/1089=25.9%,221/1022=21.6%,yizi_today=17.1% | yizi_next_all=8.8% | height{2:1771;3:340} | themes=145 | dates=206
tradable_zt,opened & NOT is_fanbao & NOT own_baoliang,1218,290,0.2381,164/650=25.2%,126/568=22.2%,yizi_today=0.0% | yizi_next_all=2.7% | height{2:952;3:152;4:61;5:20;6:16;7:9;8:4;9:1;10:1;12:1;13:1} | themes=121 | dates=207
tradable_zt,NOT one_price_today & NOT same_theme_baoliang,2033,484,0.2381,269/1047=25.7%,215/986=21.8%,yizi_today=0.0% | yizi_next_all=3.5% | height{2:1455;3:338;4:145;5:50;6:23;7:11;8:7;9:1;10:1;12:1;13:1} | themes=143 | dates=207
tradable_zt,leader_baoliang & opened,689,164,0.2380,83/391=21.2%,81/298=27.2%,yizi_today=0.0% | yizi_next_all=2.0% | height{2:440;3:144;4:64;5:24;6:9;7:4;8:2;11:1;18:1} | themes=97 | dates=102
tradable_zt,leader_baoliang & NOT unopened,689,164,0.2380,83/391=21.2%,81/298=27.2%,yizi_today=0.0% | yizi_next_all=2.0% | height{2:440;3:144;4:64;5:24;6:9;7:4;8:2;11:1;18:1} | themes=97 | dates=102
tradable_zt,NOT prev_leader_baoliang & NOT theme_alive_own,227,54,0.2379,30/119=25.2%,24/108=22.2%,yizi_today=16.3% | yizi_next_all=7.9% | height{2:146;3:55;4:13;5:9;6:2;7:1;8:1} | themes=89 | dates=93
tradable_zt,NOT one_price_today & NOT theme_alive_own & NOT own_baoliang,328,78,0.2378,43/164=26.2%,35/164=21.3%,yizi_today=0.0% | yizi_next_all=1.5% | height{2:265;3:42;4:10;5:5;6:2;7:2;8:1;9:1} | themes=107 | dates=165
tradable_zt,leader_absent & NOT theme_alive_own & NOT own_baoliang,164,39,0.2378,20/82=24.4%,19/82=23.2%,yizi_today=19.5% | yizi_next_all=6.7% | height{2:136;3:20;4:8} | themes=76 | dates=73
tradable_zt,leader_baoliang & NOT own_baoliang,980,233,0.2378,137/560=24.5%,96/420=22.9%,yizi_today=19.8% | yizi_next_all=9.4% | height{2:755;3:153;4:56;5:12;6:2;7:1;8:1} | themes=109 | dates=102
tradable_zt,theme_alive_own & theme_alive,795,189,0.2377,72/274=26.3%,117/521=22.5%,yizi_today=15.6% | yizi_next_all=7.7% | height{2:553;3:140;4:69;5:19;6:9;7:1;10:3;14:1} | themes=72 | dates=72
tradable_zt,NOT leader_absent & NOT theme_alive_own & NOT opened,101,24,0.2376,10/47=21.3%,14/54=25.9%,yizi_today=38.6% | yizi_next_all=20.8% | height{2:65;3:21;4:6;5:3;6:3;7:2;8:1} | themes=56 | dates=66
tradable_zt,leader_absent & NOT boards_ge5 & NOT is_fanbao,1006,239,0.2376,136/535=25.4%,103/471=21.9%,yizi_today=17.6% | yizi_next_all=8.6% | height{2:705;3:209;4:92} | themes=115 | dates=86
tradable_zt,height_new_high & one_price_today,80,19,0.2375,16/71=22.5%,3/9=33.3%,yizi_today=100%_not_buyable | yizi_today=100.0% | yizi_next_all=42.5% | height{2:37;3:19;4:7;5:1;6:2;7:2;8:3;9:4;10:1;14:1;15:1;16:1;17:1} | themes=25 | dates=21
tradable_zt,NOT one_price_today & NOT boards_ge5 & NOT href_le1,1620,384,0.2370,229/878=26.1%,155/742=20.9%,yizi_today=0.0% | yizi_next_all=3.3% | height{2:1282;3:247;4:91} | themes=133 | dates=177
tradable_zt,NOT one_price_today & NOT is_new_high & NOT theme_alive_own,346,82,0.2370,45/177=25.4%,37/169=21.9%,yizi_today=0.0% | yizi_next_all=1.7% | height{2:265;3:60;4:13;5:8} | themes=113 | dates=171
tradable_zt,leader_absent & NOT theme_alive_own & NOT boards_ge5,190,45,0.2368,23/99=23.2%,22/91=24.2%,yizi_today=18.9% | yizi_next_all=7.4% | height{2:136;3:42;4:12} | themes=85 | dates=77
tradable_zt,NOT opened & is_fanbao & NOT href_le1,38,9,0.2368,1/3=33.3%,8/35=22.9%,yizi_today=26.3% | yizi_next_all=5.3% | height{2:34;3:3;5:1} | themes=20 | dates=28
tradable_zt,theme_alive,938,222,0.2367,83/326=25.5%,139/612=22.7%,yizi_today=15.8% | yizi_next_all=7.5% | height{2:651;3:168;4:81;5:23;6:10;7:1;10:3;14:1} | themes=98 | dates=72
tradable_zt,same_theme_broken & NOT same_theme_baoliang,131,31,0.2366,17/50=34.0%,14/81=17.3%,yizi_today=16.0% | yizi_next_all=7.6% | height{2:100;3:22;4:7;5:2} | themes=25 | dates=53
tradable_zt,NOT one_price_today & NOT own_baoliang & href_le1,427,101,0.2365,34/153=22.2%,67/274=24.5%,yizi_today=0.0% | yizi_next_all=3.5% | height{2:244;3:76;4:49;5:20;6:17;7:11;8:6;9:1;10:1;12:1;13:1} | themes=68 | dates=133
tradable_zt,leader_absent & opened & NOT href_le1,330,78,0.2364,47/194=24.2%,31/136=22.8%,yizi_today=0.0% | yizi_next_all=3.0% | height{2:256;3:53;4:18;5:3} | themes=76 | dates=59
tradable_zt,leader_absent & leader_baoliang,656,155,0.2363,90/386=23.3%,65/270=24.1%,yizi_today=18.1% | yizi_next_all=8.1% | height{2:431;3:141;4:61;5:12;6:8;7:1;10:1;14:1} | themes=88 | dates=53
tradable_zt,leader_baoliang & lag0,656,155,0.2363,90/386=23.3%,65/270=24.1%,yizi_today=18.1% | yizi_next_all=8.1% | height{2:431;3:141;4:61;5:12;6:8;7:1;10:1;14:1} | themes=88 | dates=53
tradable_zt,opened & NOT own_baoliang & NOT href_le1,991,234,0.2361,142/543=26.2%,92/448=20.5%,yizi_today=0.0% | yizi_next_all=2.6% | height{2:833;3:114;4:32;5:10;6:2} | themes=114 | dates=177
tradable_zt,NOT prev_leader_baoliang & same_theme_broken,72,17,0.2361,8/26=30.8%,9/46=19.6%,yizi_today=15.3% | yizi_next_all=6.9% | height{2:52;3:12;4:4;5:3;10:1} | themes=19 | dates=28
tradable_zt,leader_absent & NOT is_fanbao & NOT own_baoliang,915,216,0.2361,126/486=25.9%,90/429=21.0%,yizi_today=18.0% | yizi_next_all=8.9% | height{2:705;3:129;4:58;5:14;6:6;7:1;10:2} | themes=108 | dates=86
tradable_zt,theme_alive & NOT same_theme_baoliang,839,198,0.2360,74/281=26.3%,124/558=22.2%,yizi_today=15.4% | yizi_next_all=7.4% | height{2:619;3:136;4:61;5:13;6:7;7:1;10:2} | themes=96 | dates=72
tradable_zt,NOT one_price_today & NOT theme_alive_own & NOT href_le1,284,67,0.2359,40/152=26.3%,27/132=20.5%,yizi_today=0.0% | yizi_next_all=2.1% | height{2:223;3:46;4:9;5:6} | themes=105 | dates=145
tradable_zt,is_mid_2_3 & opened,1293,305,0.2359,159/660=24.1%,146/633=23.1%,yizi_today=0.0% | yizi_next_all=2.3% | height{2:998;3:295} | themes=125 | dates=207
tradable_zt,is_mid_2_3 & NOT unopened,1293,305,0.2359,159/660=24.1%,146/633=23.1%,yizi_today=0.0% | yizi_next_all=2.3% | height{2:998;3:295} | themes=125 | dates=207
tradable_zt,NOT is_new_high & NOT boards_ge5 & opened,1329,313,0.2355,177/705=25.1%,136/624=21.8%,yizi_today=0.0% | yizi_next_all=2.4% | height{2:989;3:255;4:85} | themes=124 | dates=205
tradable_zt,to_hi,637,150,0.2355,81/339=23.9%,69/298=23.2%,yizi_today=0.2% | yizi_next_all=1.4% | height{2:365;3:138;4:68;5:31;6:17;7:8;8:5;9:2;11:1;12:1;18:1} | themes=99 | dates=207
tradable_zt,NOT is_new_high & opened,1359,320,0.2355,183/732=25.0%,137/627=21.9%,yizi_today=0.0% | yizi_next_all=2.6% | height{2:989;3:255;4:85;5:23;6:5;7:1;8:1} | themes=124 | dates=205
tradable_zt,NOT is_new_high & NOT unopened,1359,320,0.2355,183/732=25.0%,137/627=21.9%,yizi_today=0.0% | yizi_next_all=2.6% | height{2:989;3:255;4:85;5:23;6:5;7:1;8:1} | themes=124 | dates=205
tradable_zt,NOT one_price_today & NOT is_new_high & opened,1359,320,0.2355,183/732=25.0%,137/627=21.9%,yizi_today=0.0% | yizi_next_all=2.6% | height{2:989;3:255;4:85;5:23;6:5;7:1;8:1} | themes=124 | dates=205
tradable_zt,NOT one_price_today & NOT boards_ge5 & NOT is_fanbao,1992,469,0.2354,260/1047=24.8%,209/945=22.1%,yizi_today=0.0% | yizi_next_all=3.4% | height{2:1452;3:370;4:170} | themes=144 | dates=207
tradable_zt,NOT same_theme_broken & is_fanbao,102,24,0.2353,2/7=28.6%,22/95=23.2%,yizi_today=11.8% | yizi_next_all=2.9% | height{2:76;3:13;4:9;5:4} | themes=29 | dates=58
tradable_zt,NOT one_price_today & theme_alive_own & NOT opened,579,136,0.2349,75/279=26.9%,61/300=20.3%,yizi_today=0.0% | yizi_next_all=5.5% | height{2:438;3:70;4:45;5:17;6:5;7:2;8:2} | themes=74 | dates=191
tradable_zt,theme_alive_own & NOT boards_ge5 & opened,1180,277,0.2347,144/607=23.7%,133/573=23.2%,yizi_today=0.0% | yizi_next_all=2.6% | height{2:823;3:243;4:114} | themes=90 | dates=206
tradable_zt,NOT height_new_high & theme_alive,916,215,0.2347,83/326=25.5%,132/590=22.4%,yizi_today=15.9% | yizi_next_all=7.6% | height{2:642;3:159;4:79;5:22;6:10;7:1;10:2;14:1} | themes=97 | dates=71
tradable_zt,leader_absent & NOT own_baoliang,955,224,0.2346,127/490=25.9%,97/465=20.9%,yizi_today=17.5% | yizi_next_all=8.5% | height{2:738;3:133;4:61;5:14;6:6;7:1;10:2} | themes=108 | dates=86
tradable_zt,NOT own_baoliang & lag0,955,224,0.2346,127/490=25.9%,97/465=20.9%,yizi_today=17.5% | yizi_next_all=8.5% | height{2:738;3:133;4:61;5:14;6:6;7:1;10:2} | themes=108 | dates=86
tradable_zt,leader_absent & NOT href_le1,597,140,0.2345,92/358=25.7%,48/239=20.1%,yizi_today=16.2% | yizi_next_all=9.0% | height{2:471;3:91;4:29;5:6} | themes=96 | dates=59
tradable_zt,NOT href_le1 & lag0,597,140,0.2345,92/358=25.7%,48/239=20.1%,yizi_today=16.2% | yizi_next_all=9.0% | height{2:471;3:91;4:29;5:6} | themes=96 | dates=59
tradable_zt,leader_absent & NOT is_new_high & NOT href_le1,597,140,0.2345,92/358=25.7%,48/239=20.1%,yizi_today=16.2% | yizi_next_all=9.0% | height{2:471;3:91;4:29;5:6} | themes=96 | dates=59
tradable_zt,theme_alive & NOT is_fanbao,879,206,0.2344,83/323=25.7%,123/556=22.1%,yizi_today=16.2% | yizi_next_all=7.7% | height{2:606;3:161;4:74;5:23;6:10;7:1;10:3;14:1} | themes=98 | dates=72
tradable_zt,leader_baoliang & NOT is_new_high,1016,238,0.2343,145/612=23.7%,93/404=23.0%,yizi_today=18.0% | yizi_next_all=9.0% | height{2:739;3:198;4:60;5:14;6:3;7:1;8:1} | themes=114 | dates=100
tradable_zt,NOT one_price_today & NOT boards_ge5,2090,489,0.2340,260/1052=24.7%,229/1038=22.1%,yizi_today=0.0% | yizi_next_all=3.3% | height{2:1526;3:385;4:179} | themes=144 | dates=207
tradable_zt,leader_absent & theme_alive_own & NOT own_baoliang,791,185,0.2339,107/408=26.2%,78/383=20.4%,yizi_today=17.1% | yizi_next_all=8.8% | height{2:602;3:113;4:53;5:14;6:6;7:1;10:2} | themes=76 | dates=86
tradable_zt,NOT one_price_today & NOT is_new_high & NOT is_fanbao,1916,448,0.2338,263/1045=25.2%,185/871=21.2%,yizi_today=0.0% | yizi_next_all=3.4% | height{2:1440;3:315;4:117;5:36;6:6;7:1;8:1} | themes=142 | dates=205
tradable_zt,NOT own_baoliang & opened,1275,298,0.2337,164/653=25.1%,134/622=21.5%,yizi_today=0.0% | yizi_next_all=2.6% | height{2:998;3:158;4:65;5:21;6:16;7:9;8:4;9:1;10:1;12:1;13:1} | themes=121 | dates=207
tradable_zt,NOT own_baoliang & NOT unopened,1275,298,0.2337,164/653=25.1%,134/622=21.5%,yizi_today=0.0% | yizi_next_all=2.6% | height{2:998;3:158;4:65;5:21;6:16;7:9;8:4;9:1;10:1;12:1;13:1} | themes=121 | dates=207
tradable_zt,NOT one_price_today & opened & NOT own_baoliang,1275,298,0.2337,164/653=25.1%,134/622=21.5%,yizi_today=0.0% | yizi_next_all=2.6% | height{2:998;3:158;4:65;5:21;6:16;7:9;8:4;9:1;10:1;12:1;13:1} | themes=121 | dates=207
tradable_zt,NOT theme_alive_own & NOT own_baoliang & NOT href_le1,304,71,0.2336,42/162=25.9%,29/142=20.4%,yizi_today=15.5% | yizi_next_all=7.6% | height{2:255;3:41;4:5;5:3} | themes=107 | dates=151
tradable_zt,leader_absent & NOT boards_ge5 & NOT href_le1,591,138,0.2335,90/353=25.5%,48/238=20.2%,yizi_today=16.2% | yizi_next_all=9.0% | height{2:471;3:91;4:29} | themes=96 | dates=59
tradable_zt,NOT is_new_high & boards_ge5 & opened,30,7,0.2333,6/27=22.2%,1/3=33.3%,yizi_today=0.0% | yizi_next_all=10.0% | height{5:23;6:5;7:1;8:1} | themes=20 | dates=24
tradable_zt,NOT prev_leader_baoliang & NOT one_price_today,1183,276,0.2333,155/616=25.2%,121/567=21.3%,yizi_today=0.0% | yizi_next_all=4.1% | height{2:781;3:228;4:97;5:39;6:20;7:9;8:6;10:1;11:1;13:1} | themes=119 | dates=106
tradable_zt,NOT leader_absent & NOT one_price_today & NOT opened,403,94,0.2333,47/195=24.1%,47/208=22.6%,yizi_today=0.0% | yizi_next_all=5.0% | height{2:304;3:41;4:34;5:13;6:5;7:3;8:3} | themes=85 | dates=114
tradable_zt,is_legacy_near,961,224,0.2331,91/371=24.5%,133/590=22.5%,yizi_today=17.5% | yizi_next_all=8.8% | height{2:643;3:194;4:83;5:24;6:11;7:3;8:1;9:1;10:1} | themes=106 | dates=161
tradable_zt,NOT one_price_today & NOT is_fanbao & NOT own_baoliang,1833,427,0.2330,239/952=25.1%,188/881=21.3%,yizi_today=0.0% | yizi_next_all=3.7% | height{2:1452;3:215;4:92;5:33;6:20;7:11;8:6;9:1;10:1;12:1;13:1} | themes=138 | dates=207
tradable_zt,leader_absent & NOT is_fanbao & NOT href_le1,576,134,0.2326,92/357=25.8%,42/219=19.2%,yizi_today=16.7% | yizi_next_all=9.4% | height{2:453;3:88;4:29;5:6} | themes=96 | dates=59
tradable_zt,leader_absent & opened & NOT is_fanbao,581,135,0.2324,68/308=22.1%,67/273=24.5%,yizi_today=0.0% | yizi_next_all=2.8% | height{2:396;3:111;4:46;5:16;6:10;7:1;10:1} | themes=93 | dates=86
tradable_zt,theme_alive & NOT boards_ge5,900,209,0.2322,76/304=25.0%,133/596=22.3%,yizi_today=15.1% | yizi_next_all=7.0% | height{2:651;3:168;4:81} | themes=97 | dates=72
tradable_zt,leader_absent & NOT opened & NOT href_le1,267,62,0.2322,45/164=27.4%,17/103=16.5%,yizi_today=36.3% | yizi_next_all=16.5% | height{2:215;3:38;4:11;5:3} | themes=68 | dates=56
tradable_zt,NOT leader_baoliang & is_sub_high,168,39,0.2321,17/59=28.8%,22/109=20.2%,yizi_today=13.7% | yizi_next_all=8.3% | height{2:98;3:43;4:18;5:7;6:1;7:1} | themes=50 | dates=49
tradable_zt,height_new_high & own_baoliang,56,13,0.2321,7/40=17.5%,6/16=37.5%,yizi_today=21.4% | yizi_next_all=14.3% | height{3:21;4:14;5:7;6:2;7:1;8:3;9:4;11:1;16:1;17:1;18:1} | themes=25 | dates=20
tradable_zt,NOT one_price_today & theme_alive_own & NOT boards_ge5,1733,402,0.2320,212/870=24.4%,190/863=22.0%,yizi_today=0.0% | yizi_next_all=3.6% | height{2:1261;3:313;4:159} | themes=102 | dates=207
tradable_zt,height_drop & leader_baoliang,414,96,0.2319,53/214=24.8%,43/200=21.5%,yizi_today=18.4% | yizi_next_all=8.0% | height{2:270;3:90;4:39;5:9;6:4;7:1;10:1} | themes=72 | dates=35
tradable_zt,theme_alive & opened,522,121,0.2318,46/176=26.1%,75/346=21.7%,yizi_today=0.0% | yizi_next_all=1.9% | height{2:372;3:86;4:41;5:17;6:5;10:1} | themes=82 | dates=72
tradable_zt,theme_alive & NOT unopened,522,121,0.2318,46/176=26.1%,75/346=21.7%,yizi_today=0.0% | yizi_next_all=1.9% | height{2:372;3:86;4:41;5:17;6:5;10:1} | themes=82 | dates=72
tradable_zt,leader_absent & NOT boards_ge5 & NOT own_baoliang,932,216,0.2318,122/473=25.8%,94/459=20.5%,yizi_today=17.1% | yizi_next_all=8.3% | height{2:738;3:133;4:61} | themes=107 | dates=86
tradable_zt,nzt_ge80,967,224,0.2316,89/353=25.2%,135/614=22.0%,yizi_today=17.7% | yizi_next_all=8.9% | height{2:651;3:175;4:79;5:27;6:8;7:10;8:7;9:2;10:1;11:2;12:1;13:1;14:2;18:1} | themes=88 | dates=59
tradable_zt,leader_absent & opened,609,141,0.2315,68/311=21.9%,73/298=24.5%,yizi_today=0.0% | yizi_next_all=2.6% | height{2:415;3:118;4:48;5:16;6:10;7:1;10:1} | themes=93 | dates=86
tradable_zt,leader_absent & NOT unopened,609,141,0.2315,68/311=21.9%,73/298=24.5%,yizi_today=0.0% | yizi_next_all=2.6% | height{2:415;3:118;4:48;5:16;6:10;7:1;10:1} | themes=93 | dates=86
tradable_zt,opened & lag0,609,141,0.2315,68/311=21.9%,73/298=24.5%,yizi_today=0.0% | yizi_next_all=2.6% | height{2:415;3:118;4:48;5:16;6:10;7:1;10:1} | themes=93 | dates=86
tradable_zt,NOT unopened & lag0,609,141,0.2315,68/311=21.9%,73/298=24.5%,yizi_today=0.0% | yizi_next_all=2.6% | height{2:415;3:118;4:48;5:16;6:10;7:1;10:1} | themes=93 | dates=86
tradable_zt,leader_absent & NOT one_price_today & opened,609,141,0.2315,68/311=21.9%,73/298=24.5%,yizi_today=0.0% | yizi_next_all=2.6% | height{2:415;3:118;4:48;5:16;6:10;7:1;10:1} | themes=93 | dates=86
tradable_zt,is_fanbao & NOT boards_ge5,108,25,0.2315,2/8=25.0%,23/100=23.0%,yizi_today=9.3% | yizi_next_all=1.9% | height{2:84;3:15;4:9} | themes=29 | dates=62
tradable_zt,theme_alive_own & NOT boards_ge5 & is_fanbao,108,25,0.2315,2/8=25.0%,23/100=23.0%,yizi_today=9.3% | yizi_next_all=1.9% | height{2:84;3:15;4:9} | themes=29 | dates=62
tradable_zt,NOT leader_absent & theme_alive,307,71,0.2313,22/84=26.2%,49/223=22.0%,yizi_today=16.0% | yizi_next_all=7.5% | height{2:224;3:46;4:25;5:10;6:1;7:1} | themes=62 | dates=24
tradable_zt,theme_alive & NOT lag0,307,71,0.2313,22/84=26.2%,49/223=22.0%,yizi_today=16.0% | yizi_next_all=7.5% | height{2:224;3:46;4:25;5:10;6:1;7:1} | themes=62 | dates=24
tradable_zt,NOT boards_ge5 & same_theme_baoliang,186,43,0.2312,18/91=19.8%,25/95=26.3%,yizi_today=18.3% | yizi_next_all=7.5% | height{2:83;3:60;4:43} | themes=38 | dates=76
tradable_zt,NOT is_new_high & NOT one_price_today,2000,462,0.2310,263/1050=25.0%,199/950=20.9%,yizi_today=0.0% | yizi_next_all=3.3% | height{2:1513;3:326;4:117;5:36;6:6;7:1;8:1} | themes=142 | dates=205
tradable_zt,theme_alive & is_mid_2_3,819,189,0.2308,64/266=24.1%,125/553=22.6%,yizi_today=13.4% | yizi_next_all=6.6% | height{2:651;3:168} | themes=97 | dates=72
tradable_zt,NOT theme_alive_own & theme_alive,143,33,0.2308,11/52=21.2%,22/91=24.2%,yizi_today=16.8% | yizi_next_all=6.3% | height{2:98;3:28;4:12;5:4;6:1} | themes=70 | dates=64
tradable_zt,height_drop & same_theme_broken,65,15,0.2308,7/26=26.9%,8/39=20.5%,yizi_today=12.3% | yizi_next_all=7.7% | height{2:48;3:9;4:5;5:2;10:1} | themes=17 | dates=26
tradable_zt,loose_theme_broken,230,53,0.2304,31/111=27.9%,22/119=18.5%,yizi_today=17.0% | yizi_next_all=8.7% | height{2:155;3:45;4:17;5:9;6:2;7:1;10:1} | themes=36 | dates=85
tradable_zt,NOT is_new_high & theme_alive_own & opened,1124,259,0.2304,146/606=24.1%,113/518=21.8%,yizi_today=0.0% | yizi_next_all=2.9% | height{2:814;3:210;4:76;5:17;6:5;7:1;8:1} | themes=88 | dates=202
tradable_zt,theme_alive & NOT href_le1,612,141,0.2304,60/236=25.4%,81/376=21.5%,yizi_today=15.0% | yizi_next_all=7.2% | height{2:518;3:71;4:20;5:3} | themes=87 | dates=57
tradable_zt,href2,534,123,0.2303,50/204=24.5%,73/330=22.1%,yizi_today=16.5% | yizi_next_all=8.1% | height{2:395;3:93;4:31;5:12;6:3} | themes=87 | dates=124
tradable_zt,leader_absent & NOT is_new_high & theme_alive_own,757,174,0.2299,108/418=25.8%,66/339=19.5%,yizi_today=15.3% | yizi_next_all=8.1% | height{2:587;3:119;4:39;5:11;6:1} | themes=75 | dates=84
tradable_zt,NOT one_price_today & NOT own_baoliang,1923,442,0.2298,239/956=25.0%,203/967=21.0%,yizi_today=0.0% | yizi_next_all=3.5% | height{2:1526;3:223;4:98;5:35;6:20;7:11;8:6;9:1;10:1;12:1;13:1} | themes=138 | dates=207
tradable_zt,leader_absent & NOT prev_leader_baoliang,644,148,0.2298,76/297=25.6%,72/347=20.7%,yizi_today=16.6% | yizi_next_all=9.9% | height{2:409;3:142;4:58;5:20;6:10;7:1;10:3;14:1} | themes=99 | dates=48
tradable_zt,NOT prev_leader_baoliang & lag0,644,148,0.2298,76/297=25.6%,72/347=20.7%,yizi_today=16.6% | yizi_next_all=9.9% | height{2:409;3:142;4:58;5:20;6:10;7:1;10:3;14:1} | themes=99 | dates=48
tradable_zt,NOT one_price_today & NOT is_new_high & theme_alive_own,1654,380,0.2297,218/873=25.0%,162/781=20.7%,yizi_today=0.0% | yizi_next_all=3.6% | height{2:1248;3:266;4:104;5:28;6:6;7:1;8:1} | themes=101 | dates=205
tradable_zt,NOT theme_alive & is_sub_high,209,48,0.2297,32/136=23.5%,16/73=21.9%,yizi_today=20.6% | yizi_next_all=7.2% | height{2:128;3:44;4:26;5:9;6:1;7:1} | themes=56 | dates=58
tradable_zt,leader_absent & NOT theme_alive_own,196,45,0.2296,23/103=22.3%,22/93=23.7%,yizi_today=18.9% | yizi_next_all=7.7% | height{2:136;3:42;4:12;5:4;6:2} | themes=86 | dates=77
tradable_zt,NOT theme_alive_own & lag0,196,45,0.2296,23/103=22.3%,22/93=23.7%,yizi_today=18.9% | yizi_next_all=7.7% | height{2:136;3:42;4:12;5:4;6:2} | themes=86 | dates=77
tradable_zt,leader_absent & NOT theme_alive_own & NOT is_fanbao,196,45,0.2296,23/103=22.3%,22/93=23.7%,yizi_today=18.9% | yizi_next_all=7.7% | height{2:136;3:42;4:12;5:4;6:2} | themes=86 | dates=77
tradable_zt,NOT one_price_today & NOT is_new_high & NOT boards_ge5,1956,449,0.2296,251/1011=24.8%,198/945=21.0%,yizi_today=0.0% | yizi_next_all=3.2% | height{2:1513;3:326;4:117} | themes=142 | dates=205
tradable_zt,NOT boards_ge5 & opened & NOT own_baoliang,1221,280,0.2293,152/618=24.6%,128/603=21.2%,yizi_today=0.0% | yizi_next_all=2.5% | height{2:998;3:158;4:65} | themes=119 | dates=207
tradable_zt,leader_baoliang & NOT one_price_today,975,223,0.2287,118/544=21.7%,105/431=24.4%,yizi_today=0.0% | yizi_next_all=3.4% | height{2:648;3:193;4:84;5:29;6:11;7:5;8:3;11:1;18:1} | themes=110 | dates=102
tradable_zt,theme_alive & NOT own_baoliang,831,190,0.2286,72/276=26.1%,118/555=21.3%,yizi_today=15.8% | yizi_next_all=7.5% | height{2:651;3:103;4:56;5:11;6:7;7:1;10:2} | themes=92 | dates=72
tradable_zt,one_price_today & boards_ge4 & href0,70,16,0.2286,9/41=22.0%,7/29=24.1%,yizi_today=100%_not_buyable | yizi_today=100.0% | yizi_next_all=44.3% | height{4:24;5:14;6:9;7:7;8:3;9:2;10:3;11:1;12:1;13:1;14:2;15:1;16:1;17:1} | themes=22 | dates=67
tradable_zt,NOT one_price_today & NOT opened & is_fanbao,35,8,0.2286,0/1=0.0%,8/34=23.5%,yizi_today=0.0% | yizi_next_all=2.9% | height{2:28;3:4;4:2;5:1} | themes=17 | dates=27
tradable_zt,theme_alive_own & opened & NOT own_baoliang,1059,242,0.2285,129/536=24.1%,113/523=21.6%,yizi_today=0.0% | yizi_next_all=3.0% | height{2:823;3:130;4:58;5:18;6:15;7:8;8:4;10:1;12:1;13:1} | themes=88 | dates=204
tradable_zt,is_sub_high & NOT own_baoliang,346,79,0.2283,36/144=25.0%,43/202=21.3%,yizi_today=15.3% | yizi_next_all=6.1% | height{2:261;3:57;4:20;5:7;7:1} | themes=67 | dates=81
tradable_zt,NOT is_new_high & NOT own_baoliang & href_le1,346,79,0.2283,36/144=25.0%,43/202=21.3%,yizi_today=15.3% | yizi_next_all=6.1% | height{2:261;3:57;4:20;5:7;7:1} | themes=67 | dates=81
tradable_zt,NOT prev_leader_baoliang & is_sub_high,184,42,0.2283,19/77=24.7%,23/107=21.5%,yizi_today=16.3% | yizi_next_all=7.6% | height{2:107;3:48;4:17;5:10;6:1;7:1} | themes=53 | dates=53
tradable_zt,NOT one_price_today & theme_alive_own & NOT own_baoliang,1595,364,0.2282,196/792=24.7%,168/803=20.9%,yizi_today=0.0% | yizi_next_all=3.9% | height{2:1261;3:181;4:88;5:30;6:18;7:9;8:5;10:1;12:1;13:1} | themes=100 | dates=207
tradable_zt,leader_absent & NOT is_new_high & NOT is_fanbao,890,203,0.2281,125/500=25.0%,78/390=20.0%,yizi_today=15.8% | yizi_next_all=8.1% | height{2:690;3:142;4:44;5:13;6:1} | themes=113 | dates=84
tradable_zt,NOT one_price_today & NOT own_baoliang & NOT href_le1,1496,341,0.2279,205/803=25.5%,136/693=19.6%,yizi_today=0.0% | yizi_next_all=3.5% | height{2:1282;3:147;4:49;5:15;6:3} | themes=129 | dates=177
tradable_zt,same_theme_broken & NOT own_baoliang,136,31,0.2279,18/55=32.7%,13/81=16.0%,yizi_today=16.9% | yizi_next_all=7.4% | height{2:116;3:12;4:6;5:2} | themes=23 | dates=56
tradable_zt,leader_absent & theme_alive_own & opened,509,116,0.2279,56/259=21.6%,60/250=24.0%,yizi_today=0.0% | yizi_next_all=2.9% | height{2:343;3:97;4:46;5:12;6:9;7:1;10:1} | themes=69 | dates=85
tradable_zt,leader_absent & NOT is_new_high,926,211,0.2279,126/504=25.0%,85/422=20.1%,yizi_today=15.4% | yizi_next_all=7.8% | height{2:722;3:146;4:44;5:13;6:1} | themes=113 | dates=84
tradable_zt,NOT is_new_high & lag0,926,211,0.2279,126/504=25.0%,85/422=20.1%,yizi_today=15.4% | yizi_next_all=7.8% | height{2:722;3:146;4:44;5:13;6:1} | themes=113 | dates=84
tradable_zt,is_mid_2_3 & NOT one_price_today,1911,435,0.2276,227/947=24.0%,208/964=21.6%,yizi_today=0.0% | yizi_next_all=3.3% | height{2:1526;3:385} | themes=144 | dates=207
tradable_zt,is_new_high & NOT opened & own_baoliang,44,10,0.2273,6/24=25.0%,4/20=20.0%,yizi_today=59%_not_buyable | yizi_today=59.1% | yizi_next_all=29.5% | height{3:11;4:12;5:2;6:6;7:3;8:3;9:2;10:1;13:1;14:1;16:1;17:1} | themes=21 | dates=40
tradable_zt,is_sub_high & NOT is_fanbao,392,89,0.2270,42/180=23.3%,47/212=22.2%,yizi_today=15.3% | yizi_next_all=6.6% | height{2:247;3:97;4:33;5:13;6:1;7:1} | themes=73 | dates=106
tradable_zt,NOT is_new_high & NOT is_fanbao & href_le1,392,89,0.2270,42/180=23.3%,47/212=22.2%,yizi_today=15.3% | yizi_next_all=6.6% | height{2:247;3:97;4:33;5:13;6:1;7:1} | themes=73 | dates=106
tradable_zt,theme_alive & NOT is_new_high,811,184,0.2269,71/284=25.0%,113/527=21.4%,yizi_today=13.6% | yizi_next_all=6.8% | height{2:651;3:126;4:27;5:7} | themes=95 | dates=72
tradable_zt,leader_absent & NOT own_baoliang & NOT href_le1,551,125,0.2269,84/328=25.6%,41/223=18.4%,yizi_today=16.7% | yizi_next_all=9.3% | height{2:471;3:56;4:20;5:4} | themes=92 | dates=59
tradable_zt,NOT is_new_high & opened & NOT own_baoliang,1182,268,0.2267,151/615=24.6%,117/567=20.6%,yizi_today=0.0% | yizi_next_all=2.6% | height{2:989;3:137;4:42;5:11;6:2;7:1} | themes=119 | dates=204
tradable_zt,leader_absent & NOT one_price_today & href_le1,406,92,0.2266,31/158=19.6%,61/248=24.6%,yizi_today=0.0% | yizi_next_all=3.2% | height{2:234;3:99;4:43;5:17;6:11;7:1;10:1} | themes=73 | dates=81
tradable_zt,NOT theme_alive_own & NOT opened & NOT own_baoliang,181,41,0.2265,18/84=21.4%,23/97=23.7%,yizi_today=38.1% | yizi_next_all=16.6% | height{2:129;3:32;4:12;5:3;6:3;7:1;8:1} | themes=81 | dates=123
tradable_zt,leader_absent & NOT one_price_today & NOT theme_alive_own,159,36,0.2264,16/78=20.5%,20/81=24.7%,yizi_today=0.0% | yizi_next_all=2.5% | height{2:115;3:34;4:5;5:4;6:1} | themes=79 | dates=71
tradable_zt,NOT one_price_today & NOT boards_ge5 & NOT own_baoliang,1847,418,0.2263,224/909=24.6%,194/938=20.7%,yizi_today=0.0% | yizi_next_all=3.4% | height{2:1526;3:223;4:98} | themes=137 | dates=207
tradable_zt,leader_absent & NOT one_price_today,906,205,0.2263,104/450=23.1%,101/456=22.1%,yizi_today=0.0% | yizi_next_all=3.8% | height{2:639;3:167;4:65;5:22;6:11;7:1;10:1} | themes=111 | dates=86
tradable_zt,NOT one_price_today & lag0,906,205,0.2263,104/450=23.1%,101/456=22.1%,yizi_today=0.0% | yizi_next_all=3.8% | height{2:639;3:167;4:65;5:22;6:11;7:1;10:1} | themes=111 | dates=86
tradable_zt,leader_absent & NOT one_price_today & theme_alive_own,747,169,0.2262,88/372=23.7%,81/375=21.6%,yizi_today=0.0% | yizi_next_all=4.0% | height{2:524;3:133;4:60;5:18;6:10;7:1;10:1} | themes=74 | dates=86
tradable_zt,leader_absent & NOT one_price_today & NOT href_le1,500,113,0.2260,73/292=25.0%,40/208=19.2%,yizi_today=0.0% | yizi_next_all=4.2% | height{2:405;3:68;4:22;5:5} | themes=89 | dates=59
tradable_zt,leader_absent & NOT is_new_high & NOT boards_ge5,912,206,0.2259,121/492=24.6%,85/420=20.2%,yizi_today=15.4% | yizi_next_all=7.8% | height{2:722;3:146;4:44} | themes=112 | dates=84
tradable_zt,leader_absent & opened & href_le1,279,63,0.2258,21/117=17.9%,42/162=25.9%,yizi_today=0.0% | yizi_next_all=2.2% | height{2:159;3:65;4:30;5:13;6:10;7:1;10:1} | themes=63 | dates=75
tradable_zt,NOT leader_absent & NOT opened & is_fanbao,31,7,0.2258,1/3=33.3%,6/28=21.4%,yizi_today=32.3% | yizi_next_all=9.7% | height{2:24;3:3;4:1;5:3} | themes=16 | dates=21
tradable_zt,NOT one_price_today & is_fanbao & href_le1,31,7,0.2258,0/3=0.0%,7/28=25.0%,yizi_today=0.0% | yizi_next_all=3.2% | height{2:14;3:6;4:9;5:2} | themes=11 | dates=23
tradable_zt,NOT one_price_today & NOT opened,700,158,0.2257,83/334=24.9%,75/366=20.5%,yizi_today=0.0% | yizi_next_all=5.4% | height{2:528;3:90;4:51;5:19;6:6;7:3;8:3} | themes=105 | dates=199
tradable_zt,NOT one_price_today & unopened,700,158,0.2257,83/334=24.9%,75/366=20.5%,yizi_today=0.0% | yizi_next_all=5.4% | height{2:528;3:90;4:51;5:19;6:6;7:3;8:3} | themes=105 | dates=199
tradable_zt,NOT one_price_today & NOT opened & NOT is_fanbao,665,150,0.2256,83/333=24.9%,67/332=20.2%,yizi_today=0.0% | yizi_next_all=5.6% | height{2:500;3:86;4:49;5:18;6:6;7:3;8:3} | themes=104 | dates=195
tradable_zt,leader_absent & same_theme_broken,102,23,0.2255,10/44=22.7%,13/58=22.4%,yizi_today=15.7% | yizi_next_all=8.8% | height{2:77;3:16;4:6;5:2;10:1} | themes=22 | dates=42
tradable_zt,same_theme_broken & lag0,102,23,0.2255,10/44=22.7%,13/58=22.4%,yizi_today=15.7% | yizi_next_all=8.8% | height{2:77;3:16;4:6;5:2;10:1} | themes=22 | dates=42
tradable_zt,leader_baoliang & theme_alive,448,101,0.2254,40/200=20.0%,61/248=24.6%,yizi_today=17.6% | yizi_next_all=8.0% | height{2:290;3:94;4:48;5:11;6:3;10:1;14:1} | themes=71 | dates=39
tradable_zt,opened & NOT own_baoliang & href_le1,284,64,0.2254,22/110=20.0%,42/174=24.1%,yizi_today=0.0% | yizi_next_all=2.5% | height{2:165;3:44;4:33;5:11;6:14;7:9;8:4;9:1;10:1;12:1;13:1} | themes=61 | dates=107
tradable_zt,leader_absent & NOT one_price_today & NOT is_fanbao,864,194,0.2245,104/447=23.3%,90/417=21.6%,yizi_today=0.0% | yizi_next_all=3.9% | height{2:608;3:159;4:62;5:22;6:11;7:1;10:1} | themes=111 | dates=86
tradable_zt,same_theme_broken & opened,98,22,0.2245,11/39=28.2%,11/59=18.6%,yizi_today=0.0% | yizi_next_all=2.0% | height{2:68;3:21;4:6;5:3} | themes=24 | dates=52
tradable_zt,same_theme_broken & NOT unopened,98,22,0.2245,11/39=28.2%,11/59=18.6%,yizi_today=0.0% | yizi_next_all=2.0% | height{2:68;3:21;4:6;5:3} | themes=24 | dates=52
tradable_zt,NOT height_drop & theme_alive,517,116,0.2244,32/148=21.6%,84/369=22.8%,yizi_today=15.5% | yizi_next_all=7.9% | height{2:368;3:87;4:43;5:13;6:3;7:1;10:1;14:1} | themes=75 | dates=39
tradable_zt,leader_baoliang & NOT theme_alive_own,219,49,0.2237,26/127=20.5%,23/92=25.0%,yizi_today=17.8% | yizi_next_all=9.1% | height{2:145;3:46;4:17;5:5;6:2;7:1;8:2;18:1} | themes=84 | dates=89
tradable_zt,leader_absent & same_theme_baoliang,152,34,0.2237,17/83=20.5%,17/69=24.6%,yizi_today=19.7% | yizi_next_all=10.5% | height{2:61;3:45;4:26;5:9;6:8;7:1;10:1;14:1} | themes=34 | dates=53
tradable_zt,lag0 & same_theme_baoliang,152,34,0.2237,17/83=20.5%,17/69=24.6%,yizi_today=19.7% | yizi_next_all=10.5% | height{2:61;3:45;4:26;5:9;6:8;7:1;10:1;14:1} | themes=34 | dates=53
tradable_zt,is_legacy_near & leader_absent & theme_alive_own,313,70,0.2236,34/140=24.3%,36/173=20.8%,yizi_today=17.6% | yizi_next_all=7.3% | height{2:190;3:73;4:35;5:6;6:6;7:2;10:1} | themes=58 | dates=66
tradable_zt,NOT one_price_today & NOT is_new_high & NOT own_baoliang,1789,400,0.2236,224/911=24.6%,176/878=20.0%,yizi_today=0.0% | yizi_next_all=3.4% | height{2:1513;3:190;4:62;5:20;6:3;7:1} | themes=137 | dates=204
tradable_zt,NOT height_new_high & is_sub_high,407,91,0.2236,43/183=23.5%,48/224=21.4%,yizi_today=14.7% | yizi_next_all=6.4% | height{2:261;3:99;4:32;5:13;6:1;7:1} | themes=73 | dates=105
tradable_zt,H_le4,935,209,0.2235,80/344=23.3%,129/591=21.8%,yizi_today=15.7% | yizi_next_all=7.4% | height{2:672;3:177;4:86} | themes=99 | dates=78
tradable_zt,NOT one_price_today & NOT boards_ge5 & href_le1,470,105,0.2234,31/174=17.8%,74/296=25.0%,yizi_today=0.0% | yizi_next_all=3.4% | height{2:244;3:138;4:88} | themes=75 | dates=97
tradable_zt,NOT theme_alive_own & NOT opened,197,44,0.2234,21/98=21.4%,23/99=23.2%,yizi_today=38.6% | yizi_next_all=17.8% | height{2:129;3:42;4:16;5:3;6:4;7:2;8:1} | themes=85 | dates=126
tradable_zt,NOT theme_alive_own & unopened,197,44,0.2234,21/98=21.4%,23/99=23.2%,yizi_today=38.6% | yizi_next_all=17.8% | height{2:129;3:42;4:16;5:3;6:4;7:2;8:1} | themes=85 | dates=126
tradable_zt,NOT theme_alive_own & NOT opened & NOT is_fanbao,197,44,0.2234,21/98=21.4%,23/99=23.2%,yizi_today=38.6% | yizi_next_all=17.8% | height{2:129;3:42;4:16;5:3;6:4;7:2;8:1} | themes=85 | dates=126
tradable_zt,is_fanbao,112,25,0.2232,2/8=25.0%,23/104=22.1%,yizi_today=10.7% | yizi_next_all=2.7% | height{2:84;3:15;4:9;5:4} | themes=30 | dates=63
tradable_zt,theme_alive_own & is_fanbao,112,25,0.2232,2/8=25.0%,23/104=22.1%,yizi_today=10.7% | yizi_next_all=2.7% | height{2:84;3:15;4:9;5:4} | themes=30 | dates=63
tradable_zt,is_sub_high & NOT same_theme_baoliang,381,85,0.2231,42/174=24.1%,43/207=20.8%,yizi_today=14.4% | yizi_next_all=6.6% | height{2:250;3:90;4:27;5:12;6:1;7:1} | themes=73 | dates=101
tradable_zt,is_sub_high,408,91,0.2230,43/184=23.4%,48/224=21.4%,yizi_today=15.0% | yizi_next_all=6.4% | height{2:261;3:99;4:33;5:13;6:1;7:1} | themes=73 | dates=106
tradable_zt,href1,408,91,0.2230,43/184=23.4%,48/224=21.4%,yizi_today=15.0% | yizi_next_all=6.4% | height{2:261;3:99;4:33;5:13;6:1;7:1} | themes=73 | dates=106
tradable_zt,NOT is_new_high & is_sub_high,408,91,0.2230,43/184=23.4%,48/224=21.4%,yizi_today=15.0% | yizi_next_all=6.4% | height{2:261;3:99;4:33;5:13;6:1;7:1} | themes=73 | dates=106
tradable_zt,NOT is_new_high & href_le1,408,91,0.2230,43/184=23.4%,48/224=21.4%,yizi_today=15.0% | yizi_next_all=6.4% | height{2:261;3:99;4:33;5:13;6:1;7:1} | themes=73 | dates=106
tradable_zt,is_sub_high & href_le1,408,91,0.2230,43/184=23.4%,48/224=21.4%,yizi_today=15.0% | yizi_next_all=6.4% | height{2:261;3:99;4:33;5:13;6:1;7:1} | themes=73 | dates=106
tradable_zt,leader_absent & NOT is_new_high & NOT own_baoliang,848,189,0.2229,114/451=25.3%,75/397=18.9%,yizi_today=15.6% | yizi_next_all=7.9% | height{2:722;3:89;4:29;5:8} | themes=107 | dates=84
tradable_zt,theme_alive & NOT one_price_today,790,176,0.2228,62/255=24.3%,114/535=21.3%,yizi_today=0.0% | yizi_next_all=2.7% | height{2:582;3:127;4:55;5:19;6:6;10:1} | themes=95 | dates=72
tradable_zt,NOT one_price_today & NOT opened & NOT own_baoliang,648,144,0.2222,75/303=24.8%,69/345=20.0%,yizi_today=0.0% | yizi_next_all=5.4% | height{2:528;3:65;4:33;5:14;6:4;7:2;8:2} | themes=97 | dates=198
tradable_zt,NOT is_new_high & NOT theme_alive_own & NOT opened,171,38,0.2222,18/83=21.7%,20/88=22.7%,yizi_today=35.1% | yizi_next_all=15.8% | height{2:128;3:33;4:7;5:3} | themes=83 | dates=117
tradable_zt,is_mid_2_3 & is_fanbao,99,22,0.2222,2/8=25.0%,20/91=22.0%,yizi_today=10.1% | yizi_next_all=1.0% | height{2:84;3:15} | themes=29 | dates=59
tradable_zt,is_fanbao & theme_alive_own & is_mid_2_3,99,22,0.2222,2/8=25.0%,20/91=22.0%,yizi_today=10.1% | yizi_next_all=1.0% | height{2:84;3:15} | themes=29 | dates=59
tradable_zt,NOT leader_baoliang & same_theme_broken,72,16,0.2222,13/27=48.1%,3/45=6.7%,yizi_today=12.5% | yizi_next_all=8.3% | height{2:54;3:10;4:6;5:2} | themes=14 | dates=24
tradable_zt,leader_absent & NOT is_new_high & is_fanbao,36,8,0.2222,1/4=25.0%,7/32=21.9%,yizi_today=5.6% | yizi_next_all=0.0% | height{2:32;3:4} | themes=18 | dates=23
tradable_zt,leader_absent & NOT boards_ge5 & opened,581,129,0.2220,60/292=20.5%,69/289=23.9%,yizi_today=0.0% | yizi_next_all=2.8% | height{2:415;3:118;4:48} | themes=91 | dates=86
tradable_zt,NOT one_price_today & NOT is_new_high & NOT opened,641,142,0.2215,80/318=25.2%,62/323=19.2%,yizi_today=0.0% | yizi_next_all=4.8% | height{2:524;3:71;4:32;5:13;6:1} | themes=101 | dates=193
tradable_zt,same_theme_broken & NOT is_fanbao,154,34,0.2208,19/70=27.1%,15/84=17.9%,yizi_today=17.5% | yizi_next_all=8.4% | height{2:108;3:28;4:12;5:5;10:1} | themes=27 | dates=62
tradable_zt,leader_absent & NOT height_drop,395,87,0.2203,44/216=20.4%,43/179=24.0%,yizi_today=16.2% | yizi_next_all=7.8% | height{2:267;3:80;4:36;5:5;6:5;10:1;14:1} | themes=72 | dates=28
tradable_zt,NOT height_drop & lag0,395,87,0.2203,44/216=20.4%,43/179=24.0%,yizi_today=16.2% | yizi_next_all=7.8% | height{2:267;3:80;4:36;5:5;6:5;10:1;14:1} | themes=72 | dates=28
tradable_zt,one_price_today & theme_alive_own & own_baoliang,50,11,0.2200,5/30=16.7%,6/20=30.0%,yizi_today=100%_not_buyable | yizi_today=100.0% | yizi_next_all=48.0% | height{3:20;4:10;5:5;6:3;7:1;8:2;9:4;10:1;13:1;14:1;16:1;17:1} | themes=16 | dates=44
tradable_zt,NOT prev_leader_baoliang & theme_alive,478,105,0.2197,39/156=25.0%,66/322=20.5%,yizi_today=16.1% | yizi_next_all=8.2% | height{2:311;3:100;4:40;5:15;6:8;10:3;14:1} | themes=83 | dates=34
tradable_zt,is_sub_high & is_mid_2_3,360,79,0.2194,35/151=23.2%,44/209=21.1%,yizi_today=13.9% | yizi_next_all=6.1% | height{2:261;3:99} | themes=70 | dates=71
tradable_zt,leader_absent & NOT one_price_today & NOT boards_ge5,871,191,0.2193,94/425=22.1%,97/446=21.7%,yizi_today=0.0% | yizi_next_all=3.9% | height{2:639;3:167;4:65} | themes=109 | dates=86
tradable_zt,NOT same_theme_broken & is_sub_high,365,80,0.2192,41/174=23.6%,39/191=20.4%,yizi_today=15.9% | yizi_next_all=6.0% | height{2:233;3:85;4:32;5:13;6:1;7:1} | themes=73 | dates=103
tradable_zt,leader_absent & NOT is_new_high & NOT theme_alive_own,169,37,0.2189,18/86=20.9%,19/83=22.9%,yizi_today=16.0% | yizi_next_all=6.5% | height{2:135;3:27;4:5;5:2} | themes=83 | dates=75
tradable_zt,is_sub_high & NOT boards_ge5,393,86,0.2188,39/172=22.7%,47/221=21.3%,yizi_today=14.5% | yizi_next_all=6.4% | height{2:261;3:99;4:33} | themes=70 | dates=93
tradable_zt,NOT is_new_high & NOT boards_ge5 & href_le1,393,86,0.2188,39/172=22.7%,47/221=21.3%,yizi_today=14.5% | yizi_next_all=6.4% | height{2:261;3:99;4:33} | themes=70 | dates=93
tradable_zt,prev_leader_baoliang & is_sub_high,224,49,0.2188,24/107=22.4%,25/117=21.4%,yizi_today=13.8% | yizi_next_all=5.4% | height{2:154;3:51;4:16;5:3} | themes=54 | dates=53
tradable_zt,NOT one_price_today & NOT boards_ge5 & NOT opened,669,146,0.2182,76/316=24.1%,70/353=19.8%,yizi_today=0.0% | yizi_next_all=5.4% | height{2:528;3:90;4:51} | themes=105 | dates=196
tradable_zt,NOT boards_ge5 & is_fanbao & NOT href_le1,78,17,0.2179,1/4=25.0%,16/74=21.6%,yizi_today=11.5% | yizi_next_all=1.3% | height{2:69;3:9} | themes=28 | dates=47
tradable_zt,one_price_today & boards_ge5 & is_new_high,46,10,0.2174,6/30=20.0%,4/16=25.0%,yizi_today=100%_not_buyable | yizi_today=100.0% | yizi_next_all=50.0% | height{5:14;6:9;7:7;8:3;9:2;10:3;11:1;12:1;13:1;14:2;15:1;16:1;17:1} | themes=15 | dates=46
tradable_zt,boards_ge5 & href0 & one_price_today,46,10,0.2174,6/30=20.0%,4/16=25.0%,yizi_today=100%_not_buyable | yizi_today=100.0% | yizi_next_all=50.0% | height{5:14;6:9;7:7;8:3;9:2;10:3;11:1;12:1;13:1;14:2;15:1;16:1;17:1} | themes=15 | dates=46
tradable_zt,one_price_today & is_new_high & boards_ge5,46,10,0.2174,6/30=20.0%,4/16=25.0%,yizi_today=100%_not_buyable | yizi_today=100.0% | yizi_next_all=50.0% | height{5:14;6:9;7:7;8:3;9:2;10:3;11:1;12:1;13:1;14:2;15:1;16:1;17:1} | themes=15 | dates=46
tradable_zt,theme_alive_own & is_sub_high,336,73,0.2173,37/155=23.9%,36/181=19.9%,yizi_today=15.2% | yizi_next_all=6.8% | height{2:213;3:83;4:28;5:10;6:1;7:1} | themes=54 | dates=99
tradable_zt,NOT is_new_high & theme_alive_own & href_le1,336,73,0.2173,37/155=23.9%,36/181=19.9%,yizi_today=15.2% | yizi_next_all=6.8% | height{2:213;3:83;4:28;5:10;6:1;7:1} | themes=54 | dates=99
tradable_zt,leader_absent & NOT one_price_today & is_mid_2_3,806,175,0.2171,83/384=21.6%,92/422=21.8%,yizi_today=0.0% | yizi_next_all=3.7% | height{2:639;3:167} | themes=107 | dates=86
tradable_zt,NOT height_drop & is_fanbao,83,18,0.2169,2/7=28.6%,16/76=21.1%,yizi_today=13.3% | yizi_next_all=3.6% | height{2:62;3:11;4:6;5:4} | themes=25 | dates=44
tradable_zt,NOT boards_ge5 & opened & href_le1,323,70,0.2167,19/126=15.1%,51/197=25.9%,yizi_today=0.0% | yizi_next_all=2.2% | height{2:165;3:97;4:61} | themes=64 | dates=89
tradable_zt,leader_baoliang & is_sub_high,240,52,0.2167,26/125=20.8%,26/115=22.6%,yizi_today=15.8% | yizi_next_all=5.0% | height{2:163;3:56;4:15;5:6} | themes=57 | dates=57
tradable_zt,NOT one_price_today & NOT opened & NOT href_le1,531,115,0.2166,68/277=24.5%,47/254=18.5%,yizi_today=0.0% | yizi_next_all=5.3% | height{2:449;3:49;4:24;5:8;6:1} | themes=94 | dates=162
tradable_zt,NOT opened & same_theme_baoliang,97,21,0.2165,13/54=24.1%,8/43=18.6%,yizi_today=55%_not_buyable | yizi_today=54.6% | yizi_next_all=24.7% | height{2:33;3:22;4:17;5:5;6:7;7:3;8:3;9:2;10:1;13:1;14:1;16:1;17:1} | themes=27 | dates=60
tradable_zt,unopened & same_theme_baoliang,97,21,0.2165,13/54=24.1%,8/43=18.6%,yizi_today=55%_not_buyable | yizi_today=54.6% | yizi_next_all=24.7% | height{2:33;3:22;4:17;5:5;6:7;7:3;8:3;9:2;10:1;13:1;14:1;16:1;17:1} | themes=27 | dates=60
tradable_zt,boards_eq2,1771,383,0.2163,207/895=23.1%,176/876=20.1%,yizi_today=13.8% | yizi_next_all=7.9% | height{2:1771} | themes=138 | dates=206
tradable_zt,theme_alive & is_sub_high,199,43,0.2161,11/48=22.9%,32/151=21.2%,yizi_today=9.0% | yizi_next_all=5.5% | height{2:133;3:55;4:7;5:4} | themes=50 | dates=48
tradable_zt,NOT height_new_high & same_theme_broken,162,35,0.2160,19/71=26.8%,16/91=17.6%,yizi_today=16.7% | yizi_next_all=8.0% | height{2:115;3:29;4:12;5:5;10:1} | themes=27 | dates=61
tradable_zt,leader_absent & is_sub_high,329,71,0.2158,34/146=23.3%,37/183=20.2%,yizi_today=14.0% | yizi_next_all=5.5% | height{2:251;3:55;4:15;5:7;6:1} | themes=70 | dates=65
tradable_zt,is_sub_high & lag0,329,71,0.2158,34/146=23.3%,37/183=20.2%,yizi_today=14.0% | yizi_next_all=5.5% | height{2:251;3:55;4:15;5:7;6:1} | themes=70 | dates=65
tradable_zt,leader_absent & NOT is_new_high & href_le1,329,71,0.2158,34/146=23.3%,37/183=20.2%,yizi_today=14.0% | yizi_next_all=5.5% | height{2:251;3:55;4:15;5:7;6:1} | themes=70 | dates=65
tradable_zt,leader_absent & NOT one_price_today & NOT own_baoliang,788,170,0.2157,87/378=23.0%,83/410=20.2%,yizi_today=0.0% | yizi_next_all=3.8% | height{2:639;3:96;4:38;5:10;6:4;10:1} | themes=100 | dates=86
tradable_zt,leader_absent & NOT one_price_today & NOT opened,297,64,0.2155,36/139=25.9%,28/158=17.7%,yizi_today=0.0% | yizi_next_all=6.1% | height{2:224;3:49;4:17;5:6;6:1} | themes=71 | dates=85
tradable_zt,same_theme_broken & NOT boards_ge5,158,34,0.2152,18/66=27.3%,16/92=17.4%,yizi_today=15.2% | yizi_next_all=7.0% | height{2:116;3:30;4:12} | themes=26 | dates=60
tradable_zt,is_fanbao & NOT href_le1,79,17,0.2152,1/4=25.0%,16/75=21.3%,yizi_today=12.7% | yizi_next_all=2.5% | height{2:69;3:9;5:1} | themes=29 | dates=47
tradable_zt,NOT is_new_high & is_fanbao & NOT href_le1,79,17,0.2152,1/4=25.0%,16/75=21.3%,yizi_today=12.7% | yizi_next_all=2.5% | height{2:69;3:9;5:1} | themes=29 | dates=47
tradable_zt,theme_alive_own & is_fanbao & NOT href_le1,79,17,0.2152,1/4=25.0%,16/75=21.3%,yizi_today=12.7% | yizi_next_all=2.5% | height{2:69;3:9;5:1} | themes=29 | dates=47
tradable_zt,to_lo & one_price_today & boards_ge5,56,12,0.2143,6/40=15.0%,6/16=37.5%,yizi_today=100%_not_buyable | yizi_today=100.0% | yizi_next_all=57.1% | height{5:23;6:11;7:8;8:4;9:2;10:2;11:1;12:1;13:1;14:1;15:1;17:1} | themes=19 | dates=49
tradable_zt,NOT theme_alive_own & NOT boards_ge5 & NOT opened,187,40,0.2139,20/94=21.3%,20/93=21.5%,yizi_today=38.0% | yizi_next_all=17.1% | height{2:129;3:42;4:16} | themes=85 | dates=124
tradable_zt,same_theme_broken,164,35,0.2134,19/71=26.8%,16/93=17.2%,yizi_today=16.5% | yizi_next_all=7.9% | height{2:116;3:30;4:12;5:5;10:1} | themes=27 | dates=62
tradable_zt,NOT height_new_high & is_fanbao,108,23,0.2130,2/8=25.0%,21/100=21.0%,yizi_today=11.1% | yizi_next_all=2.8% | height{2:82;3:13;4:9;5:4} | themes=30 | dates=61
tradable_zt,leader_absent & opened & NOT own_baoliang,512,109,0.2129,53/254=20.9%,56/258=21.7%,yizi_today=0.0% | yizi_next_all=2.7% | height{2:415;3:58;4:29;5:5;6:4;10:1} | themes=86 | dates=86
tradable_zt,one_price_today & boards_ge5 & theme_alive_own,62,13,0.2097,9/46=19.6%,4/16=25.0%,yizi_today=100%_not_buyable | yizi_today=100.0% | yizi_next_all=53.2% | height{5:24;6:10;7:8;8:5;9:4;10:3;11:1;12:1;13:1;14:2;15:1;16:1;17:1} | themes=18 | dates=52
tradable_zt,one_price_today & theme_alive_own & boards_ge5,62,13,0.2097,9/46=19.6%,4/16=25.0%,yizi_today=100%_not_buyable | yizi_today=100.0% | yizi_next_all=53.2% | height{5:24;6:10;7:8;8:5;9:4;10:3;11:1;12:1;13:1;14:2;15:1;16:1;17:1} | themes=18 | dates=52
tradable_zt,leader_absent & NOT one_price_today & NOT is_new_high,783,164,0.2095,91/406=22.4%,73/377=19.4%,yizi_today=0.0% | yizi_next_all=3.6% | height{2:626;3:112;4:34;5:10;6:1} | themes=107 | dates=84
tradable_zt,leader_absent & NOT is_new_high & opened,521,109,0.2092,57/276=20.7%,52/245=21.2%,yizi_today=0.0% | yizi_next_all=2.9% | height{2:406;3:82;4:27;5:5;6:1} | themes=91 | dates=84
tradable_zt,leader_absent & NOT theme_alive_own & NOT opened,96,20,0.2083,11/51=21.6%,9/45=20.0%,yizi_today=38.5% | yizi_next_all=14.6% | height{2:64;3:21;4:10;6:1} | themes=57 | dates=60
tradable_zt,theme_alive & same_theme_broken,159,33,0.2075,17/66=25.8%,16/93=17.2%,yizi_today=16.4% | yizi_next_all=8.2% | height{2:113;3:29;4:12;5:4;10:1} | themes=25 | dates=57
tradable_zt,one_price_today & same_theme_baoliang,53,11,0.2075,9/36=25.0%,2/17=11.8%,yizi_today=100%_not_buyable | yizi_today=100.0% | yizi_next_all=39.6% | height{2:12;3:13;4:9;5:3;6:5;7:2;8:2;9:2;10:1;13:1;14:1;16:1;17:1} | themes=16 | dates=40
tradable_zt,leader_baoliang & same_theme_broken,92,19,0.2065,6/44=13.6%,13/48=27.1%,yizi_today=19.6% | yizi_next_all=7.6% | height{2:62;3:20;4:6;5:3;10:1} | themes=24 | dates=38
tradable_zt,NOT leader_baoliang & is_fanbao,78,16,0.2051,1/2=50.0%,15/76=19.7%,yizi_today=11.5% | yizi_next_all=2.6% | height{2:63;3:7;4:4;5:4} | themes=24 | dates=38
tradable_zt,NOT one_price_today & NOT boards_ge5 & is_fanbao,98,20,0.2041,0/5=0.0%,20/93=21.5%,yizi_today=0.0% | yizi_next_all=1.0% | height{2:74;3:15;4:9} | themes=27 | dates=59
tradable_zt,NOT boards_ge5 & is_fanbao & NOT own_baoliang,98,20,0.2041,2/7=28.6%,18/91=19.8%,yizi_today=10.2% | yizi_next_all=2.0% | height{2:84;3:8;4:6} | themes=29 | dates=57
tradable_zt,is_fanbao & NOT same_theme_baoliang,103,21,0.2039,2/8=25.0%,19/95=20.0%,yizi_today=11.7% | yizi_next_all=2.9% | height{2:82;3:12;4:5;5:4} | themes=30 | dates=58
tradable_zt,NOT is_new_high & same_theme_baoliang,108,22,0.2037,11/63=17.5%,11/45=24.4%,yizi_today=21.3% | yizi_next_all=9.3% | height{2:73;3:23;4:8;5:3;6:1} | themes=24 | dates=54
tradable_zt,NOT leader_absent & NOT boards_ge5 & is_fanbao,64,13,0.2031,1/4=25.0%,12/60=20.0%,yizi_today=12.5% | yizi_next_all=3.1% | height{2:51;3:7;4:6} | themes=21 | dates=35
tradable_zt,NOT theme_alive_own & NOT opened & NOT href_le1,138,28,0.2029,15/73=20.5%,13/65=20.0%,yizi_today=36.2% | yizi_next_all=17.4% | height{2:106;3:26;4:5;5:1} | themes=76 | dates=98
tradable_zt,same_theme_broken & NOT is_new_high,143,29,0.2028,16/60=26.7%,13/83=15.7%,yizi_today=15.4% | yizi_next_all=8.4% | height{2:116;3:21;4:5;5:1} | themes=25 | dates=57
tradable_zt,is_fanbao & NOT own_baoliang & NOT href_le1,74,15,0.2027,1/4=25.0%,14/70=20.0%,yizi_today=12.2% | yizi_next_all=1.4% | height{2:69;3:5} | themes=28 | dates=46
tradable_zt,NOT is_new_high & NOT boards_ge5 & is_fanbao,94,19,0.2021,2/8=25.0%,17/86=19.8%,yizi_today=10.6% | yizi_next_all=1.1% | height{2:83;3:11} | themes=29 | dates=56
tradable_zt,NOT height_drop & same_theme_broken,99,20,0.2020,12/45=26.7%,8/54=14.8%,yizi_today=19.2% | yizi_next_all=8.1% | height{2:68;3:21;4:7;5:3} | themes=22 | dates=36
tradable_zt,NOT height_drop & is_sub_high,199,40,0.2010,20/98=20.4%,20/101=19.8%,yizi_today=15.1% | yizi_next_all=5.5% | height{2:102;3:67;4:23;5:6;7:1} | themes=54 | dates=59
tradable_zt,NOT one_price_today & is_fanbao,100,20,0.2000,0/5=0.0%,20/95=21.1%,yizi_today=0.0% | yizi_next_all=1.0% | height{2:74;3:15;4:9;5:2} | themes=27 | dates=60
tradable_zt,NOT one_price_today & theme_alive_own & is_fanbao,100,20,0.2000,0/5=0.0%,20/95=21.1%,yizi_today=0.0% | yizi_next_all=1.0% | height{2:74;3:15;4:9;5:2} | themes=27 | dates=60
tradable_zt,NOT is_new_high & is_fanbao,95,19,0.2000,2/8=25.0%,17/87=19.5%,yizi_today=11.6% | yizi_next_all=2.1% | height{2:83;3:11;5:1} | themes=30 | dates=56
tradable_zt,NOT is_new_high & theme_alive_own & is_fanbao,95,19,0.2000,2/8=25.0%,17/87=19.5%,yizi_today=11.6% | yizi_next_all=2.1% | height{2:83;3:11;5:1} | themes=30 | dates=56
tradable_zt,leader_absent & is_fanbao & NOT own_baoliang,40,8,0.2000,1/4=25.0%,7/36=19.4%,yizi_today=5.0% | yizi_next_all=0.0% | height{2:33;3:4;4:3} | themes=20 | dates=25
tradable_zt,amt_hi & opened & theme_alive_own,446,89,0.1996,51/230=22.2%,38/216=17.6%,yizi_today=0.0% | yizi_next_all=1.1% | height{2:269;3:88;4:47;5:22;6:10;7:7;8:3} | themes=62 | dates=194
tradable_zt,theme_alive_own & same_theme_broken,156,31,0.1987,16/65=24.6%,15/91=16.5%,yizi_today=16.7% | yizi_next_all=8.3% | height{2:111;3:28;4:12;5:4;10:1} | themes=24 | dates=57
tradable_zt,same_theme_broken & is_mid_2_3,146,29,0.1986,14/58=24.1%,15/88=17.0%,yizi_today=14.4% | yizi_next_all=7.5% | height{2:116;3:30} | themes=25 | dates=59
tradable_zt,same_theme_broken & NOT is_sub_high,121,24,0.1983,17/61=27.9%,7/60=11.7%,yizi_today=19.8% | yizi_next_all=7.4% | height{2:88;3:16;4:11;5:5;10:1} | themes=24 | dates=51
tradable_zt,leader_absent & NOT theme_alive_own & NOT href_le1,106,21,0.1981,13/62=21.0%,8/44=18.2%,yizi_today=17.9% | yizi_next_all=7.5% | height{2:88;3:15;4:2;5:1} | themes=64 | dates=50
tradable_zt,is_fanbao & NOT own_baoliang,101,20,0.1980,2/7=28.6%,18/94=19.1%,yizi_today=10.9% | yizi_next_all=2.0% | height{2:84;3:8;4:6;5:3} | themes=29 | dates=58
tradable_zt,theme_alive_own & is_fanbao & NOT own_baoliang,101,20,0.1980,2/7=28.6%,18/94=19.1%,yizi_today=10.9% | yizi_next_all=2.0% | height{2:84;3:8;4:6;5:3} | themes=29 | dates=58
tradable_zt,NOT href_le1 & same_theme_baoliang,81,16,0.1975,10/53=18.9%,6/28=21.4%,yizi_today=21.0% | yizi_next_all=11.1% | height{2:62;3:14;4:2;5:2;6:1} | themes=22 | dates=45
tradable_zt,same_theme_broken & NOT one_price_today,137,27,0.1971,14/54=25.9%,13/83=15.7%,yizi_today=0.0% | yizi_next_all=3.6% | height{2:100;3:25;4:9;5:3} | themes=24 | dates=57
tradable_zt,same_theme_broken & NOT opened,66,13,0.1970,8/32=25.0%,5/34=14.7%,yizi_today=40.9% | yizi_next_all=16.7% | height{2:48;3:9;4:6;5:2;10:1} | themes=18 | dates=40
tradable_zt,same_theme_broken & unopened,66,13,0.1970,8/32=25.0%,5/34=14.7%,yizi_today=40.9% | yizi_next_all=16.7% | height{2:48;3:9;4:6;5:2;10:1} | themes=18 | dates=40
tradable_zt,NOT leader_absent & is_fanbao & NOT own_baoliang,61,12,0.1967,1/3=33.3%,11/58=19.0%,yizi_today=14.8% | yizi_next_all=3.3% | height{2:51;3:4;4:3;5:3} | themes=21 | dates=33
tradable_zt,is_sub_high & NOT one_price_today,347,68,0.1960,25/142=17.6%,43/205=21.0%,yizi_today=0.0% | yizi_next_all=2.6% | height{2:231;3:79;4:26;5:9;6:1;7:1} | themes=70 | dates=98
tradable_zt,NOT one_price_today & NOT is_new_high & href_le1,347,68,0.1960,25/142=17.6%,43/205=21.0%,yizi_today=0.0% | yizi_next_all=2.6% | height{2:231;3:79;4:26;5:9;6:1;7:1} | themes=70 | dates=98
tradable_zt,prev_leader_baoliang & same_theme_broken,92,18,0.1957,11/45=24.4%,7/47=14.9%,yizi_today=17.4% | yizi_next_all=8.7% | height{2:64;3:18;4:8;5:2} | themes=21 | dates=34
tradable_zt,opened & is_fanbao & NOT href_le1,41,8,0.1951,0/1=0.0%,8/40=20.0%,yizi_today=0.0% | yizi_next_all=0.0% | height{2:35;3:6} | themes=18 | dates=29
tradable_zt,amt_hi,637,124,0.1947,72/339=21.2%,52/298=17.4%,yizi_today=0.2% | yizi_next_all=1.3% | height{2:401;3:114;4:65;5:32;6:10;7:8;8:5;9:1;18:1} | themes=80 | dates=207
tradable_zt,NOT leader_absent & same_theme_broken,62,12,0.1935,9/27=33.3%,3/35=8.6%,yizi_today=17.7% | yizi_next_all=6.5% | height{2:39;3:14;4:6;5:3} | themes=15 | dates=20
tradable_zt,same_theme_broken & NOT lag0,62,12,0.1935,9/27=33.3%,3/35=8.6%,yizi_today=17.7% | yizi_next_all=6.5% | height{2:39;3:14;4:6;5:3} | themes=15 | dates=20
tradable_zt,is_sub_high & own_baoliang,62,12,0.1935,7/40=17.5%,5/22=22.7%,yizi_today=12.9% | yizi_next_all=8.1% | height{3:42;4:13;5:6;6:1} | themes=30 | dates=45
tradable_zt,NOT is_new_high & own_baoliang & href_le1,62,12,0.1935,7/40=17.5%,5/22=22.7%,yizi_today=12.9% | yizi_next_all=8.1% | height{3:42;4:13;5:6;6:1} | themes=30 | dates=45
tradable_zt,NOT leader_absent & is_fanbao,68,13,0.1912,1/4=25.0%,12/64=18.8%,yizi_today=14.7% | yizi_next_all=4.4% | height{2:51;3:7;4:6;5:4} | themes=22 | dates=36
tradable_zt,is_fanbao & NOT lag0,68,13,0.1912,1/4=25.0%,12/64=18.8%,yizi_today=14.7% | yizi_next_all=4.4% | height{2:51;3:7;4:6;5:4} | themes=22 | dates=36
tradable_zt,NOT leader_absent & theme_alive_own & is_fanbao,68,13,0.1912,1/4=25.0%,12/64=18.8%,yizi_today=14.7% | yizi_next_all=4.4% | height{2:51;3:7;4:6;5:4} | themes=22 | dates=36
tradable_zt,NOT is_new_high & is_fanbao & NOT own_baoliang,89,17,0.1910,2/7=28.6%,15/82=18.3%,yizi_today=11.2% | yizi_next_all=1.1% | height{2:83;3:6} | themes=29 | dates=54
tradable_zt,NOT own_baoliang & same_theme_baoliang,110,21,0.1909,12/59=20.3%,9/51=17.6%,yizi_today=21.8% | yizi_next_all=9.1% | height{2:83;3:18;4:6;5:2;6:1} | themes=26 | dates=54
tradable_zt,prev_leader_baoliang & is_fanbao,58,11,0.1897,1/6=16.7%,10/52=19.2%,yizi_today=12.1% | yizi_next_all=3.4% | height{2:46;3:3;4:6;5:3} | themes=19 | dates=31
tradable_zt,NOT leader_absent & is_fanbao & NOT href_le1,58,11,0.1897,1/3=33.3%,10/55=18.2%,yizi_today=15.5% | yizi_next_all=3.4% | height{2:51;3:6;5:1} | themes=22 | dates=32
tradable_zt,nzt_ge80 & is_mid_2_3 & leader_absent,285,54,0.1895,16/65=24.6%,38/220=17.3%,yizi_today=9.8% | yizi_next_all=5.3% | height{2:221;3:64} | themes=60 | dates=22
tradable_zt,NOT one_price_today & is_fanbao & NOT href_le1,69,13,0.1884,0/2=0.0%,13/67=19.4%,yizi_today=0.0% | yizi_next_all=0.0% | height{2:60;3:9} | themes=26 | dates=42
tradable_zt,NOT boards_ge5 & opened & is_fanbao,64,12,0.1875,0/4=0.0%,12/60=20.0%,yizi_today=0.0% | yizi_next_all=0.0% | height{2:46;3:11;4:7} | themes=21 | dates=47
tradable_zt,NOT leader_absent & one_price_today & own_baoliang,32,6,0.1875,4/22=18.2%,2/10=20.0%,yizi_today=100%_not_buyable | yizi_today=100.0% | yizi_next_all=53.1% | height{3:11;4:4;5:4;6:2;7:2;8:2;9:4;13:1;16:1;17:1} | themes=13 | dates=27
tradable_zt,leader_absent & NOT theme_alive_own & own_baoliang,32,6,0.1875,3/21=14.3%,3/11=27.3%,yizi_today=15.6% | yizi_next_all=12.5% | height{3:22;4:4;5:4;6:2} | themes=25 | dates=28
tradable_zt,NOT leader_absent & NOT is_new_high & is_fanbao,59,11,0.1864,1/4=25.0%,10/55=18.2%,yizi_today=15.3% | yizi_next_all=3.4% | height{2:51;3:7;5:1} | themes=22 | dates=33
tradable_zt,is_fanbao & opened,65,12,0.1846,0/4=0.0%,12/61=19.7%,yizi_today=0.0% | yizi_next_all=0.0% | height{2:46;3:11;4:7;5:1} | themes=21 | dates=48
tradable_zt,is_fanbao & NOT unopened,65,12,0.1846,0/4=0.0%,12/61=19.7%,yizi_today=0.0% | yizi_next_all=0.0% | height{2:46;3:11;4:7;5:1} | themes=21 | dates=48
tradable_zt,NOT one_price_today & opened & is_fanbao,65,12,0.1846,0/4=0.0%,12/61=19.7%,yizi_today=0.0% | yizi_next_all=0.0% | height{2:46;3:11;4:7;5:1} | themes=21 | dates=48
tradable_zt,theme_alive_own & opened & is_fanbao,65,12,0.1846,0/4=0.0%,12/61=19.7%,yizi_today=0.0% | yizi_next_all=0.0% | height{2:46;3:11;4:7;5:1} | themes=21 | dates=48
tradable_zt,NOT one_price_today & NOT theme_alive_own & NOT opened,121,22,0.1818,8/55=14.5%,14/66=21.2%,yizi_today=0.0% | yizi_next_all=5.0% | height{2:90;3:20;4:6;5:2;6:1;7:1;8:1} | themes=71 | dates=95
tradable_zt,height_drop & same_theme_baoliang,110,20,0.1818,9/50=18.0%,11/60=18.3%,yizi_today=19.1% | yizi_next_all=9.1% | height{2:47;3:34;4:17;5:6;6:4;7:1;10:1} | themes=25 | dates=35
tradable_zt,is_sub_high & leader_absent & NOT one_price_today,283,51,0.1802,18/114=15.8%,33/169=19.5%,yizi_today=0.0% | yizi_next_all=2.5% | height{2:221;3:44;4:12;5:5;6:1} | themes=66 | dates=62
tradable_zt,same_theme_broken & NOT href_le1,100,18,0.1800,14/50=28.0%,4/50=8.0%,yizi_today=19.0% | yizi_next_all=8.0% | height{2:88;3:7;4:4;5:1} | themes=21 | dates=41
tradable_zt,is_sub_high & opened,237,41,0.1730,13/101=12.9%,28/136=20.6%,yizi_today=0.0% | yizi_next_all=2.5% | height{2:156;3:57;4:18;5:4;6:1;7:1} | themes=61 | dates=84
tradable_zt,is_sub_high & NOT unopened,237,41,0.1730,13/101=12.9%,28/136=20.6%,yizi_today=0.0% | yizi_next_all=2.5% | height{2:156;3:57;4:18;5:4;6:1;7:1} | themes=61 | dates=84
tradable_zt,NOT is_new_high & opened & href_le1,237,41,0.1730,13/101=12.9%,28/136=20.6%,yizi_today=0.0% | yizi_next_all=2.5% | height{2:156;3:57;4:18;5:4;6:1;7:1} | themes=61 | dates=84
tradable_zt,NOT theme_alive & is_fanbao,53,9,0.1698,2/5=40.0%,7/48=14.6%,yizi_today=11.3% | yizi_next_all=1.9% | height{2:39;3:8;4:2;5:4} | themes=20 | dates=31
tradable_zt,is_sub_high & theme_alive_own & opened,198,33,0.1667,10/82=12.2%,23/116=19.8%,yizi_today=0.0% | yizi_next_all=3.0% | height{2:130;3:48;4:15;5:3;6:1;7:1} | themes=44 | dates=74
tradable_zt,NOT one_price_today & is_fanbao & NOT own_baoliang,90,15,0.1667,0/4=0.0%,15/86=17.4%,yizi_today=0.0% | yizi_next_all=1.1% | height{2:74;3:8;4:6;5:2} | themes=27 | dates=55
tradable_zt,NOT one_price_today & NOT is_new_high & is_fanbao,84,14,0.1667,0/5=0.0%,14/79=17.7%,yizi_today=0.0% | yizi_next_all=0.0% | height{2:73;3:11} | themes=27 | dates=51
tradable_zt,NOT leader_absent & opened & is_fanbao,37,6,0.1622,0/1=0.0%,6/36=16.7%,yizi_today=0.0% | yizi_next_all=0.0% | height{2:27;3:4;4:5;5:1} | themes=16 | dates=26
tradable_zt,NOT leader_absent & NOT one_price_today & is_fanbao,58,9,0.1552,0/2=0.0%,9/56=16.1%,yizi_today=0.0% | yizi_next_all=1.7% | height{2:43;3:7;4:6;5:2} | themes=19 | dates=33
tradable_zt,NOT is_new_high & opened & is_fanbao,53,8,0.1509,0/4=0.0%,8/49=16.3%,yizi_today=0.0% | yizi_next_all=0.0% | height{2:45;3:8} | themes=20 | dates=38
tradable_zt,opened & is_fanbao & NOT own_baoliang,57,8,0.1404,0/3=0.0%,8/54=14.8%,yizi_today=0.0% | yizi_next_all=0.0% | height{2:46;3:6;4:4;5:1} | themes=20 | dates=43
tradable_zt,same_theme_broken & same_theme_baoliang,33,4,0.1212,2/21=9.5%,2/12=16.7%,yizi_today=18.2% | yizi_next_all=9.1% | height{2:16;3:8;4:5;5:3;10:1} | themes=11 | dates=13
tradable_zt,height_new_high & NOT theme_alive_own,52,4,0.0769,3/34=8.8%,1/18=5.6%,yizi_today=7.7% | yizi_next_all=1.9% | height{2:35;3:8;4:2;5:4;8:1;9:1;18:1} | themes=41 | dates=21
zt_next,one_price_today & boards_ge5 & NOT href_le1,17,15,0.8824,13/15=86.7%,2/2=100.0%,yizi_today=100%_not_buyable | wins_are_yizi_next=73% | checkpoint_n<30 | yizi_today=100.0% | yizi_next_all=64.7% | height{5:7;6:4;7:2;8:2;9:2} | themes=8 | dates=15
zt_next,one_price_today & NOT is_new_high & boards_ge5,21,18,0.8571,15/18=83.3%,3/3=100.0%,yizi_today=100%_not_buyable | wins_are_yizi_next=67% | checkpoint_n<30 | yizi_today=100.0% | yizi_next_all=57.1% | height{5:11;6:4;7:2;8:2;9:2} | themes=11 | dates=19
zt_next,NOT leader_absent & one_price_today & NOT theme_alive_own,39,31,0.7949,14/18=77.8%,17/21=81.0%,yizi_today=100%_not_buyable | wins_are_yizi_next=58% | yizi_today=100.0% | yizi_next_all=46.2% | height{2:18;3:14;4:3;5:1;6:2;7:1} | themes=17 | dates=34
zt_next,to_lo & one_price_today & boards_ge5,56,44,0.7857,32/40=80.0%,12/16=75.0%,yizi_today=100%_not_buyable | wins_are_yizi_next=73% | yizi_today=100.0% | yizi_next_all=57.1% | height{5:23;6:11;7:8;8:4;9:2;10:2;11:1;12:1;13:1;14:1;15:1;17:1} | themes=19 | dates=49
zt_next,one_price_today & boards_ge5 & NOT own_baoliang,45,35,0.7778,24/31=77.4%,11/14=78.6%,yizi_today=100%_not_buyable | wins_are_yizi_next=63% | yizi_today=100.0% | yizi_next_all=48.9% | height{5:20;6:9;7:7;8:3;10:2;11:1;12:1;14:1;15:1} | themes=17 | dates=39
zt_next,one_price_today & NOT is_new_high & own_baoliang,31,24,0.7742,16/21=76.2%,8/10=80.0%,yizi_today=100%_not_buyable | wins_are_yizi_next=67% | yizi_today=100.0% | yizi_next_all=51.6% | height{3:20;4:5;5:4;9:2} | themes=13 | dates=29
zt_next,one_price_today & boards_ge5 & NOT is_fanbao,65,50,0.7692,38/48=79.2%,12/17=70.6%,yizi_today=100%_not_buyable | wins_are_yizi_next=68% | yizi_today=100.0% | yizi_next_all=52.3% | height{5:23;6:13;7:9;8:5;9:4;10:3;11:1;12:1;13:1;14:2;15:1;16:1;17:1} | themes=18 | dates=54
zt_next,boards_ge5 & NOT opened & NOT href_le1,26,20,0.7692,18/24=75.0%,2/2=100.0%,yizi_today=65%_not_buyable | wins_are_yizi_next=60% | checkpoint_n<30 | yizi_today=65.4% | yizi_next_all=46.2% | height{5:15;6:5;7:2;8:2;9:2} | themes=13 | dates=17
zt_next,one_price_today & boards_ge5,67,51,0.7612,38/48=79.2%,13/19=68.4%,yizi_today=100%_not_buyable | wins_are_yizi_next=69% | yizi_today=100.0% | yizi_next_all=52.2% | height{5:25;6:13;7:9;8:5;9:4;10:3;11:1;12:1;13:1;14:2;15:1;16:1;17:1} | themes=19 | dates=56
zt_next,one_price_today & unopened & boards_ge5,67,51,0.7612,38/48=79.2%,13/19=68.4%,yizi_today=100%_not_buyable | wins_are_yizi_next=69% | yizi_today=100.0% | yizi_next_all=52.2% | height{5:25;6:13;7:9;8:5;9:4;10:3;11:1;12:1;13:1;14:2;15:1;16:1;17:1} | themes=19 | dates=56
zt_next,one_price_today & boards_ge5 & NOT opened,67,51,0.7612,38/48=79.2%,13/19=68.4%,yizi_today=100%_not_buyable | wins_are_yizi_next=69% | yizi_today=100.0% | yizi_next_all=52.2% | height{5:25;6:13;7:9;8:5;9:4;10:3;11:1;12:1;13:1;14:2;15:1;16:1;17:1} | themes=19 | dates=56
zt_next,NOT leader_absent & one_price_today & boards_ge5,54,41,0.7593,29/36=80.6%,12/18=66.7%,yizi_today=100%_not_buyable | wins_are_yizi_next=66% | yizi_today=100.0% | yizi_next_all=50.0% | height{5:20;6:9;7:8;8:5;9:4;10:1;11:1;12:1;13:1;14:1;15:1;16:1;17:1} | themes=17 | dates=45
zt_next,one_price_today & boards_ge5 & theme_alive_own,62,46,0.7419,36/46=78.3%,10/16=62.5%,yizi_today=100%_not_buyable | wins_are_yizi_next=72% | yizi_today=100.0% | yizi_next_all=53.2% | height{5:24;6:10;7:8;8:5;9:4;10:3;11:1;12:1;13:1;14:2;15:1;16:1;17:1} | themes=18 | dates=52
zt_next,one_price_today & theme_alive_own & boards_ge5,62,46,0.7419,36/46=78.3%,10/16=62.5%,yizi_today=100%_not_buyable | wins_are_yizi_next=72% | yizi_today=100.0% | yizi_next_all=53.2% | height{5:24;6:10;7:8;8:5;9:4;10:3;11:1;12:1;13:1;14:2;15:1;16:1;17:1} | themes=18 | dates=52
zt_next,NOT leader_absent & one_price_today & NOT href_le1,261,193,0.7395,127/177=71.8%,66/84=78.6%,yizi_today=100%_not_buyable | wins_are_yizi_next=56% | yizi_today=100.0% | yizi_next_all=41.4% | height{2:146;3:79;4:20;5:6;6:4;7:2;8:2;9:2} | themes=52 | dates=99
zt_next,one_price_today & own_baoliang & NOT href_le1,23,17,0.7391,11/15=73.3%,6/8=75.0%,yizi_today=100%_not_buyable | wins_are_yizi_next=71% | checkpoint_n<30 | yizi_today=100.0% | yizi_next_all=52.2% | height{3:14;4:5;5:2;9:2} | themes=11 | dates=21
zt_next,height_new_high & same_theme_baoliang,19,14,0.7368,13/16=81.2%,1/3=33.3%,yizi_today=53%_not_buyable | wins_are_yizi_next=50% | checkpoint_n<30 | yizi_today=52.6% | yizi_next_all=36.8% | height{2:6;3:1;5:1;6:2;7:1;8:2;9:2;11:1;16:1;17:1;18:1} | themes=5 | dates=10
zt_next,NOT leader_absent & one_price_today & NOT is_new_high,276,202,0.7319,133/187=71.1%,69/89=77.5%,yizi_today=100%_not_buyable | wins_are_yizi_next=56% | yizi_today=100.0% | yizi_next_all=41.3% | height{2:146;3:88;4:24;5:8;6:4;7:2;8:2;9:2} | themes=54 | dates=103
zt_next,NOT leader_absent & one_price_today & NOT is_fanbao,309,225,0.7282,151/209=72.2%,74/100=74.0%,yizi_today=100%_not_buyable | wins_are_yizi_next=58% | yizi_today=100.0% | yizi_next_all=42.1% | height{2:138;3:91;4:28;5:18;6:9;7:8;8:5;9:4;10:1;11:1;12:1;13:1;14:1;15:1;16:1;17:1} | themes=54 | dates=109
zt_next,one_price_today & boards_ge5 & own_baoliang,22,16,0.7273,14/17=82.4%,2/5=40.0%,yizi_today=100%_not_buyable | wins_are_yizi_next=81% | checkpoint_n<30 | yizi_today=100.0% | yizi_next_all=59.1% | height{5:5;6:4;7:2;8:2;9:4;10:1;13:1;14:1;16:1;17:1} | themes=8 | dates=20
zt_next,NOT leader_absent & one_price_today & NOT own_baoliang,287,208,0.7247,135/189=71.4%,73/98=74.5%,yizi_today=100%_not_buyable | wins_are_yizi_next=55% | yizi_today=100.0% | yizi_next_all=40.1% | height{2:146;3:80;4:24;5:16;6:7;7:6;8:3;10:1;11:1;12:1;14:1;15:1} | themes=55 | dates=109
zt_next,NOT leader_absent & one_price_today,319,231,0.7241,152/211=72.0%,79/108=73.1%,yizi_today=100%_not_buyable | wins_are_yizi_next=57% | yizi_today=100.0% | yizi_next_all=41.4% | height{2:146;3:91;4:28;5:20;6:9;7:8;8:5;9:4;10:1;11:1;12:1;13:1;14:1;15:1;16:1;17:1} | themes=55 | dates=110
zt_next,one_price_today & NOT lag0,319,231,0.7241,152/211=72.0%,79/108=73.1%,yizi_today=100%_not_buyable | wins_are_yizi_next=57% | yizi_today=100.0% | yizi_next_all=41.4% | height{2:146;3:91;4:28;5:20;6:9;7:8;8:5;9:4;10:1;11:1;12:1;13:1;14:1;15:1;16:1;17:1} | themes=55 | dates=110
zt_next,NOT leader_absent & one_price_today & NOT opened,319,231,0.7241,152/211=72.0%,79/108=73.1%,yizi_today=100%_not_buyable | wins_are_yizi_next=57% | yizi_today=100.0% | yizi_next_all=41.4% | height{2:146;3:91;4:28;5:20;6:9;7:8;8:5;9:4;10:1;11:1;12:1;13:1;14:1;15:1;16:1;17:1} | themes=55 | dates=110
zt_next,one_price_today & boards_ge5 & href_le1,50,36,0.7200,25/33=75.8%,11/17=64.7%,yizi_today=100%_not_buyable | wins_are_yizi_next=67% | yizi_today=100.0% | yizi_next_all=48.0% | height{5:18;6:9;7:7;8:3;9:2;10:3;11:1;12:1;13:1;14:2;15:1;16:1;17:1} | themes=17 | dates=49
zt_next,leader_absent & one_price_today & own_baoliang,25,18,0.7200,11/14=78.6%,7/11=63.6%,yizi_today=100%_not_buyable | wins_are_yizi_next=56% | checkpoint_n<30 | yizi_today=100.0% | yizi_next_all=40.0% | height{3:13;4:7;5:1;6:2;10:1;14:1} | themes=10 | dates=22
zt_next,one_price_today & own_baoliang,57,41,0.7193,28/36=77.8%,13/21=61.9%,yizi_today=100%_not_buyable | wins_are_yizi_next=66% | yizi_today=100.0% | yizi_next_all=47.4% | height{3:24;4:11;5:5;6:4;7:2;8:2;9:4;10:1;13:1;14:1;16:1;17:1} | themes=16 | dates=49
zt_next,one_price_today & NOT opened & own_baoliang,57,41,0.7193,28/36=77.8%,13/21=61.9%,yizi_today=100%_not_buyable | wins_are_yizi_next=66% | yizi_today=100.0% | yizi_next_all=47.4% | height{3:24;4:11;5:5;6:4;7:2;8:2;9:4;10:1;13:1;14:1;16:1;17:1} | themes=16 | dates=49
zt_next,NOT leader_absent & one_price_today & own_baoliang,32,23,0.7188,17/22=77.3%,6/10=60.0%,yizi_today=100%_not_buyable | wins_are_yizi_next=74% | yizi_today=100.0% | yizi_next_all=53.1% | height{3:11;4:4;5:4;6:2;7:2;8:2;9:4;13:1;16:1;17:1} | themes=13 | dates=27
zt_next,one_price_today & boards_ge5 & is_new_high,46,33,0.7174,23/30=76.7%,10/16=62.5%,yizi_today=100%_not_buyable | wins_are_yizi_next=70% | yizi_today=100.0% | yizi_next_all=50.0% | height{5:14;6:9;7:7;8:3;9:2;10:3;11:1;12:1;13:1;14:2;15:1;16:1;17:1} | themes=15 | dates=46
zt_next,boards_ge5 & href0 & one_price_today,46,33,0.7174,23/30=76.7%,10/16=62.5%,yizi_today=100%_not_buyable | wins_are_yizi_next=70% | yizi_today=100.0% | yizi_next_all=50.0% | height{5:14;6:9;7:7;8:3;9:2;10:3;11:1;12:1;13:1;14:2;15:1;16:1;17:1} | themes=15 | dates=46
zt_next,one_price_today & is_new_high & boards_ge5,46,33,0.7174,23/30=76.7%,10/16=62.5%,yizi_today=100%_not_buyable | wins_are_yizi_next=70% | yizi_today=100.0% | yizi_next_all=50.0% | height{5:14;6:9;7:7;8:3;9:2;10:3;11:1;12:1;13:1;14:2;15:1;16:1;17:1} | themes=15 | dates=46
zt_next,NOT leader_absent & one_price_today & NOT boards_ge5,265,190,0.7170,123/175=70.3%,67/90=74.4%,yizi_today=100%_not_buyable | wins_are_yizi_next=55% | yizi_today=100.0% | yizi_next_all=39.6% | height{2:146;3:91;4:28} | themes=54 | dates=105
zt_next,NOT height_drop & one_price_today,383,274,0.7154,182/255=71.4%,92/128=71.9%,yizi_today=100%_not_buyable | wins_are_yizi_next=55% | yizi_today=100.0% | yizi_next_all=39.7% | height{2:179;3:108;4:39;5:21;6:10;7:8;8:5;9:4;10:1;11:1;12:1;13:1;14:2;15:1;16:1;17:1} | themes=57 | dates=134
zt_next,NOT leader_absent & one_price_today & theme_alive_own,280,200,0.7143,138/193=71.5%,62/87=71.3%,yizi_today=100%_not_buyable | wins_are_yizi_next=57% | yizi_today=100.0% | yizi_next_all=40.7% | height{2:128;3:77;4:25;5:19;6:7;7:7;8:5;9:4;10:1;11:1;12:1;13:1;14:1;15:1;16:1;17:1} | themes=46 | dates=102
zt_next,one_price_today & NOT is_fanbao & own_baoliang,56,40,0.7143,28/36=77.8%,12/20=60.0%,yizi_today=100%_not_buyable | wins_are_yizi_next=65% | yizi_today=100.0% | yizi_next_all=46.4% | height{3:24;4:11;5:4;6:4;7:2;8:2;9:4;10:1;13:1;14:1;16:1;17:1} | themes=16 | dates=48
zt_next,one_price_today & NOT boards_ge5 & own_baoliang,35,25,0.7143,14/19=73.7%,11/16=68.8%,yizi_today=100%_not_buyable | wins_are_yizi_next=56% | yizi_today=100.0% | yizi_next_all=40.0% | height{3:24;4:11} | themes=13 | dates=34
zt_next,NOT is_new_high & boards_ge5 & NOT opened,35,25,0.7143,22/30=73.3%,3/5=60.0%,yizi_today=60%_not_buyable | wins_are_yizi_next=52% | yizi_today=60.0% | yizi_next_all=37.1% | height{5:24;6:5;7:2;8:2;9:2} | themes=16 | dates=25
zt_next,NOT theme_alive & one_price_today,363,259,0.7135,190/266=71.4%,69/97=71.1%,yizi_today=100%_not_buyable | wins_are_yizi_next=56% | yizi_today=100.0% | yizi_next_all=39.7% | height{2:176;3:100;4:32;5:21;6:9;7:8;8:5;9:4;10:1;11:1;12:1;13:1;14:1;15:1;16:1;17:1} | themes=57 | dates=121
zt_next,amt_lo & one_price_today & boards_ge4,104,74,0.7115,52/75=69.3%,22/29=75.9%,yizi_today=100%_not_buyable | wins_are_yizi_next=66% | yizi_today=100.0% | yizi_next_all=47.1% | height{4:50;5:22;6:11;7:8;8:4;9:2;10:2;11:1;12:1;13:1;14:1;15:1} | themes=28 | dates=83
zt_next,one_price_today & theme_alive_own & NOT href_le1,308,219,0.7110,152/215=70.7%,67/93=72.0%,yizi_today=100%_not_buyable | wins_are_yizi_next=55% | yizi_today=100.0% | yizi_next_all=39.3% | height{2:180;3:86;4:25;5:7;6:4;7:2;8:2;9:2} | themes=48 | dates=135
zt_next,NOT leader_baoliang & one_price_today,276,196,0.7101,131/183=71.6%,65/93=69.9%,yizi_today=100%_not_buyable | wins_are_yizi_next=58% | yizi_today=100.0% | yizi_next_all=40.9% | height{2:138;3:70;4:28;5:17;6:7;7:6;8:2;9:2;10:2;11:1;12:1;14:1;15:1} | themes=54 | dates=93
zt_next,one_price_today & NOT is_fanbao & NOT href_le1,348,247,0.7098,167/241=69.3%,80/107=74.8%,yizi_today=100%_not_buyable | wins_are_yizi_next=56% | yizi_today=100.0% | yizi_next_all=39.9% | height{2:203;3:102;4:27;5:6;6:4;7:2;8:2;9:2} | themes=60 | dates=146
zt_next,boards_ge5 & NOT opened & own_baoliang,31,22,0.7097,18/23=78.3%,4/8=50.0%,yizi_today=71%_not_buyable | wins_are_yizi_next=59% | yizi_today=71.0% | yizi_next_all=41.9% | height{5:10;6:6;7:3;8:3;9:4;10:1;13:1;14:1;16:1;17:1} | themes=14 | dates=28
zt_next,one_price_today & NOT href_le1,358,253,0.7067,168/243=69.1%,85/115=73.9%,yizi_today=100%_not_buyable | wins_are_yizi_next=56% | yizi_today=100.0% | yizi_next_all=39.4% | height{2:212;3:102;4:27;5:7;6:4;7:2;8:2;9:2} | themes=61 | dates=147
zt_next,one_price_today & NOT is_new_high & NOT href_le1,358,253,0.7067,168/243=69.1%,85/115=73.9%,yizi_today=100%_not_buyable | wins_are_yizi_next=56% | yizi_today=100.0% | yizi_next_all=39.4% | height{2:212;3:102;4:27;5:7;6:4;7:2;8:2;9:2} | themes=61 | dates=147
zt_next,one_price_today & NOT opened & NOT href_le1,358,253,0.7067,168/243=69.1%,85/115=73.9%,yizi_today=100%_not_buyable | wins_are_yizi_next=56% | yizi_today=100.0% | yizi_next_all=39.4% | height{2:212;3:102;4:27;5:7;6:4;7:2;8:2;9:2} | themes=61 | dates=147
zt_next,one_price_today & own_baoliang & href_le1,34,24,0.7059,17/21=81.0%,7/13=53.8%,yizi_today=100%_not_buyable | wins_are_yizi_next=62% | yizi_today=100.0% | yizi_next_all=44.1% | height{3:10;4:6;5:3;6:4;7:2;8:2;9:2;10:1;13:1;14:1;16:1;17:1} | themes=11 | dates=32
zt_next,one_price_today & NOT is_new_high & theme_alive_own,359,253,0.7047,179/253=70.8%,74/106=69.8%,yizi_today=100%_not_buyable | wins_are_yizi_next=53% | yizi_today=100.0% | yizi_next_all=37.6% | height{2:204;3:104;4:31;5:10;6:4;7:2;8:2;9:2} | themes=51 | dates=153
zt_next,one_price_today & NOT own_baoliang & NOT href_le1,335,236,0.7045,157/228=68.9%,79/107=73.8%,yizi_today=100%_not_buyable | wins_are_yizi_next=55% | yizi_today=100.0% | yizi_next_all=38.5% | height{2:212;3:88;4:22;5:5;6:4;7:2;8:2} | themes=61 | dates=145
zt_next,one_price_today & NOT same_theme_baoliang,458,322,0.7031,211/301=70.1%,111/157=70.7%,yizi_today=100%_not_buyable | wins_are_yizi_next=53% | yizi_today=100.0% | yizi_next_all=37.6% | height{2:233;3:128;4:49;5:22;6:8;7:7;8:3;9:2;10:2;11:1;12:1;14:1;15:1} | themes=65 | dates=181
zt_next,one_price_today & NOT is_new_high & NOT is_fanbao,408,286,0.7010,196/282=69.5%,90/126=71.4%,yizi_today=100%_not_buyable | wins_are_yizi_next=55% | yizi_today=100.0% | yizi_next_all=38.2% | height{2:232;3:122;4:34;5:10;6:4;7:2;8:2;9:2} | themes=64 | dates=167
zt_next,one_price_today & theme_alive_own & own_baoliang,50,35,0.7000,23/30=76.7%,12/20=60.0%,yizi_today=100%_not_buyable | wins_are_yizi_next=69% | yizi_today=100.0% | yizi_next_all=48.0% | height{3:20;4:10;5:5;6:3;7:1;8:2;9:4;10:1;13:1;14:1;16:1;17:1} | themes=16 | dates=44
zt_next,one_price_today & theme_alive_own & NOT is_fanbao,423,296,0.6998,209/291=71.8%,87/132=65.9%,yizi_today=100%_not_buyable | wins_are_yizi_next=55% | yizi_today=100.0% | yizi_next_all=38.3% | height{2:196;3:119;4:48;5:22;6:10;7:8;8:5;9:4;10:3;11:1;12:1;13:1;14:2;15:1;16:1;17:1} | themes=50 | dates=168
zt_next,NOT is_new_high & one_price_today,419,293,0.6993,198/285=69.5%,95/134=70.9%,yizi_today=100%_not_buyable | wins_are_yizi_next=54% | yizi_today=100.0% | yizi_next_all=37.7% | height{2:242;3:122;4:34;5:11;6:4;7:2;8:2;9:2} | themes=65 | dates=168
zt_next,one_price_today & NOT is_new_high & NOT opened,419,293,0.6993,198/285=69.5%,95/134=70.9%,yizi_today=100%_not_buyable | wins_are_yizi_next=54% | yizi_today=100.0% | yizi_next_all=37.7% | height{2:242;3:122;4:34;5:11;6:4;7:2;8:2;9:2} | themes=65 | dates=168
zt_next,NOT height_new_high & one_price_today,431,301,0.6984,188/266=70.7%,113/165=68.5%,yizi_today=100%_not_buyable | wins_are_yizi_next=53% | yizi_today=100.0% | yizi_next_all=36.9% | height{2:208;3:122;4:51;5:24;6:11;7:7;8:2;10:2;11:1;12:1;13:1;14:1} | themes=58 | dates=166
zt_next,NOT same_theme_broken & one_price_today,484,338,0.6983,225/320=70.3%,113/164=68.9%,yizi_today=100%_not_buyable | wins_are_yizi_next=55% | yizi_today=100.0% | yizi_next_all=38.2% | height{2:229;3:136;4:55;5:23;6:13;7:9;8:5;9:4;10:2;11:1;12:1;13:1;14:2;15:1;16:1;17:1} | themes=66 | dates=183
zt_next,one_price_today & NOT boards_ge5 & NOT href_le1,341,238,0.6979,155/228=68.0%,83/113=73.5%,yizi_today=100%_not_buyable | wins_are_yizi_next=55% | yizi_today=100.0% | yizi_next_all=38.1% | height{2:212;3:102;4:27} | themes=60 | dates=146
zt_next,NOT is_sub_high & one_price_today,450,314,0.6978,207/295=70.2%,107/155=69.0%,yizi_today=100%_not_buyable | wins_are_yizi_next=56% | yizi_today=100.0% | yizi_next_all=39.1% | height{2:215;3:121;4:51;5:21;6:13;7:9;8:5;9:4;10:3;11:1;12:1;13:1;14:2;15:1;16:1;17:1} | themes=63 | dates=175
zt_next,theme_alive_own & one_price_today,435,303,0.6966,211/294=71.8%,92/141=65.2%,yizi_today=100%_not_buyable | wins_are_yizi_next=54% | yizi_today=100.0% | yizi_next_all=37.7% | height{2:206;3:119;4:48;5:24;6:10;7:8;8:5;9:4;10:3;11:1;12:1;13:1;14:2;15:1;16:1;17:1} | themes=51 | dates=169
zt_next,one_price_today & theme_alive_own & NOT opened,435,303,0.6966,211/294=71.8%,92/141=65.2%,yizi_today=100%_not_buyable | wins_are_yizi_next=54% | yizi_today=100.0% | yizi_next_all=37.7% | height{2:206;3:119;4:48;5:24;6:10;7:8;8:5;9:4;10:3;11:1;12:1;13:1;14:2;15:1;16:1;17:1} | themes=51 | dates=169
zt_next,one_price_today & theme_alive_own & NOT own_baoliang,385,268,0.6961,188/264=71.2%,80/121=66.1%,yizi_today=100%_not_buyable | wins_are_yizi_next=52% | yizi_today=100.0% | yizi_next_all=36.4% | height{2:206;3:99;4:38;5:19;6:7;7:7;8:3;10:2;11:1;12:1;14:1;15:1} | themes=51 | dates=165
zt_next,NOT is_mid_2_3 & one_price_today,125,87,0.6960,63/90=70.0%,24/35=68.6%,yizi_today=100%_not_buyable | wins_are_yizi_next=63% | yizi_today=100.0% | yizi_next_all=44.0% | height{4:58;5:25;6:13;7:9;8:5;9:4;10:3;11:1;12:1;13:1;14:2;15:1;16:1;17:1} | themes=30 | dates=92
zt_next,one_price_today & NOT is_fanbao,499,347,0.6954,235/334=70.4%,112/165=67.9%,yizi_today=100%_not_buyable | wins_are_yizi_next=55% | yizi_today=100.0% | yizi_next_all=38.3% | height{2:235;3:141;4:58;5:23;6:13;7:9;8:5;9:4;10:3;11:1;12:1;13:1;14:2;15:1;16:1;17:1} | themes=66 | dates=186
zt_next,one_price_today & NOT opened & NOT is_fanbao,499,347,0.6954,235/334=70.4%,112/165=67.9%,yizi_today=100%_not_buyable | wins_are_yizi_next=55% | yizi_today=100.0% | yizi_next_all=38.3% | height{2:235;3:141;4:58;5:23;6:13;7:9;8:5;9:4;10:3;11:1;12:1;13:1;14:2;15:1;16:1;17:1} | themes=66 | dates=186
zt_next,NOT prev_leader_baoliang & one_price_today,279,194,0.6953,132/181=72.9%,62/98=63.3%,yizi_today=100%_not_buyable | wins_are_yizi_next=55% | yizi_today=100.0% | yizi_next_all=38.0% | height{2:122;3:85;4:28;5:16;6:9;7:6;8:5;9:1;10:2;12:1;13:1;14:2;16:1} | themes=53 | dates=100
zt_next,one_price_today & NOT is_new_high & NOT own_baoliang,388,269,0.6933,182/264=68.9%,87/124=70.2%,yizi_today=100%_not_buyable | wins_are_yizi_next=53% | yizi_today=100.0% | yizi_next_all=36.6% | height{2:242;3:102;4:29;5:7;6:4;7:2;8:2} | themes=65 | dates=166
zt_next,one_price_today & NOT is_fanbao & NOT own_baoliang,443,307,0.6930,207/298=69.5%,100/145=69.0%,yizi_today=100%_not_buyable | wins_are_yizi_next=54% | yizi_today=100.0% | yizi_next_all=37.2% | height{2:235;3:117;4:47;5:19;6:9;7:7;8:3;10:2;11:1;12:1;14:1;15:1} | themes=66 | dates=182
zt_next,one_price_today,511,354,0.6928,237/337=70.3%,117/174=67.2%,yizi_today=100%_not_buyable | wins_are_yizi_next=55% | yizi_today=100.0% | yizi_next_all=37.8% | height{2:245;3:141;4:58;5:25;6:13;7:9;8:5;9:4;10:3;11:1;12:1;13:1;14:2;15:1;16:1;17:1} | themes=66 | dates=187
zt_next,one_price_today & NOT opened,511,354,0.6928,237/337=70.3%,117/174=67.2%,yizi_today=100%_not_buyable | wins_are_yizi_next=55% | yizi_today=100.0% | yizi_next_all=37.8% | height{2:245;3:141;4:58;5:25;6:13;7:9;8:5;9:4;10:3;11:1;12:1;13:1;14:2;15:1;16:1;17:1} | themes=66 | dates=187
zt_next,one_price_today & unopened,511,354,0.6928,237/337=70.3%,117/174=67.2%,yizi_today=100%_not_buyable | wins_are_yizi_next=55% | yizi_today=100.0% | yizi_next_all=37.8% | height{2:245;3:141;4:58;5:25;6:13;7:9;8:5;9:4;10:3;11:1;12:1;13:1;14:2;15:1;16:1;17:1} | themes=66 | dates=187
zt_next,is_mid_2_3 & one_price_today,386,267,0.6917,174/247=70.4%,93/139=66.9%,yizi_today=100%_not_buyable | wins_are_yizi_next=52% | yizi_today=100.0% | yizi_next_all=35.8% | height{2:245;3:141} | themes=64 | dates=171
zt_next,one_price_today & NOT is_new_high & NOT boards_ge5,398,275,0.6910,183/267=68.5%,92/131=70.2%,yizi_today=100%_not_buyable | wins_are_yizi_next=53% | yizi_today=100.0% | yizi_next_all=36.7% | height{2:242;3:122;4:34} | themes=64 | dates=167
zt_next,prev_leader_baoliang & one_price_today,232,160,0.6897,105/156=67.3%,55/76=72.4%,yizi_today=100%_not_buyable | wins_are_yizi_next=54% | yizi_today=100.0% | yizi_next_all=37.5% | height{2:123;3:56;4:30;5:9;6:4;7:3;9:3;10:1;11:1;15:1;17:1} | themes=49 | dates=87
zt_next,one_price_today & NOT own_baoliang,454,313,0.6894,209/301=69.4%,104/153=68.0%,yizi_today=100%_not_buyable | wins_are_yizi_next=53% | yizi_today=100.0% | yizi_next_all=36.6% | height{2:245;3:117;4:47;5:20;6:9;7:7;8:3;10:2;11:1;12:1;14:1;15:1} | themes=66 | dates=183
zt_next,one_price_today & NOT opened & NOT own_baoliang,454,313,0.6894,209/301=69.4%,104/153=68.0%,yizi_today=100%_not_buyable | wins_are_yizi_next=53% | yizi_today=100.0% | yizi_next_all=36.6% | height{2:245;3:117;4:47;5:20;6:9;7:7;8:3;10:2;11:1;12:1;14:1;15:1} | themes=66 | dates=183
zt_next,one_price_today & theme_alive_own & NOT boards_ge5,373,257,0.6890,175/248=70.6%,82/125=65.6%,yizi_today=100%_not_buyable | wins_are_yizi_next=51% | yizi_today=100.0% | yizi_next_all=35.1% | height{2:206;3:119;4:48} | themes=50 | dates=164
zt_next,one_price_today & NOT boards_ge5 & NOT is_fanbao,434,297,0.6843,197/286=68.9%,100/148=67.6%,yizi_today=100%_not_buyable | wins_are_yizi_next=53% | yizi_today=100.0% | yizi_next_all=36.2% | height{2:235;3:141;4:58} | themes=65 | dates=181
zt_next,one_price_today & NOT boards_ge5,444,303,0.6824,199/289=68.9%,104/155=67.1%,yizi_today=100%_not_buyable | wins_are_yizi_next=52% | yizi_today=100.0% | yizi_next_all=35.6% | height{2:245;3:141;4:58} | themes=65 | dates=182
zt_next,one_price_today & NOT boards_ge5 & NOT opened,444,303,0.6824,199/289=68.9%,104/155=67.1%,yizi_today=100%_not_buyable | wins_are_yizi_next=52% | yizi_today=100.0% | yizi_next_all=35.6% | height{2:245;3:141;4:58} | themes=65 | dates=182
zt_next,one_price_today & NOT theme_alive_own & NOT href_le1,50,34,0.6800,16/28=57.1%,18/22=81.8%,yizi_today=100%_not_buyable | wins_are_yizi_next=59% | yizi_today=100.0% | yizi_next_all=40.0% | height{2:32;3:16;4:2} | themes=26 | dates=46
zt_next,one_price_today & NOT boards_ge5 & NOT own_baoliang,409,278,0.6797,185/270=68.5%,93/139=66.9%,yizi_today=100%_not_buyable | wins_are_yizi_next=52% | yizi_today=100.0% | yizi_next_all=35.2% | height{2:245;3:117;4:47} | themes=65 | dates=177
zt_next,NOT leader_absent & boards_ge5 & NOT opened,78,53,0.6795,36/48=75.0%,17/30=56.7%,yizi_today=69%_not_buyable | wins_are_yizi_next=55% | yizi_today=69.2% | yizi_next_all=37.2% | height{5:33;6:14;7:11;8:8;9:4;10:1;11:1;12:1;13:1;14:1;15:1;16:1;17:1} | themes=22 | dates=59
zt_next,NOT leader_absent & one_price_today & is_new_high,43,29,0.6744,19/24=79.2%,10/19=52.6%,yizi_today=100%_not_buyable | wins_are_yizi_next=62% | yizi_today=100.0% | yizi_next_all=41.9% | height{3:3;4:4;5:12;6:5;7:6;8:3;9:2;10:1;11:1;12:1;13:1;14:1;15:1;16:1;17:1} | themes=17 | dates=42
zt_next,boards_ge5 & NOT opened & NOT is_fanbao,95,64,0.6737,47/66=71.2%,17/29=58.6%,yizi_today=68%_not_buyable | wins_are_yizi_next=56% | yizi_today=68.4% | yizi_next_all=37.9% | height{5:41;6:19;7:12;8:8;9:4;10:3;11:1;12:1;13:1;14:2;15:1;16:1;17:1} | themes=23 | dates=69
zt_next,leader_baoliang & one_price_today,235,158,0.6723,106/154=68.8%,52/81=64.2%,yizi_today=100%_not_buyable | wins_are_yizi_next=51% | yizi_today=100.0% | yizi_next_all=34.0% | height{2:107;3:71;4:30;5:8;6:6;7:3;8:3;9:2;10:1;13:1;14:1;16:1;17:1} | themes=50 | dates=94
zt_next,one_price_today & boards_ge4 & href0,70,47,0.6714,29/41=70.7%,18/29=62.1%,yizi_today=100%_not_buyable | wins_are_yizi_next=66% | yizi_today=100.0% | yizi_next_all=44.3% | height{4:24;5:14;6:9;7:7;8:3;9:2;10:3;11:1;12:1;13:1;14:2;15:1;16:1;17:1} | themes=22 | dates=67
zt_next,NOT theme_alive_own & one_price_today,76,51,0.6711,26/43=60.5%,25/33=75.8%,yizi_today=100%_not_buyable | wins_are_yizi_next=57% | yizi_today=100.0% | yizi_next_all=38.2% | height{2:39;3:22;4:10;5:1;6:3;7:1} | themes=32 | dates=65
zt_next,one_price_today & NOT theme_alive_own & NOT opened,76,51,0.6711,26/43=60.5%,25/33=75.8%,yizi_today=100%_not_buyable | wins_are_yizi_next=57% | yizi_today=100.0% | yizi_next_all=38.2% | height{2:39;3:22;4:10;5:1;6:3;7:1} | themes=32 | dates=65
zt_next,one_price_today & NOT theme_alive_own & NOT is_fanbao,76,51,0.6711,26/43=60.5%,25/33=75.8%,yizi_today=100%_not_buyable | wins_are_yizi_next=57% | yizi_today=100.0% | yizi_next_all=38.2% | height{2:39;3:22;4:10;5:1;6:3;7:1} | themes=32 | dates=65
zt_next,one_price_today & is_new_high & NOT is_fanbao,91,61,0.6703,39/52=75.0%,22/39=56.4%,yizi_today=100%_not_buyable | wins_are_yizi_next=57% | yizi_today=100.0% | yizi_next_all=38.5% | height{2:3;3:19;4:24;5:13;6:9;7:7;8:3;9:2;10:3;11:1;12:1;13:1;14:2;15:1;16:1;17:1} | themes=28 | dates=81
zt_next,one_price_today & is_new_high & NOT own_baoliang,66,44,0.6667,27/37=73.0%,17/29=58.6%,yizi_today=100%_not_buyable | wins_are_yizi_next=55% | yizi_today=100.0% | yizi_next_all=36.4% | height{2:3;3:15;4:18;5:13;6:5;7:5;8:1;10:2;11:1;12:1;14:1;15:1} | themes=27 | dates=60
zt_next,one_price_today & NOT is_new_high & NOT theme_alive_own,60,40,0.6667,19/32=59.4%,21/28=75.0%,yizi_today=100%_not_buyable | wins_are_yizi_next=57% | yizi_today=100.0% | yizi_next_all=38.3% | height{2:38;3:18;4:3;5:1} | themes=27 | dates=53
zt_next,leader_absent & one_price_today & theme_alive_own,155,103,0.6645,73/101=72.3%,30/54=55.6%,yizi_today=100%_not_buyable | yizi_today=100.0% | yizi_next_all=32.3% | height{2:78;3:42;4:23;5:5;6:3;7:1;10:2;14:1} | themes=39 | dates=67
zt_next,NOT opened & boards_ge5,98,65,0.6633,47/66=71.2%,18/32=56.2%,yizi_today=68%_not_buyable | wins_are_yizi_next=57% | yizi_today=68.4% | yizi_next_all=37.8% | height{5:44;6:19;7:12;8:8;9:4;10:3;11:1;12:1;13:1;14:2;15:1;16:1;17:1} | themes=24 | dates=71
zt_next,unopened & boards_ge5,98,65,0.6633,47/66=71.2%,18/32=56.2%,yizi_today=68%_not_buyable | wins_are_yizi_next=57% | yizi_today=68.4% | yizi_next_all=37.8% | height{5:44;6:19;7:12;8:8;9:4;10:3;11:1;12:1;13:1;14:2;15:1;16:1;17:1} | themes=24 | dates=71
zt_next,leader_absent & one_price_today & href_le1,95,63,0.6632,44/60=73.3%,19/35=54.3%,yizi_today=100%_not_buyable | yizi_today=100.0% | yizi_next_all=29.5% | height{2:33;3:27;4:23;5:4;6:4;7:1;10:2;14:1} | themes=30 | dates=56
zt_next,is_new_high & one_price_today,92,61,0.6630,39/52=75.0%,22/40=55.0%,yizi_today=100%_not_buyable | wins_are_yizi_next=57% | yizi_today=100.0% | yizi_next_all=38.0% | height{2:3;3:19;4:24;5:14;6:9;7:7;8:3;9:2;10:3;11:1;12:1;13:1;14:2;15:1;16:1;17:1} | themes=29 | dates=82
zt_next,one_price_today & is_new_high & NOT opened,92,61,0.6630,39/52=75.0%,22/40=55.0%,yizi_today=100%_not_buyable | wins_are_yizi_next=57% | yizi_today=100.0% | yizi_next_all=38.0% | height{2:3;3:19;4:24;5:14;6:9;7:7;8:3;9:2;10:3;11:1;12:1;13:1;14:2;15:1;16:1;17:1} | themes=29 | dates=82
zt_next,one_price_today & is_new_high & href_le1,92,61,0.6630,39/52=75.0%,22/40=55.0%,yizi_today=100%_not_buyable | wins_are_yizi_next=57% | yizi_today=100.0% | yizi_next_all=38.0% | height{2:3;3:19;4:24;5:14;6:9;7:7;8:3;9:2;10:3;11:1;12:1;13:1;14:2;15:1;16:1;17:1} | themes=29 | dates=82
zt_next,height_new_high & one_price_today,80,53,0.6625,49/71=69.0%,4/9=44.4%,yizi_today=100%_not_buyable | wins_are_yizi_next=64% | yizi_today=100.0% | yizi_next_all=42.5% | height{2:37;3:19;4:7;5:1;6:2;7:2;8:3;9:4;10:1;14:1;15:1;16:1;17:1} | themes=25 | dates=21
zt_next,one_price_today & NOT is_fanbao & href_le1,151,100,0.6623,68/93=73.1%,32/58=55.2%,yizi_today=100%_not_buyable | wins_are_yizi_next=52% | yizi_today=100.0% | yizi_next_all=34.4% | height{2:32;3:39;4:31;5:17;6:9;7:7;8:3;9:2;10:3;11:1;12:1;13:1;14:2;15:1;16:1;17:1} | themes=35 | dates=108
zt_next,one_price_today & theme_alive_own & href_le1,127,84,0.6614,59/79=74.7%,25/48=52.1%,yizi_today=100%_not_buyable | wins_are_yizi_next=51% | yizi_today=100.0% | yizi_next_all=33.9% | height{2:26;3:33;4:23;5:17;6:6;7:6;8:3;9:2;10:3;11:1;12:1;13:1;14:2;15:1;16:1;17:1} | themes=31 | dates=95
zt_next,one_price_today & href_le1,153,101,0.6601,69/94=73.4%,32/59=54.2%,yizi_today=100%_not_buyable | wins_are_yizi_next=51% | yizi_today=100.0% | yizi_next_all=34.0% | height{2:33;3:39;4:31;5:18;6:9;7:7;8:3;9:2;10:3;11:1;12:1;13:1;14:2;15:1;16:1;17:1} | themes=36 | dates=109
zt_next,one_price_today & NOT opened & href_le1,153,101,0.6601,69/94=73.4%,32/59=54.2%,yizi_today=100%_not_buyable | wins_are_yizi_next=51% | yizi_today=100.0% | yizi_next_all=34.0% | height{2:33;3:39;4:31;5:18;6:9;7:7;8:3;9:2;10:3;11:1;12:1;13:1;14:2;15:1;16:1;17:1} | themes=36 | dates=109
zt_next,theme_alive_own & boards_ge5 & NOT opened,88,58,0.6591,44/62=71.0%,14/26=53.8%,yizi_today=70%_not_buyable | wins_are_yizi_next=59% | yizi_today=70.5% | yizi_next_all=38.6% | height{5:41;6:15;7:10;8:7;9:4;10:3;11:1;12:1;13:1;14:2;15:1;16:1;17:1} | themes=23 | dates=65
zt_next,one_price_today & is_new_high & theme_alive_own,76,50,0.6579,32/41=78.0%,18/35=51.4%,yizi_today=100%_not_buyable | wins_are_yizi_next=58% | yizi_today=100.0% | yizi_next_all=38.2% | height{2:2;3:15;4:17;5:14;6:6;7:6;8:3;9:2;10:3;11:1;12:1;13:1;14:2;15:1;16:1;17:1} | themes=24 | dates=71
zt_next,is_sub_high & one_price_today,61,40,0.6557,30/42=71.4%,10/19=52.6%,yizi_today=100%_not_buyable | yizi_today=100.0% | yizi_next_all=27.9% | height{2:30;3:20;4:7;5:4} | themes=24 | dates=42
zt_next,one_price_today & NOT is_new_high & href_le1,61,40,0.6557,30/42=71.4%,10/19=52.6%,yizi_today=100%_not_buyable | yizi_today=100.0% | yizi_next_all=27.9% | height{2:30;3:20;4:7;5:4} | themes=24 | dates=42
zt_next,NOT leader_absent & one_price_today & href_le1,58,38,0.6552,25/34=73.5%,13/24=54.2%,yizi_today=100%_not_buyable | wins_are_yizi_next=63% | yizi_today=100.0% | yizi_next_all=41.4% | height{3:12;4:8;5:14;6:5;7:6;8:3;9:2;10:1;11:1;12:1;13:1;14:1;15:1;16:1;17:1} | themes=22 | dates=53
zt_next,leader_absent & one_price_today & is_new_high,49,32,0.6531,20/28=71.4%,12/21=57.1%,yizi_today=100%_not_buyable | wins_are_yizi_next=53% | yizi_today=100.0% | yizi_next_all=34.7% | height{2:3;3:16;4:20;5:2;6:4;7:1;10:2;14:1} | themes=23 | dates=40
zt_next,one_price_today & NOT theme_alive_own & NOT own_baoliang,69,45,0.6522,21/37=56.8%,24/32=75.0%,yizi_today=100%_not_buyable | wins_are_yizi_next=58% | yizi_today=100.0% | yizi_next_all=37.7% | height{2:39;3:18;4:9;5:1;6:2} | themes=31 | dates=61
zt_next,one_price_today & NOT theme_alive_own & NOT boards_ge5,71,46,0.6479,24/41=58.5%,22/30=73.3%,yizi_today=100%_not_buyable | wins_are_yizi_next=59% | yizi_today=100.0% | yizi_next_all=38.0% | height{2:39;3:22;4:10} | themes=32 | dates=62
zt_next,one_price_today & NOT own_baoliang & href_le1,119,77,0.6471,52/73=71.2%,25/46=54.3%,yizi_today=100%_not_buyable | yizi_today=100.0% | yizi_next_all=31.1% | height{2:33;3:29;4:25;5:15;6:5;7:5;8:1;10:2;11:1;12:1;14:1;15:1} | themes=34 | dates=84
zt_next,boards_ge5 & NOT own_baoliang & NOT href_le1,31,20,0.6452,17/28=60.7%,3/3=100.0%,wins_are_yizi_next=50% | yizi_today=41.9% | yizi_next_all=32.3% | height{5:20;6:7;7:2;8:2} | themes=17 | dates=18
zt_next,leader_absent & one_price_today & NOT is_fanbao,190,122,0.6421,84/125=67.2%,38/65=58.5%,yizi_today=100%_not_buyable | wins_are_yizi_next=50% | yizi_today=100.0% | yizi_next_all=32.1% | height{2:97;3:50;4:30;5:5;6:4;7:1;10:2;14:1} | themes=48 | dates=77
zt_next,theme_alive & one_price_today,148,95,0.6419,47/71=66.2%,48/77=62.3%,yizi_today=100%_not_buyable | wins_are_yizi_next=52% | yizi_today=100.0% | yizi_next_all=33.1% | height{2:69;3:41;4:26;5:4;6:4;7:1;10:2;14:1} | themes=41 | dates=66
zt_next,boards_ge5 & NOT opened & NOT own_baoliang,67,43,0.6418,29/43=67.4%,14/24=58.3%,yizi_today=67%_not_buyable | wins_are_yizi_next=56% | yizi_today=67.2% | yizi_next_all=35.8% | height{5:34;6:13;7:9;8:5;10:2;11:1;12:1;14:1;15:1} | themes=23 | dates=52
zt_next,leader_absent & one_price_today,192,123,0.6406,85/126=67.5%,38/66=57.6%,yizi_today=100%_not_buyable | yizi_today=100.0% | yizi_next_all=31.8% | height{2:99;3:50;4:30;5:5;6:4;7:1;10:2;14:1} | themes=48 | dates=77
zt_next,one_price_today & lag0,192,123,0.6406,85/126=67.5%,38/66=57.6%,yizi_today=100%_not_buyable | yizi_today=100.0% | yizi_next_all=31.8% | height{2:99;3:50;4:30;5:5;6:4;7:1;10:2;14:1} | themes=48 | dates=77
zt_next,leader_absent & one_price_today & NOT opened,192,123,0.6406,85/126=67.5%,38/66=57.6%,yizi_today=100%_not_buyable | yizi_today=100.0% | yizi_next_all=31.8% | height{2:99;3:50;4:30;5:5;6:4;7:1;10:2;14:1} | themes=48 | dates=77
zt_next,leader_absent & one_price_today & NOT is_new_high,143,91,0.6364,65/98=66.3%,26/45=57.8%,yizi_today=100%_not_buyable | yizi_today=100.0% | yizi_next_all=30.8% | height{2:96;3:34;4:10;5:3} | themes=47 | dates=65
zt_next,theme_alive_own & boards_ge5 & NOT href_le1,44,28,0.6364,24/40=60.0%,4/4=100.0%,wins_are_yizi_next=54% | yizi_today=38.6% | yizi_next_all=34.1% | height{5:28;6:9;7:2;8:3;9:2} | themes=19 | dates=25
zt_next,is_new_high & boards_ge5 & NOT opened,63,40,0.6349,25/36=69.4%,15/27=55.6%,yizi_today=73%_not_buyable | wins_are_yizi_next=60% | yizi_today=73.0% | yizi_next_all=38.1% | height{5:20;6:14;7:10;8:6;9:2;10:3;11:1;12:1;13:1;14:2;15:1;16:1;17:1} | themes=19 | dates=62
zt_next,leader_absent & one_price_today & NOT boards_ge5,179,113,0.6313,76/114=66.7%,37/65=56.9%,yizi_today=100%_not_buyable | yizi_today=100.0% | yizi_next_all=29.6% | height{2:99;3:50;4:30} | themes=48 | dates=77
zt_next,one_price_today & NOT boards_ge5 & href_le1,103,65,0.6311,44/61=72.1%,21/42=50.0%,yizi_today=100%_not_buyable | yizi_today=100.0% | yizi_next_all=27.2% | height{2:33;3:39;4:31} | themes=31 | dates=62
zt_next,leader_absent & one_price_today & NOT own_baoliang,167,105,0.6287,74/112=66.1%,31/55=56.4%,yizi_today=100%_not_buyable | yizi_today=100.0% | yizi_next_all=30.5% | height{2:99;3:37;4:23;5:4;6:2;7:1;10:1} | themes=48 | dates=74
zt_next,height_drop & one_price_today,128,80,0.6250,55/82=67.1%,25/46=54.3%,yizi_today=100%_not_buyable | wins_are_yizi_next=51% | yizi_today=100.0% | yizi_next_all=32.0% | height{2:66;3:33;4:19;5:4;6:3;7:1;10:2} | themes=41 | dates=53
zt_next,boards_ge5 & NOT opened & href_le1,72,45,0.6250,29/42=69.0%,16/30=53.3%,yizi_today=69%_not_buyable | wins_are_yizi_next=56% | yizi_today=69.4% | yizi_next_all=34.7% | height{5:29;6:14;7:10;8:6;9:2;10:3;11:1;12:1;13:1;14:2;15:1;16:1;17:1} | themes=22 | dates=66
zt_next,leader_absent & one_price_today & NOT href_le1,97,60,0.6186,41/66=62.1%,19/31=61.3%,yizi_today=100%_not_buyable | wins_are_yizi_next=55% | yizi_today=100.0% | yizi_next_all=34.0% | height{2:66;3:23;4:7;5:1} | themes=42 | dates=48
zt_next,one_price_today & is_new_high & NOT boards_ge5,46,28,0.6087,16/22=72.7%,12/24=50.0%,yizi_today=100%_not_buyable | yizi_today=100.0% | yizi_next_all=26.1% | height{2:3;3:19;4:24} | themes=24 | dates=36
zt_next,one_price_today & same_theme_baoliang,53,32,0.6038,26/36=72.2%,6/17=35.3%,yizi_today=100%_not_buyable | wins_are_yizi_next=66% | yizi_today=100.0% | yizi_next_all=39.6% | height{2:12;3:13;4:9;5:3;6:5;7:2;8:2;9:2;10:1;13:1;14:1;16:1;17:1} | themes=16 | dates=40
zt_next,NOT leader_absent & boards_ge5 & NOT href_le1,44,26,0.5909,22/40=55.0%,4/4=100.0%,wins_are_yizi_next=54% | yizi_today=36.4% | yizi_next_all=31.8% | height{5:28;6:9;7:2;8:3;9:2} | themes=21 | dates=24
zt_next,NOT is_new_high & boards_ge5 & NOT own_baoliang,39,23,0.5897,19/33=57.6%,4/6=66.7%,yizi_today=38.5% | yizi_next_all=25.6% | height{5:27;6:7;7:3;8:2} | themes=20 | dates=24
zt_next,NOT is_new_high & theme_alive_own & boards_ge5,56,33,0.5893,29/51=56.9%,4/5=80.0%,yizi_today=35.7% | yizi_next_all=28.6% | height{5:38;6:10;7:3;8:3;9:2} | themes=21 | dates=33
zt_next,amt_lo,637,374,0.5871,221/339=65.2%,153/298=51.3%,yizi_today=62%_not_buyable | yizi_today=62.5% | yizi_next_all=28.6% | height{2:369;3:138;4:63;5:29;6:13;7:10;8:5;9:2;10:3;11:1;12:1;13:1;14:1;15:1} | themes=86 | dates=207
zt_next,boards_ge5 & NOT href_le1,50,29,0.5800,25/45=55.6%,4/5=80.0%,wins_are_yizi_next=52% | yizi_today=34.0% | yizi_next_all=30.0% | height{5:34;6:9;7:2;8:3;9:2} | themes=24 | dates=27
zt_next,NOT is_new_high & boards_ge5 & NOT href_le1,50,29,0.5800,25/45=55.6%,4/5=80.0%,wins_are_yizi_next=52% | yizi_today=34.0% | yizi_next_all=30.0% | height{5:34;6:9;7:2;8:3;9:2} | themes=24 | dates=27
zt_next,NOT is_mid_2_3 & NOT opened,207,120,0.5797,81/137=59.1%,39/70=55.7%,yizi_today=60%_not_buyable | wins_are_yizi_next=50% | yizi_today=60.4% | yizi_next_all=29.0% | height{4:109;5:44;6:19;7:12;8:8;9:4;10:3;11:1;12:1;13:1;14:2;15:1;16:1;17:1} | themes=43 | dates=121
zt_next,NOT is_mid_2_3 & unopened,207,120,0.5797,81/137=59.1%,39/70=55.7%,yizi_today=60%_not_buyable | wins_are_yizi_next=50% | yizi_today=60.4% | yizi_next_all=29.0% | height{4:109;5:44;6:19;7:12;8:8;9:4;10:3;11:1;12:1;13:1;14:2;15:1;16:1;17:1} | themes=43 | dates=121
zt_next,boards_ge5 & NOT is_fanbao & NOT href_le1,49,28,0.5714,25/45=55.6%,3/4=75.0%,wins_are_yizi_next=50% | yizi_today=32.7% | yizi_next_all=28.6% | height{5:33;6:9;7:2;8:3;9:2} | themes=24 | dates=26
zt_next,is_new_high & NOT opened & NOT own_baoliang,107,61,0.5701,31/44=70.5%,30/63=47.6%,yizi_today=62%_not_buyable | yizi_today=61.7% | yizi_next_all=27.1% | height{2:7;3:27;4:31;5:18;6:8;7:7;8:3;10:2;11:1;12:1;14:1;15:1} | themes=36 | dates=89
zt_next,to_lo,637,363,0.5699,221/339=65.2%,142/298=47.7%,yizi_today=67%_not_buyable | wins_are_yizi_next=50% | yizi_today=67.2% | yizi_next_all=28.6% | height{2:364;3:136;4:70;5:28;6:16;7:9;8:4;9:2;10:2;11:1;12:1;13:1;14:1;15:1;17:1} | themes=82 | dates=207
zt_next,NOT leader_absent & NOT is_new_high & boards_ge5,51,29,0.5686,24/45=53.3%,5/6=83.3%,wins_are_yizi_next=52% | yizi_today=35.3% | yizi_next_all=29.4% | height{5:34;6:9;7:3;8:3;9:2} | themes=26 | dates=29
zt_next,height_new_high & boards_ge5,44,25,0.5682,22/35=62.9%,3/9=33.3%,wins_are_yizi_next=56% | yizi_today=38.6% | yizi_next_all=31.8% | height{5:12;6:5;7:4;8:8;9:5;10:2;11:1;12:1;13:1;14:1;15:1;16:1;17:1;18:1} | themes=15 | dates=22
zt_next,NOT leader_absent & is_new_high & NOT opened,67,38,0.5672,21/31=67.7%,17/36=47.2%,yizi_today=64%_not_buyable | wins_are_yizi_next=53% | yizi_today=64.2% | yizi_next_all=29.9% | height{3:3;4:13;5:17;6:9;7:9;8:6;9:2;10:1;11:1;12:1;13:1;14:1;15:1;16:1;17:1} | themes=21 | dates=64
zt_next,is_new_high & theme_alive_own & NOT opened,125,70,0.5600,36/53=67.9%,34/72=47.2%,yizi_today=61%_not_buyable | yizi_today=60.8% | yizi_next_all=27.2% | height{2:6;3:29;4:34;5:20;6:10;7:8;8:5;9:2;10:3;11:1;12:1;13:1;14:2;15:1;16:1;17:1} | themes=32 | dates=103
zt_next,is_new_high & NOT opened,151,84,0.5563,44/68=64.7%,40/83=48.2%,yizi_today=61%_not_buyable | wins_are_yizi_next=50% | yizi_today=60.9% | yizi_next_all=27.8% | height{2:7;3:38;4:43;5:20;6:14;7:10;8:6;9:2;10:3;11:1;12:1;13:1;14:2;15:1;16:1;17:1} | themes=42 | dates=118
zt_next,is_new_high & unopened,151,84,0.5563,44/68=64.7%,40/83=48.2%,yizi_today=61%_not_buyable | wins_are_yizi_next=50% | yizi_today=60.9% | yizi_next_all=27.8% | height{2:7;3:38;4:43;5:20;6:14;7:10;8:6;9:2;10:3;11:1;12:1;13:1;14:2;15:1;16:1;17:1} | themes=42 | dates=118
zt_next,is_new_high & NOT opened & href_le1,151,84,0.5563,44/68=64.7%,40/83=48.2%,yizi_today=61%_not_buyable | wins_are_yizi_next=50% | yizi_today=60.9% | yizi_next_all=27.8% | height{2:7;3:38;4:43;5:20;6:14;7:10;8:6;9:2;10:3;11:1;12:1;13:1;14:2;15:1;16:1;17:1} | themes=42 | dates=118
zt_next,NOT leader_absent & NOT opened & own_baoliang,63,35,0.5556,24/38=63.2%,11/25=44.0%,yizi_today=51%_not_buyable | wins_are_yizi_next=51% | yizi_today=50.8% | yizi_next_all=28.6% | height{3:25;4:14;5:8;6:3;7:3;8:3;9:4;13:1;16:1;17:1} | themes=25 | dates=49
zt_next,is_new_high & NOT opened & NOT is_fanbao,146,81,0.5548,44/68=64.7%,37/78=47.4%,yizi_today=62%_not_buyable | wins_are_yizi_next=51% | yizi_today=62.3% | yizi_next_all=28.1% | height{2:7;3:37;4:41;5:18;6:14;7:10;8:6;9:2;10:3;11:1;12:1;13:1;14:2;15:1;16:1;17:1} | themes=41 | dates=115
zt_next,NOT leader_absent & NOT opened & href_le1,100,55,0.5500,32/50=64.0%,23/50=46.0%,yizi_today=58%_not_buyable | yizi_today=58.0% | yizi_next_all=27.0% | height{2:4;3:19;4:22;5:21;6:9;7:9;8:6;9:2;10:1;11:1;12:1;13:1;14:1;15:1;16:1;17:1} | themes=31 | dates=76
zt_next,leader_absent & is_new_high & unopened,84,46,0.5476,23/37=62.2%,23/47=48.9%,yizi_today=58%_not_buyable | yizi_today=58.3% | yizi_next_all=26.2% | height{2:7;3:35;4:30;5:3;6:5;7:1;10:2;14:1} | themes=37 | dates=54
zt_next,leader_absent & is_new_high & NOT opened,84,46,0.5476,23/37=62.2%,23/47=48.9%,yizi_today=58%_not_buyable | yizi_today=58.3% | yizi_next_all=26.2% | height{2:7;3:35;4:30;5:3;6:5;7:1;10:2;14:1} | themes=37 | dates=54
zt_next,leader_absent & theme_alive_own & boards_ge5,42,23,0.5476,18/33=54.5%,5/9=55.6%,yizi_today=28.6% | yizi_next_all=16.7% | height{5:23;6:13;7:2;10:3;14:1} | themes=21 | dates=29
zt_next,boards_ge5 & NOT is_fanbao & NOT own_baoliang,118,64,0.5424,43/78=55.1%,21/40=52.5%,yizi_today=37.3% | yizi_next_all=22.9% | height{5:52;6:29;7:18;8:9;9:1;10:3;11:1;12:2;13:1;14:1;15:1} | themes=29 | dates=86
zt_next,boards_ge6,107,58,0.5421,43/75=57.3%,15/32=46.9%,yizi_today=39.3% | yizi_next_all=26.2% | height{6:46;7:25;8:15;9:5;10:4;11:2;12:2;13:2;14:2;15:1;16:1;17:1;18:1} | themes=24 | dates=86
zt_next,theme_alive_own & boards_ge5 & NOT own_baoliang,107,58,0.5421,41/71=57.7%,17/36=47.2%,yizi_today=39.3% | yizi_next_all=23.4% | height{5:49;6:25;7:16;8:8;10:3;11:1;12:2;13:1;14:1;15:1} | themes=27 | dates=79
zt_next,leader_absent & one_price_today & NOT theme_alive_own,37,20,0.5405,12/25=48.0%,8/12=66.7%,yizi_today=100%_not_buyable | wins_are_yizi_next=55% | yizi_today=100.0% | yizi_next_all=29.7% | height{2:21;3:8;4:7;6:1} | themes=21 | dates=31
zt_next,NOT is_new_high & boards_ge5,65,35,0.5385,30/57=52.6%,5/8=62.5%,yizi_today=32.3% | yizi_next_all=24.6% | height{5:47;6:10;7:3;8:3;9:2} | themes=29 | dates=38
zt_next,NOT is_new_high & NOT opened & own_baoliang,65,35,0.5385,24/43=55.8%,11/22=50.0%,yizi_today=47.7% | yizi_next_all=26.2% | height{3:38;4:17;5:8;9:2} | themes=25 | dates=57
zt_next,theme_alive_own & boards_ge5 & NOT is_fanbao,171,92,0.5380,67/118=56.8%,25/53=47.2%,yizi_today=35.1% | yizi_next_all=21.6% | height{5:78;6:40;7:22;8:12;9:4;10:4;11:2;12:2;13:2;14:2;15:1;16:1;17:1} | themes=33 | dates=114
zt_next,theme_alive_own & NOT opened & own_baoliang,93,50,0.5376,31/53=58.5%,19/40=47.5%,yizi_today=54%_not_buyable | wins_are_yizi_next=50% | yizi_today=53.8% | yizi_next_all=26.9% | height{3:39;4:25;5:10;6:5;7:2;8:3;9:4;10:1;13:1;14:1;16:1;17:1} | themes=27 | dates=76
zt_next,NOT opened & own_baoliang & href_le1,60,32,0.5333,20/35=57.1%,12/25=48.0%,yizi_today=57%_not_buyable | wins_are_yizi_next=53% | yizi_today=56.7% | yizi_next_all=28.3% | height{3:19;4:17;5:5;6:6;7:3;8:3;9:2;10:1;13:1;14:1;16:1;17:1} | themes=25 | dates=52
zt_next,leader_baoliang & boards_ge5,77,41,0.5325,28/50=56.0%,13/27=48.1%,yizi_today=35.1% | yizi_next_all=18.2% | height{5:37;6:17;7:8;8:6;9:2;10:1;11:1;13:1;14:1;16:1;17:1;18:1} | themes=27 | dates=53
zt_next,own_baoliang & NOT opened,109,58,0.5321,37/67=55.2%,21/42=50.0%,yizi_today=52%_not_buyable | wins_are_yizi_next=52% | yizi_today=52.3% | yizi_next_all=27.5% | height{3:49;4:29;5:10;6:6;7:3;8:3;9:4;10:1;13:1;14:1;16:1;17:1} | themes=35 | dates=84
zt_next,own_baoliang & unopened,109,58,0.5321,37/67=55.2%,21/42=50.0%,yizi_today=52%_not_buyable | wins_are_yizi_next=52% | yizi_today=52.3% | yizi_next_all=27.5% | height{3:49;4:29;5:10;6:6;7:3;8:3;9:4;10:1;13:1;14:1;16:1;17:1} | themes=35 | dates=84
zt_next,theme_alive_own & boards_ge5,175,93,0.5314,67/118=56.8%,26/57=45.6%,yizi_today=35.4% | yizi_next_all=21.7% | height{5:82;6:40;7:22;8:12;9:4;10:4;11:2;12:2;13:2;14:2;15:1;16:1;17:1} | themes=34 | dates=118
zt_next,NOT is_new_high & boards_ge5 & NOT is_fanbao,64,34,0.5312,30/57=52.6%,4/7=57.1%,yizi_today=31.2% | yizi_next_all=23.4% | height{5:46;6:10;7:3;8:3;9:2} | themes=29 | dates=37
zt_next,NOT leader_absent & boards_ge5 & NOT own_baoliang,98,52,0.5306,34/61=55.7%,18/37=48.6%,yizi_today=37.8% | yizi_next_all=23.5% | height{5:41;6:23;7:17;8:9;9:1;10:1;11:1;12:2;13:1;14:1;15:1} | themes=29 | dates=73
zt_next,NOT opened & own_baoliang & NOT href_le1,49,26,0.5306,17/32=53.1%,9/17=52.9%,wins_are_yizi_next=50% | yizi_today=46.9% | yizi_next_all=26.5% | height{3:30;4:12;5:5;9:2} | themes=25 | dates=44
zt_next,leader_absent & is_new_high & boards_ge5,34,18,0.5294,13/25=52.0%,5/9=55.6%,yizi_today=29.4% | yizi_next_all=20.6% | height{5:14;6:14;7:2;10:3;14:1} | themes=20 | dates=31
zt_next,NOT own_baoliang & boards_ge5,121,64,0.5289,43/78=55.1%,21/43=48.8%,yizi_today=37.2% | yizi_next_all=22.3% | height{5:55;6:29;7:18;8:9;9:1;10:3;11:1;12:2;13:1;14:1;15:1} | themes=30 | dates=89
zt_next,NOT opened & NOT is_fanbao & own_baoliang,106,56,0.5283,37/67=55.2%,19/39=48.7%,yizi_today=53%_not_buyable | wins_are_yizi_next=52% | yizi_today=52.8% | yizi_next_all=27.4% | height{3:47;4:29;5:9;6:6;7:3;8:3;9:4;10:1;13:1;14:1;16:1;17:1} | themes=35 | dates=82
zt_next,NOT leader_absent & boards_ge5 & NOT is_fanbao,150,79,0.5267,54/98=55.1%,25/52=48.1%,yizi_today=34.7% | yizi_next_all=21.3% | height{5:64;6:31;7:23;8:15;9:5;10:1;11:2;12:2;13:2;14:1;15:1;16:1;17:1;18:1} | themes=35 | dates=95
zt_next,NOT leader_absent & theme_alive_own & boards_ge5,133,70,0.5263,49/85=57.6%,21/48=43.8%,yizi_today=37.6% | yizi_next_all=23.3% | height{5:59;6:27;7:20;8:12;9:4;10:1;11:2;12:2;13:2;14:1;15:1;16:1;17:1} | themes=33 | dates=89
zt_next,theme_alive & boards_ge5,38,20,0.5263,13/22=59.1%,7/16=43.8%,yizi_today=31.6% | yizi_next_all=18.4% | height{5:23;6:10;7:1;10:3;14:1} | themes=23 | dates=28
zt_next,boards_ge5 & same_theme_baoliang,59,31,0.5254,22/37=59.5%,9/22=40.9%,yizi_today=32.2% | yizi_next_all=18.6% | height{5:23;6:15;7:7;8:5;9:2;10:1;11:1;13:1;14:1;16:1;17:1;18:1} | themes=23 | dates=53
zt_next,NOT is_sub_high & boards_ge5,187,98,0.5241,68/123=55.3%,30/64=46.9%,yizi_today=33.7% | yizi_next_all=21.4% | height{5:82;6:45;7:24;8:15;9:5;10:4;11:2;12:2;13:2;14:2;15:1;16:1;17:1;18:1} | themes=37 | dates=129
zt_next,is_new_high & NOT opened & own_baoliang,44,23,0.5227,13/24=54.2%,10/20=50.0%,yizi_today=59%_not_buyable | wins_are_yizi_next=57% | yizi_today=59.1% | yizi_next_all=29.5% | height{3:11;4:12;5:2;6:6;7:3;8:3;9:2;10:1;13:1;14:1;16:1;17:1} | themes=21 | dates=40
zt_next,NOT is_fanbao & boards_ge5,198,103,0.5202,73/135=54.1%,30/63=47.6%,yizi_today=32.8% | yizi_next_all=20.2% | height{5:91;6:46;7:25;8:15;9:5;10:4;11:2;12:2;13:2;14:2;15:1;16:1;17:1;18:1} | themes=39 | dates=126
zt_next,NOT leader_absent & boards_ge5,154,80,0.5195,54/98=55.1%,26/56=46.4%,yizi_today=35.1% | yizi_next_all=21.4% | height{5:68;6:31;7:23;8:15;9:5;10:1;11:2;12:2;13:2;14:1;15:1;16:1;17:1;18:1} | themes=36 | dates=98
zt_next,boards_ge5 & NOT lag0,154,80,0.5195,54/98=55.1%,26/56=46.4%,yizi_today=35.1% | yizi_next_all=21.4% | height{5:68;6:31;7:23;8:15;9:5;10:1;11:2;12:2;13:2;14:1;15:1;16:1;17:1;18:1} | themes=36 | dates=98
zt_next,solo_leader & is_new_high & theme_alive_own,133,69,0.5188,39/70=55.7%,30/63=47.6%,yizi_today=34.6% | yizi_next_all=18.8% | height{3:6;4:22;5:35;6:25;7:19;8:9;9:2;10:4;11:2;12:2;13:2;14:2;15:1;16:1;17:1} | themes=30 | dates=133
zt_next,prev_leader_baoliang & boards_ge5,81,42,0.5185,30/53=56.6%,12/28=42.9%,yizi_today=28.4% | yizi_next_all=21.0% | height{5:40;6:17;7:10;8:4;9:4;10:1;11:1;12:1;15:1;17:1;18:1} | themes=26 | dates=56
zt_next,NOT height_drop & boards_ge5,166,86,0.5181,58/105=55.2%,28/61=45.9%,yizi_today=34.3% | yizi_next_all=21.1% | height{5:73;6:36;7:23;8:15;9:5;10:2;11:2;12:2;13:2;14:2;15:1;16:1;17:1;18:1} | themes=38 | dates=108
zt_next,nzt_le40 & is_new_high & theme_alive_own,31,16,0.5161,5/11=45.5%,11/20=55.0%,yizi_today=25.8% | yizi_next_all=3.2% | height{3:11;4:10;5:6;6:3;7:1} | themes=18 | dates=20
zt_next,NOT same_theme_broken & boards_ge5,196,101,0.5153,70/130=53.8%,31/66=47.0%,yizi_today=32.7% | yizi_next_all=19.9% | height{5:90;6:46;7:25;8:15;9:5;10:3;11:2;12:2;13:2;14:2;15:1;16:1;17:1;18:1} | themes=40 | dates=125
zt_next,is_new_high & boards_ge5 & NOT is_fanbao,134,69,0.5149,43/78=55.1%,26/56=46.4%,yizi_today=33.6% | yizi_next_all=18.7% | height{5:45;6:36;7:22;8:12;9:3;10:4;11:2;12:2;13:2;14:2;15:1;16:1;17:1;18:1} | themes=28 | dates=126
zt_next,boards_ge5,202,104,0.5149,73/135=54.1%,31/67=46.3%,yizi_today=33.2% | yizi_next_all=20.3% | height{5:95;6:46;7:25;8:15;9:5;10:4;11:2;12:2;13:2;14:2;15:1;16:1;17:1;18:1} | themes=40 | dates=129
zt_next,NOT is_mid_2_3 & boards_ge5,202,104,0.5149,73/135=54.1%,31/67=46.3%,yizi_today=33.2% | yizi_next_all=20.3% | height{5:95;6:46;7:25;8:15;9:5;10:4;11:2;12:2;13:2;14:2;15:1;16:1;17:1;18:1} | themes=40 | dates=129
zt_next,theme_alive_own & boards_ge5 & own_baoliang,68,35,0.5147,26/47=55.3%,9/21=42.9%,yizi_today=29.4% | yizi_next_all=19.1% | height{5:33;6:15;7:6;8:4;9:4;10:1;11:1;13:1;14:1;16:1;17:1} | themes=27 | dates=60
zt_next,NOT prev_leader_baoliang & boards_ge5,121,62,0.5124,43/82=52.4%,19/39=48.7%,yizi_today=36.4% | yizi_next_all=19.8% | height{5:55;6:29;7:15;8:11;9:1;10:3;11:1;12:1;13:2;14:2;16:1} | themes=35 | dates=73
zt_next,NOT theme_alive & boards_ge5,164,84,0.5122,60/113=53.1%,24/51=47.1%,yizi_today=33.5% | yizi_next_all=20.7% | height{5:72;6:36;7:24;8:15;9:5;10:1;11:2;12:2;13:2;14:1;15:1;16:1;17:1;18:1} | themes=37 | dates=101
zt_next,boards_ge5 & NOT same_theme_baoliang,143,73,0.5105,51/98=52.0%,22/45=48.9%,yizi_today=33.6% | yizi_next_all=21.0% | height{5:72;6:31;7:18;8:10;9:3;10:3;11:1;12:2;13:1;14:1;15:1} | themes=37 | dates=90
zt_next,is_new_high & boards_ge5 & own_baoliang,55,28,0.5091,19/33=57.6%,9/22=40.9%,yizi_today=29.1% | yizi_next_all=14.5% | height{5:20;6:14;7:7;8:5;9:2;10:1;11:1;13:1;14:1;16:1;17:1;18:1} | themes=23 | dates=53
zt_next,is_new_high & theme_alive_own & boards_ge5,119,60,0.5042,38/67=56.7%,22/52=42.3%,yizi_today=35.3% | yizi_next_all=18.5% | height{5:44;6:30;7:19;8:9;9:2;10:4;11:2;12:2;13:2;14:2;15:1;16:1;17:1} | themes=27 | dates=113
zt_next,NOT leader_baoliang & boards_ge5,125,63,0.5040,45/85=52.9%,18/40=45.0%,yizi_today=32.0% | yizi_next_all=21.6% | height{5:58;6:29;7:17;8:9;9:3;10:3;11:1;12:2;13:1;14:1;15:1} | themes=35 | dates=76
zt_next,NOT is_mid_2_3 & NOT own_baoliang,266,134,0.5038,90/168=53.6%,44/98=44.9%,yizi_today=34.6% | yizi_next_all=18.0% | height{4:145;5:55;6:29;7:18;8:9;9:1;10:3;11:1;12:2;13:1;14:1;15:1} | themes=49 | dates=148
zt_next,is_new_high & boards_ge5,137,69,0.5036,43/78=55.1%,26/59=44.1%,yizi_today=33.6% | yizi_next_all=18.2% | height{5:48;6:36;7:22;8:12;9:3;10:4;11:2;12:2;13:2;14:2;15:1;16:1;17:1;18:1} | themes=29 | dates=129
zt_next,is_new_high & boards_ge5 & href_le1,137,69,0.5036,43/78=55.1%,26/59=44.1%,yizi_today=33.6% | yizi_next_all=18.2% | height{5:48;6:36;7:22;8:12;9:3;10:4;11:2;12:2;13:2;14:2;15:1;16:1;17:1;18:1} | themes=29 | dates=129
zt_next,boards_ge5 & NOT is_fanbao & href_le1,149,75,0.5034,48/90=53.3%,27/59=45.8%,yizi_today=32.9% | yizi_next_all=17.4% | height{5:58;6:37;7:23;8:12;9:3;10:4;11:2;12:2;13:2;14:2;15:1;16:1;17:1;18:1} | themes=32 | dates=126
zt_next,NOT height_new_high & boards_ge5,158,79,0.5000,51/100=51.0%,28/58=48.3%,yizi_today=31.6% | yizi_next_all=17.1% | height{5:83;6:41;7:21;8:7;10:2;11:1;12:1;13:1;14:1} | themes=36 | dates=107
zt_next,is_new_high & NOT boards_ge5 & NOT opened,88,44,0.5000,19/32=59.4%,25/56=44.6%,yizi_today=52%_not_buyable | yizi_today=52.3% | yizi_next_all=20.5% | height{2:7;3:38;4:43} | themes=39 | dates=56
zt_next,is_new_high & boards_ge5 & NOT own_baoliang,82,41,0.5000,24/45=53.3%,17/37=45.9%,yizi_today=36.6% | yizi_next_all=20.7% | height{5:28;6:22;7:15;8:7;9:1;10:3;11:1;12:2;13:1;14:1;15:1} | themes=25 | dates=79
zt_next,boards_ge5 & own_baoliang & href_le1,62,31,0.5000,22/40=55.0%,9/22=40.9%,yizi_today=29.0% | yizi_next_all=14.5% | height{5:26;6:15;7:7;8:5;9:2;10:1;11:1;13:1;14:1;16:1;17:1;18:1} | themes=26 | dates=58
zt_next,NOT leader_absent & boards_ge5 & own_baoliang,56,28,0.5000,20/37=54.1%,8/19=42.1%,yizi_today=30.4% | yizi_next_all=17.9% | height{5:27;6:8;7:6;8:6;9:4;11:1;13:1;16:1;17:1;18:1} | themes=27 | dates=47
zt_next,leader_absent & boards_ge5,48,24,0.5000,19/37=51.4%,5/11=45.5%,yizi_today=27.1% | yizi_next_all=16.7% | height{5:27;6:15;7:2;10:3;14:1} | themes=24 | dates=31
zt_next,boards_ge5 & lag0,48,24,0.5000,19/37=51.4%,5/11=45.5%,yizi_today=27.1% | yizi_next_all=16.7% | height{5:27;6:15;7:2;10:3;14:1} | themes=24 | dates=31
zt_next,leader_absent & boards_ge5 & NOT is_fanbao,48,24,0.5000,19/37=51.4%,5/11=45.5%,yizi_today=27.1% | yizi_next_all=16.7% | height{5:27;6:15;7:2;10:3;14:1} | themes=24 | dates=31
zt_next,leader_absent & NOT opened & own_baoliang,46,23,0.5000,13/29=44.8%,10/17=58.8%,yizi_today=54%_not_buyable | wins_are_yizi_next=52% | yizi_today=54.3% | yizi_next_all=26.1% | height{3:24;4:15;5:2;6:3;10:1;14:1} | themes=23 | dates=35
zt_next,leader_absent & boards_ge5 & href_le1,42,21,0.5000,16/32=50.0%,5/10=50.0%,yizi_today=28.6% | yizi_next_all=16.7% | height{5:21;6:15;7:2;10:3;14:1} | themes=22 | dates=31
zt_next,height_drop & boards_ge5,36,18,0.5000,15/30=50.0%,3/6=50.0%,yizi_today=27.8% | yizi_next_all=16.7% | height{5:22;6:10;7:2;10:2} | themes=20 | dates=21
zt_next,is_new_high & NOT theme_alive_own & NOT own_baoliang,30,15,0.5000,9/17=52.9%,6/13=46.2%,yizi_today=43.3% | yizi_next_all=20.0% | height{2:1;3:9;4:11;5:1;6:4;7:2;8:1;9:1} | themes=20 | dates=29
zt_next,theme_alive_own & boards_ge5 & href_le1,131,65,0.4962,43/78=55.1%,22/53=41.5%,yizi_today=34.4% | yizi_next_all=17.6% | height{5:54;6:31;7:20;8:9;9:2;10:4;11:2;12:2;13:2;14:2;15:1;16:1;17:1} | themes=29 | dates=114
zt_next,NOT leader_absent & is_new_high & boards_ge5,103,51,0.4951,30/53=56.6%,21/50=42.0%,yizi_today=35.0% | yizi_next_all=17.5% | height{5:34;6:22;7:20;8:12;9:3;10:1;11:2;12:2;13:2;14:1;15:1;16:1;17:1;18:1} | themes=27 | dates=98
zt_next,own_baoliang & boards_ge5,81,40,0.4938,30/57=52.6%,10/24=41.7%,yizi_today=27.2% | yizi_next_all=17.3% | height{5:40;6:17;7:7;8:6;9:4;10:1;11:1;13:1;14:1;16:1;17:1;18:1} | themes=32 | dates=68
zt_next,boards_ge5 & href_le1,152,75,0.4934,48/90=53.3%,27/62=43.5%,yizi_today=32.9% | yizi_next_all=17.1% | height{5:61;6:37;7:23;8:12;9:3;10:4;11:2;12:2;13:2;14:2;15:1;16:1;17:1;18:1} | themes=33 | dates=129
zt_next,height_new_high & NOT is_mid_2_3,71,35,0.4930,31/57=54.4%,4/14=28.6%,yizi_today=33.8% | yizi_next_all=22.5% | height{4:27;5:12;6:5;7:4;8:8;9:5;10:2;11:1;12:1;13:1;14:1;15:1;16:1;17:1;18:1} | themes=23 | dates=22
zt_next,NOT leader_absent & boards_ge5 & href_le1,110,54,0.4909,32/58=55.2%,22/52=42.3%,yizi_today=34.5% | yizi_next_all=17.3% | height{5:40;6:22;7:21;8:12;9:3;10:1;11:2;12:2;13:2;14:1;15:1;16:1;17:1;18:1} | themes=29 | dates=98
zt_next,NOT theme_alive & NOT opened,795,389,0.4893,278/521=53.4%,111/274=40.5%,yizi_today=45.7% | yizi_next_all=21.5% | height{2:494;3:149;4:69;5:38;6:14;7:11;8:8;9:4;10:1;11:1;12:1;13:1;14:1;15:1;16:1;17:1} | themes=101 | dates=135
zt_next,NOT theme_alive & unopened,795,389,0.4893,278/521=53.4%,111/274=40.5%,yizi_today=45.7% | yizi_next_all=21.5% | height{2:494;3:149;4:69;5:38;6:14;7:11;8:8;9:4;10:1;11:1;12:1;13:1;14:1;15:1;16:1;17:1} | themes=101 | dates=135
zt_next,is_new_high & NOT same_theme_baoliang,180,88,0.4889,42/76=55.3%,46/104=44.2%,yizi_today=34.4% | yizi_next_all=16.1% | height{2:6;3:41;4:51;5:28;6:22;7:15;8:7;9:1;10:3;11:1;12:2;13:1;14:1;15:1} | themes=42 | dates=141
zt_next,boards_ge5 & NOT own_baoliang & href_le1,90,44,0.4889,26/50=52.0%,18/40=45.0%,yizi_today=35.6% | yizi_next_all=18.9% | height{5:35;6:22;7:16;8:7;9:1;10:3;11:1;12:2;13:1;14:1;15:1} | themes=26 | dates=82
zt_next,boards_ge5 & NOT is_fanbao & own_baoliang,80,39,0.4875,30/57=52.6%,9/23=39.1%,yizi_today=26.2% | yizi_next_all=16.2% | height{5:39;6:17;7:7;8:6;9:4;10:1;11:1;13:1;14:1;16:1;17:1;18:1} | themes=32 | dates=67
zt_next,height_new_high & NOT opened,154,75,0.4870,70/130=53.8%,5/24=20.8%,yizi_today=52%_not_buyable | wins_are_yizi_next=51% | yizi_today=51.9% | yizi_next_all=24.7% | height{2:92;3:27;4:12;5:3;6:3;7:2;8:6;9:4;10:1;14:1;15:1;16:1;17:1} | themes=42 | dates=22
zt_next,height_new_high & unopened,154,75,0.4870,70/130=53.8%,5/24=20.8%,yizi_today=52%_not_buyable | wins_are_yizi_next=51% | yizi_today=51.9% | yizi_next_all=24.7% | height{2:92;3:27;4:12;5:3;6:3;7:2;8:6;9:4;10:1;14:1;15:1;16:1;17:1} | themes=42 | dates=22
zt_next,NOT leader_absent & NOT opened & NOT is_fanbao,691,335,0.4848,213/403=52.9%,122/288=42.4%,yizi_today=44.7% | yizi_next_all=21.6% | height{2:426;3:129;4:61;5:30;6:14;7:11;8:8;9:4;10:1;11:1;12:1;13:1;14:1;15:1;16:1;17:1} | themes=94 | dates=120
zt_next,NOT leader_absent & theme_alive_own & NOT opened,621,300,0.4831,193/359=53.8%,107/262=40.8%,yizi_today=45.1% | yizi_next_all=21.1% | height{2:385;3:111;4:56;5:30;6:11;7:9;8:7;9:4;10:1;11:1;12:1;13:1;14:1;15:1;16:1;17:1} | themes=68 | dates=118
zt_next,theme_alive_own & NOT opened & href_le1,263,127,0.4829,74/126=58.7%,53/137=38.7%,yizi_today=48.3% | yizi_next_all=19.4% | height{2:89;3:64;4:47;5:27;6:10;7:8;8:5;9:2;10:3;11:1;12:1;13:1;14:2;15:1;16:1;17:1} | themes=46 | dates=131
zt_next,NOT is_mid_2_3 & NOT href_le1,168,81,0.4821,69/135=51.1%,12/33=36.4%,yizi_today=26.2% | yizi_next_all=15.5% | height{4:118;5:34;6:9;7:2;8:3;9:2} | themes=43 | dates=69
zt_next,NOT leader_baoliang & is_new_high,123,59,0.4797,30/55=54.5%,29/68=42.6%,yizi_today=32.5% | yizi_next_all=17.9% | height{3:12;4:32;5:25;6:22;7:15;8:7;9:1;10:3;11:1;12:2;13:1;14:1;15:1} | themes=33 | dates=105
zt_next,NOT theme_alive & is_new_high,190,91,0.4789,50/99=50.5%,41/91=45.1%,yizi_today=28.4% | yizi_next_all=15.3% | height{2:16;3:36;4:32;5:32;6:26;7:21;8:12;9:3;10:1;11:2;12:2;13:2;14:1;15:1;16:1;17:1;18:1} | themes=44 | dates=135
zt_next,NOT opened & href_le1,322,154,0.4783,87/151=57.6%,67/171=39.2%,yizi_today=47.5% | yizi_next_all=19.3% | height{2:112;3:80;4:58;5:29;6:14;7:10;8:6;9:2;10:3;11:1;12:1;13:1;14:2;15:1;16:1;17:1} | themes=59 | dates=144
zt_next,unopened & href_le1,322,154,0.4783,87/151=57.6%,67/171=39.2%,yizi_today=47.5% | yizi_next_all=19.3% | height{2:112;3:80;4:58;5:29;6:14;7:10;8:6;9:2;10:3;11:1;12:1;13:1;14:2;15:1;16:1;17:1} | themes=59 | dates=144
zt_next,NOT leader_absent & NOT opened,722,345,0.4778,214/406=52.7%,131/316=41.5%,yizi_today=44.2% | yizi_next_all=21.1% | height{2:450;3:132;4:62;5:33;6:14;7:11;8:8;9:4;10:1;11:1;12:1;13:1;14:1;15:1;16:1;17:1} | themes=94 | dates=120
zt_next,NOT leader_absent & unopened,722,345,0.4778,214/406=52.7%,131/316=41.5%,yizi_today=44.2% | yizi_next_all=21.1% | height{2:450;3:132;4:62;5:33;6:14;7:11;8:8;9:4;10:1;11:1;12:1;13:1;14:1;15:1;16:1;17:1} | themes=94 | dates=120
zt_next,NOT opened & NOT lag0,722,345,0.4778,214/406=52.7%,131/316=41.5%,yizi_today=44.2% | yizi_next_all=21.1% | height{2:450;3:132;4:62;5:33;6:14;7:11;8:8;9:4;10:1;11:1;12:1;13:1;14:1;15:1;16:1;17:1} | themes=94 | dates=120
zt_next,unopened & NOT lag0,722,345,0.4778,214/406=52.7%,131/316=41.5%,yizi_today=44.2% | yizi_next_all=21.1% | height{2:450;3:132;4:62;5:33;6:14;7:11;8:8;9:4;10:1;11:1;12:1;13:1;14:1;15:1;16:1;17:1} | themes=94 | dates=120
zt_next,NOT opened & NOT is_fanbao & href_le1,313,149,0.4760,86/150=57.3%,63/163=38.7%,yizi_today=48.2% | yizi_next_all=19.5% | height{2:108;3:79;4:56;5:27;6:14;7:10;8:6;9:2;10:3;11:1;12:1;13:1;14:2;15:1;16:1;17:1} | themes=58 | dates=142
zt_next,NOT leader_baoliang & NOT is_mid_2_3,248,118,0.4758,81/158=51.3%,37/90=41.1%,yizi_today=27.4% | yizi_next_all=17.3% | height{4:123;5:58;6:29;7:17;8:9;9:3;10:3;11:1;12:2;13:1;14:1;15:1} | themes=45 | dates=97
zt_next,NOT is_mid_2_3 & NOT same_theme_baoliang,337,160,0.4748,110/221=49.8%,50/116=43.1%,yizi_today=28.8% | yizi_next_all=16.0% | height{4:194;5:72;6:31;7:18;8:10;9:3;10:3;11:1;12:2;13:1;14:1;15:1} | themes=53 | dates=149
zt_next,is_new_high & NOT is_fanbao & NOT own_baoliang,188,89,0.4734,45/82=54.9%,44/106=41.5%,yizi_today=34.6% | yizi_next_all=16.0% | height{2:15;3:46;4:48;5:25;6:22;7:15;8:7;9:1;10:3;11:1;12:2;13:1;14:1;15:1} | themes=42 | dates=137
zt_next,NOT leader_absent & is_new_high & NOT own_baoliang,93,44,0.4731,24/43=55.8%,20/50=40.0%,yizi_today=33.3% | yizi_next_all=18.3% | height{3:4;4:22;5:22;6:16;7:14;8:7;9:1;10:1;11:1;12:2;13:1;14:1;15:1} | themes=29 | dates=84
zt_next,NOT theme_alive & NOT is_mid_2_3,320,151,0.4719,107/222=48.2%,44/98=44.9%,yizi_today=27.2% | yizi_next_all=15.9% | height{4:156;5:72;6:36;7:24;8:15;9:5;10:1;11:2;12:2;13:2;14:1;15:1;16:1;17:1;18:1} | themes=56 | dates=120
zt_next,NOT is_sub_high & NOT is_mid_2_3,391,184,0.4706,123/249=49.4%,61/142=43.0%,yizi_today=29.2% | yizi_next_all=16.1% | height{4:204;5:82;6:45;7:24;8:15;9:5;10:4;11:2;12:2;13:2;14:2;15:1;16:1;17:1;18:1} | themes=56 | dates=178
zt_next,theme_alive_own & NOT opened & NOT is_fanbao,967,455,0.4705,303/569=53.3%,152/398=38.2%,yizi_today=43.7% | yizi_next_all=20.0% | height{2:606;3:185;4:91;5:38;6:15;7:10;8:7;9:4;10:3;11:1;12:1;13:1;14:2;15:1;16:1;17:1} | themes=81 | dates=200
zt_next,NOT leader_absent & NOT opened & NOT own_baoliang,659,310,0.4704,190/368=51.6%,120/291=41.2%,yizi_today=43.6% | yizi_next_all=20.3% | height{2:450;3:107;4:48;5:25;6:11;7:8;8:5;10:1;11:1;12:1;14:1;15:1} | themes=92 | dates=120
zt_next,NOT leader_absent & NOT is_mid_2_3,296,139,0.4696,94/186=50.5%,45/110=40.9%,yizi_today=27.7% | yizi_next_all=15.2% | height{4:142;5:68;6:31;7:23;8:15;9:5;10:1;11:2;12:2;13:2;14:1;15:1;16:1;17:1;18:1} | themes=53 | dates=119
zt_next,NOT is_mid_2_3 & NOT lag0,296,139,0.4696,94/186=50.5%,45/110=40.9%,yizi_today=27.7% | yizi_next_all=15.2% | height{4:142;5:68;6:31;7:23;8:15;9:5;10:1;11:2;12:2;13:2;14:1;15:1;16:1;17:1;18:1} | themes=53 | dates=119
zt_next,NOT theme_alive_own & is_new_high,49,23,0.4694,14/31=45.2%,9/18=50.0%,yizi_today=32.7% | yizi_next_all=16.3% | height{2:1;3:16;4:14;5:4;6:6;7:3;8:3;9:1;18:1} | themes=31 | dates=44
zt_next,is_new_high & NOT theme_alive_own & NOT is_fanbao,49,23,0.4694,14/31=45.2%,9/18=50.0%,yizi_today=32.7% | yizi_next_all=16.3% | height{2:1;3:16;4:14;5:4;6:6;7:3;8:3;9:1;18:1} | themes=31 | dates=44
zt_next,is_new_high & NOT theme_alive_own & href_le1,49,23,0.4694,14/31=45.2%,9/18=50.0%,yizi_today=32.7% | yizi_next_all=16.3% | height{2:1;3:16;4:14;5:4;6:6;7:3;8:3;9:1;18:1} | themes=31 | dates=44
zt_next,NOT leader_absent & NOT is_new_high & NOT opened,655,307,0.4687,193/375=51.5%,114/280=40.7%,yizi_today=42.1% | yizi_next_all=20.2% | height{2:450;3:129;4:49;5:16;6:5;7:2;8:2;9:2} | themes=93 | dates=119
zt_next,NOT height_drop & NOT opened,886,415,0.4684,257/493=52.1%,158/393=40.2%,yizi_today=43.2% | yizi_next_all=20.1% | height{2:558;3:166;4:80;5:35;6:15;7:11;8:8;9:4;10:1;11:1;12:1;13:1;14:2;15:1;16:1;17:1} | themes=101 | dates=148
zt_next,NOT height_drop & unopened,886,415,0.4684,257/493=52.1%,158/393=40.2%,yizi_today=43.2% | yizi_next_all=20.1% | height{2:558;3:166;4:80;5:35;6:15;7:11;8:8;9:4;10:1;11:1;12:1;13:1;14:2;15:1;16:1;17:1} | themes=101 | dates=148
zt_next,NOT leader_absent & NOT opened & NOT href_le1,622,290,0.4662,182/356=51.1%,108/266=40.6%,yizi_today=42.0% | yizi_next_all=20.1% | height{2:446;3:113;4:40;5:12;6:5;7:2;8:2;9:2} | themes=90 | dates=116
zt_next,theme_alive_own & NOT is_mid_2_3,382,178,0.4660,120/243=49.4%,58/139=41.7%,yizi_today=28.8% | yizi_next_all=16.0% | height{4:207;5:82;6:40;7:22;8:12;9:4;10:4;11:2;12:2;13:2;14:2;15:1;16:1;17:1} | themes=49 | dates=169
zt_next,NOT opened & NOT own_baoliang & href_le1,262,122,0.4656,67/116=57.8%,55/146=37.7%,yizi_today=45.4% | yizi_next_all=17.2% | height{2:112;3:61;4:41;5:24;6:8;7:7;8:3;10:2;11:1;12:1;14:1;15:1} | themes=54 | dates=118
zt_next,is_new_high & NOT own_baoliang,200,93,0.4650,45/82=54.9%,48/118=40.7%,yizi_today=33.0% | yizi_next_all=15.5% | height{2:16;3:48;4:54;5:28;6:22;7:15;8:7;9:1;10:3;11:1;12:2;13:1;14:1;15:1} | themes=43 | dates=143
zt_next,is_new_high & NOT own_baoliang & href_le1,200,93,0.4650,45/82=54.9%,48/118=40.7%,yizi_today=33.0% | yizi_next_all=15.5% | height{2:16;3:48;4:54;5:28;6:22;7:15;8:7;9:1;10:3;11:1;12:2;13:1;14:1;15:1} | themes=43 | dates=143
zt_next,theme_alive_own & NOT opened,1014,471,0.4645,305/573=53.2%,166/441=37.6%,yizi_today=42.9% | yizi_next_all=19.3% | height{2:644;3:189;4:93;5:41;6:15;7:10;8:7;9:4;10:3;11:1;12:1;13:1;14:2;15:1;16:1;17:1} | themes=81 | dates=201
zt_next,theme_alive_own & unopened,1014,471,0.4645,305/573=53.2%,166/441=37.6%,yizi_today=42.9% | yizi_next_all=19.3% | height{2:644;3:189;4:93;5:41;6:15;7:10;8:7;9:4;10:3;11:1;12:1;13:1;14:2;15:1;16:1;17:1} | themes=81 | dates=201
zt_next,NOT opened & same_theme_baoliang,97,45,0.4639,30/54=55.6%,15/43=34.9%,yizi_today=55%_not_buyable | wins_are_yizi_next=53% | yizi_today=54.6% | yizi_next_all=24.7% | height{2:33;3:22;4:17;5:5;6:7;7:3;8:3;9:2;10:1;13:1;14:1;16:1;17:1} | themes=27 | dates=60
zt_next,unopened & same_theme_baoliang,97,45,0.4639,30/54=55.6%,15/43=34.9%,yizi_today=55%_not_buyable | wins_are_yizi_next=53% | yizi_today=54.6% | yizi_next_all=24.7% | height{2:33;3:22;4:17;5:5;6:7;7:3;8:3;9:2;10:1;13:1;14:1;16:1;17:1} | themes=27 | dates=60
zt_next,NOT prev_leader_baoliang & NOT is_mid_2_3,246,114,0.4634,75/161=46.6%,39/85=45.9%,yizi_today=29.3% | yizi_next_all=17.1% | height{4:125;5:55;6:29;7:15;8:11;9:1;10:3;11:1;12:1;13:2;14:2;16:1} | themes=52 | dates=94
zt_next,NOT same_theme_broken & is_new_high,296,137,0.4628,65/130=50.0%,72/166=43.4%,yizi_today=29.4% | yizi_next_all=14.5% | height{2:16;3:69;4:79;5:44;6:36;7:22;8:12;9:3;10:3;11:2;12:2;13:2;14:2;15:1;16:1;17:1;18:1} | themes=55 | dates=201
zt_next,leader_absent & theme_alive_own & is_new_high,145,67,0.4621,27/55=49.1%,40/90=44.4%,yizi_today=26.9% | yizi_next_all=13.1% | height{2:15;3:56;4:44;5:12;6:12;7:2;10:3;14:1} | themes=39 | dates=79
zt_next,lag0 & is_new_high & theme_alive_own,145,67,0.4621,27/55=49.1%,40/90=44.4%,yizi_today=26.9% | yizi_next_all=13.1% | height{2:15;3:56;4:44;5:12;6:12;7:2;10:3;14:1} | themes=39 | dates=79
zt_next,leader_absent & is_new_high & theme_alive_own,145,67,0.4621,27/55=49.1%,40/90=44.4%,yizi_today=26.9% | yizi_next_all=13.1% | height{2:15;3:56;4:44;5:12;6:12;7:2;10:3;14:1} | themes=39 | dates=79
zt_next,NOT height_drop & is_new_high,197,91,0.4619,47/97=48.5%,44/100=44.0%,yizi_today=28.4% | yizi_next_all=14.2% | height{3:28;4:55;5:38;6:27;7:20;8:12;9:3;10:2;11:2;12:2;13:2;14:2;15:1;16:1;17:1;18:1} | themes=41 | dates=149
zt_next,is_new_high & NOT is_mid_2_3,223,103,0.4619,54/114=47.4%,49/109=45.0%,yizi_today=31.4% | yizi_next_all=16.6% | height{4:86;5:48;6:36;7:22;8:12;9:3;10:4;11:2;12:2;13:2;14:2;15:1;16:1;17:1;18:1} | themes=42 | dates=178
zt_next,NOT is_sub_high & NOT opened,1040,480,0.4615,301/588=51.2%,179/452=39.6%,yizi_today=43.3% | yizi_next_all=20.3% | height{2:668;3:189;4:94;5:35;6:19;7:12;8:8;9:4;10:3;11:1;12:1;13:1;14:2;15:1;16:1;17:1} | themes=110 | dates=201
zt_next,NOT is_sub_high & unopened,1040,480,0.4615,301/588=51.2%,179/452=39.6%,yizi_today=43.3% | yizi_next_all=20.3% | height{2:668;3:189;4:94;5:35;6:19;7:12;8:8;9:4;10:3;11:1;12:1;13:1;14:2;15:1;16:1;17:1} | themes=110 | dates=201
zt_next,NOT boards_ge5 & NOT opened & own_baoliang,78,36,0.4615,19/44=43.2%,17/34=50.0%,yizi_today=44.9% | yizi_next_all=21.8% | height{3:49;4:29} | themes=31 | dates=69
zt_next,leader_absent & is_new_high & own_baoliang,65,30,0.4615,13/33=39.4%,17/32=53.1%,yizi_today=21.5% | yizi_next_all=13.8% | height{3:27;4:19;5:8;6:8;7:1;10:1;14:1} | themes=33 | dates=51
zt_next,NOT prev_leader_baoliang & NOT opened,644,297,0.4612,190/352=54.0%,107/292=36.6%,yizi_today=43.3% | yizi_next_all=20.5% | height{2:390;3:143;4:50;5:26;6:13;7:7;8:7;9:1;10:2;12:1;13:1;14:2;16:1} | themes=94 | dates=106
zt_next,NOT prev_leader_baoliang & unopened,644,297,0.4612,190/352=54.0%,107/292=36.6%,yizi_today=43.3% | yizi_next_all=20.5% | height{2:390;3:143;4:50;5:26;6:13;7:7;8:7;9:1;10:2;12:1;13:1;14:2;16:1} | themes=94 | dates=106
zt_next,boards_eq3,526,242,0.4601,147/299=49.2%,95/227=41.9%,yizi_today=26.8% | yizi_next_all=11.6% | height{3:526} | themes=85 | dates=193
zt_next,NOT same_theme_broken & NOT opened,1145,526,0.4594,328/639=51.3%,198/506=39.1%,yizi_today=42.3% | yizi_next_all=19.2% | height{2:725;3:222;4:103;5:42;6:19;7:12;8:8;9:4;10:2;11:1;12:1;13:1;14:2;15:1;16:1;17:1} | themes=117 | dates=205
zt_next,NOT same_theme_broken & unopened,1145,526,0.4594,328/639=51.3%,198/506=39.1%,yizi_today=42.3% | yizi_next_all=19.2% | height{2:725;3:222;4:103;5:42;6:19;7:12;8:8;9:4;10:2;11:1;12:1;13:1;14:2;15:1;16:1;17:1} | themes=117 | dates=205
zt_next,leader_absent & is_new_high,172,79,0.4593,34/72=47.2%,45/100=45.0%,yizi_today=28.5% | yizi_next_all=13.4% | height{2:16;3:71;4:51;5:14;6:14;7:2;10:3;14:1} | themes=51 | dates=86
zt_next,is_new_high & lag0,172,79,0.4593,34/72=47.2%,45/100=45.0%,yizi_today=28.5% | yizi_next_all=13.4% | height{2:16;3:71;4:51;5:14;6:14;7:2;10:3;14:1} | themes=51 | dates=86
zt_next,leader_absent & is_new_high & href_le1,172,79,0.4593,34/72=47.2%,45/100=45.0%,yizi_today=28.5% | yizi_next_all=13.4% | height{2:16;3:71;4:51;5:14;6:14;7:2;10:3;14:1} | themes=51 | dates=86
zt_next,is_new_high & theme_alive_own & NOT own_baoliang,170,78,0.4588,36/65=55.4%,42/105=40.0%,yizi_today=31.2% | yizi_next_all=14.7% | height{2:15;3:39;4:43;5:27;6:18;7:13;8:6;10:3;11:1;12:2;13:1;14:1;15:1} | themes=37 | dates=126
zt_next,NOT is_fanbao & NOT opened,1164,534,0.4588,342/667=51.3%,192/497=38.6%,yizi_today=42.9% | yizi_next_all=19.6% | height{2:735;3:227;4:107;5:41;6:19;7:12;8:8;9:4;10:3;11:1;12:1;13:1;14:2;15:1;16:1;17:1} | themes=117 | dates=206
zt_next,NOT is_fanbao & unopened,1164,534,0.4588,342/667=51.3%,192/497=38.6%,yizi_today=42.9% | yizi_next_all=19.6% | height{2:735;3:227;4:107;5:41;6:19;7:12;8:8;9:4;10:3;11:1;12:1;13:1;14:2;15:1;16:1;17:1} | themes=117 | dates=206
zt_next,theme_alive_own & NOT opened & NOT href_le1,751,344,0.4581,231/447=51.7%,113/304=37.2%,yizi_today=41.0% | yizi_next_all=19.3% | height{2:555;3:125;4:46;5:14;6:5;7:2;8:2;9:2} | themes=74 | dates=168
zt_next,leader_absent & is_new_high & NOT own_baoliang,107,49,0.4579,21/39=53.8%,28/68=41.2%,yizi_today=32.7% | yizi_next_all=13.1% | height{2:16;3:44;4:32;5:6;6:6;7:1;10:2} | themes=39 | dates=59
zt_next,NOT is_mid_2_3 & NOT is_fanbao,426,195,0.4577,134/282=47.5%,61/144=42.4%,yizi_today=28.9% | yizi_next_all=15.3% | height{4:228;5:91;6:46;7:25;8:15;9:5;10:4;11:2;12:2;13:2;14:2;15:1;16:1;17:1;18:1} | themes=59 | dates=174
zt_next,NOT theme_alive_own & NOT opened & href_le1,59,27,0.4576,13/25=52.0%,14/34=41.2%,yizi_today=44.1% | yizi_next_all=18.6% | height{2:23;3:16;4:11;5:2;6:4;7:2;8:1} | themes=29 | dates=45
zt_next,leader_absent & is_new_high & NOT is_fanbao,164,75,0.4573,34/72=47.2%,41/92=44.6%,yizi_today=29.9% | yizi_next_all=14.0% | height{2:15;3:67;4:48;5:14;6:14;7:2;10:3;14:1} | themes=51 | dates=86
zt_next,theme_alive_own & NOT opened & NOT own_baoliang,921,421,0.4571,274/520=52.7%,147/401=36.7%,yizi_today=41.8% | yizi_next_all=18.6% | height{2:644;3:150;4:68;5:31;6:10;7:8;8:4;10:2;11:1;12:1;14:1;15:1} | themes=79 | dates=201
zt_next,is_new_high & NOT is_fanbao,300,137,0.4567,69/141=48.9%,68/159=42.8%,yizi_today=30.3% | yizi_next_all=14.3% | height{2:15;3:74;4:77;5:45;6:36;7:22;8:12;9:3;10:4;11:2;12:2;13:2;14:2;15:1;16:1;17:1;18:1} | themes=55 | dates=201
zt_next,is_new_high & NOT is_fanbao & href_le1,300,137,0.4567,69/141=48.9%,68/159=42.8%,yizi_today=30.3% | yizi_next_all=14.3% | height{2:15;3:74;4:77;5:45;6:36;7:22;8:12;9:3;10:4;11:2;12:2;13:2;14:2;15:1;16:1;17:1;18:1} | themes=55 | dates=201
zt_next,NOT height_drop & NOT is_mid_2_3,344,157,0.4564,105/216=48.6%,52/128=40.6%,yizi_today=27.9% | yizi_next_all=15.1% | height{4:178;5:73;6:36;7:23;8:15;9:5;10:2;11:2;12:2;13:2;14:2;15:1;16:1;17:1;18:1} | themes=55 | dates=140
zt_next,NOT same_theme_broken & NOT is_mid_2_3,421,192,0.4561,127/269=47.2%,65/152=42.8%,yizi_today=28.3% | yizi_next_all=15.4% | height{4:225;5:90;6:46;7:25;8:15;9:5;10:3;11:2;12:2;13:2;14:2;15:1;16:1;17:1;18:1} | themes=59 | dates=175
zt_next,NOT leader_absent & is_new_high & NOT is_fanbao,136,62,0.4559,35/69=50.7%,27/67=40.3%,yizi_today=30.9% | yizi_next_all=14.7% | height{3:7;4:29;5:31;6:22;7:20;8:12;9:3;10:1;11:2;12:2;13:2;14:1;15:1;16:1;17:1;18:1} | themes=36 | dates=115
zt_next,NOT is_mid_2_3,439,200,0.4556,134/282=47.5%,66/157=42.0%,yizi_today=28.5% | yizi_next_all=15.3% | height{4:237;5:95;6:46;7:25;8:15;9:5;10:4;11:2;12:2;13:2;14:2;15:1;16:1;17:1;18:1} | themes=59 | dates=178
zt_next,boards_ge4,439,200,0.4556,134/282=47.5%,66/157=42.0%,yizi_today=28.5% | yizi_next_all=15.3% | height{4:237;5:95;6:46;7:25;8:15;9:5;10:4;11:2;12:2;13:2;14:2;15:1;16:1;17:1;18:1} | themes=59 | dates=178
zt_next,prev_leader_baoliang & is_new_high,156,71,0.4551,39/79=49.4%,32/77=41.6%,yizi_today=28.8% | yizi_next_all=10.3% | height{2:7;3:37;4:52;5:24;6:15;7:9;8:3;9:3;10:1;11:1;12:1;15:1;17:1;18:1} | themes=41 | dates=101
zt_next,NOT leader_baoliang & NOT opened,690,314,0.4551,192/364=52.7%,122/326=37.4%,yizi_today=40.0% | yizi_next_all=19.1% | height{2:458;3:111;4:59;5:31;6:11;7:8;8:4;9:2;10:2;11:1;12:1;14:1;15:1} | themes=90 | dates=105
zt_next,NOT leader_baoliang & unopened,690,314,0.4551,192/364=52.7%,122/326=37.4%,yizi_today=40.0% | yizi_next_all=19.1% | height{2:458;3:111;4:59;5:31;6:11;7:8;8:4;9:2;10:2;11:1;12:1;14:1;15:1} | themes=90 | dates=105
zt_next,is_new_high,317,144,0.4543,69/141=48.9%,75/176=42.6%,yizi_today=29.0% | yizi_next_all=13.9% | height{2:16;3:78;4:86;5:48;6:36;7:22;8:12;9:3;10:4;11:2;12:2;13:2;14:2;15:1;16:1;17:1;18:1} | themes=55 | dates=207
zt_next,href0,317,144,0.4543,69/141=48.9%,75/176=42.6%,yizi_today=29.0% | yizi_next_all=13.9% | height{2:16;3:78;4:86;5:48;6:36;7:22;8:12;9:3;10:4;11:2;12:2;13:2;14:2;15:1;16:1;17:1;18:1} | themes=55 | dates=207
zt_next,is_new_high & NOT is_sub_high,317,144,0.4543,69/141=48.9%,75/176=42.6%,yizi_today=29.0% | yizi_next_all=13.9% | height{2:16;3:78;4:86;5:48;6:36;7:22;8:12;9:3;10:4;11:2;12:2;13:2;14:2;15:1;16:1;17:1;18:1} | themes=55 | dates=207
zt_next,is_new_high & href_le1,317,144,0.4543,69/141=48.9%,75/176=42.6%,yizi_today=29.0% | yizi_next_all=13.9% | height{2:16;3:78;4:86;5:48;6:36;7:22;8:12;9:3;10:4;11:2;12:2;13:2;14:2;15:1;16:1;17:1;18:1} | themes=55 | dates=207
zt_next,NOT is_sub_high & href_le1,317,144,0.4543,69/141=48.9%,75/176=42.6%,yizi_today=29.0% | yizi_next_all=13.9% | height{2:16;3:78;4:86;5:48;6:36;7:22;8:12;9:3;10:4;11:2;12:2;13:2;14:2;15:1;16:1;17:1;18:1} | themes=55 | dates=207
zt_next,is_new_high & theme_alive_own & NOT is_fanbao,251,114,0.4542,55/110=50.0%,59/141=41.8%,yizi_today=29.9% | yizi_next_all=13.9% | height{2:14;3:58;4:63;5:41;6:30;7:19;8:9;9:2;10:4;11:2;12:2;13:2;14:2;15:1;16:1;17:1} | themes=44 | dates=180
zt_next,NOT opened,1211,550,0.4542,344/671=51.3%,206/540=38.1%,yizi_today=42.2% | yizi_next_all=19.1% | height{2:773;3:231;4:109;5:44;6:19;7:12;8:8;9:4;10:3;11:1;12:1;13:1;14:2;15:1;16:1;17:1} | themes=117 | dates=206
zt_next,unopened,1211,550,0.4542,344/671=51.3%,206/540=38.1%,yizi_today=42.2% | yizi_next_all=19.1% | height{2:773;3:231;4:109;5:44;6:19;7:12;8:8;9:4;10:3;11:1;12:1;13:1;14:2;15:1;16:1;17:1} | themes=117 | dates=206
zt_next,NOT opened & unopened,1211,550,0.4542,344/671=51.3%,206/540=38.1%,yizi_today=42.2% | yizi_next_all=19.1% | height{2:773;3:231;4:109;5:44;6:19;7:12;8:8;9:4;10:3;11:1;12:1;13:1;14:2;15:1;16:1;17:1} | themes=117 | dates=206
zt_next,NOT leader_absent & NOT boards_ge5 & NOT opened,644,292,0.4534,178/358=49.7%,114/286=39.9%,yizi_today=41.1% | yizi_next_all=19.1% | height{2:450;3:132;4:62} | themes=94 | dates=119
zt_next,NOT prev_leader_baoliang & is_new_high,161,73,0.4534,30/62=48.4%,43/99=43.4%,yizi_today=29.2% | yizi_next_all=17.4% | height{2:9;3:41;4:34;5:24;6:21;7:13;8:9;10:3;11:1;12:1;13:2;14:2;16:1} | themes=43 | dates=106
zt_next,NOT opened & NOT same_theme_baoliang,1114,505,0.4533,314/617=50.9%,191/497=38.4%,yizi_today=41.1% | yizi_next_all=18.6% | height{2:740;3:209;4:92;5:39;6:12;7:9;8:5;9:2;10:2;11:1;12:1;14:1;15:1} | themes=115 | dates=206
zt_next,unopened & NOT same_theme_baoliang,1114,505,0.4533,314/617=50.9%,191/497=38.4%,yizi_today=41.1% | yizi_next_all=18.6% | height{2:740;3:209;4:92;5:39;6:12;7:9;8:5;9:2;10:2;11:1;12:1;14:1;15:1} | themes=115 | dates=206
zt_next,leader_baoliang & NOT opened,521,236,0.4530,152/307=49.5%,84/214=39.3%,yizi_today=45.1% | yizi_next_all=19.0% | height{2:315;3:120;4:50;5:13;6:8;7:4;8:4;9:2;10:1;13:1;14:1;16:1;17:1} | themes=87 | dates=101
zt_next,leader_baoliang & unopened,521,236,0.4530,152/307=49.5%,84/214=39.3%,yizi_today=45.1% | yizi_next_all=19.0% | height{2:315;3:120;4:50;5:13;6:8;7:4;8:4;9:2;10:1;13:1;14:1;16:1;17:1} | themes=87 | dates=101
zt_next,height_drop & NOT is_mid_2_3,95,43,0.4526,29/66=43.9%,14/29=48.3%,yizi_today=30.5% | yizi_next_all=15.8% | height{4:59;5:22;6:10;7:2;10:2} | themes=36 | dates=38
zt_next,NOT opened & NOT is_fanbao & NOT href_le1,851,385,0.4524,256/517=49.5%,129/334=38.6%,yizi_today=40.9% | yizi_next_all=19.6% | height{2:627;3:148;4:51;5:14;6:5;7:2;8:2;9:2} | themes=107 | dates=172
zt_next,NOT opened & NOT is_fanbao & NOT own_baoliang,1058,478,0.4518,305/600=50.8%,173/458=37.8%,yizi_today=41.9% | yizi_next_all=18.8% | height{2:735;3:180;4:78;5:32;6:13;7:9;8:5;10:2;11:1;12:1;14:1;15:1} | themes=112 | dates=206
zt_next,NOT one_price_today & boards_ge5 & NOT opened,31,14,0.4516,9/18=50.0%,5/13=38.5%,yizi_today=0.0% | yizi_next_all=6.5% | height{5:19;6:6;7:3;8:3} | themes=17 | dates=28
zt_next,is_new_high & NOT theme_alive_own & NOT boards_ge5,31,14,0.4516,9/20=45.0%,5/11=45.5%,yizi_today=38.7% | yizi_next_all=16.1% | height{2:1;3:16;4:14} | themes=23 | dates=26
zt_next,theme_alive_own & is_new_high,268,121,0.4515,55/110=50.0%,66/158=41.8%,yizi_today=28.4% | yizi_next_all=13.4% | height{2:15;3:62;4:72;5:44;6:30;7:19;8:9;9:2;10:4;11:2;12:2;13:2;14:2;15:1;16:1;17:1} | themes=44 | dates=186
zt_next,is_new_high & theme_alive_own & href_le1,268,121,0.4515,55/110=50.0%,66/158=41.8%,yizi_today=28.4% | yizi_next_all=13.4% | height{2:15;3:62;4:72;5:44;6:30;7:19;8:9;9:2;10:4;11:2;12:2;13:2;14:2;15:1;16:1;17:1} | themes=44 | dates=186
zt_next,NOT is_new_high & theme_alive_own & NOT opened,889,401,0.4511,269/520=51.7%,132/369=35.8%,yizi_today=40.4% | yizi_next_all=18.2% | height{2:638;3:160;4:59;5:21;6:5;7:2;8:2;9:2} | themes=80 | dates=195
zt_next,NOT leader_absent & NOT own_baoliang & href_le1,142,64,0.4507,33/64=51.6%,31/78=39.7%,yizi_today=31.0% | yizi_next_all=15.5% | height{2:10;3:28;4:33;5:25;6:16;7:15;8:7;9:1;10:1;11:1;12:2;13:1;14:1;15:1} | themes=41 | dates=91
zt_next,NOT height_new_high & NOT opened,1057,475,0.4494,274/541=50.6%,201/516=39.0%,yizi_today=40.8% | yizi_next_all=18.3% | height{2:681;3:204;4:97;5:41;6:16;7:10;8:2;10:2;11:1;12:1;13:1;14:1} | themes=113 | dates=184
zt_next,NOT height_new_high & unopened,1057,475,0.4494,274/541=50.6%,201/516=39.0%,yizi_today=40.8% | yizi_next_all=18.3% | height{2:681;3:204;4:97;5:41;6:16;7:10;8:2;10:2;11:1;12:1;13:1;14:1} | themes=113 | dates=184
zt_next,lag1 & is_new_high & theme_alive_own,69,31,0.4493,13/26=50.0%,18/43=41.9%,yizi_today=29.0% | yizi_next_all=14.5% | height{3:6;4:26;5:22;6:7;7:5;8:1;11:1;15:1} | themes=27 | dates=54
zt_next,NOT is_new_high & NOT is_mid_2_3,216,97,0.4491,80/168=47.6%,17/48=35.4%,yizi_today=25.5% | yizi_next_all=13.9% | height{4:151;5:47;6:10;7:3;8:3;9:2} | themes=48 | dates=95
zt_next,NOT height_new_high & is_new_high,294,132,0.4490,58/124=46.8%,74/170=43.5%,yizi_today=28.6% | yizi_next_all=13.3% | height{2:16;3:78;4:86;5:46;6:35;7:20;8:7;10:2;11:1;12:1;13:1;14:1} | themes=55 | dates=185
zt_next,NOT height_new_high & NOT is_mid_2_3,368,165,0.4484,103/225=45.8%,62/143=43.4%,yizi_today=27.4% | yizi_next_all=13.9% | height{4:210;5:83;6:41;7:21;8:7;10:2;11:1;12:1;13:1;14:1} | themes=58 | dates=156
zt_next,NOT leader_absent & is_new_high,145,65,0.4483,35/69=50.7%,30/76=39.5%,yizi_today=29.7% | yizi_next_all=14.5% | height{3:7;4:35;5:34;6:22;7:20;8:12;9:3;10:1;11:2;12:2;13:2;14:1;15:1;16:1;17:1;18:1} | themes=38 | dates=121
zt_next,is_new_high & NOT lag0,145,65,0.4483,35/69=50.7%,30/76=39.5%,yizi_today=29.7% | yizi_next_all=14.5% | height{3:7;4:35;5:34;6:22;7:20;8:12;9:3;10:1;11:2;12:2;13:2;14:1;15:1;16:1;17:1;18:1} | themes=38 | dates=121
zt_next,NOT leader_absent & is_new_high & href_le1,145,65,0.4483,35/69=50.7%,30/76=39.5%,yizi_today=29.7% | yizi_next_all=14.5% | height{3:7;4:35;5:34;6:22;7:20;8:12;9:3;10:1;11:2;12:2;13:2;14:1;15:1;16:1;17:1;18:1} | themes=38 | dates=121
zt_next,NOT own_baoliang & NOT opened,1102,492,0.4465,307/604=50.8%,185/498=37.1%,yizi_today=41.2% | yizi_next_all=18.2% | height{2:773;3:182;4:80;5:34;6:13;7:9;8:5;10:2;11:1;12:1;14:1;15:1} | themes=112 | dates=206
zt_next,NOT own_baoliang & unopened,1102,492,0.4465,307/604=50.8%,185/498=37.1%,yizi_today=41.2% | yizi_next_all=18.2% | height{2:773;3:182;4:80;5:34;6:13;7:9;8:5;10:2;11:1;12:1;14:1;15:1} | themes=112 | dates=206
zt_next,prev_leader_baoliang & NOT opened,567,253,0.4462,154/319=48.3%,99/248=39.9%,yizi_today=40.9% | yizi_next_all=17.5% | height{2:383;3:88;4:59;5:18;6:6;7:5;8:1;9:3;10:1;11:1;15:1;17:1} | themes=83 | dates=100
zt_next,prev_leader_baoliang & unopened,567,253,0.4462,154/319=48.3%,99/248=39.9%,yizi_today=40.9% | yizi_next_all=17.5% | height{2:383;3:88;4:59;5:18;6:6;7:5;8:1;9:3;10:1;11:1;15:1;17:1} | themes=83 | dates=100
zt_next,theme_alive_own & NOT boards_ge5 & NOT opened,926,413,0.4460,261/511=51.1%,152/415=36.6%,yizi_today=40.3% | yizi_next_all=17.5% | height{2:644;3:189;4:93} | themes=81 | dates=200
zt_next,leader_absent & NOT opened & href_le1,222,99,0.4459,55/101=54.5%,44/121=36.4%,yizi_today=42.8% | yizi_next_all=15.8% | height{2:108;3:61;4:36;5:8;6:5;7:1;10:2;14:1} | themes=54 | dates=68
zt_next,prev_leader_baoliang & NOT is_mid_2_3,193,86,0.4456,59/121=48.8%,27/72=37.5%,yizi_today=27.5% | yizi_next_all=13.0% | height{4:112;5:40;6:17;7:10;8:4;9:4;10:1;11:1;12:1;15:1;17:1;18:1} | themes=42 | dates=84
zt_next,NOT leader_absent & NOT theme_alive_own & NOT opened,101,45,0.4455,21/47=44.7%,24/54=44.4%,yizi_today=38.6% | yizi_next_all=20.8% | height{2:65;3:21;4:6;5:3;6:3;7:2;8:1} | themes=56 | dates=66
zt_next,NOT opened & NOT href_le1,889,396,0.4454,257/520=49.4%,139/369=37.7%,yizi_today=40.3% | yizi_next_all=19.0% | height{2:661;3:151;4:51;5:15;6:5;7:2;8:2;9:2} | themes=107 | dates=172
zt_next,unopened & NOT href_le1,889,396,0.4454,257/520=49.4%,139/369=37.7%,yizi_today=40.3% | yizi_next_all=19.0% | height{2:661;3:151;4:51;5:15;6:5;7:2;8:2;9:2} | themes=107 | dates=172
zt_next,NOT is_new_high & NOT opened & NOT href_le1,889,396,0.4454,257/520=49.4%,139/369=37.7%,yizi_today=40.3% | yizi_next_all=19.0% | height{2:661;3:151;4:51;5:15;6:5;7:2;8:2;9:2} | themes=107 | dates=172
zt_next,NOT is_new_high & NOT opened & NOT is_fanbao,1018,453,0.4450,298/599=49.7%,155/419=37.0%,yizi_today=40.1% | yizi_next_all=18.4% | height{2:728;3:190;4:66;5:23;6:5;7:2;8:2;9:2} | themes=115 | dates=201
zt_next,leader_absent & is_new_high & NOT boards_ge5,138,61,0.4420,21/47=44.7%,40/91=44.0%,yizi_today=28.3% | yizi_next_all=11.6% | height{2:16;3:71;4:51} | themes=49 | dates=55
zt_next,height_drop & is_new_high,120,53,0.4417,22/44=50.0%,31/76=40.8%,yizi_today=30.0% | yizi_next_all=13.3% | height{2:16;3:50;4:31;5:10;6:9;7:2;10:2} | themes=43 | dates=58
zt_next,is_new_high & NOT boards_ge5 & NOT own_baoliang,118,52,0.4407,21/37=56.8%,31/81=38.3%,yizi_today=30.5% | yizi_next_all=11.9% | height{2:16;3:48;4:54} | themes=39 | dates=64
zt_next,NOT opened & NOT own_baoliang & NOT href_le1,840,370,0.4405,240/488=49.2%,130/352=36.9%,yizi_today=39.9% | yizi_next_all=18.6% | height{2:661;3:121;4:39;5:10;6:5;7:2;8:2} | themes=104 | dates=172
zt_next,NOT boards_ge5 & NOT opened & NOT is_fanbao,1069,470,0.4397,295/601=49.1%,175/468=37.4%,yizi_today=40.6% | yizi_next_all=18.0% | height{2:735;3:227;4:107} | themes=117 | dates=205
zt_next,NOT is_new_high & NOT opened,1060,466,0.4396,300/603=49.8%,166/457=36.3%,yizi_today=39.5% | yizi_next_all=17.8% | height{2:766;3:193;4:66;5:24;6:5;7:2;8:2;9:2} | themes=115 | dates=202
zt_next,NOT is_new_high & unopened,1060,466,0.4396,300/603=49.8%,166/457=36.3%,yizi_today=39.5% | yizi_next_all=17.8% | height{2:766;3:193;4:66;5:24;6:5;7:2;8:2;9:2} | themes=115 | dates=202
zt_next,NOT is_mid_2_3 & href_le1,271,119,0.4391,65/147=44.2%,54/124=43.5%,yizi_today=29.9% | yizi_next_all=15.1% | height{4:119;5:61;6:37;7:23;8:12;9:3;10:4;11:2;12:2;13:2;14:2;15:1;16:1;17:1;18:1} | themes=47 | dates=178
zt_next,NOT leader_absent & is_new_high & theme_alive_own,123,54,0.4390,28/55=50.9%,26/68=38.2%,yizi_today=30.1% | yizi_next_all=13.8% | height{3:6;4:28;5:32;6:18;7:17;8:9;9:2;10:1;11:2;12:2;13:2;14:1;15:1;16:1;17:1} | themes=33 | dates=107
zt_next,own_baoliang & theme_alive_own & is_new_high,98,43,0.4388,19/45=42.2%,24/53=45.3%,yizi_today=23.5% | yizi_next_all=11.2% | height{3:23;4:29;5:17;6:12;7:6;8:3;9:2;10:1;11:1;13:1;14:1;16:1;17:1} | themes=33 | dates=87
zt_next,is_new_high & theme_alive_own & own_baoliang,98,43,0.4388,19/45=42.2%,24/53=45.3%,yizi_today=23.5% | yizi_next_all=11.2% | height{3:23;4:29;5:17;6:12;7:6;8:3;9:2;10:1;11:1;13:1;14:1;16:1;17:1} | themes=33 | dates=87
zt_next,lag_1to3 & is_new_high & theme_alive_own,114,50,0.4386,25/49=51.0%,25/65=38.5%,yizi_today=29.8% | yizi_next_all=14.0% | height{3:6;4:27;5:32;6:18;7:16;8:6;9:1;11:1;12:1;13:2;14:1;15:1;16:1;17:1} | themes=32 | dates=98
zt_next,leader_baoliang & is_new_high,194,85,0.4381,39/86=45.3%,46/108=42.6%,yizi_today=26.8% | yizi_next_all=11.3% | height{2:16;3:66;4:54;5:23;6:14;7:7;8:5;9:2;10:1;11:1;13:1;14:1;16:1;17:1;18:1} | themes=50 | dates=102
zt_next,is_new_high & is_mid_2_3,94,41,0.4362,15/27=55.6%,26/67=38.8%,yizi_today=23.4% | yizi_next_all=7.4% | height{2:16;3:78} | themes=39 | dates=29
zt_next,NOT boards_ge5 & NOT opened & href_le1,250,109,0.4360,58/109=53.2%,51/141=36.2%,yizi_today=41.2% | yizi_next_all=14.8% | height{2:112;3:80;4:58} | themes=57 | dates=83
zt_next,is_new_high & own_baoliang,117,51,0.4359,24/59=40.7%,27/58=46.6%,yizi_today=22.2% | yizi_next_all=11.1% | height{3:30;4:32;5:20;6:14;7:7;8:5;9:2;10:1;11:1;13:1;14:1;16:1;17:1;18:1} | themes=41 | dates=100
zt_next,is_new_high & own_baoliang & href_le1,117,51,0.4359,24/59=40.7%,27/58=46.6%,yizi_today=22.2% | yizi_next_all=11.1% | height{3:30;4:32;5:20;6:14;7:7;8:5;9:2;10:1;11:1;13:1;14:1;16:1;17:1;18:1} | themes=41 | dates=100
zt_next,NOT opened & NOT boards_ge5,1113,485,0.4358,297/605=49.1%,188/508=37.0%,yizi_today=39.9% | yizi_next_all=17.4% | height{2:773;3:231;4:109} | themes=117 | dates=205
zt_next,unopened & NOT boards_ge5,1113,485,0.4358,297/605=49.1%,188/508=37.0%,yizi_today=39.9% | yizi_next_all=17.4% | height{2:773;3:231;4:109} | themes=117 | dates=205
zt_next,NOT boards_ge5 & NOT opened & NOT href_le1,863,376,0.4357,239/496=48.2%,137/367=37.3%,yizi_today=39.5% | yizi_next_all=18.2% | height{2:661;3:151;4:51} | themes=107 | dates=172
zt_next,leader_absent & theme_alive_own & NOT opened,393,171,0.4351,112/214=52.3%,59/179=33.0%,yizi_today=39.4% | yizi_next_all=16.5% | height{2:259;3:78;4:37;5:11;6:4;7:1;10:2;14:1} | themes=58 | dates=83
zt_next,height_new_high & theme_alive_own,299,130,0.4348,112/237=47.3%,18/62=29.0%,yizi_today=25.4% | yizi_next_all=15.1% | height{2:168;3:69;4:25;5:8;6:5;7:4;8:7;9:4;10:2;11:1;12:1;13:1;14:1;15:1;16:1;17:1} | themes=43 | dates=22
zt_next,NOT boards_ge5 & NOT opened & NOT own_baoliang,1035,449,0.4338,278/561=49.6%,171/474=36.1%,yizi_today=39.5% | yizi_next_all=17.1% | height{2:773;3:182;4:80} | themes=112 | dates=205
zt_next,NOT theme_alive_own & own_baoliang & NOT href_le1,30,13,0.4333,9/18=50.0%,4/12=33.3%,yizi_today=10.0% | yizi_next_all=10.0% | height{3:21;4:6;5:3} | themes=22 | dates=27
zt_next,NOT is_new_high & NOT opened & NOT own_baoliang,995,431,0.4332,276/560=49.3%,155/435=35.6%,yizi_today=39.0% | yizi_next_all=17.3% | height{2:766;3:155;4:49;5:16;6:5;7:2;8:2} | themes=112 | dates=202
zt_next,NOT is_new_high & NOT boards_ge5 & NOT opened,1025,441,0.4302,278/573=48.5%,163/452=36.1%,yizi_today=38.8% | yizi_next_all=17.2% | height{2:766;3:193;4:66} | themes=115 | dates=201
zt_next,NOT height_drop & same_theme_baoliang,135,58,0.4296,34/78=43.6%,24/57=42.1%,yizi_today=23.7% | yizi_next_all=11.1% | height{2:36;3:26;4:26;5:17;6:11;7:6;8:5;9:2;11:1;13:1;14:1;16:1;17:1;18:1} | themes=32 | dates=67
zt_next,leader_baoliang & NOT is_mid_2_3,191,82,0.4293,53/124=42.7%,29/67=43.3%,yizi_today=29.8% | yizi_next_all=12.6% | height{4:114;5:37;6:17;7:8;8:6;9:2;10:1;11:1;13:1;14:1;16:1;17:1;18:1} | themes=49 | dates=81
zt_next,is_new_high & NOT is_fanbao & own_baoliang,112,48,0.4286,24/59=40.7%,24/53=45.3%,yizi_today=23.2% | yizi_next_all=11.6% | height{3:28;4:29;5:20;6:14;7:7;8:5;9:2;10:1;11:1;13:1;14:1;16:1;17:1;18:1} | themes=41 | dates=98
zt_next,is_mid_2_3 & NOT opened,1004,430,0.4283,263/534=49.3%,167/470=35.5%,yizi_today=38.4% | yizi_next_all=17.0% | height{2:773;3:231} | themes=115 | dates=203
zt_next,is_mid_2_3 & unopened,1004,430,0.4283,263/534=49.3%,167/470=35.5%,yizi_today=38.4% | yizi_next_all=17.0% | height{2:773;3:231} | themes=115 | dates=203
zt_next,leader_absent & NOT is_mid_2_3,143,61,0.4266,40/96=41.7%,21/47=44.7%,yizi_today=30.1% | yizi_next_all=15.4% | height{4:95;5:27;6:15;7:2;10:3;14:1} | themes=42 | dates=59
zt_next,NOT is_mid_2_3 & lag0,143,61,0.4266,40/96=41.7%,21/47=44.7%,yizi_today=30.1% | yizi_next_all=15.4% | height{4:95;5:27;6:15;7:2;10:3;14:1} | themes=42 | dates=59
zt_next,NOT one_price_today & boards_ge5 & NOT href_le1,33,14,0.4242,12/30=40.0%,2/3=66.7%,yizi_today=0.0% | yizi_next_all=12.1% | height{5:27;6:5;8:1} | themes=21 | dates=24
zt_next,leader_absent & theme_alive_own & own_baoliang,111,47,0.4234,24/65=36.9%,23/46=50.0%,yizi_today=18.0% | yizi_next_all=9.0% | height{3:62;4:30;5:9;6:7;7:1;10:1;14:1} | themes=36 | dates=57
zt_next,own_baoliang & same_theme_baoliang,135,57,0.4222,27/69=39.1%,30/66=45.5%,yizi_today=21.5% | yizi_next_all=11.1% | height{3:42;4:37;5:21;6:14;7:7;8:5;9:2;10:1;11:1;13:1;14:1;16:1;17:1;18:1} | themes=41 | dates=100
zt_next,NOT is_sub_high & own_baoliang,297,125,0.4209,72/179=40.2%,53/118=44.9%,yizi_today=16.5% | yizi_next_all=9.8% | height{3:144;4:79;5:34;6:16;7:7;8:6;9:4;10:1;11:1;13:1;14:1;16:1;17:1;18:1} | themes=68 | dates=157
zt_next,leader_absent & NOT opened & NOT is_fanbao,473,199,0.4207,129/264=48.9%,70/209=33.5%,yizi_today=40.2% | yizi_next_all=16.7% | height{2:309;3:98;4:46;5:11;6:5;7:1;10:2;14:1} | themes=83 | dates=86
zt_next,NOT leader_absent & NOT is_fanbao & href_le1,214,90,0.4206,50/106=47.2%,40/108=37.0%,yizi_today=26.6% | yizi_next_all=13.1% | height{2:10;3:50;4:47;5:37;6:22;7:21;8:12;9:3;10:1;11:2;12:2;13:2;14:1;15:1;16:1;17:1;18:1} | themes=47 | dates=120
zt_next,NOT leader_absent & NOT theme_alive_own & href_le1,31,13,0.4194,8/19=42.1%,5/12=41.7%,yizi_today=25.8% | yizi_next_all=12.9% | height{2:1;3:5;4:9;5:4;6:4;7:3;8:3;9:1;18:1} | themes=18 | dates=28
zt_next,leader_absent & NOT opened,489,205,0.4192,130/265=49.1%,75/224=33.5%,yizi_today=39.3% | yizi_next_all=16.2% | height{2:323;3:99;4:47;5:11;6:5;7:1;10:2;14:1} | themes=83 | dates=86
zt_next,leader_absent & unopened,489,205,0.4192,130/265=49.1%,75/224=33.5%,yizi_today=39.3% | yizi_next_all=16.2% | height{2:323;3:99;4:47;5:11;6:5;7:1;10:2;14:1} | themes=83 | dates=86
zt_next,NOT opened & lag0,489,205,0.4192,130/265=49.1%,75/224=33.5%,yizi_today=39.3% | yizi_next_all=16.2% | height{2:323;3:99;4:47;5:11;6:5;7:1;10:2;14:1} | themes=83 | dates=86
zt_next,unopened & lag0,489,205,0.4192,130/265=49.1%,75/224=33.5%,yizi_today=39.3% | yizi_next_all=16.2% | height{2:323;3:99;4:47;5:11;6:5;7:1;10:2;14:1} | themes=83 | dates=86
zt_next,NOT leader_absent & own_baoliang & NOT href_le1,134,56,0.4179,37/90=41.1%,19/44=43.2%,yizi_today=13.4% | yizi_next_all=9.7% | height{3:79;4:38;5:12;6:2;8:1;9:2} | themes=48 | dates=73
zt_next,theme_alive & is_new_high,127,53,0.4173,19/42=45.2%,34/85=40.0%,yizi_today=29.9% | yizi_next_all=11.8% | height{3:42;4:54;5:16;6:10;7:1;10:3;14:1} | themes=42 | dates=72
zt_next,is_new_high & NOT boards_ge5,180,75,0.4167,26/63=41.3%,49/117=41.9%,yizi_today=25.6% | yizi_next_all=10.6% | height{2:16;3:78;4:86} | themes=50 | dates=78
zt_next,is_new_high & NOT boards_ge5 & href_le1,180,75,0.4167,26/63=41.3%,49/117=41.9%,yizi_today=25.6% | yizi_next_all=10.6% | height{2:16;3:78;4:86} | themes=50 | dates=78
zt_next,NOT one_price_today & boards_ge5 & theme_alive_own,113,47,0.4159,31/72=43.1%,16/41=39.0%,yizi_today=0.0% | yizi_next_all=4.4% | height{5:58;6:30;7:14;8:7;10:1;11:1;12:1;13:1} | themes=32 | dates=90
zt_next,NOT one_price_today & theme_alive_own & boards_ge5,113,47,0.4159,31/72=43.1%,16/41=39.0%,yizi_today=0.0% | yizi_next_all=4.4% | height{5:58;6:30;7:14;8:7;10:1;11:1;12:1;13:1} | themes=32 | dates=90
zt_next,height_drop & NOT opened,325,135,0.4154,87/178=48.9%,48/147=32.7%,yizi_today=39.4% | yizi_next_all=16.3% | height{2:215;3:65;4:29;5:9;6:4;7:1;10:2} | themes=74 | dates=58
zt_next,height_drop & unopened,325,135,0.4154,87/178=48.9%,48/147=32.7%,yizi_today=39.4% | yizi_next_all=16.3% | height{2:215;3:65;4:29;5:9;6:4;7:1;10:2} | themes=74 | dates=58
zt_next,NOT leader_absent & href_le1,224,93,0.4152,50/107=46.7%,43/117=36.8%,yizi_today=25.9% | yizi_next_all=12.9% | height{2:10;3:51;4:53;5:40;6:22;7:21;8:12;9:3;10:1;11:2;12:2;13:2;14:1;15:1;16:1;17:1;18:1} | themes=48 | dates=121
zt_next,href_le1 & NOT lag0,224,93,0.4152,50/107=46.7%,43/117=36.8%,yizi_today=25.9% | yizi_next_all=12.9% | height{2:10;3:51;4:53;5:40;6:22;7:21;8:12;9:3;10:1;11:2;12:2;13:2;14:1;15:1;16:1;17:1;18:1} | themes=48 | dates=121
zt_next,NOT leader_absent & theme_alive_own & href_le1,193,80,0.4145,42/88=47.7%,38/105=36.2%,yizi_today=25.9% | yizi_next_all=13.0% | height{2:9;3:46;4:44;5:36;6:18;7:18;8:9;9:2;10:1;11:2;12:2;13:2;14:1;15:1;16:1;17:1} | themes=43 | dates=108
zt_next,H_ge10,344,142,0.4128,135/322=41.9%,7/22=31.8%,yizi_today=25.6% | yizi_next_all=14.0% | height{2:197;3:70;4:37;5:12;6:5;7:2;8:3;9:2;10:4;11:2;12:2;13:2;14:2;15:1;16:1;17:1;18:1} | themes=51 | dates=16
zt_next,theme_alive & NOT is_mid_2_3,119,49,0.4118,27/60=45.0%,22/59=37.3%,yizi_today=31.9% | yizi_next_all=13.4% | height{4:81;5:23;6:10;7:1;10:3;14:1} | themes=38 | dates=58
zt_next,leader_absent & NOT boards_ge5 & NOT opened,469,193,0.4115,119/247=48.2%,74/222=33.3%,yizi_today=38.2% | yizi_next_all=15.1% | height{2:323;3:99;4:47} | themes=83 | dates=86
zt_next,own_baoliang & NOT href_le1,180,74,0.4111,48/120=40.0%,26/60=43.3%,yizi_today=12.8% | yizi_next_all=8.9% | height{3:114;4:47;5:14;6:2;8:1;9:2} | themes=56 | dates=92
zt_next,NOT is_new_high & own_baoliang & NOT href_le1,180,74,0.4111,48/120=40.0%,26/60=43.3%,yizi_today=12.8% | yizi_next_all=8.9% | height{3:114;4:47;5:14;6:2;8:1;9:2} | themes=56 | dates=92
zt_next,height_new_high & leader_baoliang,129,53,0.4109,45/100=45.0%,8/29=27.6%,yizi_today=23.3% | yizi_next_all=14.7% | height{2:71;3:30;4:8;5:6;6:3;7:2;8:3;9:2;11:1;16:1;17:1;18:1} | themes=43 | dates=10
zt_next,NOT leader_baoliang & own_baoliang,129,53,0.4109,36/81=44.4%,17/48=35.4%,yizi_today=12.4% | yizi_next_all=10.1% | height{3:75;4:34;5:15;6:2;8:1;9:2} | themes=44 | dates=67
zt_next,leader_absent & NOT opened & NOT own_baoliang,443,182,0.4108,117/236=49.6%,65/207=31.4%,yizi_today=37.7% | yizi_next_all=15.1% | height{2:323;3:75;4:32;5:9;6:2;7:1;10:1} | themes=78 | dates=86
zt_next,is_new_high & NOT boards_ge5 & NOT is_fanbao,166,68,0.4096,26/63=41.3%,42/103=40.8%,yizi_today=27.7% | yizi_next_all=10.8% | height{2:15;3:74;4:77} | themes=50 | dates=75
zt_next,H_le4 & is_new_high & theme_alive_own,149,61,0.4094,17/43=39.5%,44/106=41.5%,yizi_today=22.8% | yizi_next_all=9.4% | height{2:15;3:62;4:72} | themes=40 | dates=73
zt_next,is_new_high & theme_alive_own & NOT boards_ge5,149,61,0.4094,17/43=39.5%,44/106=41.5%,yizi_today=22.8% | yizi_next_all=9.4% | height{2:15;3:62;4:72} | themes=40 | dates=73
zt_next,is_sub_high & NOT opened,171,70,0.4094,43/83=51.8%,27/88=30.7%,yizi_today=35.7% | yizi_next_all=11.7% | height{2:105;3:42;4:15;5:9} | themes=49 | dates=75
zt_next,is_sub_high & unopened,171,70,0.4094,43/83=51.8%,27/88=30.7%,yizi_today=35.7% | yizi_next_all=11.7% | height{2:105;3:42;4:15;5:9} | themes=49 | dates=75
zt_next,NOT is_new_high & NOT opened & href_le1,171,70,0.4094,43/83=51.8%,27/88=30.7%,yizi_today=35.7% | yizi_next_all=11.7% | height{2:105;3:42;4:15;5:9} | themes=49 | dates=75
zt_next,is_new_high & same_theme_baoliang,137,56,0.4088,27/65=41.5%,29/72=40.3%,yizi_today=21.9% | yizi_next_all=10.9% | height{2:10;3:37;4:35;5:20;6:14;7:7;8:5;9:2;10:1;11:1;13:1;14:1;16:1;17:1;18:1} | themes=41 | dates=102
zt_next,is_mid_2_3 & own_baoliang,186,76,0.4086,40/105=38.1%,36/81=44.4%,yizi_today=12.9% | yizi_next_all=8.1% | height{3:186} | themes=64 | dates=119
zt_next,NOT leader_absent & same_theme_baoliang,93,38,0.4086,21/45=46.7%,17/48=35.4%,yizi_today=24.7% | yizi_next_all=9.7% | height{2:22;3:15;4:17;5:14;6:7;7:6;8:5;9:2;11:1;13:1;16:1;17:1;18:1} | themes=26 | dates=49
zt_next,NOT lag0 & same_theme_baoliang,93,38,0.4086,21/45=46.7%,17/48=35.4%,yizi_today=24.7% | yizi_next_all=9.7% | height{2:22;3:15;4:17;5:14;6:7;7:6;8:5;9:2;11:1;13:1;16:1;17:1;18:1} | themes=26 | dates=49
zt_next,NOT leader_absent & leader_baoliang & same_theme_baoliang,93,38,0.4086,21/45=46.7%,17/48=35.4%,yizi_today=24.7% | yizi_next_all=9.7% | height{2:22;3:15;4:17;5:14;6:7;7:6;8:5;9:2;11:1;13:1;16:1;17:1;18:1} | themes=26 | dates=49
zt_next,NOT height_drop & own_baoliang,267,109,0.4082,66/165=40.0%,43/102=42.2%,yizi_today=14.6% | yizi_next_all=9.4% | height{3:133;4:69;5:31;6:12;7:6;8:6;9:4;11:1;13:1;14:1;16:1;17:1;18:1} | themes=61 | dates=125
zt_next,NOT same_theme_broken & own_baoliang,331,135,0.4079,80/203=39.4%,55/128=43.0%,yizi_today=16.0% | yizi_next_all=9.4% | height{3:168;4:86;5:37;6:17;7:7;8:6;9:4;11:1;13:1;14:1;16:1;17:1;18:1} | themes=71 | dates=155
zt_next,NOT one_price_today & boards_ge5 & own_baoliang,59,24,0.4068,16/40=40.0%,8/19=42.1%,yizi_today=0.0% | yizi_next_all=1.7% | height{5:35;6:13;7:5;8:4;11:1;18:1} | themes=30 | dates=52
zt_next,theme_alive_own & own_baoliang & NOT href_le1,150,61,0.4067,39/102=38.2%,22/48=45.8%,yizi_today=13.3% | yizi_next_all=8.7% | height{3:93;4:41;5:11;6:2;8:1;9:2} | themes=42 | dates=83
zt_next,NOT is_fanbao & own_baoliang & NOT href_le1,175,71,0.4057,48/120=40.0%,23/55=41.8%,yizi_today=12.6% | yizi_next_all=8.6% | height{3:110;4:47;5:13;6:2;8:1;9:2} | themes=56 | dates=90
zt_next,boards_eq4,237,96,0.4051,61/147=41.5%,35/90=38.9%,yizi_today=24.5% | yizi_next_all=11.0% | height{4:237} | themes=54 | dates=139
zt_next,NOT is_mid_2_3 & NOT boards_ge5,237,96,0.4051,61/147=41.5%,35/90=38.9%,yizi_today=24.5% | yizi_next_all=11.0% | height{4:237} | themes=54 | dates=139
zt_next,height_new_high & is_mid_2_3 & theme_alive_own,237,96,0.4051,82/186=44.1%,14/51=27.5%,yizi_today=21.9% | yizi_next_all=12.2% | height{2:168;3:69} | themes=41 | dates=22
zt_next,NOT theme_alive & own_baoliang,252,102,0.4048,67/169=39.6%,35/83=42.2%,yizi_today=15.9% | yizi_next_all=10.3% | height{3:121;4:67;5:28;6:14;7:7;8:6;9:4;11:1;13:1;16:1;17:1;18:1} | themes=59 | dates=114
zt_next,NOT prev_leader_baoliang & own_baoliang,198,80,0.4040,47/121=38.8%,33/77=42.9%,yizi_today=16.2% | yizi_next_all=11.1% | height{3:103;4:48;5:22;6:12;7:3;8:4;9:1;10:1;11:1;13:1;14:1;16:1} | themes=62 | dates=88
zt_next,lag3,250,101,0.4040,74/174=42.5%,27/76=35.5%,yizi_today=22.0% | yizi_next_all=12.0% | height{2:138;3:62;4:20;5:8;6:7;7:7;8:3;9:2;13:1;14:1;17:1} | themes=61 | dates=18
zt_next,NOT leader_absent & is_new_high & own_baoliang,52,21,0.4038,11/26=42.3%,10/26=38.5%,yizi_today=23.1% | yizi_next_all=7.7% | height{3:3;4:13;5:12;6:6;7:6;8:5;9:2;11:1;13:1;16:1;17:1;18:1} | themes=26 | dates=49
zt_next,NOT boards_ge5 & own_baoliang & NOT href_le1,161,65,0.4037,40/103=38.8%,25/58=43.1%,yizi_today=11.8% | yizi_next_all=6.8% | height{3:114;4:47} | themes=55 | dates=90
zt_next,theme_alive_own & boards_ge5 & opened,87,35,0.4023,23/56=41.1%,12/31=38.7%,yizi_today=0.0% | yizi_next_all=4.6% | height{5:41;6:25;7:12;8:5;10:1;11:1;12:1;13:1} | themes=30 | dates=75
zt_next,leader_absent & own_baoliang & href_le1,97,39,0.4021,19/56=33.9%,20/41=48.8%,yizi_today=20.6% | yizi_next_all=11.3% | height{3:49;4:25;5:11;6:9;7:1;10:1;14:1} | themes=41 | dates=58
zt_next,NOT theme_alive_own & NOT opened,197,79,0.4010,39/98=39.8%,40/99=40.4%,yizi_today=38.6% | yizi_next_all=17.8% | height{2:129;3:42;4:16;5:3;6:4;7:2;8:1} | themes=85 | dates=126
zt_next,NOT theme_alive_own & unopened,197,79,0.4010,39/98=39.8%,40/99=40.4%,yizi_today=38.6% | yizi_next_all=17.8% | height{2:129;3:42;4:16;5:3;6:4;7:2;8:1} | themes=85 | dates=126
zt_next,NOT theme_alive_own & NOT opened & NOT is_fanbao,197,79,0.4010,39/98=39.8%,40/99=40.4%,yizi_today=38.6% | yizi_next_all=17.8% | height{2:129;3:42;4:16;5:3;6:4;7:2;8:1} | themes=85 | dates=126
zt_next,NOT theme_alive_own & NOT boards_ge5 & own_baoliang,45,18,0.4000,11/29=37.9%,7/16=43.8%,yizi_today=11.1% | yizi_next_all=11.1% | height{3:34;4:11} | themes=32 | dates=42
zt_next,leader_absent & NOT one_price_today & boards_ge5,35,14,0.4000,10/25=40.0%,4/10=40.0%,yizi_today=0.0% | yizi_next_all=0.0% | height{5:22;6:11;7:1;10:1} | themes=21 | dates=25
zt_next,NOT height_new_high & own_baoliang,303,121,0.3993,69/179=38.5%,52/124=41.9%,yizi_today=14.9% | yizi_next_all=8.6% | height{3:165;4:78;5:33;6:15;7:6;8:3;10:1;13:1;14:1} | themes=66 | dates=147
zt_next,leader_absent & own_baoliang,143,57,0.3986,30/86=34.9%,27/57=47.4%,yizi_today=17.5% | yizi_next_all=9.8% | height{3:84;4:34;5:13;6:9;7:1;10:1;14:1} | themes=52 | dates=64
zt_next,own_baoliang & lag0,143,57,0.3986,30/86=34.9%,27/57=47.4%,yizi_today=17.5% | yizi_next_all=9.8% | height{3:84;4:34;5:13;6:9;7:1;10:1;14:1} | themes=52 | dates=64
zt_next,NOT one_price_today & boards_ge5 & NOT is_fanbao,133,53,0.3985,35/87=40.2%,18/46=39.1%,yizi_today=0.0% | yizi_next_all=4.5% | height{5:68;6:33;7:16;8:10;9:1;10:1;11:1;12:1;13:1;18:1} | themes=38 | dates=100
zt_next,height_drop & NOT leader_baoliang,289,115,0.3979,71/146=48.6%,44/143=30.8%,yizi_today=18.0% | yizi_next_all=10.7% | height{2:201;3:47;4:20;5:13;6:6;7:1;10:1} | themes=69 | dates=23
zt_next,NOT leader_absent & NOT is_fanbao & own_baoliang,209,83,0.3971,54/132=40.9%,29/77=37.7%,yizi_today=14.8% | yizi_next_all=9.1% | height{3:99;4:55;5:26;6:8;7:6;8:6;9:4;11:1;13:1;16:1;17:1;18:1} | themes=55 | dates=100
zt_next,leader_absent & NOT opened & NOT href_le1,267,106,0.3970,75/164=45.7%,31/103=30.1%,yizi_today=36.3% | yizi_next_all=16.5% | height{2:215;3:38;4:11;5:3} | themes=68 | dates=56
zt_next,NOT theme_alive_own & own_baoliang,58,23,0.3966,15/39=38.5%,8/19=42.1%,yizi_today=12.1% | yizi_next_all=10.3% | height{3:34;4:11;5:7;6:2;7:1;8:2;18:1} | themes=35 | dates=52
zt_next,NOT theme_alive_own & NOT is_fanbao & own_baoliang,58,23,0.3966,15/39=38.5%,8/19=42.1%,yizi_today=12.1% | yizi_next_all=10.3% | height{3:34;4:11;5:7;6:2;7:1;8:2;18:1} | themes=35 | dates=52
zt_next,boards_ge5 & href0 & NOT one_price_today,91,36,0.3956,20/48=41.7%,16/43=37.2%,yizi_today=0.0% | yizi_next_all=2.2% | height{5:34;6:27;7:15;8:9;9:1;10:1;11:1;12:1;13:1;18:1} | themes=26 | dates=87
zt_next,NOT one_price_today & is_new_high & boards_ge5,91,36,0.3956,20/48=41.7%,16/43=37.2%,yizi_today=0.0% | yizi_next_all=2.2% | height{5:34;6:27;7:15;8:9;9:1;10:1;11:1;12:1;13:1;18:1} | themes=26 | dates=87
zt_next,own_baoliang,359,142,0.3955,84/219=38.4%,58/140=41.4%,yizi_today=15.9% | yizi_next_all=9.5% | height{3:186;4:92;5:40;6:17;7:7;8:6;9:4;10:1;11:1;13:1;14:1;16:1;17:1;18:1} | themes=73 | dates=167
zt_next,theme_alive_own & own_baoliang,301,119,0.3953,69/180=38.3%,50/121=41.3%,yizi_today=16.6% | yizi_next_all=9.3% | height{3:152;4:81;5:33;6:15;7:6;8:4;9:4;10:1;11:1;13:1;14:1;16:1;17:1} | themes=57 | dates=154
zt_next,NOT leader_absent & own_baoliang,216,85,0.3935,54/133=40.6%,31/83=37.3%,yizi_today=14.8% | yizi_next_all=9.3% | height{3:102;4:58;5:27;6:8;7:6;8:6;9:4;11:1;13:1;16:1;17:1;18:1} | themes=55 | dates=103
zt_next,own_baoliang & NOT lag0,216,85,0.3935,54/133=40.6%,31/83=37.3%,yizi_today=14.8% | yizi_next_all=9.3% | height{3:102;4:58;5:27;6:8;7:6;8:6;9:4;11:1;13:1;16:1;17:1;18:1} | themes=55 | dates=103
zt_next,leader_absent & NOT is_new_high & NOT opened,405,159,0.3926,107/228=46.9%,52/177=29.4%,yizi_today=35.3% | yizi_next_all=14.1% | height{2:316;3:64;4:17;5:8} | themes=79 | dates=83
zt_next,NOT one_price_today & boards_ge5,135,53,0.3926,35/87=40.2%,18/48=37.5%,yizi_today=0.0% | yizi_next_all=4.4% | height{5:70;6:33;7:16;8:10;9:1;10:1;11:1;12:1;13:1;18:1} | themes=38 | dates=102
zt_next,NOT theme_alive_own & NOT opened & NOT own_baoliang,181,71,0.3923,33/84=39.3%,38/97=39.2%,yizi_today=38.1% | yizi_next_all=16.6% | height{2:129;3:32;4:12;5:3;6:3;7:1;8:1} | themes=81 | dates=123
zt_next,NOT is_mid_2_3 & same_theme_baoliang,102,40,0.3922,24/61=39.3%,16/41=39.0%,yizi_today=27.5% | yizi_next_all=12.7% | height{4:43;5:23;6:15;7:7;8:5;9:2;10:1;11:1;13:1;14:1;16:1;17:1;18:1} | themes=33 | dates=81
zt_next,is_new_high & boards_ge5 & opened,74,29,0.3919,18/42=42.9%,11/32=34.4%,yizi_today=0.0% | yizi_next_all=1.4% | height{5:28;6:22;7:12;8:6;9:1;10:1;11:1;12:1;13:1;18:1} | themes=26 | dates=71
zt_next,height_new_high & NOT prev_leader_baoliang,207,81,0.3913,66/143=46.2%,15/64=23.4%,yizi_today=22.7% | yizi_next_all=14.0% | height{2:116;3:52;4:14;5:8;6:3;7:2;8:6;9:1;10:1;11:1;13:1;14:1;16:1} | themes=54 | dates=12
zt_next,leader_absent & own_baoliang & NOT href_le1,46,18,0.3913,11/30=36.7%,7/16=43.8%,yizi_today=10.9% | yizi_next_all=6.5% | height{3:35;4:9;5:2} | themes=25 | dates=19
zt_next,NOT is_fanbao & own_baoliang,348,136,0.3908,84/218=38.5%,52/130=40.0%,yizi_today=16.1% | yizi_next_all=9.5% | height{3:179;4:89;5:39;6:17;7:7;8:6;9:4;10:1;11:1;13:1;14:1;16:1;17:1;18:1} | themes=73 | dates=164
zt_next,NOT leader_absent & NOT is_new_high & own_baoliang,164,64,0.3902,43/107=40.2%,21/57=36.8%,yizi_today=12.2% | yizi_next_all=9.8% | height{3:99;4:45;5:15;6:2;8:1;9:2} | themes=51 | dates=89
zt_next,NOT leader_absent & NOT one_price_today & boards_ge5,100,39,0.3900,25/62=40.3%,14/38=36.8%,yizi_today=0.0% | yizi_next_all=6.0% | height{5:48;6:22;7:15;8:10;9:1;11:1;12:1;13:1;18:1} | themes=34 | dates=77
zt_next,NOT one_price_today & unopened & is_new_high,59,23,0.3898,5/16=31.2%,18/43=41.9%,yizi_today=0.0% | yizi_next_all=11.9% | height{2:4;3:19;4:19;5:6;6:5;7:3;8:3} | themes=30 | dates=47
zt_next,NOT one_price_today & is_new_high & NOT opened,59,23,0.3898,5/16=31.2%,18/43=41.9%,yizi_today=0.0% | yizi_next_all=11.9% | height{2:4;3:19;4:19;5:6;6:5;7:3;8:3} | themes=30 | dates=47
zt_next,theme_alive_own & NOT is_fanbao & own_baoliang,290,113,0.3897,69/179=38.5%,44/111=39.6%,yizi_today=16.9% | yizi_next_all=9.3% | height{3:145;4:78;5:32;6:15;7:6;8:4;9:4;10:1;11:1;13:1;14:1;16:1;17:1} | themes=57 | dates=151
zt_next,NOT leader_absent & height_new_high,329,128,0.3891,116/271=42.8%,12/58=20.7%,yizi_today=23.7% | yizi_next_all=14.0% | height{2:194;3:68;4:25;5:11;6:5;7:4;8:8;9:5;10:1;11:1;12:1;13:1;14:1;15:1;16:1;17:1;18:1} | themes=63 | dates=21
zt_next,height_new_high & NOT theme_alive,329,128,0.3891,116/271=42.8%,12/58=20.7%,yizi_today=23.7% | yizi_next_all=14.0% | height{2:194;3:68;4:25;5:11;6:5;7:4;8:8;9:5;10:1;11:1;12:1;13:1;14:1;15:1;16:1;17:1;18:1} | themes=63 | dates=21
zt_next,height_new_high & NOT lag0,329,128,0.3891,116/271=42.8%,12/58=20.7%,yizi_today=23.7% | yizi_next_all=14.0% | height{2:194;3:68;4:25;5:11;6:5;7:4;8:8;9:5;10:1;11:1;12:1;13:1;14:1;15:1;16:1;17:1;18:1} | themes=63 | dates=21
zt_next,boards_ge5 & opened & NOT own_baoliang,54,21,0.3889,14/35=40.0%,7/19=36.8%,yizi_today=0.0% | yizi_next_all=5.6% | height{5:21;6:16;7:9;8:4;9:1;10:1;12:1;13:1} | themes=23 | dates=47
zt_next,H_ge8,571,222,0.3888,189/457=41.4%,33/114=28.9%,yizi_today=23.1% | yizi_next_all=11.4% | height{2:334;3:106;4:61;5:22;6:9;7:3;8:15;9:5;10:4;11:2;12:2;13:2;14:2;15:1;16:1;17:1;18:1} | themes=69 | dates=31
zt_next,theme_alive & NOT opened,416,161,0.3870,66/150=44.0%,95/266=35.7%,yizi_today=35.6% | yizi_next_all=14.4% | height{2:279;3:82;4:40;5:6;6:5;7:1;10:2;14:1} | themes=73 | dates=71
zt_next,theme_alive & unopened,416,161,0.3870,66/150=44.0%,95/266=35.7%,yizi_today=35.6% | yizi_next_all=14.4% | height{2:279;3:82;4:40;5:6;6:5;7:1;10:2;14:1} | themes=73 | dates=71
zt_next,leader_baoliang & own_baoliang,230,89,0.3870,48/138=34.8%,41/92=44.6%,yizi_today=17.8% | yizi_next_all=9.1% | height{3:111;4:58;5:25;6:15;7:7;8:5;9:2;10:1;11:1;13:1;14:1;16:1;17:1;18:1} | themes=65 | dates=100
zt_next,height_new_high & NOT same_theme_broken,349,135,0.3868,116/271=42.8%,19/78=24.4%,yizi_today=22.9% | yizi_next_all=13.2% | height{2:202;3:76;4:27;5:12;6:5;7:4;8:8;9:5;10:2;11:1;12:1;13:1;14:1;15:1;16:1;17:1;18:1} | themes=65 | dates=22
zt_next,height_drop & NOT theme_alive,282,109,0.3865,79/182=43.4%,30/100=30.0%,yizi_today=21.3% | yizi_next_all=12.4% | height{2:188;3:56;4:21;5:12;6:3;7:2} | themes=65 | dates=25
zt_next,height_new_high & NOT own_baoliang,295,114,0.3864,101/231=43.7%,13/64=20.3%,yizi_today=23.1% | yizi_next_all=12.9% | height{2:203;3:56;4:13;5:5;6:3;7:3;8:5;9:1;10:2;12:1;13:1;14:1;15:1} | themes=62 | dates=22
zt_next,NOT one_price_today & NOT is_new_high & boards_ge5,44,17,0.3864,15/39=38.5%,2/5=40.0%,yizi_today=0.0% | yizi_next_all=9.1% | height{5:36;6:6;7:1;8:1} | themes=26 | dates=32
zt_next,NOT theme_alive & href_le1,399,154,0.3860,95/235=40.4%,59/164=36.0%,yizi_today=24.3% | yizi_next_all=11.0% | height{2:144;3:80;4:58;5:41;6:27;7:22;8:12;9:3;10:1;11:2;12:2;13:2;14:1;15:1;16:1;17:1;18:1} | themes=67 | dates=135
zt_next,NOT theme_alive_own & NOT is_mid_2_3,57,22,0.3860,14/39=35.9%,8/18=44.4%,yizi_today=26.3% | yizi_next_all=10.5% | height{4:30;5:13;6:6;7:3;8:3;9:1;18:1} | themes=30 | dates=52
zt_next,height_new_high & NOT is_sub_high,350,135,0.3857,116/270=43.0%,19/80=23.8%,yizi_today=22.6% | yizi_next_all=13.1% | height{2:203;3:77;4:26;5:12;6:5;7:4;8:8;9:5;10:2;11:1;12:1;13:1;14:1;15:1;16:1;17:1;18:1} | themes=65 | dates=22
zt_next,prev_leader_baoliang & own_baoliang,161,62,0.3851,37/98=37.8%,25/63=39.7%,yizi_today=15.5% | yizi_next_all=7.5% | height{3:83;4:44;5:18;6:5;7:4;8:2;9:3;17:1;18:1} | themes=45 | dates=79
zt_next,NOT theme_alive_own & NOT boards_ge5 & NOT opened,187,72,0.3850,36/94=38.3%,36/93=38.7%,yizi_today=38.0% | yizi_next_all=17.1% | height{2:129;3:42;4:16} | themes=85 | dates=124
zt_next,NOT leader_baoliang & href_le1,291,112,0.3849,55/114=48.2%,57/177=32.2%,yizi_today=21.6% | yizi_next_all=12.4% | height{2:98;3:55;4:50;5:32;6:23;7:16;8:7;9:1;10:3;11:1;12:2;13:1;14:1;15:1} | themes=54 | dates=105
zt_next,height_new_high,351,135,0.3846,116/271=42.8%,19/80=23.8%,yizi_today=22.8% | yizi_next_all=13.1% | height{2:203;3:77;4:27;5:12;6:5;7:4;8:8;9:5;10:2;11:1;12:1;13:1;14:1;15:1;16:1;17:1;18:1} | themes=65 | dates=22
zt_next,NOT height_drop & height_new_high,351,135,0.3846,116/271=42.8%,19/80=23.8%,yizi_today=22.8% | yizi_next_all=13.1% | height{2:203;3:77;4:27;5:12;6:5;7:4;8:8;9:5;10:2;11:1;12:1;13:1;14:1;15:1;16:1;17:1;18:1} | themes=65 | dates=22
zt_next,NOT is_new_high & NOT theme_alive_own & own_baoliang,39,15,0.3846,10/25=40.0%,5/14=35.7%,yizi_today=10.3% | yizi_next_all=10.3% | height{3:27;4:8;5:4} | themes=27 | dates=35
zt_next,href_le1 & same_theme_baoliang,164,63,0.3841,29/75=38.7%,34/89=38.2%,yizi_today=22.0% | yizi_next_all=9.8% | height{2:21;3:46;4:41;5:21;6:14;7:7;8:5;9:2;10:1;11:1;13:1;14:1;16:1;17:1;18:1} | themes=41 | dates=102
zt_next,theme_alive_own & own_baoliang & href_le1,151,58,0.3841,30/78=38.5%,28/73=38.4%,yizi_today=19.9% | yizi_next_all=9.9% | height{3:59;4:40;5:22;6:13;7:6;8:3;9:2;10:1;11:1;13:1;14:1;16:1;17:1} | themes=41 | dates=106
zt_next,NOT theme_alive & NOT is_sub_high,1589,610,0.3839,417/1014=41.1%,193/575=33.6%,yizi_today=20.1% | yizi_next_all=11.5% | height{2:992;3:314;4:130;5:63;6:35;7:23;8:15;9:5;10:1;11:2;12:2;13:2;14:1;15:1;16:1;17:1;18:1} | themes=124 | dates=135
zt_next,NOT theme_alive & same_theme_baoliang,146,56,0.3836,33/83=39.8%,23/63=36.5%,yizi_today=23.3% | yizi_next_all=11.6% | height{2:51;3:28;4:23;5:13;6:12;7:7;8:5;9:2;11:1;13:1;16:1;17:1;18:1} | themes=32 | dates=63
zt_next,is_new_high & opened & own_baoliang,73,28,0.3836,11/35=31.4%,17/38=44.7%,yizi_today=0.0% | yizi_next_all=0.0% | height{3:19;4:20;5:18;6:8;7:4;8:2;11:1;18:1} | themes=34 | dates=65
zt_next,height_new_high & NOT is_fanbao,347,133,0.3833,116/271=42.8%,17/76=22.4%,yizi_today=23.1% | yizi_next_all=13.3% | height{2:201;3:75;4:27;5:12;6:5;7:4;8:8;9:5;10:2;11:1;12:1;13:1;14:1;15:1;16:1;17:1;18:1} | themes=65 | dates=22
zt_next,NOT leader_absent & leader_baoliang & theme_alive_own,452,173,0.3827,105/251=41.8%,68/201=33.8%,yizi_today=22.1% | yizi_next_all=11.1% | height{2:258;3:102;4:45;5:22;6:9;7:6;8:4;9:2;11:1;13:1;16:1;17:1} | themes=63 | dates=49
zt_next,NOT leader_absent & NOT theme_alive,1331,509,0.3824,339/816=41.5%,170/515=33.0%,yizi_today=20.3% | yizi_next_all=11.3% | height{2:809;3:263;4:117;5:58;6:30;7:22;8:15;9:5;10:1;11:2;12:2;13:2;14:1;15:1;16:1;17:1;18:1} | themes=108 | dates=97
zt_next,NOT theme_alive & NOT lag0,1331,509,0.3824,339/816=41.5%,170/515=33.0%,yizi_today=20.3% | yizi_next_all=11.3% | height{2:809;3:263;4:117;5:58;6:30;7:22;8:15;9:5;10:1;11:2;12:2;13:2;14:1;15:1;16:1;17:1;18:1} | themes=108 | dates=97
zt_next,NOT one_price_today & boards_ge5 & href_le1,102,39,0.3824,23/57=40.4%,16/45=35.6%,yizi_today=0.0% | yizi_next_all=2.0% | height{5:43;6:28;7:16;8:9;9:1;10:1;11:1;12:1;13:1;18:1} | themes=29 | dates=92
zt_next,NOT leader_baoliang & NOT theme_alive,1036,396,0.3822,279/652=42.8%,117/384=30.5%,yizi_today=20.0% | yizi_next_all=11.7% | height{2:655;3:188;4:90;5:46;6:22;7:16;8:9;9:3;10:1;11:1;12:2;13:1;14:1;15:1} | themes=100 | dates=72
zt_next,leader_absent & NOT one_price_today & is_new_high,123,47,0.3821,14/44=31.8%,33/79=41.8%,yizi_today=0.0% | yizi_next_all=4.9% | height{2:13;3:55;4:31;5:12;6:10;7:1;10:1} | themes=45 | dates=67
zt_next,NOT same_theme_broken & same_theme_baoliang,212,81,0.3821,43/107=40.2%,38/105=36.2%,yizi_today=22.2% | yizi_next_all=10.4% | height{2:67;3:52;4:38;5:20;6:15;7:7;8:5;9:2;11:1;13:1;14:1;16:1;17:1;18:1} | themes=41 | dates=89
zt_next,NOT one_price_today & boards_ge5 & NOT own_baoliang,76,29,0.3816,19/47=40.4%,10/29=34.5%,yizi_today=0.0% | yizi_next_all=6.6% | height{5:35;6:20;7:11;8:6;9:1;10:1;12:1;13:1} | themes=27 | dates=64
zt_next,NOT is_mid_2_3 & own_baoliang,173,66,0.3815,44/114=38.6%,22/59=37.3%,yizi_today=19.1% | yizi_next_all=11.0% | height{4:92;5:40;6:17;7:7;8:6;9:4;10:1;11:1;13:1;14:1;16:1;17:1;18:1} | themes=47 | dates=118
zt_next,leader_absent & NOT boards_ge5 & own_baoliang,118,45,0.3814,20/66=30.3%,25/52=48.1%,yizi_today=16.9% | yizi_next_all=8.5% | height{3:84;4:34} | themes=47 | dates=57
zt_next,leader_absent & NOT is_fanbao & own_baoliang,139,53,0.3813,30/86=34.9%,23/53=43.4%,yizi_today=18.0% | yizi_next_all=10.1% | height{3:80;4:34;5:13;6:9;7:1;10:1;14:1} | themes=52 | dates=64
zt_next,NOT is_new_high & NOT theme_alive_own & NOT opened,171,65,0.3801,31/83=37.3%,34/88=38.6%,yizi_today=35.1% | yizi_next_all=15.8% | height{2:128;3:33;4:7;5:3} | themes=83 | dates=117
zt_next,NOT prev_leader_baoliang & NOT theme_alive,984,374,0.3801,267/641=41.7%,107/343=31.2%,yizi_today=20.5% | yizi_next_all=11.7% | height{2:592;3:213;4:85;5:40;6:21;7:15;8:11;9:1;11:1;12:1;13:2;14:1;16:1} | themes=104 | dates=72
zt_next,NOT theme_alive & NOT is_fanbao,1745,663,0.3799,460/1145=40.2%,203/600=33.8%,yizi_today=20.5% | yizi_next_all=11.3% | height{2:1081;3:350;4:154;5:68;6:36;7:24;8:15;9:5;10:1;11:2;12:2;13:2;14:1;15:1;16:1;17:1;18:1} | themes=132 | dates=135
zt_next,own_baoliang & href_le1,179,68,0.3799,36/99=36.4%,32/80=40.0%,yizi_today=19.0% | yizi_next_all=10.1% | height{3:72;4:45;5:26;6:15;7:7;8:5;9:2;10:1;11:1;13:1;14:1;16:1;17:1;18:1} | themes=52 | dates=119
zt_next,theme_alive_own & NOT theme_alive,1486,564,0.3795,392/962=40.7%,172/524=32.8%,yizi_today=20.9% | yizi_next_all=11.4% | height{2:914;3:292;4:138;5:63;6:31;7:21;8:12;9:4;10:1;11:2;12:2;13:2;14:1;15:1;16:1;17:1} | themes=90 | dates=135
zt_next,own_baoliang & NOT same_theme_baoliang,224,85,0.3795,57/150=38.0%,28/74=37.8%,yizi_today=12.5% | yizi_next_all=8.5% | height{3:144;4:55;5:19;6:3;8:1;9:2} | themes=61 | dates=120
zt_next,NOT leader_absent & theme_alive_own & own_baoliang,190,72,0.3789,45/115=39.1%,27/75=36.0%,yizi_today=15.8% | yizi_next_all=9.5% | height{3:90;4:51;5:24;6:8;7:5;8:4;9:4;11:1;13:1;16:1;17:1} | themes=48 | dates=97
zt_next,boards_ge5 & opened & NOT is_fanbao,103,39,0.3786,26/69=37.7%,13/34=38.2%,yizi_today=0.0% | yizi_next_all=3.9% | height{5:50;6:27;7:13;8:7;9:1;10:1;11:1;12:1;13:1;18:1} | themes=35 | dates=82
zt_next,NOT leader_absent & theme_alive_own & NOT is_fanbao,1311,496,0.3783,317/759=41.8%,179/552=32.4%,yizi_today=20.6% | yizi_next_all=11.3% | height{2:814;3:250;4:118;5:55;6:27;7:20;8:12;9:4;10:1;11:2;12:2;13:2;14:1;15:1;16:1;17:1} | themes=86 | dates=121
zt_next,NOT prev_leader_baoliang & same_theme_baoliang,119,45,0.3782,22/50=44.0%,23/69=33.3%,yizi_today=19.3% | yizi_next_all=13.4% | height{2:40;3:33;4:13;5:12;6:9;7:3;8:4;10:1;11:1;13:1;14:1;16:1} | themes=32 | dates=51
zt_next,NOT theme_alive_own & NOT opened & NOT href_le1,138,52,0.3768,26/73=35.6%,26/65=40.0%,yizi_today=36.2% | yizi_next_all=17.4% | height{2:106;3:26;4:5;5:1} | themes=76 | dates=98
zt_next,height_new_high & NOT href_le1,327,123,0.3761,105/253=41.5%,18/74=24.3%,yizi_today=21.7% | yizi_next_all=12.5% | height{2:203;3:77;4:26;5:10;6:4;7:2;8:3;9:2} | themes=65 | dates=22
zt_next,NOT is_new_high & own_baoliang,242,91,0.3760,60/160=37.5%,31/82=37.8%,yizi_today=12.8% | yizi_next_all=8.7% | height{3:156;4:60;5:20;6:3;8:1;9:2} | themes=62 | dates=125
zt_next,NOT is_fanbao & own_baoliang & href_le1,173,65,0.3757,36/98=36.7%,29/75=38.7%,yizi_today=19.7% | yizi_next_all=10.4% | height{3:69;4:42;5:26;6:15;7:7;8:5;9:2;10:1;11:1;13:1;14:1;16:1;17:1;18:1} | themes=52 | dates=117
zt_next,height_new_high & NOT is_new_high,328,123,0.3750,105/254=41.3%,18/74=24.3%,yizi_today=22.0% | yizi_next_all=12.5% | height{2:203;3:77;4:27;5:10;6:4;7:2;8:3;9:2} | themes=65 | dates=22
zt_next,height_new_high & prev_leader_baoliang,144,54,0.3750,50/128=39.1%,4/16=25.0%,yizi_today=22.9% | yizi_next_all=11.8% | height{2:87;3:25;4:13;5:4;6:2;7:2;8:2;9:4;10:1;12:1;15:1;17:1;18:1} | themes=43 | dates=10
zt_next,opened & boards_ge5,104,39,0.3750,26/69=37.7%,13/35=37.1%,yizi_today=0.0% | yizi_next_all=3.8% | height{5:51;6:27;7:13;8:7;9:1;10:1;11:1;12:1;13:1;18:1} | themes=35 | dates=83
zt_next,NOT unopened & boards_ge5,104,39,0.3750,26/69=37.7%,13/35=37.1%,yizi_today=0.0% | yizi_next_all=3.8% | height{5:51;6:27;7:13;8:7;9:1;10:1;11:1;12:1;13:1;18:1} | themes=35 | dates=83
zt_next,NOT one_price_today & boards_ge5 & opened,104,39,0.3750,26/69=37.7%,13/35=37.1%,yizi_today=0.0% | yizi_next_all=3.8% | height{5:51;6:27;7:13;8:7;9:1;10:1;11:1;12:1;13:1;18:1} | themes=35 | dates=83
zt_next,leader_absent & is_new_high & opened,88,33,0.3750,11/35=31.4%,22/53=41.5%,yizi_today=0.0% | yizi_next_all=1.1% | height{2:9;3:36;4:21;5:11;6:9;7:1;10:1} | themes=37 | dates=55
zt_next,boards_ge5 & opened & href_le1,80,30,0.3750,19/48=39.6%,11/32=34.4%,yizi_today=0.0% | yizi_next_all=1.2% | height{5:32;6:23;7:13;8:6;9:1;10:1;11:1;12:1;13:1;18:1} | themes=28 | dates=74
zt_next,height_new_high & own_baoliang,56,21,0.3750,15/40=37.5%,6/16=37.5%,yizi_today=21.4% | yizi_next_all=14.3% | height{3:21;4:14;5:7;6:2;7:1;8:3;9:4;11:1;16:1;17:1;18:1} | themes=25 | dates=20
zt_next,NOT is_new_high & theme_alive_own & own_baoliang,203,76,0.3744,50/135=37.0%,26/68=38.2%,yizi_today=13.3% | yizi_next_all=8.4% | height{3:129;4:52;5:16;6:3;8:1;9:2} | themes=50 | dates=111
zt_next,NOT theme_alive,1798,673,0.3743,462/1150=40.2%,211/648=32.6%,yizi_today=20.2% | yizi_next_all=11.0% | height{2:1120;3:358;4:156;5:72;6:36;7:24;8:15;9:5;10:1;11:2;12:2;13:2;14:1;15:1;16:1;17:1;18:1} | themes=132 | dates=135
zt_next,NOT theme_alive & NOT same_theme_broken,1793,671,0.3742,460/1145=40.2%,211/648=32.6%,yizi_today=20.2% | yizi_next_all=11.0% | height{2:1117;3:357;4:156;5:71;6:36;7:24;8:15;9:5;10:1;11:2;12:2;13:2;14:1;15:1;16:1;17:1;18:1} | themes=132 | dates=135
zt_next,NOT leader_absent & NOT prev_leader_baoliang,818,306,0.3741,207/500=41.4%,99/318=31.1%,yizi_today=21.0% | yizi_next_all=11.0% | height{2:494;3:171;4:67;5:35;6:19;7:14;8:11;9:1;11:1;12:1;13:2;14:1;16:1} | themes=92 | dates=58
zt_next,NOT prev_leader_baoliang & NOT lag0,818,306,0.3741,207/500=41.4%,99/318=31.1%,yizi_today=21.0% | yizi_next_all=11.0% | height{2:494;3:171;4:67;5:35;6:19;7:14;8:11;9:1;11:1;12:1;13:2;14:1;16:1} | themes=92 | dates=58
zt_next,NOT prev_leader_baoliang & href_le1,345,129,0.3739,58/139=41.7%,71/206=34.5%,yizi_today=22.3% | yizi_next_all=12.2% | height{2:116;3:89;4:51;5:34;6:22;7:14;8:9;10:3;11:1;12:1;13:2;14:2;16:1} | themes=66 | dates=106
zt_next,NOT leader_absent & NOT is_fanbao,1570,587,0.3739,370/896=41.3%,217/674=32.2%,yizi_today=19.7% | yizi_next_all=10.8% | height{2:982;3:302;4:136;5:64;6:31;7:23;8:15;9:5;10:1;11:2;12:2;13:2;14:1;15:1;16:1;17:1;18:1} | themes=118 | dates=121
zt_next,NOT is_fanbao & NOT lag0,1570,587,0.3739,370/896=41.3%,217/674=32.2%,yizi_today=19.7% | yizi_next_all=10.8% | height{2:982;3:302;4:136;5:64;6:31;7:23;8:15;9:5;10:1;11:2;12:2;13:2;14:1;15:1;16:1;17:1;18:1} | themes=118 | dates=121
zt_next,theme_alive & own_baoliang,107,40,0.3738,17/50=34.0%,23/57=40.4%,yizi_today=15.9% | yizi_next_all=7.5% | height{3:65;4:25;5:12;6:3;10:1;14:1} | themes=45 | dates=53
zt_next,NOT one_price_today & is_new_high & own_baoliang,91,34,0.3736,12/44=27.3%,22/47=46.8%,yizi_today=0.0% | yizi_next_all=2.2% | height{3:26;4:26;5:19;6:10;7:5;8:3;11:1;18:1} | themes=39 | dates=79
zt_next,NOT theme_alive & NOT same_theme_baoliang,1652,617,0.3735,429/1067=40.2%,188/585=32.1%,yizi_today=19.9% | yizi_next_all=11.0% | height{2:1069;3:330;4:133;5:59;6:24;7:17;8:10;9:3;10:1;11:1;12:2;13:1;14:1;15:1} | themes=132 | dates=135
zt_next,NOT is_new_high & NOT is_fanbao & own_baoliang,236,88,0.3729,60/159=37.7%,28/77=36.4%,yizi_today=12.7% | yizi_next_all=8.5% | height{3:151;4:60;5:19;6:3;8:1;9:2} | themes=62 | dates=124
zt_next,NOT leader_absent & NOT same_theme_broken,1576,587,0.3725,359/873=41.1%,228/703=32.4%,yizi_today=19.5% | yizi_next_all=10.7% | height{2:994;3:295;4:136;5:65;6:31;7:23;8:15;9:5;10:1;11:2;12:2;13:2;14:1;15:1;16:1;17:1;18:1} | themes=119 | dates=121
zt_next,NOT same_theme_broken & NOT lag0,1576,587,0.3725,359/873=41.1%,228/703=32.4%,yizi_today=19.5% | yizi_next_all=10.7% | height{2:994;3:295;4:136;5:65;6:31;7:23;8:15;9:5;10:1;11:2;12:2;13:2;14:1;15:1;16:1;17:1;18:1} | themes=119 | dates=121
zt_next,NOT height_drop & NOT theme_alive,1516,564,0.3720,383/968=39.6%,181/548=33.0%,yizi_today=20.0% | yizi_next_all=10.8% | height{2:932;3:302;4:135;5:60;6:33;7:22;8:15;9:5;10:1;11:2;12:2;13:2;14:1;15:1;16:1;17:1;18:1} | themes=120 | dates=110
zt_next,NOT leader_absent & leader_baoliang,554,206,0.3718,122/312=39.1%,84/242=34.7%,yizi_today=20.9% | yizi_next_all=10.8% | height{2:324;3:123;4:53;5:25;6:9;7:7;8:6;9:2;11:1;13:1;16:1;17:1;18:1} | themes=87 | dates=49
zt_next,leader_baoliang & NOT lag0,554,206,0.3718,122/312=39.1%,84/242=34.7%,yizi_today=20.9% | yizi_next_all=10.8% | height{2:324;3:123;4:53;5:25;6:9;7:7;8:6;9:2;11:1;13:1;16:1;17:1;18:1} | themes=87 | dates=49
zt_next,NOT is_sub_high & same_theme_baoliang,218,81,0.3716,46/118=39.0%,35/100=35.0%,yizi_today=21.6% | yizi_next_all=11.0% | height{2:72;3:51;4:37;5:22;6:15;7:7;8:5;9:2;10:1;11:1;13:1;14:1;16:1;17:1;18:1} | themes=41 | dates=102
zt_next,NOT leader_absent & theme_alive_own,1379,512,0.3713,318/763=41.7%,194/616=31.5%,yizi_today=20.3% | yizi_next_all=10.9% | height{2:865;3:257;4:124;5:59;6:27;7:20;8:12;9:4;10:1;11:2;12:2;13:2;14:1;15:1;16:1;17:1} | themes=87 | dates=121
zt_next,theme_alive_own & NOT lag0,1379,512,0.3713,318/763=41.7%,194/616=31.5%,yizi_today=20.3% | yizi_next_all=10.9% | height{2:865;3:257;4:124;5:59;6:27;7:20;8:12;9:4;10:1;11:2;12:2;13:2;14:1;15:1;16:1;17:1} | themes=87 | dates=121
zt_next,NOT height_new_high & NOT theme_alive,1469,545,0.3710,346/879=39.4%,199/590=33.7%,yizi_today=19.4% | yizi_next_all=10.3% | height{2:926;3:290;4:131;5:61;6:31;7:20;8:7;11:1;12:1;13:1} | themes=124 | dates=114
zt_next,NOT theme_alive & NOT href_le1,1399,519,0.3710,367/915=40.1%,152/484=31.4%,yizi_today=19.0% | yizi_next_all=11.0% | height{2:976;3:278;4:98;5:31;6:9;7:2;8:3;9:2} | themes=122 | dates=120
zt_next,is_new_high & NOT boards_ge5 & own_baoliang,62,23,0.3710,5/26=19.2%,18/36=50.0%,yizi_today=16.1% | yizi_next_all=8.1% | height{3:30;4:32} | themes=34 | dates=47
zt_next,solo_leader,2075,769,0.3706,497/1200=41.4%,272/875=31.1%,yizi_today=19.5% | yizi_next_all=10.6% | height{2:1328;3:394;4:169;5:83;6:40;7:25;8:15;9:5;10:4;11:2;12:2;13:2;14:2;15:1;16:1;17:1;18:1} | themes=137 | dates=152
zt_next,NOT leader_absent & NOT is_fanbao & NOT own_baoliang,1361,504,0.3703,316/764=41.4%,188/597=31.5%,yizi_today=20.4% | yizi_next_all=11.1% | height{2:982;3:203;4:81;5:38;6:23;7:17;8:9;9:1;10:1;11:1;12:2;13:1;14:1;15:1} | themes=117 | dates=121
zt_next,lag_1to3,1464,542,0.3702,322/775=41.5%,220/689=31.9%,yizi_today=19.2% | yizi_next_all=10.5% | height{2:930;3:278;4:123;5:64;6:30;7:20;8:9;9:2;11:1;12:1;13:2;14:1;15:1;16:1;17:1} | themes=115 | dates=109
zt_next,NOT leader_absent & theme_alive_own & NOT own_baoliang,1189,440,0.3701,273/648=42.1%,167/541=30.9%,yizi_today=21.0% | yizi_next_all=11.2% | height{2:865;3:167;4:73;5:35;6:19;7:15;8:8;10:1;11:1;12:2;13:1;14:1;15:1} | themes=85 | dates=121
zt_next,NOT one_price_today & is_new_high & theme_alive_own,192,71,0.3698,23/69=33.3%,48/123=39.0%,yizi_today=0.0% | yizi_next_all=3.6% | height{2:13;3:47;4:55;5:30;6:24;7:13;8:6;10:1;11:1;12:1;13:1} | themes=40 | dates=138
zt_next,NOT leader_baoliang & prev_leader_baoliang,706,261,0.3697,149/328=45.4%,112/378=29.6%,yizi_today=17.0% | yizi_next_all=9.5% | height{2:505;3:101;4:52;5:22;6:11;7:6;8:3;9:2;10:1;11:1;12:1;15:1} | themes=90 | dates=50
zt_next,NOT is_legacy_near,1775,656,0.3696,440/1105=39.8%,216/670=32.2%,yizi_today=19.3% | yizi_next_all=10.3% | height{2:1128;3:332;4:154;5:71;6:35;7:22;8:14;9:4;10:3;11:2;12:2;13:2;14:2;15:1;16:1;17:1;18:1} | themes=129 | dates=198
zt_next,height_new_high & NOT leader_baoliang,222,82,0.3694,71/171=41.5%,11/51=21.6%,yizi_today=22.5% | yizi_next_all=12.2% | height{2:132;3:47;4:19;5:6;6:2;7:2;8:5;9:3;10:2;12:1;13:1;14:1;15:1} | themes=53 | dates=12
zt_next,NOT theme_alive & NOT own_baoliang,1546,571,0.3693,395/981=40.3%,176/565=31.2%,yizi_today=20.9% | yizi_next_all=11.1% | height{2:1120;3:237;4:89;5:44;6:22;7:17;8:9;9:1;10:1;11:1;12:2;13:1;14:1;15:1} | themes=131 | dates=135
zt_next,NOT same_theme_broken & NOT is_sub_high,2207,815,0.3693,493/1231=40.0%,322/976=33.0%,yizi_today=19.3% | yizi_next_all=10.6% | height{2:1422;3:411;4:193;5:77;6:45;7:24;8:15;9:5;10:3;11:2;12:2;13:2;14:2;15:1;16:1;17:1;18:1} | themes=142 | dates=206
zt_next,theme_alive_own & NOT is_sub_high,1945,718,0.3692,442/1081=40.9%,276/864=31.9%,yizi_today=19.7% | yizi_next_all=10.7% | height{2:1254;3:349;4:179;5:72;6:39;7:21;8:12;9:4;10:4;11:2;12:2;13:2;14:2;15:1;16:1;17:1} | themes=99 | dates=204
zt_next,is_new_high & NOT one_price_today,225,83,0.3689,30/89=33.7%,53/136=39.0%,yizi_today=0.0% | yizi_next_all=4.0% | height{2:13;3:59;4:62;5:34;6:27;7:15;8:9;9:1;10:1;11:1;12:1;13:1;18:1} | themes=52 | dates=154
zt_next,NOT one_price_today & is_new_high & href_le1,225,83,0.3689,30/89=33.7%,53/136=39.0%,yizi_today=0.0% | yizi_next_all=4.0% | height{2:13;3:59;4:62;5:34;6:27;7:15;8:9;9:1;10:1;11:1;12:1;13:1;18:1} | themes=52 | dates=154
zt_next,NOT leader_absent & NOT is_sub_high,1559,575,0.3688,356/862=41.3%,219/697=31.4%,yizi_today=19.5% | yizi_next_all=10.6% | height{2:1023;3:265;4:124;5:62;6:31;7:22;8:15;9:5;10:1;11:2;12:2;13:2;14:1;15:1;16:1;17:1;18:1} | themes=117 | dates=121
zt_next,NOT is_sub_high & NOT lag0,1559,575,0.3688,356/862=41.3%,219/697=31.4%,yizi_today=19.5% | yizi_next_all=10.6% | height{2:1023;3:265;4:124;5:62;6:31;7:22;8:15;9:5;10:1;11:2;12:2;13:2;14:1;15:1;16:1;17:1;18:1} | themes=117 | dates=121
zt_next,NOT is_sub_high & NOT is_fanbao,2232,822,0.3683,517/1288=40.1%,305/944=32.3%,yizi_today=19.7% | yizi_next_all=10.7% | height{2:1440;3:414;4:195;5:78;6:45;7:24;8:15;9:5;10:4;11:2;12:2;13:2;14:2;15:1;16:1;17:1;18:1} | themes=142 | dates=207
zt_next,NOT leader_absent,1638,603,0.3681,371/900=41.2%,232/738=31.4%,yizi_today=19.5% | yizi_next_all=10.6% | height{2:1033;3:309;4:142;5:68;6:31;7:23;8:15;9:5;10:1;11:2;12:2;13:2;14:1;15:1;16:1;17:1;18:1} | themes=119 | dates=121
zt_next,NOT lag0,1638,603,0.3681,371/900=41.2%,232/738=31.4%,yizi_today=19.5% | yizi_next_all=10.6% | height{2:1033;3:309;4:142;5:68;6:31;7:23;8:15;9:5;10:1;11:2;12:2;13:2;14:1;15:1;16:1;17:1;18:1} | themes=119 | dates=121
zt_next,NOT leader_absent & NOT height_drop,1638,603,0.3681,371/900=41.2%,232/738=31.4%,yizi_today=19.5% | yizi_next_all=10.6% | height{2:1033;3:309;4:142;5:68;6:31;7:23;8:15;9:5;10:1;11:2;12:2;13:2;14:1;15:1;16:1;17:1;18:1} | themes=119 | dates=121
zt_next,NOT leader_absent & NOT lag0,1638,603,0.3681,371/900=41.2%,232/738=31.4%,yizi_today=19.5% | yizi_next_all=10.6% | height{2:1033;3:309;4:142;5:68;6:31;7:23;8:15;9:5;10:1;11:2;12:2;13:2;14:1;15:1;16:1;17:1;18:1} | themes=119 | dates=121
zt_next,NOT height_drop & NOT lag0,1638,603,0.3681,371/900=41.2%,232/738=31.4%,yizi_today=19.5% | yizi_next_all=10.6% | height{2:1033;3:309;4:142;5:68;6:31;7:23;8:15;9:5;10:1;11:2;12:2;13:2;14:1;15:1;16:1;17:1;18:1} | themes=119 | dates=121
zt_next,NOT leader_baoliang & NOT is_fanbao,1448,533,0.3681,331/776=42.7%,202/672=30.1%,yizi_today=18.4% | yizi_next_all=10.6% | height{2:953;3:255;4:119;5:54;6:29;7:17;8:9;9:3;10:3;11:1;12:2;13:1;14:1;15:1} | themes=122 | dates=105
zt_next,prev_leader_baoliang & NOT is_sub_high,1050,386,0.3676,224/572=39.2%,162/478=33.9%,yizi_today=19.1% | yizi_next_all=9.7% | height{2:714;3:162;4:96;5:37;6:17;7:10;8:4;9:4;10:1;11:1;12:1;15:1;17:1;18:1} | themes=112 | dates=101
zt_next,prev_leader_baoliang & NOT theme_alive,814,299,0.3673,195/509=38.3%,104/305=34.1%,yizi_today=19.8% | yizi_next_all=10.2% | height{2:528;3:145;4:71;5:32;6:15;7:9;8:4;9:4;10:1;11:1;12:1;15:1;17:1;18:1} | themes=101 | dates=63
zt_next,own_baoliang & NOT boards_ge5,278,102,0.3669,54/162=33.3%,48/116=41.4%,yizi_today=12.6% | yizi_next_all=7.2% | height{3:186;4:92} | themes=72 | dates=148
zt_next,NOT leader_baoliang & NOT is_sub_high,1358,498,0.3667,307/719=42.7%,191/639=29.9%,yizi_today=18.6% | yizi_next_all=10.4% | height{2:918;3:219;4:105;5:51;6:28;7:16;8:9;9:3;10:3;11:1;12:2;13:1;14:1;15:1} | themes=118 | dates=105
zt_next,NOT leader_absent & NOT is_fanbao & NOT href_le1,1356,497,0.3665,320/790=40.5%,177/566=31.3%,yizi_today=18.6% | yizi_next_all=10.5% | height{2:972;3:252;4:89;5:27;6:9;7:2;8:3;9:2} | themes=114 | dates=118
zt_next,opened & own_baoliang & NOT href_le1,131,48,0.3664,31/88=35.2%,17/43=39.5%,yizi_today=0.0% | yizi_next_all=2.3% | height{3:84;4:35;5:9;6:2;8:1} | themes=50 | dates=74
zt_next,NOT leader_absent & NOT leader_baoliang,1084,397,0.3662,249/588=42.3%,148/496=29.8%,yizi_today=18.7% | yizi_next_all=10.4% | height{2:709;3:186;4:89;5:43;6:22;7:16;8:9;9:3;10:1;11:1;12:2;13:1;14:1;15:1} | themes=101 | dates=72
zt_next,NOT leader_baoliang & NOT lag0,1084,397,0.3662,249/588=42.3%,148/496=29.8%,yizi_today=18.7% | yizi_next_all=10.4% | height{2:709;3:186;4:89;5:43;6:22;7:16;8:9;9:3;10:1;11:1;12:2;13:1;14:1;15:1} | themes=101 | dates=72
zt_next,NOT leader_absent & NOT is_new_high & NOT is_fanbao,1434,525,0.3661,335/827=40.5%,190/607=31.3%,yizi_today=18.6% | yizi_next_all=10.5% | height{2:982;3:295;4:107;5:33;6:9;7:3;8:3;9:2} | themes=117 | dates=121
zt_next,NOT is_new_high & NOT boards_ge5 & own_baoliang,216,79,0.3657,49/136=36.0%,30/80=37.5%,yizi_today=11.6% | yizi_next_all=6.9% | height{3:156;4:60} | themes=60 | dates=121
zt_next,NOT leader_absent & NOT same_theme_baoliang,1545,565,0.3657,350/855=40.9%,215/690=31.2%,yizi_today=19.2% | yizi_next_all=10.6% | height{2:1011;3:294;4:125;5:54;6:24;7:17;8:10;9:3;10:1;11:1;12:2;13:1;14:1;15:1} | themes=119 | dates=121
zt_next,NOT lag0 & NOT same_theme_baoliang,1545,565,0.3657,350/855=40.9%,215/690=31.2%,yizi_today=19.2% | yizi_next_all=10.6% | height{2:1011;3:294;4:125;5:54;6:24;7:17;8:10;9:3;10:1;11:1;12:2;13:1;14:1;15:1} | themes=119 | dates=121
zt_next,NOT one_price_today & is_new_high & NOT own_baoliang,134,49,0.3657,18/45=40.0%,31/89=34.8%,yizi_today=0.0% | yizi_next_all=5.2% | height{2:13;3:33;4:36;5:15;6:17;7:10;8:6;9:1;10:1;12:1;13:1} | themes=38 | dates=97
zt_next,NOT theme_alive_own & NOT own_baoliang & href_le1,93,34,0.3656,16/39=41.0%,18/54=33.3%,yizi_today=23.7% | yizi_next_all=8.6% | height{2:49;3:19;4:14;5:3;6:4;7:2;8:1;9:1} | themes=45 | dates=57
zt_next,NOT height_drop & NOT is_sub_high,1834,670,0.3653,407/1018=40.0%,263/816=32.2%,yizi_today=19.2% | yizi_next_all=10.5% | height{2:1198;3:322;4:155;5:67;6:36;7:22;8:15;9:5;10:2;11:2;12:2;13:2;14:2;15:1;16:1;17:1;18:1} | themes=126 | dates=149
zt_next,NOT leader_absent & NOT is_new_high & theme_alive_own,1256,458,0.3646,290/708=41.0%,168/548=30.7%,yizi_today=19.3% | yizi_next_all=10.7% | height{2:865;3:251;4:96;5:27;6:9;7:3;8:3;9:2} | themes=86 | dates=121
zt_next,height_new_high & NOT same_theme_baoliang,332,121,0.3645,103/255=40.4%,18/77=23.4%,yizi_today=21.1% | yizi_next_all=11.7% | height{2:197;3:76;4:27;5:11;6:3;7:3;8:6;9:3;10:2;12:1;13:1;14:1;15:1} | themes=65 | dates=22
zt_next,NOT leader_absent & NOT own_baoliang,1422,518,0.3643,317/767=41.3%,201/655=30.7%,yizi_today=20.2% | yizi_next_all=10.8% | height{2:1033;3:207;4:84;5:41;6:23;7:17;8:9;9:1;10:1;11:1;12:2;13:1;14:1;15:1} | themes=118 | dates=121
zt_next,NOT own_baoliang & NOT lag0,1422,518,0.3643,317/767=41.3%,201/655=30.7%,yizi_today=20.2% | yizi_next_all=10.8% | height{2:1033;3:207;4:84;5:41;6:23;7:17;8:9;9:1;10:1;11:1;12:2;13:1;14:1;15:1} | themes=118 | dates=121
zt_next,theme_alive_own & NOT is_fanbao & href_le1,571,208,0.3643,106/261=40.6%,102/310=32.9%,yizi_today=21.9% | yizi_next_all=10.2% | height{2:213;3:139;4:91;5:51;6:31;7:20;8:9;9:2;10:4;11:2;12:2;13:2;14:2;15:1;16:1;17:1} | themes=62 | dates=191
zt_next,NOT is_sub_high,2328,848,0.3643,518/1292=40.1%,330/1036=31.9%,yizi_today=19.3% | yizi_next_all=10.4% | height{2:1510;3:427;4:204;5:82;6:45;7:24;8:15;9:5;10:4;11:2;12:2;13:2;14:2;15:1;16:1;17:1;18:1} | themes=142 | dates=207
zt_next,NOT leader_absent & theme_alive_own & NOT href_le1,1186,432,0.3642,276/675=40.9%,156/511=30.5%,yizi_today=19.4% | yizi_next_all=10.6% | height{2:856;3:211;4:80;5:23;6:9;7:2;8:3;9:2} | themes=82 | dates=118
zt_next,NOT is_fanbao & href_le1,692,252,0.3642,128/321=39.9%,124/371=33.4%,yizi_today=21.8% | yizi_next_all=10.0% | height{2:262;3:171;4:110;5:58;6:37;7:23;8:12;9:3;10:4;11:2;12:2;13:2;14:2;15:1;16:1;17:1;18:1} | themes=82 | dates=206
zt_next,lag1,742,270,0.3639,147/338=43.5%,123/404=30.4%,yizi_today=18.1% | yizi_next_all=9.4% | height{2:486;3:139;4:64;5:33;6:9;7:8;8:1;11:1;15:1} | themes=91 | dates=58
zt_next,NOT leader_baoliang & NOT same_theme_broken,1454,529,0.3638,316/751=42.1%,213/703=30.3%,yizi_today=18.4% | yizi_next_all=10.2% | height{2:962;3:252;4:117;5:56;6:29;7:17;8:9;9:3;10:3;11:1;12:2;13:1;14:1;15:1} | themes=122 | dates=105
zt_next,NOT one_price_today & is_new_high & NOT is_fanbao,209,76,0.3636,30/89=33.7%,46/120=38.3%,yizi_today=0.0% | yizi_next_all=3.8% | height{2:12;3:55;4:53;5:32;6:27;7:15;8:9;9:1;10:1;11:1;12:1;13:1;18:1} | themes=52 | dates=148
zt_next,is_new_high & opened & NOT is_fanbao,154,56,0.3636,25/73=34.2%,31/81=38.3%,yizi_today=0.0% | yizi_next_all=1.3% | height{2:8;3:37;4:36;5:27;6:22;7:12;8:6;9:1;10:1;11:1;12:1;13:1;18:1} | themes=44 | dates=119
zt_next,NOT theme_alive_own & href_le1,121,44,0.3636,22/60=36.7%,22/61=36.1%,yizi_today=21.5% | yizi_next_all=9.1% | height{2:49;3:32;4:19;5:7;6:6;7:3;8:3;9:1;18:1} | themes=54 | dates=75
zt_next,NOT theme_alive_own & NOT is_fanbao & href_le1,121,44,0.3636,22/60=36.7%,22/61=36.1%,yizi_today=21.5% | yizi_next_all=9.1% | height{2:49;3:32;4:19;5:7;6:6;7:3;8:3;9:1;18:1} | themes=54 | dates=75
zt_next,same_theme_broken & NOT opened,66,24,0.3636,16/32=50.0%,8/34=23.5%,yizi_today=40.9% | yizi_next_all=16.7% | height{2:48;3:9;4:6;5:2;10:1} | themes=18 | dates=40
zt_next,same_theme_broken & unopened,66,24,0.3636,16/32=50.0%,8/34=23.5%,yizi_today=40.9% | yizi_next_all=16.7% | height{2:48;3:9;4:6;5:2;10:1} | themes=18 | dates=40
zt_next,NOT one_price_today & is_new_high & NOT theme_alive_own,33,12,0.3636,7/20=35.0%,5/13=38.5%,yizi_today=0.0% | yizi_next_all=6.1% | height{3:12;4:7;5:4;6:3;7:2;8:3;9:1;18:1} | themes=25 | dates=30
zt_next,NOT leader_baoliang & theme_alive_own,1290,469,0.3636,285/665=42.9%,184/625=29.4%,yizi_today=18.5% | yizi_next_all=10.7% | height{2:857;3:214;4:110;5:50;6:25;7:15;8:8;9:2;10:3;11:1;12:2;13:1;14:1;15:1} | themes=83 | dates=105
zt_next,leader_baoliang & NOT theme_alive,762,277,0.3635,183/498=36.7%,94/264=35.6%,yizi_today=20.5% | yizi_next_all=10.1% | height{2:465;3:170;4:66;5:26;6:14;7:8;8:6;9:2;11:1;13:1;16:1;17:1;18:1} | themes=102 | dates=63
zt_next,NOT is_sub_high & NOT same_theme_baoliang,2110,767,0.3635,472/1174=40.2%,295/936=31.5%,yizi_today=19.1% | yizi_next_all=10.3% | height{2:1438;3:376;4:167;5:60;6:30;7:17;8:10;9:3;10:3;11:1;12:2;13:1;14:1;15:1} | themes=139 | dates=203
zt_next,NOT one_price_today & own_baoliang & NOT href_le1,157,57,0.3631,37/105=35.2%,20/52=38.5%,yizi_today=0.0% | yizi_next_all=2.5% | height{3:100;4:42;5:12;6:2;8:1} | themes=56 | dates=86
zt_next,NOT leader_absent & NOT height_new_high,1309,475,0.3629,255/629=40.5%,220/680=32.4%,yizi_today=18.4% | yizi_next_all=9.7% | height{2:839;3:241;4:117;5:57;6:26;7:19;8:7;11:1;12:1;13:1} | themes=109 | dates=100
zt_next,NOT height_new_high & NOT lag0,1309,475,0.3629,255/629=40.5%,220/680=32.4%,yizi_today=18.4% | yizi_next_all=9.7% | height{2:839;3:241;4:117;5:57;6:26;7:19;8:7;11:1;12:1;13:1} | themes=109 | dates=100
zt_next,theme_alive_own & NOT is_fanbao,2169,786,0.3624,492/1228=40.1%,294/941=31.2%,yizi_today=19.5% | yizi_next_all=10.5% | height{2:1383;3:417;4:198;5:78;6:40;7:22;8:12;9:4;10:4;11:2;12:2;13:2;14:2;15:1;16:1;17:1} | themes=104 | dates=207
zt_next,theme_alive_own & NOT same_theme_broken,2125,770,0.3624,469/1171=40.1%,301/954=31.6%,yizi_today=19.2% | yizi_next_all=10.3% | height{2:1356;3:404;4:195;5:78;6:40;7:22;8:12;9:4;10:3;11:2;12:2;13:2;14:2;15:1;16:1;17:1} | themes=104 | dates=207
zt_next,lag2,472,171,0.3623,101/263=38.4%,70/209=33.5%,yizi_today=19.5% | yizi_next_all=11.4% | height{2:306;3:77;4:39;5:23;6:14;7:5;8:5;12:1;13:1;16:1} | themes=70 | dates=33
zt_next,NOT height_new_high & NOT theme_alive_own,403,146,0.3623,80/206=38.8%,66/197=33.5%,yizi_today=17.9% | yizi_next_all=8.9% | height{2:269;3:86;4:28;5:9;6:6;7:3;8:2} | themes=112 | dates=167
zt_next,NOT leader_absent & prev_leader_baoliang,820,297,0.3622,164/400=41.0%,133/420=31.7%,yizi_today=17.9% | yizi_next_all=10.1% | height{2:539;3:138;4:75;5:33;6:12;7:9;8:4;9:4;10:1;11:1;12:1;15:1;17:1;18:1} | themes=99 | dates=63
zt_next,prev_leader_baoliang & NOT lag0,820,297,0.3622,164/400=41.0%,133/420=31.7%,yizi_today=17.9% | yizi_next_all=10.1% | height{2:539;3:138;4:75;5:33;6:12;7:9;8:4;9:4;10:1;11:1;12:1;15:1;17:1;18:1} | themes=99 | dates=63
zt_next,NOT theme_alive & NOT is_new_high,1608,582,0.3619,412/1051=39.2%,170/557=30.5%,yizi_today=19.2% | yizi_next_all=10.5% | height{2:1104;3:322;4:124;5:40;6:10;7:3;8:3;9:2} | themes=131 | dates=133
zt_next,NOT boards_ge5 & NOT is_fanbao & own_baoliang,268,97,0.3619,54/161=33.5%,43/107=40.2%,yizi_today=13.1% | yizi_next_all=7.5% | height{3:179;4:89} | themes=72 | dates=146
zt_next,theme_alive_own & NOT is_fanbao & NOT href_le1,1598,578,0.3617,386/967=39.9%,192/631=30.4%,yizi_today=18.6% | yizi_next_all=10.6% | height{2:1170;3:278;4:107;5:27;6:9;7:2;8:3;9:2} | themes=95 | dates=177
zt_next,height_drop & href_le1,329,119,0.3617,54/130=41.5%,65/199=32.7%,yizi_today=20.4% | yizi_next_all=9.4% | height{2:175;3:82;4:41;5:17;6:10;7:2;10:2} | themes=63 | dates=58
zt_next,leader_absent & height_drop & href_le1,329,119,0.3617,54/130=41.5%,65/199=32.7%,yizi_today=20.4% | yizi_next_all=9.4% | height{2:175;3:82;4:41;5:17;6:10;7:2;10:2} | themes=63 | dates=58
zt_next,NOT same_theme_broken & href_le1,661,239,0.3616,122/304=40.1%,117/357=32.8%,yizi_today=21.9% | yizi_next_all=9.8% | height{2:249;3:154;4:111;5:57;6:37;7:23;8:12;9:3;10:3;11:2;12:2;13:2;14:2;15:1;16:1;17:1;18:1} | themes=82 | dates=204
zt_next,NOT prev_leader_baoliang & NOT is_sub_high,1278,462,0.3615,294/720=40.8%,168/558=30.1%,yizi_today=19.5% | yizi_next_all=11.0% | height{2:796;3:265;4:108;5:45;6:28;7:14;8:11;9:1;10:3;11:1;12:1;13:2;14:2;16:1} | themes=116 | dates=106
zt_next,is_new_high & opened,166,60,0.3614,25/73=34.2%,35/93=37.6%,yizi_today=0.0% | yizi_next_all=1.2% | height{2:9;3:40;4:43;5:28;6:22;7:12;8:6;9:1;10:1;11:1;12:1;13:1;18:1} | themes=44 | dates=124
zt_next,is_new_high & NOT unopened,166,60,0.3614,25/73=34.2%,35/93=37.6%,yizi_today=0.0% | yizi_next_all=1.2% | height{2:9;3:40;4:43;5:28;6:22;7:12;8:6;9:1;10:1;11:1;12:1;13:1;18:1} | themes=44 | dates=124
zt_next,NOT one_price_today & is_new_high & opened,166,60,0.3614,25/73=34.2%,35/93=37.6%,yizi_today=0.0% | yizi_next_all=1.2% | height{2:9;3:40;4:43;5:28;6:22;7:12;8:6;9:1;10:1;11:1;12:1;13:1;18:1} | themes=44 | dates=124
zt_next,is_new_high & opened & href_le1,166,60,0.3614,25/73=34.2%,35/93=37.6%,yizi_today=0.0% | yizi_next_all=1.2% | height{2:9;3:40;4:43;5:28;6:22;7:12;8:6;9:1;10:1;11:1;12:1;13:1;18:1} | themes=44 | dates=124
zt_next,NOT prev_leader_baoliang & theme_alive_own,1235,446,0.3611,282/678=41.6%,164/557=29.4%,yizi_today=19.6% | yizi_next_all=11.0% | height{2:757;3:258;4:112;5:46;6:27;7:14;8:10;9:1;10:3;11:1;12:1;13:2;14:2;16:1} | themes=88 | dates=106
zt_next,NOT leader_baoliang,1526,551,0.3611,332/778=42.7%,219/748=29.3%,yizi_today=18.1% | yizi_next_all=10.2% | height{2:1016;3:262;4:123;5:58;6:29;7:17;8:9;9:3;10:3;11:1;12:2;13:1;14:1;15:1} | themes=122 | dates=105
zt_next,NOT leader_baoliang & NOT same_theme_baoliang,1526,551,0.3611,332/778=42.7%,219/748=29.3%,yizi_today=18.1% | yizi_next_all=10.2% | height{2:1016;3:262;4:123;5:58;6:29;7:17;8:9;9:3;10:3;11:1;12:2;13:1;14:1;15:1} | themes=122 | dates=105
zt_next,height_drop & NOT same_theme_baoliang,593,214,0.3609,129/310=41.6%,85/283=30.0%,yizi_today=18.0% | yizi_next_all=9.1% | height{2:424;3:103;4:42;5:16;6:6;7:1;10:1} | themes=91 | dates=58
zt_next,leader_baoliang & NOT is_sub_high,970,350,0.3608,211/573=36.8%,139/397=35.0%,yizi_today=20.3% | yizi_next_all=10.4% | height{2:592;3:208;4:99;5:31;6:17;7:8;8:6;9:2;10:1;11:1;13:1;14:1;16:1;17:1;18:1} | themes=110 | dates=102
zt_next,NOT leader_absent & NOT href_le1,1414,510,0.3607,321/793=40.5%,189/621=30.4%,yizi_today=18.5% | yizi_next_all=10.2% | height{2:1023;3:258;4:89;5:28;6:9;7:2;8:3;9:2} | themes=115 | dates=118
zt_next,NOT href_le1 & NOT lag0,1414,510,0.3607,321/793=40.5%,189/621=30.4%,yizi_today=18.5% | yizi_next_all=10.2% | height{2:1023;3:258;4:89;5:28;6:9;7:2;8:3;9:2} | themes=115 | dates=118
zt_next,NOT leader_absent & NOT is_new_high & NOT href_le1,1414,510,0.3607,321/793=40.5%,189/621=30.4%,yizi_today=18.5% | yizi_next_all=10.2% | height{2:1023;3:258;4:89;5:28;6:9;7:2;8:3;9:2} | themes=115 | dates=118
zt_next,theme_alive_own & NOT boards_ge5 & own_baoliang,233,84,0.3605,43/133=32.3%,41/100=41.0%,yizi_today=12.9% | yizi_next_all=6.4% | height{3:152;4:81} | themes=55 | dates=134
zt_next,NOT height_new_high & NOT is_sub_high,1978,713,0.3605,402/1022=39.3%,311/956=32.5%,yizi_today=18.8% | yizi_next_all=9.9% | height{2:1307;3:350;4:178;5:70;6:40;7:20;8:7;10:2;11:1;12:1;13:1;14:1} | themes=137 | dates=185
zt_next,NOT theme_alive & NOT boards_ge5,1634,589,0.3605,402/1037=38.8%,187/597=31.3%,yizi_today=18.8% | yizi_next_all=10.0% | height{2:1120;3:358;4:156} | themes=131 | dates=135
zt_next,NOT leader_absent & NOT is_new_high,1493,538,0.3603,336/831=40.4%,202/662=30.5%,yizi_today=18.5% | yizi_next_all=10.2% | height{2:1033;3:302;4:107;5:34;6:9;7:3;8:3;9:2} | themes=118 | dates=121
zt_next,NOT is_new_high & NOT lag0,1493,538,0.3603,336/831=40.4%,202/662=30.5%,yizi_today=18.5% | yizi_next_all=10.2% | height{2:1033;3:302;4:107;5:34;6:9;7:3;8:3;9:2} | themes=118 | dates=121
zt_next,NOT same_theme_broken & NOT is_fanbao,2470,890,0.3603,548/1398=39.2%,342/1072=31.9%,yizi_today=19.1% | yizi_next_all=10.2% | height{2:1579;3:483;4:216;5:86;6:46;7:25;8:15;9:5;10:3;11:2;12:2;13:2;14:2;15:1;16:1;17:1;18:1} | themes=150 | dates=207
zt_next,height_drop & NOT is_sub_high,494,178,0.3603,111/274=40.5%,67/220=30.5%,yizi_today=19.6% | yizi_next_all=9.9% | height{2:312;3:105;4:49;5:15;6:9;7:2;10:2} | themes=88 | dates=58
zt_next,NOT is_fanbao & NOT own_baoliang & href_le1,519,187,0.3603,92/223=41.3%,95/296=32.1%,yizi_today=22.5% | yizi_next_all=9.8% | height{2:262;3:102;4:68;5:32;6:22;7:16;8:7;9:1;10:3;11:1;12:2;13:1;14:1;15:1} | themes=69 | dates=163
zt_next,NOT height_drop & theme_alive_own,1707,615,0.3603,375/946=39.6%,240/761=31.5%,yizi_today=19.7% | yizi_next_all=10.6% | height{2:1082;3:325;4:158;5:62;6:31;7:20;8:12;9:4;10:2;11:2;12:2;13:2;14:2;15:1;16:1;17:1} | themes=94 | dates=149
zt_next,href_le1,725,261,0.3600,129/325=39.7%,132/400=33.0%,yizi_today=21.1% | yizi_next_all=9.7% | height{2:277;3:177;4:119;5:61;6:37;7:23;8:12;9:3;10:4;11:2;12:2;13:2;14:2;15:1;16:1;17:1;18:1} | themes=82 | dates=207
zt_next,boards_ge5 & opened & own_baoliang,50,18,0.3600,12/34=35.3%,6/16=37.5%,yizi_today=0.0% | yizi_next_all=2.0% | height{5:30;6:11;7:4;8:3;11:1;18:1} | themes=29 | dates=44
zt_next,NOT is_mid_2_3 & NOT one_price_today,314,113,0.3599,71/192=37.0%,42/122=34.4%,yizi_today=0.0% | yizi_next_all=3.8% | height{4:179;5:70;6:33;7:16;8:10;9:1;10:1;11:1;12:1;13:1;18:1} | themes=58 | dates=162
zt_next,NOT height_new_high & NOT leader_baoliang,1304,469,0.3597,261/607=43.0%,208/697=29.8%,yizi_today=17.3% | yizi_next_all=9.8% | height{2:884;3:215;4:104;5:52;6:27;7:15;8:4;10:1;11:1;12:1} | themes=116 | dates=93
zt_next,theme_alive_own & href_le1,604,217,0.3593,107/265=40.4%,110/339=32.4%,yizi_today=21.0% | yizi_next_all=9.8% | height{2:228;3:145;4:100;5:54;6:31;7:20;8:9;9:2;10:4;11:2;12:2;13:2;14:2;15:1;16:1;17:1} | themes=62 | dates=192
zt_next,same_theme_baoliang,245,88,0.3592,48/128=37.5%,40/117=34.2%,yizi_today=21.6% | yizi_next_all=10.2% | height{2:83;3:60;4:43;5:23;6:15;7:7;8:5;9:2;10:1;11:1;13:1;14:1;16:1;17:1;18:1} | themes=41 | dates=102
zt_next,leader_baoliang & same_theme_baoliang,245,88,0.3592,48/128=37.5%,40/117=34.2%,yizi_today=21.6% | yizi_next_all=10.2% | height{2:83;3:60;4:43;5:23;6:15;7:7;8:5;9:2;10:1;11:1;13:1;14:1;16:1;17:1;18:1} | themes=41 | dates=102
zt_next,NOT height_drop & NOT is_fanbao,1950,700,0.3590,433/1109=39.0%,267/841=31.7%,yizi_today=19.1% | yizi_next_all=10.3% | height{2:1238;3:378;4:172;5:69;6:36;7:23;8:15;9:5;10:2;11:2;12:2;13:2;14:2;15:1;16:1;17:1;18:1} | themes=132 | dates=149
zt_next,height_drop & own_baoliang,92,33,0.3587,18/54=33.3%,15/38=39.5%,yizi_today=19.6% | yizi_next_all=9.8% | height{3:53;4:23;5:9;6:5;7:1;10:1} | themes=42 | dates=42
zt_next,NOT height_drop & href_le1,396,142,0.3586,75/195=38.5%,67/201=33.3%,yizi_today=21.7% | yizi_next_all=9.8% | height{2:102;3:95;4:78;5:44;6:27;7:21;8:12;9:3;10:2;11:2;12:2;13:2;14:2;15:1;16:1;17:1;18:1} | themes=65 | dates=149
zt_next,NOT height_drop & NOT prev_leader_baoliang,1027,368,0.3583,229/570=40.2%,139/457=30.4%,yizi_today=20.0% | yizi_next_all=10.6% | height{2:627;3:221;4:85;5:39;6:21;7:14;8:11;9:1;10:1;11:1;12:1;13:2;14:2;16:1} | themes=101 | dates=72
zt_next,NOT height_drop & NOT same_theme_broken,1934,693,0.3583,416/1071=38.8%,277/863=32.1%,yizi_today=18.8% | yizi_next_all=10.1% | height{2:1232;3:368;4:171;5:70;6:36;7:23;8:15;9:5;10:2;11:2;12:2;13:2;14:2;15:1;16:1;17:1;18:1} | themes=132 | dates=149
zt_next,height_new_high & NOT boards_ge5,307,110,0.3583,94/236=39.8%,16/71=22.5%,yizi_today=20.5% | yizi_next_all=10.4% | height{2:203;3:77;4:27} | themes=63 | dates=22
zt_next,theme_alive_own & NOT is_fanbao & NOT own_baoliang,1879,673,0.3582,423/1049=40.3%,250/830=30.1%,yizi_today=19.9% | yizi_next_all=10.7% | height{2:1383;3:272;4:120;5:46;6:25;7:16;8:8;10:3;11:1;12:2;13:1;14:1;15:1} | themes=102 | dates=207
zt_next,NOT height_drop & leader_baoliang,796,285,0.3580,174/484=36.0%,111/312=35.6%,yizi_today=20.0% | yizi_next_all=10.1% | height{2:485;3:174;4:75;5:28;6:13;7:7;8:6;9:2;11:1;13:1;14:1;16:1;17:1;18:1} | themes=103 | dates=67
zt_next,NOT leader_absent & NOT boards_ge5 & NOT is_fanbao,1420,508,0.3577,316/798=39.6%,192/622=30.9%,yizi_today=18.1% | yizi_next_all=9.7% | height{2:982;3:302;4:136} | themes=117 | dates=121
zt_next,NOT prev_leader_baoliang & NOT is_fanbao,1408,503,0.3572,321/795=40.4%,182/613=29.7%,yizi_today=19.5% | yizi_next_all=10.9% | height{2:865;3:301;4:122;5:54;6:29;7:15;8:11;9:1;10:3;11:1;12:1;13:2;14:2;16:1} | themes=124 | dates=106
zt_next,NOT is_fanbao & NOT same_theme_baoliang,2388,853,0.3572,528/1340=39.4%,325/1048=31.0%,yizi_today=18.7% | yizi_next_all=10.1% | height{2:1606;3:454;4:189;5:68;6:31;7:18;8:10;9:3;10:3;11:1;12:2;13:1;14:1;15:1} | themes=148 | dates=207
zt_next,theme_alive_own & NOT same_theme_baoliang,2055,734,0.3572,451/1122=40.2%,283/933=30.3%,yizi_today=18.7% | yizi_next_all=10.1% | height{2:1384;3:379;4:167;5:62;6:27;7:16;8:9;9:2;10:3;11:1;12:2;13:1;14:1;15:1} | themes=103 | dates=207
zt_next,height_new_high & is_mid_2_3,280,100,0.3571,85/214=39.7%,15/66=22.7%,yizi_today=20.0% | yizi_next_all=10.7% | height{2:203;3:77} | themes=62 | dates=22
zt_next,NOT theme_alive_own & opened & own_baoliang,42,15,0.3571,9/25=36.0%,6/17=35.3%,yizi_today=0.0% | yizi_next_all=2.4% | height{3:24;4:7;5:7;6:1;8:2;18:1} | themes=29 | dates=39
zt_next,NOT is_fanbao,2624,937,0.3571,576/1468=39.2%,361/1156=31.2%,yizi_today=19.0% | yizi_next_all=10.1% | height{2:1687;3:511;4:228;5:91;6:46;7:25;8:15;9:5;10:4;11:2;12:2;13:2;14:2;15:1;16:1;17:1;18:1} | themes=150 | dates=207
zt_next,prev_leader_baoliang & NOT is_fanbao,1216,434,0.3569,255/673=37.9%,179/543=33.0%,yizi_today=18.5% | yizi_next_all=9.2% | height{2:822;3:210;4:106;5:37;6:17;7:10;8:4;9:4;10:1;11:1;12:1;15:1;17:1;18:1} | themes=114 | dates=101
zt_next,theme_alive_own,2281,814,0.3569,494/1236=40.0%,320/1045=30.6%,yizi_today=19.1% | yizi_next_all=10.1% | height{2:1467;3:432;4:207;5:82;6:40;7:22;8:12;9:4;10:4;11:2;12:2;13:2;14:2;15:1;16:1;17:1} | themes=104 | dates=207
zt_next,NOT prev_leader_baoliang & NOT same_theme_broken,1390,496,0.3568,310/771=40.2%,186/619=30.0%,yizi_today=19.3% | yizi_next_all=10.7% | height{2:851;3:301;4:121;5:52;6:29;7:15;8:11;9:1;10:2;11:1;12:1;13:2;14:2;16:1} | themes=124 | dates=106
zt_next,NOT leader_absent & NOT is_new_high & NOT own_baoliang,1329,474,0.3567,293/724=40.5%,181/605=29.9%,yizi_today=19.3% | yizi_next_all=10.2% | height{2:1033;3:203;4:62;5:19;6:7;7:3;8:2} | themes=117 | dates=120
zt_next,opened & theme_alive_own & is_new_high,143,51,0.3566,19/57=33.3%,32/86=37.2%,yizi_today=0.0% | yizi_next_all=1.4% | height{2:9;3:33;4:38;5:24;6:20;7:11;8:4;10:1;11:1;12:1;13:1} | themes=37 | dates=112
zt_next,is_new_high & theme_alive_own & opened,143,51,0.3566,19/57=33.3%,32/86=37.2%,yizi_today=0.0% | yizi_next_all=1.4% | height{2:9;3:33;4:38;5:24;6:20;7:11;8:4;10:1;11:1;12:1;13:1} | themes=37 | dates=112
zt_next,NOT same_theme_broken,2572,917,0.3565,550/1405=39.1%,367/1167=31.4%,yizi_today=18.8% | yizi_next_all=9.9% | height{2:1655;3:496;4:225;5:90;6:46;7:25;8:15;9:5;10:3;11:2;12:2;13:2;14:2;15:1;16:1;17:1;18:1} | themes=150 | dates=207
zt_next,NOT leader_baoliang & NOT own_baoliang,1397,498,0.3565,296/697=42.5%,202/700=28.9%,yizi_today=18.6% | yizi_next_all=10.2% | height{2:1016;3:187;4:89;5:43;6:27;7:17;8:8;9:1;10:3;11:1;12:2;13:1;14:1;15:1} | themes=121 | dates=105
zt_next,NOT leader_absent & NOT boards_ge5 & own_baoliang,160,57,0.3563,34/96=35.4%,23/64=35.9%,yizi_today=9.4% | yizi_next_all=6.2% | height{3:102;4:58} | themes=51 | dates=91
zt_next,prev_leader_baoliang & NOT same_theme_broken,1182,421,0.3562,240/634=37.9%,181/548=33.0%,yizi_today=18.3% | yizi_next_all=9.0% | height{2:804;3:195;4:104;5:38;6:17;7:10;8:4;9:4;10:1;11:1;12:1;15:1;17:1;18:1} | themes=115 | dates=101
zt_next,theme_alive_own & NOT href_le1,1677,597,0.3560,387/971=39.9%,210/706=29.7%,yizi_today=18.4% | yizi_next_all=10.3% | height{2:1239;3:287;4:107;5:28;6:9;7:2;8:3;9:2} | themes=96 | dates=177
zt_next,NOT is_new_high & theme_alive_own & NOT href_le1,1677,597,0.3560,387/971=39.9%,210/706=29.7%,yizi_today=18.4% | yizi_next_all=10.3% | height{2:1239;3:287;4:107;5:28;6:9;7:2;8:3;9:2} | themes=96 | dates=177
zt_next,NOT is_sub_high & NOT own_baoliang,2031,723,0.3560,446/1113=40.1%,277/918=30.2%,yizi_today=19.7% | yizi_next_all=10.5% | height{2:1510;3:283;4:125;5:48;6:29;7:17;8:9;9:1;10:3;11:1;12:2;13:1;14:1;15:1} | themes=139 | dates=203
zt_next,NOT is_fanbao & same_theme_baoliang,236,84,0.3559,48/128=37.5%,36/108=33.3%,yizi_today=22.5% | yizi_next_all=10.6% | height{2:81;3:57;4:39;5:23;6:15;7:7;8:5;9:2;10:1;11:1;13:1;14:1;16:1;17:1;18:1} | themes=41 | dates=101
zt_next,nzt_le40,194,69,0.3557,34/89=38.2%,35/105=33.3%,yizi_today=20.6% | yizi_next_all=7.7% | height{2:118;3:44;4:19;5:8;6:4;7:1} | themes=58 | dates=22
zt_next,NOT theme_dead,2377,845,0.3555,500/1240=40.3%,345/1137=30.3%,yizi_today=18.5% | yizi_next_all=9.9% | height{2:1519;3:461;4:213;5:82;6:43;7:23;8:15;9:5;10:4;11:2;12:2;13:2;14:2;15:1;16:1;17:1;18:1} | themes=137 | dates=178
zt_next,NOT leader_baoliang & NOT href_le1,1235,439,0.3555,277/664=41.7%,162/571=28.4%,yizi_today=17.2% | yizi_next_all=9.6% | height{2:918;3:207;4:73;5:26;6:6;7:1;8:2;9:2} | themes=115 | dates=97
zt_next,NOT leader_absent & boards_ge5 & opened,76,27,0.3553,18/50=36.0%,9/26=34.6%,yizi_today=0.0% | yizi_next_all=5.3% | height{5:35;6:17;7:12;8:7;9:1;11:1;12:1;13:1;18:1} | themes=30 | dates=61
zt_next,NOT height_new_high & href_le1,701,249,0.3552,118/307=38.4%,131/394=33.2%,yizi_today=20.5% | yizi_next_all=9.3% | height{2:277;3:177;4:118;5:59;6:36;7:21;8:7;10:2;11:1;12:1;13:1;14:1} | themes=82 | dates=185
zt_next,leader_baoliang & NOT prev_leader_baoliang,642,228,0.3551,139/347=40.1%,89/295=30.2%,yizi_today=19.2% | yizi_next_all=10.3% | height{2:392;3:152;4:54;5:19;6:11;7:4;8:5;10:1;11:1;13:1;14:1;16:1} | themes=95 | dates=51
zt_next,leader_absent & NOT is_sub_high,769,273,0.3550,162/430=37.7%,111/339=32.7%,yizi_today=19.0% | yizi_next_all=10.0% | height{2:487;3:162;4:80;5:20;6:14;7:2;10:3;14:1} | themes=106 | dates=86
zt_next,NOT is_sub_high & lag0,769,273,0.3550,162/430=37.7%,111/339=32.7%,yizi_today=19.0% | yizi_next_all=10.0% | height{2:487;3:162;4:80;5:20;6:14;7:2;10:3;14:1} | themes=106 | dates=86
zt_next,NOT same_theme_broken & NOT href_le1,1911,678,0.3548,428/1101=38.9%,250/810=30.9%,yizi_today=17.7% | yizi_next_all=9.9% | height{2:1406;3:342;4:114;5:33;6:9;7:2;8:3;9:2} | themes=138 | dates=177
zt_next,NOT leader_absent & theme_alive_own & NOT boards_ge5,1246,442,0.3547,269/678=39.7%,173/568=30.5%,yizi_today=18.5% | yizi_next_all=9.6% | height{2:865;3:257;4:124} | themes=85 | dates=121
zt_next,NOT leader_absent & NOT own_baoliang & NOT href_le1,1280,454,0.3547,284/703=40.4%,170/577=29.5%,yizi_today=19.0% | yizi_next_all=10.2% | height{2:1023;3:179;4:51;5:16;6:7;7:2;8:2} | themes=114 | dates=118
zt_next,NOT height_drop,2033,721,0.3546,435/1116=39.0%,286/917=31.2%,yizi_today=18.8% | yizi_next_all=10.0% | height{2:1300;3:389;4:178;5:73;6:36;7:23;8:15;9:5;10:2;11:2;12:2;13:2;14:2;15:1;16:1;17:1;18:1} | themes=132 | dates=149
zt_next,NOT is_fanbao & NOT href_le1,1932,685,0.3546,448/1147=39.1%,237/785=30.2%,yizi_today=18.0% | yizi_next_all=10.1% | height{2:1425;3:340;4:118;5:33;6:9;7:2;8:3;9:2} | themes=138 | dates=177
zt_next,NOT is_new_high & NOT is_fanbao & NOT href_le1,1932,685,0.3546,448/1147=39.1%,237/785=30.2%,yizi_today=18.0% | yizi_next_all=10.1% | height{2:1425;3:340;4:118;5:33;6:9;7:2;8:3;9:2} | themes=138 | dates=177
zt_next,NOT leader_absent & is_sub_high,79,28,0.3544,15/38=39.5%,13/41=31.7%,yizi_today=19.0% | yizi_next_all=10.1% | height{2:10;3:44;4:18;5:6;7:1} | themes=34 | dates=41
zt_next,is_sub_high & NOT lag0,79,28,0.3544,15/38=39.5%,13/41=31.7%,yizi_today=19.0% | yizi_next_all=10.1% | height{2:10;3:44;4:18;5:6;7:1} | themes=34 | dates=41
zt_next,NOT leader_absent & NOT is_new_high & href_le1,79,28,0.3544,15/38=39.5%,13/41=31.7%,yizi_today=19.0% | yizi_next_all=10.1% | height{2:10;3:44;4:18;5:6;7:1} | themes=34 | dates=41
zt_next,NOT prev_leader_baoliang,1462,518,0.3543,322/797=40.4%,196/665=29.5%,yizi_today=19.1% | yizi_next_all=10.5% | height{2:903;3:313;4:125;5:55;6:29;7:15;8:11;9:1;10:3;11:1;12:1;13:2;14:2;16:1} | themes=124 | dates=106
zt_next,NOT same_theme_broken & NOT same_theme_baoliang,2360,836,0.3542,507/1298=39.1%,329/1062=31.0%,yizi_today=18.5% | yizi_next_all=9.9% | height{2:1588;3:444;4:187;5:70;6:31;7:18;8:10;9:3;10:3;11:1;12:2;13:1;14:1;15:1} | themes=148 | dates=207
zt_next,leader_absent & NOT theme_alive_own & NOT opened,96,34,0.3542,18/51=35.3%,16/45=35.6%,yizi_today=38.5% | yizi_next_all=14.6% | height{2:64;3:21;4:10;6:1} | themes=57 | dates=60
zt_next,theme_alive_own & same_theme_baoliang,226,80,0.3540,43/114=37.7%,37/112=33.0%,yizi_today=22.1% | yizi_next_all=10.2% | height{2:83;3:53;4:40;5:20;6:13;7:6;8:3;9:2;10:1;11:1;13:1;14:1;16:1;17:1} | themes=33 | dates=89
zt_next,NOT height_drop & NOT href_le1,1637,579,0.3537,360/921=39.1%,219/716=30.6%,yizi_today=18.1% | yizi_next_all=10.1% | height{2:1198;3:294;4:100;5:29;6:9;7:2;8:3;9:2} | themes=124 | dates=139
zt_next,NOT leader_baoliang & NOT prev_leader_baoliang,820,290,0.3537,183/450=40.7%,107/370=28.9%,yizi_today=19.0% | yizi_next_all=10.7% | height{2:511;3:161;4:71;5:36;6:18;7:11;8:6;9:1;10:2;12:1;13:1;14:1} | themes=101 | dates=55
zt_next,NOT leader_absent & own_baoliang & href_le1,82,29,0.3537,17/43=39.5%,12/39=30.8%,yizi_today=17.1% | yizi_next_all=8.5% | height{3:23;4:20;5:15;6:6;7:6;8:5;9:2;11:1;13:1;16:1;17:1;18:1} | themes=32 | dates=61
zt_next,NOT own_baoliang & href_le1,546,193,0.3535,93/226=41.2%,100/320=31.2%,yizi_today=21.8% | yizi_next_all=9.5% | height{2:277;3:105;4:74;5:35;6:22;7:16;8:7;9:1;10:3;11:1;12:2;13:1;14:1;15:1} | themes=69 | dates=164
zt_next,NOT leader_absent & NOT boards_ge5 & NOT href_le1,1370,484,0.3533,299/753=39.7%,185/617=30.0%,yizi_today=17.9% | yizi_next_all=9.5% | height{2:1023;3:258;4:89} | themes=115 | dates=118
zt_next,NOT theme_alive & is_mid_2_3,1478,522,0.3532,355/928=38.3%,167/550=30.4%,yizi_today=18.7% | yizi_next_all=9.9% | height{2:1120;3:358} | themes=131 | dates=135
zt_next,NOT height_new_high & NOT is_fanbao,2277,804,0.3531,460/1197=38.4%,344/1080=31.9%,yizi_today=18.4% | yizi_next_all=9.6% | height{2:1486;3:436;4:201;5:79;6:41;7:21;8:7;10:2;11:1;12:1;13:1;14:1} | themes=145 | dates=185
zt_next,NOT leader_absent & NOT is_new_high & NOT boards_ge5,1442,509,0.3530,312/786=39.7%,197/656=30.0%,yizi_today=17.9% | yizi_next_all=9.5% | height{2:1033;3:302;4:107} | themes=118 | dates=121
zt_next,href_le1 & NOT same_theme_baoliang,561,198,0.3529,100/250=40.0%,98/311=31.5%,yizi_today=20.9% | yizi_next_all=9.6% | height{2:256;3:131;4:78;5:40;6:23;7:16;8:7;9:1;10:3;11:1;12:2;13:1;14:1;15:1} | themes=75 | dates=164
zt_next,NOT leader_absent & NOT one_price_today & is_new_high,102,36,0.3529,16/45=35.6%,20/57=35.1%,yizi_today=0.0% | yizi_next_all=2.9% | height{3:4;4:31;5:22;6:17;7:14;8:9;9:1;11:1;12:1;13:1;18:1} | themes=36 | dates=87
zt_next,ALL,2736,965,0.3527,578/1476=39.2%,387/1260=30.7%,yizi_today=18.7% | yizi_next_all=9.8% | height{2:1771;3:526;4:237;5:95;6:46;7:25;8:15;9:5;10:4;11:2;12:2;13:2;14:2;15:1;16:1;17:1;18:1} | themes=150 | dates=207
zt_next,NOT height_drop & NOT leader_baoliang,1237,436,0.3525,261/632=41.3%,175/605=28.9%,yizi_today=18.1% | yizi_next_all=10.0% | height{2:815;3:215;4:103;5:45;6:23;7:16;8:9;9:3;10:2;11:1;12:2;13:1;14:1;15:1} | themes=107 | dates=82
zt_next,NOT leader_absent & NOT boards_ge5,1484,523,0.3524,317/802=39.5%,206/682=30.2%,yizi_today=17.9% | yizi_next_all=9.4% | height{2:1033;3:309;4:142} | themes=118 | dates=121
zt_next,NOT boards_ge5 & NOT lag0,1484,523,0.3524,317/802=39.5%,206/682=30.2%,yizi_today=17.9% | yizi_next_all=9.4% | height{2:1033;3:309;4:142} | themes=118 | dates=121
zt_next,prev_leader_baoliang & NOT href_le1,894,315,0.3523,185/493=37.5%,130/401=32.4%,yizi_today=17.4% | yizi_next_all=9.6% | height{2:707;3:125;4:44;5:13;6:2;7:1;8:1;9:1} | themes=110 | dates=83
zt_next,NOT prev_leader_baoliang & NOT same_theme_baoliang,1343,473,0.3522,300/747=40.2%,173/596=29.0%,yizi_today=19.1% | yizi_next_all=10.3% | height{2:863;3:280;4:112;5:43;6:20;7:12;8:7;9:1;10:2;12:1;13:1;14:1} | themes=122 | dates=106
zt_next,NOT same_theme_baoliang,2491,877,0.3521,530/1348=39.3%,347/1143=30.4%,yizi_today=18.4% | yizi_next_all=9.8% | height{2:1688;3:466;4:194;5:72;6:31;7:18;8:10;9:3;10:3;11:1;12:2;13:1;14:1;15:1} | themes=148 | dates=207
zt_next,NOT leader_absent & NOT boards_ge5 & NOT own_baoliang,1324,466,0.3520,283/706=40.1%,183/618=29.6%,yizi_today=18.9% | yizi_next_all=9.8% | height{2:1033;3:207;4:84} | themes=116 | dates=121
zt_next,NOT is_fanbao & NOT own_baoliang,2276,801,0.3519,492/1250=39.4%,309/1026=30.1%,yizi_today=19.5% | yizi_next_all=10.2% | height{2:1687;3:332;4:139;5:52;6:29;7:18;8:9;9:1;10:3;11:1;12:2;13:1;14:1;15:1} | themes=146 | dates=207
zt_next,prev_leader_baoliang & NOT same_theme_baoliang,1148,404,0.3519,230/601=38.3%,174/547=31.8%,yizi_today=17.6% | yizi_next_all=9.1% | height{2:825;3:186;4:82;5:29;6:11;7:6;8:3;9:2;10:1;11:1;12:1;15:1} | themes=114 | dates=101
zt_next,prev_leader_baoliang & theme_alive_own,1046,368,0.3518,212/558=38.0%,156/488=32.0%,yizi_today=18.5% | yizi_next_all=9.1% | height{2:710;3:174;4:95;5:36;6:13;7:8;8:2;9:3;10:1;11:1;12:1;15:1;17:1} | themes=81 | dates=101
zt_next,NOT href_le1 & NOT same_theme_baoliang,1930,679,0.3518,430/1098=39.2%,249/832=29.9%,yizi_today=17.7% | yizi_next_all=9.8% | height{2:1432;3:335;4:116;5:32;6:8;7:2;8:3;9:2} | themes=137 | dates=177
zt_next,NOT height_new_high & NOT same_theme_broken,2223,782,0.3518,434/1134=38.3%,348/1089=32.0%,yizi_today=18.2% | yizi_next_all=9.4% | height{2:1453;3:420;4:198;5:78;6:41;7:21;8:7;10:1;11:1;12:1;13:1;14:1} | themes=145 | dates=185
zt_next,height_drop & NOT is_fanbao,674,237,0.3516,143/359=39.8%,94/315=29.8%,yizi_today=18.8% | yizi_next_all=9.5% | height{2:449;3:133;4:56;5:22;6:10;7:2;10:2} | themes=97 | dates=58
zt_next,NOT leader_absent & NOT theme_alive_own,259,91,0.3514,53/137=38.7%,38/122=31.1%,yizi_today=15.1% | yizi_next_all=8.5% | height{2:168;3:52;4:18;5:9;6:4;7:3;8:3;9:1;18:1} | themes=90 | dates=111
zt_next,NOT theme_alive_own & NOT lag0,259,91,0.3514,53/137=38.7%,38/122=31.1%,yizi_today=15.1% | yizi_next_all=8.5% | height{2:168;3:52;4:18;5:9;6:4;7:3;8:3;9:1;18:1} | themes=90 | dates=111
zt_next,NOT leader_absent & NOT theme_alive_own & NOT is_fanbao,259,91,0.3514,53/137=38.7%,38/122=31.1%,yizi_today=15.1% | yizi_next_all=8.5% | height{2:168;3:52;4:18;5:9;6:4;7:3;8:3;9:1;18:1} | themes=90 | dates=111
zt_next,leader_absent & NOT theme_alive,467,164,0.3512,123/334=36.8%,41/133=30.8%,yizi_today=19.9% | yizi_next_all=10.3% | height{2:311;3:95;4:39;5:14;6:6;7:2} | themes=85 | dates=38
zt_next,NOT theme_alive & lag0,467,164,0.3512,123/334=36.8%,41/133=30.8%,yizi_today=19.9% | yizi_next_all=10.3% | height{2:311;3:95;4:39;5:14;6:6;7:2} | themes=85 | dates=38
zt_next,height_drop & NOT same_theme_broken,638,224,0.3511,134/334=40.1%,90/304=29.6%,yizi_today=18.8% | yizi_next_all=9.2% | height{2:423;3:128;4:54;5:20;6:10;7:2;10:1} | themes=97 | dates=58
zt_next,theme_alive_own & NOT own_baoliang & NOT href_le1,1527,536,0.3510,348/869=40.0%,188/658=28.6%,yizi_today=18.9% | yizi_next_all=10.4% | height{2:1239;3:194;4:66;5:17;6:7;7:2;8:2} | themes=95 | dates=177
zt_next,theme_alive_own & NOT own_baoliang,1980,695,0.3510,425/1056=40.2%,270/924=29.2%,yizi_today=19.4% | yizi_next_all=10.3% | height{2:1467;3:280;4:126;5:49;6:25;7:16;8:8;10:3;11:1;12:2;13:1;14:1;15:1} | themes=102 | dates=207
zt_next,theme_alive_own & NOT own_baoliang & href_le1,453,159,0.3510,77/187=41.2%,82/266=30.8%,yizi_today=21.4% | yizi_next_all=9.7% | height{2:228;3:86;4:60;5:32;6:18;7:14;8:6;10:3;11:1;12:2;13:1;14:1;15:1} | themes=54 | dates=150
zt_next,NOT height_drop & prev_leader_baoliang,1006,353,0.3509,206/546=37.7%,147/460=32.0%,yizi_today=17.7% | yizi_next_all=9.4% | height{2:673;3:168;4:93;5:34;6:15;7:9;8:4;9:4;10:1;11:1;12:1;15:1;17:1;18:1} | themes=109 | dates=77
zt_next,prev_leader_baoliang,1274,447,0.3509,256/679=37.7%,191/595=32.1%,yizi_today=18.2% | yizi_next_all=8.9% | height{2:868;3:213;4:112;5:40;6:17;7:10;8:4;9:4;10:1;11:1;12:1;15:1;17:1;18:1} | themes=115 | dates=101
zt_next,height_drop & prev_leader_baoliang,268,94,0.3507,50/133=37.6%,44/135=32.6%,yizi_today=20.1% | yizi_next_all=7.1% | height{2:195;3:45;4:19;5:6;6:2;7:1} | themes=59 | dates=24
zt_next,NOT one_price_today & is_new_high & NOT boards_ge5,134,47,0.3507,10/41=24.4%,37/93=39.8%,yizi_today=0.0% | yizi_next_all=5.2% | height{2:13;3:59;4:62} | themes=47 | dates=67
zt_next,NOT leader_baoliang & NOT is_new_high,1403,492,0.3507,302/723=41.8%,190/680=27.9%,yizi_today=16.8% | yizi_next_all=9.5% | height{2:1016;3:250;4:91;5:33;6:7;7:2;8:2;9:2} | themes=120 | dates=105
zt_next,leader_absent & opened & own_baoliang,97,34,0.3505,17/57=29.8%,17/40=42.5%,yizi_today=0.0% | yizi_next_all=2.1% | height{3:60;4:19;5:11;6:6;7:1} | themes=42 | dates=52
zt_next,NOT is_new_high & theme_alive_own & NOT is_fanbao,1918,672,0.3504,437/1118=39.1%,235/800=29.4%,yizi_today=18.1% | yizi_next_all=10.1% | height{2:1369;3:359;4:135;5:37;6:10;7:3;8:3;9:2} | themes=102 | dates=205
zt_next,NOT is_sub_high & NOT boards_ge5,2141,750,0.3503,450/1169=38.5%,300/972=30.9%,yizi_today=18.1% | yizi_next_all=9.4% | height{2:1510;3:427;4:204} | themes=141 | dates=207
zt_next,NOT height_new_high & NOT same_theme_baoliang,2159,756,0.3502,427/1093=39.1%,329/1066=30.9%,yizi_today=18.0% | yizi_next_all=9.4% | height{2:1491;3:390;4:167;5:61;6:28;7:15;8:4;10:1;11:1;12:1} | themes=142 | dates=185
zt_next,NOT href_le1,2011,704,0.3501,449/1151=39.0%,255/860=29.7%,yizi_today=17.8% | yizi_next_all=9.8% | height{2:1494;3:349;4:118;5:34;6:9;7:2;8:3;9:2} | themes=138 | dates=177
zt_next,NOT is_new_high & NOT is_sub_high,2011,704,0.3501,449/1151=39.0%,255/860=29.7%,yizi_today=17.8% | yizi_next_all=9.8% | height{2:1494;3:349;4:118;5:34;6:9;7:2;8:3;9:2} | themes=138 | dates=177
zt_next,NOT is_new_high & NOT href_le1,2011,704,0.3501,449/1151=39.0%,255/860=29.7%,yizi_today=17.8% | yizi_next_all=9.8% | height{2:1494;3:349;4:118;5:34;6:9;7:2;8:3;9:2} | themes=138 | dates=177
zt_next,NOT is_sub_high & NOT href_le1,2011,704,0.3501,449/1151=39.0%,255/860=29.7%,yizi_today=17.8% | yizi_next_all=9.8% | height{2:1494;3:349;4:118;5:34;6:9;7:2;8:3;9:2} | themes=138 | dates=177
zt_next,NOT is_fanbao & NOT own_baoliang & NOT href_le1,1757,614,0.3495,400/1027=38.9%,214/730=29.3%,yizi_today=18.6% | yizi_next_all=10.3% | height{2:1425;3:230;4:71;5:20;6:7;7:2;8:2} | themes=137 | dates=177
zt_next,NOT own_baoliang & NOT same_theme_baoliang,2267,792,0.3494,473/1198=39.5%,319/1069=29.8%,yizi_today=19.0% | yizi_next_all=9.9% | height{2:1688;3:322;4:139;5:53;6:28;7:18;8:9;9:1;10:3;11:1;12:2;13:1;14:1;15:1} | themes=146 | dates=207
zt_next,NOT theme_alive_own & NOT theme_alive,312,109,0.3494,70/188=37.2%,39/124=31.5%,yizi_today=16.7% | yizi_next_all=9.0% | height{2:206;3:66;4:18;5:9;6:5;7:3;8:3;9:1;18:1} | themes=105 | dates=124
zt_next,NOT height_drop & NOT same_theme_baoliang,1898,663,0.3493,401/1038=38.6%,262/860=30.5%,yizi_today=18.5% | yizi_next_all=10.0% | height{2:1264;3:363;4:152;5:56;6:25;7:17;8:10;9:3;10:2;11:1;12:2;13:1;14:1;15:1} | themes=132 | dates=149
zt_next,NOT same_theme_broken & NOT own_baoliang,2241,782,0.3490,470/1202=39.1%,312/1039=30.0%,yizi_today=19.2% | yizi_next_all=10.0% | height{2:1655;3:328;4:139;5:53;6:29;7:18;8:9;9:1;10:3;11:1;12:2;13:1;14:1;15:1} | themes=146 | dates=207
zt_next,NOT boards_ge5 & NOT is_fanbao & NOT href_le1,1883,657,0.3489,423/1102=38.4%,234/781=30.0%,yizi_today=17.6% | yizi_next_all=9.7% | height{2:1425;3:340;4:118} | themes=138 | dates=177
zt_next,height_drop & NOT theme_alive_own,129,45,0.3488,24/70=34.3%,21/59=35.6%,yizi_today=23.3% | yizi_next_all=10.9% | height{2:86;3:30;4:10;5:2;6:1} | themes=68 | dates=51
zt_next,same_theme_broken & is_sub_high,43,15,0.3488,3/10=30.0%,12/33=36.4%,yizi_today=7.0% | yizi_next_all=9.3% | height{2:28;3:14;4:1} | themes=16 | dates=23
zt_next,theme_alive_own & NOT boards_ge5 & NOT href_le1,1633,569,0.3484,363/931=39.0%,206/702=29.3%,yizi_today=17.8% | yizi_next_all=9.6% | height{2:1239;3:287;4:107} | themes=96 | dates=177
zt_next,leader_absent & NOT leader_baoliang,442,154,0.3484,83/190=43.7%,71/252=28.2%,yizi_today=16.5% | yizi_next_all=9.5% | height{2:307;3:76;4:34;5:15;6:7;7:1;10:2} | themes=84 | dates=33
zt_next,NOT leader_baoliang & lag0,442,154,0.3484,83/190=43.7%,71/252=28.2%,yizi_today=16.5% | yizi_next_all=9.5% | height{2:307;3:76;4:34;5:15;6:7;7:1;10:2} | themes=84 | dates=33
zt_next,NOT height_drop & NOT height_new_high,1682,586,0.3484,319/845=37.8%,267/837=31.9%,yizi_today=18.0% | yizi_next_all=9.4% | height{2:1097;3:312;4:151;5:61;6:31;7:19;8:7;11:1;12:1;13:1;14:1} | themes=123 | dates=127
zt_next,NOT leader_baoliang & NOT boards_ge5,1401,488,0.3483,287/693=41.4%,201/708=28.4%,yizi_today=16.8% | yizi_next_all=9.1% | height{2:1016;3:262;4:123} | themes=121 | dates=105
zt_next,NOT prev_leader_baoliang & NOT href_le1,1117,389,0.3483,264/658=40.1%,125/459=27.2%,yizi_today=18.1% | yizi_next_all=10.0% | height{2:787;3:224;4:74;5:21;6:7;7:1;8:2;9:1} | themes=111 | dates=94
zt_next,NOT height_new_high & NOT prev_leader_baoliang,1255,437,0.3482,256/654=39.1%,181/601=30.1%,yizi_today=18.5% | yizi_next_all=10.0% | height{2:787;3:261;4:111;5:47;6:26;7:13;8:5;10:2;12:1;13:1;14:1} | themes=120 | dates=94
zt_next,leader_baoliang & theme_alive_own,991,345,0.3481,209/571=36.6%,136/420=32.4%,yizi_today=19.8% | yizi_next_all=9.4% | height{2:610;3:218;4:97;5:32;6:15;7:7;8:4;9:2;10:1;11:1;13:1;14:1;16:1;17:1} | themes=83 | dates=102
zt_next,NOT height_new_high,2385,830,0.3480,462/1205=38.3%,368/1180=31.2%,yizi_today=18.1% | yizi_next_all=9.3% | height{2:1568;3:449;4:210;5:83;6:41;7:21;8:7;10:2;11:1;12:1;13:1;14:1} | themes=145 | dates=185
zt_next,NOT height_new_high & prev_leader_baoliang,1130,393,0.3478,206/551=37.4%,187/579=32.3%,yizi_today=17.6% | yizi_next_all=8.6% | height{2:781;3:188;4:99;5:36;6:15;7:8;8:2;11:1} | themes=105 | dates=91
zt_next,NOT leader_baoliang & NOT theme_alive_own,236,82,0.3475,47/113=41.6%,35/123=28.5%,yizi_today=15.7% | yizi_next_all=7.2% | height{2:159;3:48;4:13;5:8;6:4;7:2;8:1;9:1} | themes=93 | dates=99
zt_next,prev_leader_baoliang & href_le1,380,132,0.3474,71/186=38.2%,61/194=31.4%,yizi_today=20.0% | yizi_next_all=7.4% | height{2:161;3:88;4:68;5:27;6:15;7:9;8:3;9:3;10:1;11:1;12:1;15:1;17:1;18:1} | themes=60 | dates=101
zt_next,theme_alive_own & NOT boards_ge5 & NOT is_fanbao,1998,694,0.3473,425/1110=38.3%,269/888=30.3%,yizi_today=18.2% | yizi_next_all=9.6% | height{2:1383;3:417;4:198} | themes=103 | dates=207
zt_next,height_drop,703,244,0.3471,143/360=39.7%,101/343=29.4%,yizi_today=18.2% | yizi_next_all=9.1% | height{2:471;3:137;4:59;5:22;6:10;7:2;10:2} | themes=97 | dates=58
zt_next,leader_absent & height_drop,703,244,0.3471,143/360=39.7%,101/343=29.4%,yizi_today=18.2% | yizi_next_all=9.1% | height{2:471;3:137;4:59;5:22;6:10;7:2;10:2} | themes=97 | dates=58
zt_next,height_drop & NOT height_new_high,703,244,0.3471,143/360=39.7%,101/343=29.4%,yizi_today=18.2% | yizi_next_all=9.1% | height{2:471;3:137;4:59;5:22;6:10;7:2;10:2} | themes=97 | dates=58
zt_next,height_drop & lag0,703,244,0.3471,143/360=39.7%,101/343=29.4%,yizi_today=18.2% | yizi_next_all=9.1% | height{2:471;3:137;4:59;5:22;6:10;7:2;10:2} | themes=97 | dates=58
zt_next,leader_baoliang & NOT same_theme_broken,1118,388,0.3470,234/654=35.8%,154/464=33.2%,yizi_today=19.4% | yizi_next_all=9.5% | height{2:693;3:244;4:108;5:34;6:17;7:8;8:6;9:2;11:1;13:1;14:1;16:1;17:1;18:1} | themes=116 | dates=102
zt_next,height_drop & theme_alive_own,574,199,0.3467,119/290=41.0%,80/284=28.2%,yizi_today=17.1% | yizi_next_all=8.7% | height{2:385;3:107;4:49;5:20;6:9;7:2;10:2} | themes=68 | dates=58
zt_next,NOT height_drop & NOT own_baoliang,1766,612,0.3465,369/951=38.8%,243/815=29.8%,yizi_today=19.5% | yizi_next_all=10.1% | height{2:1300;3:256;4:109;5:42;6:24;7:17;8:9;9:1;10:2;11:1;12:2;13:1;14:1;15:1} | themes=130 | dates=149
zt_next,NOT prev_leader_baoliang & NOT own_baoliang,1264,438,0.3465,275/676=40.7%,163/588=27.7%,yizi_today=19.5% | yizi_next_all=10.4% | height{2:903;3:210;4:77;5:33;6:17;7:12;8:7;10:2;12:1;13:1;14:1} | themes=118 | dates=106
zt_next,prev_leader_baoliang & NOT theme_alive_own,228,79,0.3465,44/121=36.4%,35/107=32.7%,yizi_today=17.1% | yizi_next_all=8.3% | height{2:158;3:39;4:17;5:4;6:4;7:2;8:2;9:1;18:1} | themes=89 | dates=95
zt_next,NOT own_baoliang,2377,823,0.3462,494/1257=39.3%,329/1120=29.4%,yizi_today=19.1% | yizi_next_all=9.8% | height{2:1771;3:340;4:145;5:55;6:29;7:18;8:9;9:1;10:3;11:1;12:2;13:1;14:1;15:1} | themes=146 | dates=207
zt_next,NOT leader_absent & is_new_high & opened,78,27,0.3462,14/38=36.8%,13/40=32.5%,yizi_today=0.0% | yizi_next_all=1.3% | height{3:4;4:22;5:17;6:13;7:11;8:6;9:1;11:1;12:1;13:1;18:1} | themes=30 | dates=69
zt_next,leader_absent & NOT is_new_high & own_baoliang,78,27,0.3462,17/53=32.1%,10/25=40.0%,yizi_today=14.1% | yizi_next_all=6.4% | height{3:57;4:15;5:5;6:1} | themes=36 | dates=36
zt_next,prev_leader_baoliang & NOT own_baoliang,1113,385,0.3459,219/581=37.7%,166/532=31.2%,yizi_today=18.6% | yizi_next_all=9.2% | height{2:868;3:130;4:68;5:22;6:12;7:6;8:2;9:1;10:1;11:1;12:1;15:1} | themes=115 | dates=101
zt_next,NOT leader_absent & is_mid_2_3,1342,464,0.3458,277/714=38.8%,187/628=29.8%,yizi_today=17.7% | yizi_next_all=9.5% | height{2:1033;3:309} | themes=118 | dates=121
zt_next,is_mid_2_3 & NOT lag0,1342,464,0.3458,277/714=38.8%,187/628=29.8%,yizi_today=17.7% | yizi_next_all=9.5% | height{2:1033;3:309} | themes=118 | dates=121
zt_next,height_drop & NOT own_baoliang,611,211,0.3453,125/306=40.8%,86/305=28.2%,yizi_today=18.0% | yizi_next_all=9.0% | height{2:471;3:84;4:36;5:13;6:5;7:1;10:1} | themes=89 | dates=58
zt_next,prev_leader_baoliang & theme_alive_own & href_le1,307,106,0.3453,57/150=38.0%,49/157=31.2%,yizi_today=20.2% | yizi_next_all=7.2% | height{2:129;3:71;4:55;5:26;6:11;7:7;8:1;9:2;10:1;11:1;12:1;15:1;17:1} | themes=45 | dates=92
zt_next,NOT height_new_high & theme_alive_own,1982,684,0.3451,382/999=38.2%,302/983=30.7%,yizi_today=18.1% | yizi_next_all=9.4% | height{2:1299;3:363;4:182;5:74;6:35;7:18;8:5;10:2;11:1;12:1;13:1;14:1} | themes=100 | dates=185
zt_next,NOT height_new_high & NOT href_le1,1684,581,0.3450,344/898=38.3%,237/786=30.2%,yizi_today=17.0% | yizi_next_all=9.3% | height{2:1291;3:272;4:92;5:24;6:5} | themes=132 | dates=155
zt_next,height_drop & NOT prev_leader_baoliang,435,150,0.3448,93/227=41.0%,57/208=27.4%,yizi_today=17.0% | yizi_next_all=10.3% | height{2:276;3:92;4:40;5:16;6:8;7:1;10:2} | themes=85 | dates=34
zt_next,NOT is_mid_2_3 & opened,232,80,0.3448,53/145=36.6%,27/87=31.0%,yizi_today=0.0% | yizi_next_all=3.0% | height{4:128;5:51;6:27;7:13;8:7;9:1;10:1;11:1;12:1;13:1;18:1} | themes=52 | dates=136
zt_next,NOT is_mid_2_3 & NOT unopened,232,80,0.3448,53/145=36.6%,27/87=31.0%,yizi_today=0.0% | yizi_next_all=3.0% | height{4:128;5:51;6:27;7:13;8:7;9:1;10:1;11:1;12:1;13:1;18:1} | themes=52 | dates=136
zt_next,leader_absent & NOT theme_alive_own & href_le1,90,31,0.3444,14/41=34.1%,17/49=34.7%,yizi_today=20.0% | yizi_next_all=7.8% | height{2:48;3:27;4:10;5:3;6:2} | themes=49 | dates=47
zt_next,theme_alive_own & NOT is_new_high,2013,693,0.3443,439/1126=39.0%,254/887=28.6%,yizi_today=17.8% | yizi_next_all=9.7% | height{2:1452;3:370;4:135;5:38;6:10;7:3;8:3;9:2} | themes=102 | dates=205
zt_next,NOT is_new_high & NOT is_fanbao,2324,800,0.3442,507/1327=38.2%,293/997=29.4%,yizi_today=17.6% | yizi_next_all=9.6% | height{2:1672;3:437;4:151;5:46;6:10;7:3;8:3;9:2} | themes=147 | dates=205
zt_next,NOT boards_ge5 & NOT href_le1,1961,675,0.3442,424/1106=38.3%,251/855=29.4%,yizi_today=17.4% | yizi_next_all=9.3% | height{2:1494;3:349;4:118} | themes=138 | dates=177
zt_next,NOT is_new_high & NOT boards_ge5 & NOT href_le1,1961,675,0.3442,424/1106=38.3%,251/855=29.4%,yizi_today=17.4% | yizi_next_all=9.3% | height{2:1494;3:349;4:118} | themes=138 | dates=177
zt_next,is_new_high & opened & NOT own_baoliang,93,32,0.3441,14/38=36.8%,18/55=32.7%,yizi_today=0.0% | yizi_next_all=2.2% | height{2:9;3:21;4:23;5:10;6:14;7:8;8:4;9:1;10:1;12:1;13:1} | themes=33 | dates=75
zt_next,NOT own_baoliang & NOT href_le1,1831,630,0.3441,401/1031=38.9%,229/800=28.6%,yizi_today=18.3% | yizi_next_all=9.9% | height{2:1494;3:235;4:71;5:20;6:7;7:2;8:2} | themes=137 | dates=177
zt_next,NOT is_new_high & NOT own_baoliang & NOT href_le1,1831,630,0.3441,401/1031=38.9%,229/800=28.6%,yizi_today=18.3% | yizi_next_all=9.9% | height{2:1494;3:235;4:71;5:20;6:7;7:2;8:2} | themes=137 | dates=177
zt_next,NOT is_fanbao & NOT boards_ge5,2426,834,0.3438,503/1333=37.7%,331/1093=30.3%,yizi_today=17.9% | yizi_next_all=9.3% | height{2:1687;3:511;4:228} | themes=149 | dates=207
zt_next,same_theme_broken & href_le1,64,22,0.3438,7/21=33.3%,15/43=34.9%,yizi_today=12.5% | yizi_next_all=7.8% | height{2:28;3:23;4:8;5:4;10:1} | themes=20 | dates=34
zt_next,leader_baoliang & NOT is_fanbao,1176,404,0.3435,245/692=35.4%,159/484=32.9%,yizi_today=19.7% | yizi_next_all=9.5% | height{2:734;3:256;4:109;5:37;6:17;7:8;8:6;9:2;10:1;11:1;13:1;14:1;16:1;17:1;18:1} | themes=116 | dates=102
zt_next,NOT same_theme_broken & NOT boards_ge5,2376,816,0.3434,480/1275=37.6%,336/1101=30.5%,yizi_today=17.7% | yizi_next_all=9.1% | height{2:1655;3:496;4:225} | themes=149 | dates=207
zt_next,leader_baoliang & href_le1,434,149,0.3433,74/211=35.1%,75/223=33.6%,yizi_today=20.7% | yizi_next_all=7.8% | height{2:179;3:122;4:69;5:29;6:14;7:7;8:5;9:2;10:1;11:1;13:1;14:1;16:1;17:1;18:1} | themes=71 | dates=102
zt_next,NOT height_drop & NOT is_new_high,1836,630,0.3431,388/1019=38.1%,242/817=29.6%,yizi_today=17.8% | yizi_next_all=9.6% | height{2:1300;3:361;4:123;5:35;6:9;7:3;8:3;9:2} | themes=131 | dates=149
zt_next,NOT is_sub_high & is_mid_2_3,1937,664,0.3428,395/1043=37.9%,269/894=30.1%,yizi_today=17.3% | yizi_next_all=9.2% | height{2:1510;3:427} | themes=140 | dates=206
zt_next,NOT same_theme_broken & NOT is_new_high,2276,780,0.3427,485/1275=38.0%,295/1001=29.5%,yizi_today=17.4% | yizi_next_all=9.3% | height{2:1639;3:427;4:146;5:46;6:10;7:3;8:3;9:2} | themes=147 | dates=204
zt_next,NOT boards_ge5 & NOT same_theme_baoliang,2348,804,0.3424,479/1250=38.3%,325/1098=29.6%,yizi_today=17.5% | yizi_next_all=9.1% | height{2:1688;3:466;4:194} | themes=147 | dates=207
zt_next,theme_alive_own & NOT boards_ge5,2106,721,0.3424,427/1118=38.2%,294/988=29.8%,yizi_today=17.7% | yizi_next_all=9.2% | height{2:1467;3:432;4:207} | themes=103 | dates=207
zt_next,leader_baoliang,1210,414,0.3421,246/698=35.2%,168/512=32.8%,yizi_today=19.4% | yizi_next_all=9.3% | height{2:755;3:264;4:114;5:37;6:17;7:8;8:6;9:2;10:1;11:1;13:1;14:1;16:1;17:1;18:1} | themes=116 | dates=102
zt_next,NOT leader_absent & NOT theme_alive_own & NOT href_le1,228,78,0.3421,45/118=38.1%,33/110=30.0%,yizi_today=13.6% | yizi_next_all=7.9% | height{2:167;3:47;4:9;5:5} | themes=89 | dates=106
zt_next,NOT leader_absent & NOT boards_ge5 & href_le1,114,39,0.3421,18/49=36.7%,21/65=32.3%,yizi_today=17.5% | yizi_next_all=8.8% | height{2:10;3:51;4:53} | themes=40 | dates=37
zt_next,NOT prev_leader_baoliang & NOT is_new_high,1301,445,0.3420,292/735=39.7%,153/566=27.0%,yizi_today=17.8% | yizi_next_all=9.7% | height{2:894;3:272;4:91;5:31;6:8;7:2;8:2;9:1} | themes=121 | dates=105
zt_next,NOT boards_ge5 & NOT is_fanbao & NOT own_baoliang,2158,737,0.3415,449/1172=38.3%,288/986=29.2%,yizi_today=18.5% | yizi_next_all=9.5% | height{2:1687;3:332;4:139} | themes=145 | dates=207
zt_next,leader_baoliang & NOT href_le1,776,265,0.3415,172/487=35.3%,93/289=32.2%,yizi_today=18.7% | yizi_next_all=10.2% | height{2:576;3:142;4:45;5:8;6:3;7:1;8:1} | themes=105 | dates=80
zt_next,NOT is_new_high & NOT same_theme_baoliang,2311,789,0.3414,488/1272=38.4%,301/1039=29.0%,yizi_today=17.1% | yizi_next_all=9.3% | height{2:1682;3:425;4:143;5:44;6:9;7:3;8:3;9:2} | themes=147 | dates=205
zt_next,prev_leader_baoliang & same_theme_baoliang,126,43,0.3413,26/78=33.3%,17/48=35.4%,yizi_today=23.8% | yizi_next_all=7.1% | height{2:43;3:27;4:30;5:11;6:6;7:4;8:1;9:2;17:1;18:1} | themes=27 | dates=51
zt_next,NOT is_new_high & NOT is_fanbao & NOT own_baoliang,2088,712,0.3410,447/1168=38.3%,265/920=28.8%,yizi_today=18.1% | yizi_next_all=9.7% | height{2:1672;3:286;4:91;5:27;6:7;7:3;8:2} | themes=145 | dates=204
zt_next,NOT boards_ge5 & NOT opened & is_fanbao,44,15,0.3409,2/4=50.0%,13/40=32.5%,yizi_today=22.7% | yizi_next_all=4.5% | height{2:38;3:4;4:2} | themes=19 | dates=32
zt_next,NOT is_new_high & theme_alive_own & NOT own_baoliang,1810,617,0.3409,389/991=39.3%,228/819=27.8%,yizi_today=18.3% | yizi_next_all=9.8% | height{2:1452;3:241;4:83;5:22;6:7;7:3;8:2} | themes=101 | dates=204
zt_next,NOT height_new_high & NOT own_baoliang,2082,709,0.3405,393/1026=38.3%,316/1056=29.9%,yizi_today=18.5% | yizi_next_all=9.4% | height{2:1568;3:284;4:132;5:50;6:26;7:15;8:4;10:1;11:1;12:1} | themes=138 | dates=185
zt_next,is_fanbao & NOT opened,47,16,0.3404,2/4=50.0%,14/43=32.6%,yizi_today=25.5% | yizi_next_all=6.4% | height{2:38;3:4;4:2;5:3} | themes=20 | dates=34
zt_next,is_fanbao & unopened,47,16,0.3404,2/4=50.0%,14/43=32.6%,yizi_today=25.5% | yizi_next_all=6.4% | height{2:38;3:4;4:2;5:3} | themes=20 | dates=34
zt_next,theme_alive_own & NOT opened & is_fanbao,47,16,0.3404,2/4=50.0%,14/43=32.6%,yizi_today=25.5% | yizi_next_all=6.4% | height{2:38;3:4;4:2;5:3} | themes=20 | dates=34
zt_next,NOT leader_absent & NOT theme_alive_own & NOT boards_ge5,238,81,0.3403,48/124=38.7%,33/114=28.9%,yizi_today=14.7% | yizi_next_all=8.4% | height{2:168;3:52;4:18} | themes=90 | dates=110
zt_next,NOT height_drop & NOT boards_ge5,1867,635,0.3401,377/1011=37.3%,258/856=30.1%,yizi_today=17.5% | yizi_next_all=9.1% | height{2:1300;3:389;4:178} | themes=131 | dates=149
zt_next,theme_alive_own & NOT boards_ge5 & NOT own_baoliang,1873,637,0.3401,384/985=39.0%,253/888=28.5%,yizi_today=18.3% | yizi_next_all=9.5% | height{2:1467;3:280;4:126} | themes=101 | dates=207
zt_next,NOT prev_leader_baoliang & NOT boards_ge5,1341,456,0.3400,279/715=39.0%,177/626=28.3%,yizi_today=17.5% | yizi_next_all=9.7% | height{2:903;3:313;4:125} | themes=122 | dates=106
zt_next,leader_absent & NOT one_price_today & boards_ge4,100,34,0.3400,23/66=34.8%,11/34=32.4%,yizi_today=0.0% | yizi_next_all=4.0% | height{4:65;5:22;6:11;7:1;10:1} | themes=37 | dates=51
zt_next,NOT theme_alive_own & NOT boards_ge5 & href_le1,100,34,0.3400,17/48=35.4%,17/52=32.7%,yizi_today=21.0% | yizi_next_all=8.0% | height{2:49;3:32;4:19} | themes=51 | dates=55
zt_next,NOT boards_ge5,2534,861,0.3398,505/1341=37.7%,356/1193=29.8%,yizi_today=17.5% | yizi_next_all=9.0% | height{2:1771;3:526;4:237} | themes=149 | dates=207
zt_next,prev_leader_baoliang & NOT boards_ge5,1193,405,0.3395,226/626=36.1%,179/567=31.6%,yizi_today=17.5% | yizi_next_all=8.1% | height{2:868;3:213;4:112} | themes=115 | dates=101
zt_next,NOT theme_alive_own & NOT is_sub_high,383,130,0.3394,76/211=36.0%,54/172=31.4%,yizi_today=17.2% | yizi_next_all=8.9% | height{2:256;3:78;4:25;5:10;6:6;7:3;8:3;9:1;18:1} | themes=113 | dates=172
zt_next,NOT is_new_high,2419,821,0.3394,509/1335=38.1%,312/1084=28.8%,yizi_today=17.3% | yizi_next_all=9.3% | height{2:1755;3:448;4:151;5:47;6:10;7:3;8:3;9:2} | themes=147 | dates=205
zt_next,href_le2,1259,427,0.3392,200/529=37.8%,227/730=31.1%,yizi_today=19.1% | yizi_next_all=9.0% | height{2:672;3:270;4:150;5:73;6:40;7:23;8:12;9:3;10:4;11:2;12:2;13:2;14:2;15:1;16:1;17:1;18:1} | themes=110 | dates=207
zt_next,same_theme_broken & theme_alive_own & href_le1,59,20,0.3390,6/18=33.3%,14/41=34.1%,yizi_today=13.6% | yizi_next_all=8.5% | height{2:26;3:21;4:8;5:3;10:1} | themes=17 | dates=31
zt_next,NOT is_new_high & NOT boards_ge5 & NOT is_fanbao,2260,766,0.3389,477/1270=37.6%,289/990=29.2%,yizi_today=17.2% | yizi_next_all=9.2% | height{2:1672;3:437;4:151} | themes=147 | dates=205
zt_next,leader_absent & NOT is_fanbao & href_le1,478,162,0.3389,78/215=36.3%,84/263=31.9%,yizi_today=19.7% | yizi_next_all=8.6% | height{2:252;3:121;4:63;5:21;6:15;7:2;10:3;14:1} | themes=76 | dates=86
zt_next,NOT boards_ge5 & NOT own_baoliang & NOT href_le1,1800,610,0.3389,384/1003=38.3%,226/797=28.4%,yizi_today=17.9% | yizi_next_all=9.6% | height{2:1494;3:235;4:71} | themes=137 | dates=177
zt_next,height_drop & NOT boards_ge5,667,226,0.3388,128/330=38.8%,98/337=29.1%,yizi_today=17.7% | yizi_next_all=8.7% | height{2:471;3:137;4:59} | themes=95 | dates=58
zt_next,NOT leader_baoliang & is_mid_2_3,1278,433,0.3388,251/620=40.5%,182/658=27.7%,yizi_today=16.3% | yizi_next_all=8.8% | height{2:1016;3:262} | themes=120 | dates=105
zt_next,is_mid_2_3 & NOT href_le1,1843,623,0.3380,380/1016=37.4%,243/827=29.4%,yizi_today=17.0% | yizi_next_all=9.3% | height{2:1494;3:349} | themes=138 | dates=177
zt_next,leader_absent & theme_alive_own & NOT is_fanbao,858,290,0.3380,175/469=37.3%,115/389=29.6%,yizi_today=17.8% | yizi_next_all=9.3% | height{2:569;3:167;4:80;5:23;6:13;7:2;10:3;14:1} | themes=77 | dates=86
zt_next,leader_baoliang & NOT same_theme_baoliang,965,326,0.3378,198/570=34.7%,128/395=32.4%,yizi_today=18.9% | yizi_next_all=9.1% | height{2:672;3:204;4:71;5:14;6:2;7:1;8:1} | themes=113 | dates=102
zt_next,is_mid_2_3 & NOT is_fanbao,2198,742,0.3376,442/1186=37.3%,300/1012=29.6%,yizi_today=17.1% | yizi_next_all=9.1% | height{2:1687;3:511} | themes=149 | dates=207
zt_next,NOT leader_absent & NOT is_new_high & NOT theme_alive_own,237,80,0.3376,46/123=37.4%,34/114=29.8%,yizi_today=13.9% | yizi_next_all=7.6% | height{2:168;3:51;4:11;5:7} | themes=89 | dates=109
zt_next,NOT is_new_high & theme_alive_own & NOT boards_ge5,1957,660,0.3373,410/1075=38.1%,250/882=28.3%,yizi_today=17.3% | yizi_next_all=9.1% | height{2:1452;3:370;4:135} | themes=102 | dates=205
zt_next,NOT height_new_high & NOT boards_ge5,2227,751,0.3372,411/1105=37.2%,340/1122=30.3%,yizi_today=17.1% | yizi_next_all=8.8% | height{2:1568;3:449;4:210} | themes=144 | dates=185
zt_next,NOT same_theme_broken & is_mid_2_3,2151,725,0.3371,423/1136=37.2%,302/1015=29.8%,yizi_today=17.0% | yizi_next_all=8.8% | height{2:1655;3:496} | themes=149 | dates=206
zt_next,NOT leader_absent & NOT one_price_today & own_baoliang,184,62,0.3370,37/111=33.3%,25/73=34.2%,yizi_today=0.0% | yizi_next_all=1.6% | height{3:91;4:54;5:23;6:6;7:4;8:4;11:1;18:1} | themes=55 | dates=99
zt_next,is_new_high & NOT boards_ge5 & opened,92,31,0.3370,7/31=22.6%,24/61=39.3%,yizi_today=0.0% | yizi_next_all=1.1% | height{2:9;3:40;4:43} | themes=37 | dates=53
zt_next,NOT own_baoliang & NOT boards_ge5,2256,759,0.3364,451/1179=38.3%,308/1077=28.6%,yizi_today=18.1% | yizi_next_all=9.2% | height{2:1771;3:340;4:145} | themes=145 | dates=207
zt_next,prev_leader_baoliang & NOT is_new_high,1118,376,0.3363,217/600=36.2%,159/518=30.7%,yizi_today=16.7% | yizi_next_all=8.8% | height{2:861;3:176;4:60;5:16;6:2;7:1;8:1;9:1} | themes=114 | dates=100
zt_next,leader_absent & theme_alive_own & NOT href_le1,491,165,0.3360,111/296=37.5%,54/195=27.7%,yizi_today=15.9% | yizi_next_all=9.4% | height{2:383;3:76;4:27;5:5} | themes=64 | dates=59
zt_next,own_baoliang & opened,250,84,0.3360,47/152=30.9%,37/98=37.8%,yizi_today=0.0% | yizi_next_all=1.6% | height{3:137;4:63;5:30;6:11;7:4;8:3;11:1;18:1} | themes=65 | dates=141
zt_next,own_baoliang & NOT unopened,250,84,0.3360,47/152=30.9%,37/98=37.8%,yizi_today=0.0% | yizi_next_all=1.6% | height{3:137;4:63;5:30;6:11;7:4;8:3;11:1;18:1} | themes=65 | dates=141
zt_next,NOT one_price_today & opened & own_baoliang,250,84,0.3360,47/152=30.9%,37/98=37.8%,yizi_today=0.0% | yizi_next_all=1.6% | height{3:137;4:63;5:30;6:11;7:4;8:3;11:1;18:1} | themes=65 | dates=141
zt_next,is_mid_2_3 & same_theme_baoliang,143,48,0.3357,24/67=35.8%,24/76=31.6%,yizi_today=17.5% | yizi_next_all=8.4% | height{2:83;3:60} | themes=33 | dates=67
zt_next,leader_absent & href_le1,501,168,0.3353,79/218=36.2%,89/283=31.4%,yizi_today=19.0% | yizi_next_all=8.2% | height{2:267;3:126;4:66;5:21;6:15;7:2;10:3;14:1} | themes=76 | dates=86
zt_next,href_le1 & lag0,501,168,0.3353,79/218=36.2%,89/283=31.4%,yizi_today=19.0% | yizi_next_all=8.2% | height{2:267;3:126;4:66;5:21;6:15;7:2;10:3;14:1} | themes=76 | dates=86
zt_next,NOT is_new_high & NOT own_baoliang,2177,730,0.3353,449/1175=38.2%,281/1002=28.0%,yizi_today=17.8% | yizi_next_all=9.3% | height{2:1755;3:292;4:91;5:27;6:7;7:3;8:2} | themes=145 | dates=204
zt_next,theme_alive_own & is_mid_2_3,1899,636,0.3349,374/993=37.7%,262/906=28.9%,yizi_today=17.1% | yizi_next_all=9.0% | height{2:1467;3:432} | themes=103 | dates=207
zt_next,leader_absent & theme_alive_own,902,302,0.3348,176/473=37.2%,126/429=29.4%,yizi_today=17.2% | yizi_next_all=8.9% | height{2:602;3:175;4:83;5:23;6:13;7:2;10:3;14:1} | themes=77 | dates=86
zt_next,theme_alive_own & lag0,902,302,0.3348,176/473=37.2%,126/429=29.4%,yizi_today=17.2% | yizi_next_all=8.9% | height{2:602;3:175;4:83;5:23;6:13;7:2;10:3;14:1} | themes=77 | dates=86
zt_next,NOT leader_absent & NOT theme_alive_own & NOT own_baoliang,233,78,0.3348,44/119=37.0%,34/114=29.8%,yizi_today=15.9% | yizi_next_all=8.6% | height{2:168;3:40;4:11;5:6;6:4;7:2;8:1;9:1} | themes=89 | dates=108
zt_next,NOT one_price_today & theme_alive_own & own_baoliang,251,84,0.3347,46/150=30.7%,38/101=37.6%,yizi_today=0.0% | yizi_next_all=1.6% | height{3:132;4:71;5:28;6:12;7:5;8:2;11:1} | themes=57 | dates=143
zt_next,NOT one_price_today & own_baoliang,302,101,0.3344,56/183=30.6%,45/119=37.8%,yizi_today=0.0% | yizi_next_all=2.3% | height{3:162;4:81;5:35;6:13;7:5;8:4;11:1;18:1} | themes=73 | dates=157
zt_next,theme_dead,359,120,0.3343,78/236=33.1%,42/123=34.1%,yizi_today=19.8% | yizi_next_all=8.9% | height{2:252;3:65;4:24;5:13;6:3;7:2} | themes=77 | dates=29
zt_next,height_drop & NOT href_le1,374,125,0.3342,89/230=38.7%,36/144=25.0%,yizi_today=16.3% | yizi_next_all=8.8% | height{2:296;3:55;4:18;5:5} | themes=79 | dates=38
zt_next,NOT height_new_high & leader_baoliang,1081,361,0.3340,201/598=33.6%,160/483=33.1%,yizi_today=19.0% | yizi_next_all=8.7% | height{2:684;3:234;4:106;5:31;6:14;7:6;8:3;10:1;13:1;14:1} | themes=110 | dates=92
zt_next,prev_leader_baoliang & is_mid_2_3,1081,361,0.3340,197/558=35.3%,164/523=31.4%,yizi_today=16.6% | yizi_next_all=8.2% | height{2:868;3:213} | themes=113 | dates=101
zt_next,NOT height_drop & is_mid_2_3,1689,564,0.3339,330/900=36.7%,234/789=29.7%,yizi_today=17.0% | yizi_next_all=9.0% | height{2:1300;3:389} | themes=131 | dates=149
zt_next,NOT is_new_high & NOT boards_ge5,2354,786,0.3339,479/1278=37.5%,307/1076=28.5%,yizi_today=16.9% | yizi_next_all=8.8% | height{2:1755;3:448;4:151} | themes=147 | dates=205
zt_next,NOT height_new_high & NOT is_new_high,2091,698,0.3338,404/1081=37.4%,294/1010=29.1%,yizi_today=16.6% | yizi_next_all=8.8% | height{2:1552;3:371;4:124;5:37;6:6;7:1} | themes=141 | dates=183
zt_next,leader_absent & theme_alive_own & href_le1,411,137,0.3333,65/177=36.7%,72/234=30.8%,yizi_today=18.7% | yizi_next_all=8.3% | height{2:219;3:99;4:56;5:18;6:13;7:2;10:3;14:1} | themes=56 | dates=84
zt_next,lag1 & href_le1 & NOT one_price_today,111,37,0.3333,15/46=32.6%,22/65=33.8%,yizi_today=0.0% | yizi_next_all=3.6% | height{2:10;3:37;4:39;5:13;6:7;7:5} | themes=41 | dates=51
zt_next,NOT one_price_today & NOT theme_alive_own & own_baoliang,51,17,0.3333,10/33=30.3%,7/18=38.9%,yizi_today=0.0% | yizi_next_all=5.9% | height{3:30;4:10;5:7;6:1;8:2;18:1} | themes=35 | dates=46
zt_next,is_sub_high & NOT is_mid_2_3,48,16,0.3333,11/33=33.3%,5/15=33.3%,yizi_today=22.9% | yizi_next_all=8.3% | height{4:33;5:13;6:1;7:1} | themes=23 | dates=35
zt_next,NOT leader_absent & is_new_high & NOT boards_ge5,42,14,0.3333,5/16=31.2%,9/26=34.6%,yizi_today=16.7% | yizi_next_all=7.1% | height{3:7;4:35} | themes=24 | dates=23
zt_next,NOT is_new_high & boards_ge5 & opened,30,10,0.3333,8/27=29.6%,2/3=66.7%,yizi_today=0.0% | yizi_next_all=10.0% | height{5:23;6:5;7:1;8:1} | themes=20 | dates=24
zt_next,is_mid_2_3,2297,765,0.3330,444/1194=37.2%,321/1103=29.1%,yizi_today=16.8% | yizi_next_all=8.8% | height{2:1771;3:526} | themes=149 | dates=207
zt_next,is_mid_2_3 & NOT boards_ge5,2297,765,0.3330,444/1194=37.2%,321/1103=29.1%,yizi_today=16.8% | yizi_next_all=8.8% | height{2:1771;3:526} | themes=149 | dates=207
zt_next,is_mid_2_3 & NOT same_theme_baoliang,2154,717,0.3329,420/1127=37.3%,297/1027=28.9%,yizi_today=16.8% | yizi_next_all=8.8% | height{2:1688;3:466} | themes=147 | dates=207
zt_next,NOT prev_leader_baoliang & is_mid_2_3,1216,404,0.3322,247/636=38.8%,157/580=27.1%,yizi_today=17.0% | yizi_next_all=9.2% | height{2:903;3:313} | themes=122 | dates=106
zt_next,leader_absent & NOT is_fanbao,1054,350,0.3321,206/572=36.0%,144/482=29.9%,yizi_today=18.0% | yizi_next_all=9.0% | height{2:705;3:209;4:92;5:27;6:15;7:2;10:3;14:1} | themes=117 | dates=86
zt_next,NOT is_fanbao & lag0,1054,350,0.3321,206/572=36.0%,144/482=29.9%,yizi_today=18.0% | yizi_next_all=9.0% | height{2:705;3:209;4:92;5:27;6:15;7:2;10:3;14:1} | themes=117 | dates=86
zt_next,NOT theme_alive_own,455,151,0.3319,84/240=35.0%,67/215=31.2%,yizi_today=16.7% | yizi_next_all=8.1% | height{2:304;3:94;4:30;5:13;6:6;7:3;8:3;9:1;18:1} | themes=120 | dates=188
zt_next,theme_weak_own,455,151,0.3319,84/240=35.0%,67/215=31.2%,yizi_today=16.7% | yizi_next_all=8.1% | height{2:304;3:94;4:30;5:13;6:6;7:3;8:3;9:1;18:1} | themes=120 | dates=188
zt_next,NOT theme_alive_own & NOT is_fanbao,455,151,0.3319,84/240=35.0%,67/215=31.2%,yizi_today=16.7% | yizi_next_all=8.1% | height{2:304;3:94;4:30;5:13;6:6;7:3;8:3;9:1;18:1} | themes=120 | dates=188
zt_next,theme_alive_own & opened & own_baoliang,208,69,0.3317,38/127=29.9%,31/81=38.3%,yizi_today=0.0% | yizi_next_all=1.4% | height{3:113;4:56;5:23;6:10;7:4;8:1;11:1} | themes=55 | dates=128
zt_next,leader_baoliang & NOT own_baoliang,980,325,0.3316,198/560=35.4%,127/420=30.2%,yizi_today=19.8% | yizi_next_all=9.4% | height{2:755;3:153;4:56;5:12;6:2;7:1;8:1} | themes=109 | dates=102
zt_next,leader_absent & NOT same_theme_broken,996,330,0.3313,191/532=35.9%,139/464=30.0%,yizi_today=17.7% | yizi_next_all=8.6% | height{2:661;3:201;4:89;5:25;6:15;7:2;10:2;14:1} | themes=117 | dates=86
zt_next,NOT same_theme_broken & lag0,996,330,0.3313,191/532=35.9%,139/464=30.0%,yizi_today=17.7% | yizi_next_all=8.6% | height{2:661;3:201;4:89;5:25;6:15;7:2;10:2;14:1} | themes=117 | dates=86
zt_next,NOT leader_absent & NOT one_price_today & href_le1,166,55,0.3313,25/73=34.2%,30/93=32.3%,yizi_today=0.0% | yizi_next_all=3.0% | height{2:10;3:39;4:45;5:26;6:17;7:15;8:9;9:1;11:1;12:1;13:1;18:1} | themes=44 | dates=97
zt_next,NOT is_new_high & NOT boards_ge5 & NOT own_baoliang,2138,707,0.3307,430/1142=37.7%,277/996=27.8%,yizi_today=17.4% | yizi_next_all=9.0% | height{2:1755;3:292;4:91} | themes=145 | dates=204
zt_next,height_drop & is_mid_2_3,608,201,0.3306,114/294=38.8%,87/314=27.7%,yizi_today=16.3% | yizi_next_all=8.1% | height{2:471;3:137} | themes=93 | dates=58
zt_next,opened & NOT is_fanbao & own_baoliang,242,80,0.3306,47/151=31.1%,33/91=36.3%,yizi_today=0.0% | yizi_next_all=1.7% | height{3:132;4:60;5:30;6:11;7:4;8:3;11:1;18:1} | themes=65 | dates=138
zt_next,leader_absent & NOT one_price_today & own_baoliang,118,39,0.3305,19/72=26.4%,20/46=43.5%,yizi_today=0.0% | yizi_next_all=3.4% | height{3:71;4:27;5:12;6:7;7:1} | themes=50 | dates=58
zt_next,leader_absent & prev_leader_baoliang,454,150,0.3304,92/279=33.0%,58/175=33.1%,yizi_today=18.7% | yizi_next_all=6.8% | height{2:329;3:75;4:37;5:7;6:5;7:1} | themes=76 | dates=38
zt_next,prev_leader_baoliang & lag0,454,150,0.3304,92/279=33.0%,58/175=33.1%,yizi_today=18.7% | yizi_next_all=6.8% | height{2:329;3:75;4:37;5:7;6:5;7:1} | themes=76 | dates=38
zt_next,leader_any_absent,1539,508,0.3301,268/727=36.9%,240/812=29.6%,yizi_today=16.9% | yizi_next_all=8.7% | height{2:1055;3:283;4:128;5:46;6:19;7:4;10:3;14:1} | themes=128 | dates=122
zt_next,NOT boards_ge5 & opened & own_baoliang,200,66,0.3300,35/118=29.7%,31/82=37.8%,yizi_today=0.0% | yizi_next_all=1.5% | height{3:137;4:63} | themes=63 | dates=121
zt_next,leader_absent & NOT height_new_high,1076,355,0.3299,207/576=35.9%,148/500=29.6%,yizi_today=17.7% | yizi_next_all=8.8% | height{2:729;3:208;4:93;5:26;6:15;7:2;10:2;14:1} | themes=116 | dates=85
zt_next,NOT height_new_high & lag0,1076,355,0.3299,207/576=35.9%,148/500=29.6%,yizi_today=17.7% | yizi_next_all=8.8% | height{2:729;3:208;4:93;5:26;6:15;7:2;10:2;14:1} | themes=116 | dates=85
zt_next,leader_absent & NOT same_theme_baoliang,946,312,0.3298,180/493=36.5%,132/453=29.1%,yizi_today=17.1% | yizi_next_all=8.4% | height{2:677;3:172;4:69;5:18;6:7;7:1;10:2} | themes=114 | dates=86
zt_next,lag0 & NOT same_theme_baoliang,946,312,0.3298,180/493=36.5%,132/453=29.1%,yizi_today=17.1% | yizi_next_all=8.4% | height{2:677;3:172;4:69;5:18;6:7;7:1;10:2} | themes=114 | dates=86
zt_next,NOT height_new_high & is_mid_2_3,2017,665,0.3297,359/980=36.6%,306/1037=29.5%,yizi_today=16.4% | yizi_next_all=8.5% | height{2:1568;3:449} | themes=142 | dates=185
zt_next,leader_absent,1098,362,0.3297,207/576=35.9%,155/522=29.7%,yizi_today=17.5% | yizi_next_all=8.7% | height{2:738;3:217;4:95;5:27;6:15;7:2;10:3;14:1} | themes=117 | dates=86
zt_next,lag0,1098,362,0.3297,207/576=35.9%,155/522=29.7%,yizi_today=17.5% | yizi_next_all=8.7% | height{2:738;3:217;4:95;5:27;6:15;7:2;10:3;14:1} | themes=117 | dates=86
zt_next,leader_absent & lag0,1098,362,0.3297,207/576=35.9%,155/522=29.7%,yizi_today=17.5% | yizi_next_all=8.7% | height{2:738;3:217;4:95;5:27;6:15;7:2;10:3;14:1} | themes=117 | dates=86
zt_next,leader_baoliang & NOT boards_ge5,1133,373,0.3292,218/648=33.6%,155/485=32.0%,yizi_today=18.4% | yizi_next_all=8.7% | height{2:755;3:264;4:114} | themes=116 | dates=102
zt_next,leader_absent & NOT prev_leader_baoliang,644,212,0.3292,115/297=38.7%,97/347=28.0%,yizi_today=16.6% | yizi_next_all=9.9% | height{2:409;3:142;4:58;5:20;6:10;7:1;10:3;14:1} | themes=99 | dates=48
zt_next,NOT prev_leader_baoliang & lag0,644,212,0.3292,115/297=38.7%,97/347=28.0%,yizi_today=16.6% | yizi_next_all=9.9% | height{2:409;3:142;4:58;5:20;6:10;7:1;10:3;14:1} | themes=99 | dates=48
zt_next,leader_absent & same_theme_baoliang,152,50,0.3289,27/83=32.5%,23/69=33.3%,yizi_today=19.7% | yizi_next_all=10.5% | height{2:61;3:45;4:26;5:9;6:8;7:1;10:1;14:1} | themes=34 | dates=53
zt_next,lag0 & same_theme_baoliang,152,50,0.3289,27/83=32.5%,23/69=33.3%,yizi_today=19.7% | yizi_next_all=10.5% | height{2:61;3:45;4:26;5:9;6:8;7:1;10:1;14:1} | themes=34 | dates=53
zt_next,NOT theme_alive_own & NOT same_theme_broken,447,147,0.3289,81/234=34.6%,66/213=31.0%,yizi_today=16.8% | yizi_next_all=8.3% | height{2:299;3:92;4:30;5:12;6:6;7:3;8:3;9:1;18:1} | themes=120 | dates=187
zt_next,NOT one_price_today & NOT is_fanbao & own_baoliang,292,96,0.3288,56/182=30.8%,40/110=36.4%,yizi_today=0.0% | yizi_next_all=2.4% | height{3:155;4:78;5:35;6:13;7:5;8:4;11:1;18:1} | themes=73 | dates=154
zt_next,NOT is_new_high & is_mid_2_3,2203,724,0.3286,429/1167=36.8%,295/1036=28.5%,yizi_today=16.5% | yizi_next_all=8.8% | height{2:1755;3:448} | themes=147 | dates=205
zt_next,theme_alive & href_le1,326,107,0.3282,34/90=37.8%,73/236=30.9%,yizi_today=17.2% | yizi_next_all=8.0% | height{2:133;3:97;4:61;5:20;6:10;7:1;10:3;14:1} | themes=60 | dates=72
zt_next,NOT theme_alive_own & NOT same_theme_baoliang,436,143,0.3280,79/226=35.0%,64/210=30.5%,yizi_today=16.7% | yizi_next_all=8.0% | height{2:304;3:87;4:27;5:10;6:4;7:2;8:1;9:1} | themes=119 | dates=186
zt_next,height_drop & NOT is_new_high,583,191,0.3276,121/316=38.3%,70/267=26.2%,yizi_today=15.8% | yizi_next_all=8.2% | height{2:455;3:87;4:28;5:12;6:1} | themes=92 | dates=56
zt_next,leader_baoliang & prev_leader_baoliang,568,186,0.3275,107/351=30.5%,79/217=36.4%,yizi_today=19.7% | yizi_next_all=8.3% | height{2:363;3:112;4:60;5:18;6:6;7:4;8:1;9:2;17:1;18:1} | themes=81 | dates=51
zt_next,NOT height_new_high & same_theme_baoliang,226,74,0.3274,35/112=31.2%,39/114=34.2%,yizi_today=19.0% | yizi_next_all=8.0% | height{2:77;3:59;4:43;5:22;6:13;7:6;8:3;10:1;13:1;14:1} | themes=40 | dates=92
zt_next,NOT theme_alive_own & NOT boards_ge5,428,140,0.3271,78/223=35.0%,62/205=30.2%,yizi_today=16.6% | yizi_next_all=7.9% | height{2:304;3:94;4:30} | themes=120 | dates=187
zt_next,NOT theme_alive_own & NOT boards_ge5 & NOT is_fanbao,428,140,0.3271,78/223=35.0%,62/205=30.2%,yizi_today=16.6% | yizi_next_all=7.9% | height{2:304;3:94;4:30} | themes=120 | dates=187
zt_next,NOT one_price_today & NOT opened & own_baoliang,52,17,0.3269,9/31=29.0%,8/21=38.1%,yizi_today=0.0% | yizi_next_all=5.8% | height{3:25;4:18;5:5;6:2;7:1;8:1} | themes=30 | dates=44
zt_next,NOT leader_absent & opened & own_baoliang,153,50,0.3268,30/95=31.6%,20/58=34.5%,yizi_today=0.0% | yizi_next_all=1.3% | height{3:77;4:44;5:19;6:5;7:3;8:3;11:1;18:1} | themes=51 | dates=89
zt_next,NOT boards_ge5 & NOT own_baoliang & href_le1,456,149,0.3268,67/176=38.1%,82/280=29.3%,yizi_today=19.1% | yizi_next_all=7.7% | height{2:277;3:105;4:74} | themes=68 | dates=92
zt_next,leader_absent & NOT is_fanbao & NOT href_le1,576,188,0.3264,128/357=35.9%,60/219=27.4%,yizi_today=16.7% | yizi_next_all=9.4% | height{2:453;3:88;4:29;5:6} | themes=96 | dates=59
zt_next,is_mid_2_3 & NOT own_baoliang,2111,689,0.3264,404/1089=37.1%,285/1022=27.9%,yizi_today=17.1% | yizi_next_all=8.8% | height{2:1771;3:340} | themes=145 | dates=206
zt_next,NOT boards_ge5 & NOT is_fanbao & href_le1,543,177,0.3260,80/231=34.6%,97/312=31.1%,yizi_today=18.8% | yizi_next_all=7.9% | height{2:262;3:171;4:110} | themes=76 | dates=100
zt_next,leader_baoliang & is_mid_2_3,1019,332,0.3258,193/574=33.6%,139/445=31.2%,yizi_today=17.5% | yizi_next_all=8.7% | height{2:755;3:264} | themes=116 | dates=102
zt_next,NOT height_drop & NOT theme_alive_own,326,106,0.3252,60/170=35.3%,46/156=29.5%,yizi_today=14.1% | yizi_next_all=7.1% | height{2:218;3:64;4:20;5:11;6:5;7:3;8:3;9:1;18:1} | themes=104 | dates=137
zt_next,leader_absent & NOT href_le1,597,194,0.3250,128/358=35.8%,66/239=27.6%,yizi_today=16.2% | yizi_next_all=9.0% | height{2:471;3:91;4:29;5:6} | themes=96 | dates=59
zt_next,NOT href_le1 & lag0,597,194,0.3250,128/358=35.8%,66/239=27.6%,yizi_today=16.2% | yizi_next_all=9.0% | height{2:471;3:91;4:29;5:6} | themes=96 | dates=59
zt_next,leader_absent & NOT is_new_high & NOT href_le1,597,194,0.3250,128/358=35.8%,66/239=27.6%,yizi_today=16.2% | yizi_next_all=9.0% | height{2:471;3:91;4:29;5:6} | themes=96 | dates=59
zt_next,NOT boards_ge5 & href_le1,573,186,0.3246,81/235=34.5%,105/338=31.1%,yizi_today=18.0% | yizi_next_all=7.7% | height{2:277;3:177;4:119} | themes=76 | dates=100
zt_next,leader_absent & NOT is_fanbao & NOT own_baoliang,915,297,0.3246,176/486=36.2%,121/429=28.2%,yizi_today=18.0% | yizi_next_all=8.9% | height{2:705;3:129;4:58;5:14;6:6;7:1;10:2} | themes=108 | dates=86
zt_next,leader_absent & theme_alive_own & NOT boards_ge5,860,279,0.3244,158/440=35.9%,121/420=28.8%,yizi_today=16.6% | yizi_next_all=8.5% | height{2:602;3:175;4:83} | themes=76 | dates=86
zt_next,NOT theme_alive_own & is_mid_2_3,398,129,0.3241,70/201=34.8%,59/197=29.9%,yizi_today=15.3% | yizi_next_all=7.8% | height{2:304;3:94} | themes=118 | dates=184
zt_next,leader_absent & NOT boards_ge5 & NOT is_fanbao,1006,326,0.3241,187/535=35.0%,139/471=29.5%,yizi_today=17.6% | yizi_next_all=8.6% | height{2:705;3:209;4:92} | themes=115 | dates=86
zt_next,leader_baoliang & NOT is_new_high,1016,329,0.3238,207/612=33.8%,122/404=30.2%,yizi_today=18.0% | yizi_next_all=9.0% | height{2:739;3:198;4:60;5:14;6:3;7:1;8:1} | themes=114 | dates=100
zt_next,theme_alive & same_theme_baoliang,99,32,0.3232,15/45=33.3%,17/54=31.5%,yizi_today=19.2% | yizi_next_all=8.1% | height{2:32;3:32;4:20;5:10;6:3;10:1;14:1} | themes=28 | dates=39
zt_next,leader_absent & NOT boards_ge5 & NOT href_le1,591,191,0.3232,125/353=35.4%,66/238=27.7%,yizi_today=16.2% | yizi_next_all=9.0% | height{2:471;3:91;4:29} | themes=96 | dates=59
zt_next,NOT theme_alive_own & NOT boards_ge5 & NOT href_le1,328,106,0.3232,61/175=34.9%,45/153=29.4%,yizi_today=15.2% | yizi_next_all=7.9% | height{2:255;3:62;4:11} | themes=110 | dates=155
zt_next,NOT leader_absent & NOT opened & is_fanbao,31,10,0.3226,1/3=33.3%,9/28=32.1%,yizi_today=32.3% | yizi_next_all=9.7% | height{2:24;3:3;4:1;5:3} | themes=16 | dates=21
zt_next,NOT theme_alive_own & NOT own_baoliang,397,128,0.3224,69/201=34.3%,59/196=30.1%,yizi_today=17.4% | yizi_next_all=7.8% | height{2:304;3:60;4:19;5:6;6:4;7:2;8:1;9:1} | themes=115 | dates=181
zt_next,NOT theme_alive_own & NOT is_fanbao & NOT own_baoliang,397,128,0.3224,69/201=34.3%,59/196=30.1%,yizi_today=17.4% | yizi_next_all=7.8% | height{2:304;3:60;4:19;5:6;6:4;7:2;8:1;9:1} | themes=115 | dates=181
zt_next,leader_absent & theme_alive_own & NOT own_baoliang,791,255,0.3224,152/408=37.3%,103/383=26.9%,yizi_today=17.1% | yizi_next_all=8.8% | height{2:602;3:113;4:53;5:14;6:6;7:1;10:2} | themes=76 | dates=86
zt_next,theme_alive & NOT is_sub_high,739,238,0.3221,101/278=36.3%,137/461=29.7%,yizi_today=17.6% | yizi_next_all=8.0% | height{2:518;3:113;4:74;5:19;6:10;7:1;10:3;14:1} | themes=91 | dates=72
zt_next,leader_absent & NOT boards_ge5,1050,338,0.3219,188/539=34.9%,150/511=29.4%,yizi_today=17.0% | yizi_next_all=8.3% | height{2:738;3:217;4:95} | themes=115 | dates=86
zt_next,NOT boards_ge5 & lag0,1050,338,0.3219,188/539=34.9%,150/511=29.4%,yizi_today=17.0% | yizi_next_all=8.3% | height{2:738;3:217;4:95} | themes=115 | dates=86
zt_next,prev_leader_baoliang & theme_alive,460,148,0.3217,61/170=35.9%,87/290=30.0%,yizi_today=15.4% | yizi_next_all=6.7% | height{2:340;3:68;4:41;5:8;6:2;7:1} | themes=72 | dates=38
zt_next,is_legacy_near,961,309,0.3215,138/371=37.2%,171/590=29.0%,yizi_today=17.5% | yizi_next_all=8.8% | height{2:643;3:194;4:83;5:24;6:11;7:3;8:1;9:1;10:1} | themes=106 | dates=161
zt_next,theme_alive_own & NOT boards_ge5 & href_le1,473,152,0.3214,64/187=34.2%,88/286=30.8%,yizi_today=17.3% | yizi_next_all=7.6% | height{2:228;3:145;4:100} | themes=58 | dates=97
zt_next,height_drop & theme_alive,421,135,0.3207,64/178=36.0%,71/243=29.2%,yizi_today=16.2% | yizi_next_all=6.9% | height{2:283;3:81;4:38;5:10;6:7;10:2} | themes=74 | dates=33
zt_next,nzt_ge80,967,310,0.3206,132/353=37.4%,178/614=29.0%,yizi_today=17.7% | yizi_next_all=8.9% | height{2:651;3:175;4:79;5:27;6:8;7:10;8:7;9:2;10:1;11:2;12:1;13:1;14:2;18:1} | themes=88 | dates=59
zt_next,NOT theme_alive_own & NOT href_le1,334,107,0.3204,62/180=34.4%,45/154=29.2%,yizi_today=15.0% | yizi_next_all=7.8% | height{2:255;3:62;4:11;5:6} | themes=110 | dates=156
zt_next,NOT is_new_high & NOT theme_alive_own & NOT href_le1,334,107,0.3204,62/180=34.4%,45/154=29.2%,yizi_today=15.0% | yizi_next_all=7.8% | height{2:255;3:62;4:11;5:6} | themes=110 | dates=156
zt_next,NOT theme_alive_own & NOT is_fanbao & NOT href_le1,334,107,0.3204,62/180=34.4%,45/154=29.2%,yizi_today=15.0% | yizi_next_all=7.8% | height{2:255;3:62;4:11;5:6} | themes=110 | dates=156
zt_next,leader_absent & NOT boards_ge5 & href_le1,459,147,0.3203,63/186=33.9%,84/273=30.8%,yizi_today=18.1% | yizi_next_all=7.4% | height{2:267;3:126;4:66} | themes=73 | dates=63
zt_next,theme_dead & leader_absent & is_mid_2_3,253,81,0.3202,55/177=31.1%,26/76=34.2%,yizi_today=20.2% | yizi_next_all=7.9% | height{2:200;3:53} | themes=72 | dates=22
zt_next,leader_absent & NOT own_baoliang & NOT href_le1,551,176,0.3194,117/328=35.7%,59/223=26.5%,yizi_today=16.7% | yizi_next_all=9.3% | height{2:471;3:56;4:20;5:4} | themes=92 | dates=59
zt_next,leader_absent & NOT own_baoliang,955,305,0.3194,177/490=36.1%,128/465=27.5%,yizi_today=17.5% | yizi_next_all=8.5% | height{2:738;3:133;4:61;5:14;6:6;7:1;10:2} | themes=108 | dates=86
zt_next,NOT own_baoliang & lag0,955,305,0.3194,177/490=36.1%,128/465=27.5%,yizi_today=17.5% | yizi_next_all=8.5% | height{2:738;3:133;4:61;5:14;6:6;7:1;10:2} | themes=108 | dates=86
zt_next,leader_absent & NOT own_baoliang & href_le1,404,129,0.3193,60/162=37.0%,69/242=28.5%,yizi_today=18.6% | yizi_next_all=7.4% | height{2:267;3:77;4:41;5:10;6:6;7:1;10:2} | themes=66 | dates=73
zt_next,NOT theme_alive_own & NOT boards_ge5 & NOT own_baoliang,383,122,0.3185,67/194=34.5%,55/189=29.1%,yizi_today=17.2% | yizi_next_all=7.6% | height{2:304;3:60;4:19} | themes=115 | dates=180
zt_next,NOT opened & is_fanbao & NOT own_baoliang,44,14,0.3182,2/4=50.0%,12/40=30.0%,yizi_today=25.0% | yizi_next_all=4.5% | height{2:38;3:2;4:2;5:2} | themes=19 | dates=32
zt_next,NOT one_price_today & NOT is_new_high & own_baoliang,211,67,0.3175,44/139=31.7%,23/72=31.9%,yizi_today=0.0% | yizi_next_all=2.4% | height{3:136;4:55;5:16;6:3;8:1} | themes=62 | dates=115
zt_next,loose_theme_broken,230,73,0.3174,47/111=42.3%,26/119=21.8%,yizi_today=17.0% | yizi_next_all=8.7% | height{2:155;3:45;4:17;5:9;6:2;7:1;10:1} | themes=36 | dates=85
zt_next,NOT is_new_high & NOT theme_alive_own & NOT boards_ge5,397,126,0.3174,69/203=34.0%,57/194=29.4%,yizi_today=14.9% | yizi_next_all=7.3% | height{2:303;3:78;4:16} | themes=118 | dates=183
zt_next,NOT prev_leader_baoliang & NOT theme_alive_own,227,72,0.3172,40/119=33.6%,32/108=29.6%,yizi_today=16.3% | yizi_next_all=7.9% | height{2:146;3:55;4:13;5:9;6:2;7:1;8:1} | themes=89 | dates=93
zt_next,leader_absent & leader_baoliang,656,208,0.3171,124/386=32.1%,84/270=31.1%,yizi_today=18.1% | yizi_next_all=8.1% | height{2:431;3:141;4:61;5:12;6:8;7:1;10:1;14:1} | themes=88 | dates=53
zt_next,leader_baoliang & lag0,656,208,0.3171,124/386=32.1%,84/270=31.1%,yizi_today=18.1% | yizi_next_all=8.1% | height{2:431;3:141;4:61;5:12;6:8;7:1;10:1;14:1} | themes=88 | dates=53
zt_next,NOT one_price_today & NOT boards_ge5 & own_baoliang,243,77,0.3169,40/143=28.0%,37/100=37.0%,yizi_today=0.0% | yizi_next_all=2.5% | height{3:162;4:81} | themes=72 | dates=140
zt_next,NOT is_new_high & opened & own_baoliang,177,56,0.3164,36/117=30.8%,20/60=33.3%,yizi_today=0.0% | yizi_next_all=2.3% | height{3:118;4:43;5:12;6:3;8:1} | themes=57 | dates=100
zt_next,NOT leader_baoliang & theme_alive,490,155,0.3163,53/126=42.1%,102/364=28.0%,yizi_today=14.1% | yizi_next_all=6.9% | height{2:361;3:74;4:33;5:12;6:7;7:1;10:2} | themes=82 | dates=33
zt_next,NOT boards_ge5 & own_baoliang & href_le1,117,37,0.3162,14/59=23.7%,23/58=39.7%,yizi_today=13.7% | yizi_next_all=7.7% | height{3:72;4:45} | themes=44 | dates=65
zt_next,theme_alive & NOT same_theme_broken,779,246,0.3158,90/260=34.6%,156/519=30.1%,yizi_today=15.7% | yizi_next_all=7.3% | height{2:538;3:139;4:69;5:19;6:10;7:1;10:2;14:1} | themes=98 | dates=72
zt_next,height_drop & is_sub_high,209,66,0.3158,32/86=37.2%,34/123=27.6%,yizi_today=14.8% | yizi_next_all=7.2% | height{2:159;3:32;4:10;5:7;6:1} | themes=54 | dates=47
zt_next,NOT leader_baoliang & is_sub_high,168,53,0.3155,25/59=42.4%,28/109=25.7%,yizi_today=13.7% | yizi_next_all=8.3% | height{2:98;3:43;4:18;5:7;6:1;7:1} | themes=50 | dates=49
zt_next,NOT theme_alive_own & NOT is_new_high,406,128,0.3153,70/209=33.5%,58/197=29.4%,yizi_today=14.8% | yizi_next_all=7.1% | height{2:303;3:78;4:16;5:9} | themes=118 | dates=184
zt_next,NOT is_new_high & NOT theme_alive_own & NOT is_fanbao,406,128,0.3153,70/209=33.5%,58/197=29.4%,yizi_today=14.8% | yizi_next_all=7.1% | height{2:303;3:78;4:16;5:9} | themes=118 | dates=184
zt_next,leader_absent & is_mid_2_3,955,301,0.3152,167/480=34.8%,134/475=28.2%,yizi_today=15.6% | yizi_next_all=7.6% | height{2:738;3:217} | themes=113 | dates=86
zt_next,is_mid_2_3 & lag0,955,301,0.3152,167/480=34.8%,134/475=28.2%,yizi_today=15.6% | yizi_next_all=7.6% | height{2:738;3:217} | themes=113 | dates=86
zt_next,leader_baoliang & NOT theme_alive_own,219,69,0.3151,37/127=29.1%,32/92=34.8%,yizi_today=17.8% | yizi_next_all=9.1% | height{2:145;3:46;4:17;5:5;6:2;7:1;8:2;18:1} | themes=84 | dates=89
zt_next,theme_alive_own & theme_alive,795,250,0.3145,102/274=37.2%,148/521=28.4%,yizi_today=15.6% | yizi_next_all=7.7% | height{2:553;3:140;4:69;5:19;6:9;7:1;10:3;14:1} | themes=72 | dates=72
zt_next,leader_absent & NOT boards_ge5 & NOT own_baoliang,932,293,0.3144,168/473=35.5%,125/459=27.2%,yizi_today=17.1% | yizi_next_all=8.3% | height{2:738;3:133;4:61} | themes=107 | dates=86
zt_next,leader_absent & theme_alive,631,198,0.3138,84/242=34.7%,114/389=29.3%,yizi_today=15.7% | yizi_next_all=7.4% | height{2:427;3:122;4:56;5:13;6:9;10:3;14:1} | themes=87 | dates=48
zt_next,theme_alive & lag0,631,198,0.3138,84/242=34.7%,114/389=29.3%,yizi_today=15.7% | yizi_next_all=7.4% | height{2:427;3:122;4:56;5:13;6:9;10:3;14:1} | themes=87 | dates=48
zt_next,leader_absent & same_theme_broken,102,32,0.3137,16/44=36.4%,16/58=27.6%,yizi_today=15.7% | yizi_next_all=8.8% | height{2:77;3:16;4:6;5:2;10:1} | themes=22 | dates=42
zt_next,same_theme_broken & lag0,102,32,0.3137,16/44=36.4%,16/58=27.6%,yizi_today=15.7% | yizi_next_all=8.8% | height{2:77;3:16;4:6;5:2;10:1} | themes=22 | dates=42
zt_next,NOT one_price_today & NOT opened & href_le1,169,53,0.3136,18/57=31.6%,35/112=31.2%,yizi_today=0.0% | yizi_next_all=5.9% | height{2:79;3:41;4:27;5:11;6:5;7:3;8:3} | themes=51 | dates=83
zt_next,same_theme_broken & NOT same_theme_baoliang,131,41,0.3130,23/50=46.0%,18/81=22.2%,yizi_today=16.0% | yizi_next_all=7.6% | height{2:100;3:22;4:7;5:2} | themes=25 | dates=53
zt_next,is_mid_2_3 & href_le1,454,142,0.3128,64/178=36.0%,78/276=28.3%,yizi_today=15.9% | yizi_next_all=6.4% | height{2:277;3:177} | themes=73 | dates=73
zt_next,leader_absent & NOT theme_alive_own & own_baoliang,32,10,0.3125,6/21=28.6%,4/11=36.4%,yizi_today=15.6% | yizi_next_all=12.5% | height{3:22;4:4;5:4;6:2} | themes=25 | dates=28
zt_next,theme_alive & NOT is_fanbao,879,274,0.3117,116/323=35.9%,158/556=28.4%,yizi_today=16.2% | yizi_next_all=7.7% | height{2:606;3:161;4:74;5:23;6:10;7:1;10:3;14:1} | themes=98 | dates=72
zt_next,height_drop & leader_baoliang,414,129,0.3116,72/214=33.6%,57/200=28.5%,yizi_today=18.4% | yizi_next_all=8.0% | height{2:270;3:90;4:39;5:9;6:4;7:1;10:1} | themes=72 | dates=35
zt_next,theme_alive,938,292,0.3113,116/326=35.6%,176/612=28.8%,yizi_today=15.8% | yizi_next_all=7.5% | height{2:651;3:168;4:81;5:23;6:10;7:1;10:3;14:1} | themes=98 | dates=72
zt_next,NOT height_new_high & theme_alive,916,285,0.3111,116/326=35.6%,169/590=28.6%,yizi_today=15.9% | yizi_next_all=7.6% | height{2:642;3:159;4:79;5:22;6:10;7:1;10:2;14:1} | themes=97 | dates=71
zt_next,href2,534,166,0.3109,71/204=34.8%,95/330=28.8%,yizi_today=16.5% | yizi_next_all=8.1% | height{2:395;3:93;4:31;5:12;6:3} | themes=87 | dates=124
zt_next,leader_absent & NOT theme_alive_own & NOT boards_ge5,190,59,0.3105,30/99=30.3%,29/91=31.9%,yizi_today=18.9% | yizi_next_all=7.4% | height{2:136;3:42;4:12} | themes=85 | dates=77
zt_next,leader_absent & NOT is_new_high & theme_alive_own,757,235,0.3104,149/418=35.6%,86/339=25.4%,yizi_today=15.3% | yizi_next_all=8.1% | height{2:587;3:119;4:39;5:11;6:1} | themes=75 | dates=84
zt_next,theme_alive & NOT same_theme_baoliang,839,260,0.3099,101/281=35.9%,159/558=28.5%,yizi_today=15.4% | yizi_next_all=7.4% | height{2:619;3:136;4:61;5:13;6:7;7:1;10:2} | themes=96 | dates=72
zt_next,NOT is_new_high & NOT opened & is_fanbao,42,13,0.3095,2/4=50.0%,11/38=28.9%,yizi_today=26.2% | yizi_next_all=4.8% | height{2:38;3:3;5:1} | themes=20 | dates=32
zt_next,NOT theme_alive_own & NOT own_baoliang & NOT href_le1,304,94,0.3092,53/162=32.7%,41/142=28.9%,yizi_today=15.5% | yizi_next_all=7.6% | height{2:255;3:41;4:5;5:3} | themes=107 | dates=151
zt_next,leader_absent & NOT is_new_high & NOT is_fanbao,890,275,0.3090,172/500=34.4%,103/390=26.4%,yizi_today=15.8% | yizi_next_all=8.1% | height{2:690;3:142;4:44;5:13;6:1} | themes=113 | dates=84
zt_next,NOT href_le1 & same_theme_baoliang,81,25,0.3086,19/53=35.8%,6/28=21.4%,yizi_today=21.0% | yizi_next_all=11.1% | height{2:62;3:14;4:2;5:2;6:1} | themes=22 | dates=45
zt_next,NOT is_new_high & NOT theme_alive_own & NOT own_baoliang,367,113,0.3079,60/184=32.6%,53/183=29.0%,yizi_today=15.3% | yizi_next_all=6.8% | height{2:303;3:51;4:8;5:5} | themes=114 | dates=178
zt_next,height_drop & same_theme_broken,65,20,0.3077,9/26=34.6%,11/39=28.2%,yizi_today=12.3% | yizi_next_all=7.7% | height{2:48;3:9;4:5;5:2;10:1} | themes=17 | dates=26
zt_next,own_baoliang & NOT one_price_today & boards_ge4,140,43,0.3071,26/91=28.6%,17/49=34.7%,yizi_today=0.0% | yizi_next_all=0.7% | height{4:81;5:35;6:13;7:5;8:4;11:1;18:1} | themes=46 | dates=104
zt_next,NOT boards_ge5 & same_theme_baoliang,186,57,0.3065,26/91=28.6%,31/95=32.6%,yizi_today=18.3% | yizi_next_all=7.5% | height{2:83;3:60;4:43} | themes=38 | dates=76
zt_next,NOT leader_absent & opened & href_le1,124,38,0.3065,18/57=31.6%,20/67=29.9%,yizi_today=0.0% | yizi_next_all=1.6% | height{2:6;3:32;4:31;5:19;6:13;7:12;8:6;9:1;11:1;12:1;13:1;18:1} | themes=36 | dates=81
zt_next,NOT leader_absent & theme_alive,307,94,0.3062,32/84=38.1%,62/223=27.8%,yizi_today=16.0% | yizi_next_all=7.5% | height{2:224;3:46;4:25;5:10;6:1;7:1} | themes=62 | dates=24
zt_next,theme_alive & NOT lag0,307,94,0.3062,32/84=38.1%,62/223=27.8%,yizi_today=16.0% | yizi_next_all=7.5% | height{2:224;3:46;4:25;5:10;6:1;7:1} | themes=62 | dates=24
zt_next,leader_absent & NOT theme_alive_own,196,60,0.3061,31/103=30.1%,29/93=31.2%,yizi_today=18.9% | yizi_next_all=7.7% | height{2:136;3:42;4:12;5:4;6:2} | themes=86 | dates=77
zt_next,NOT theme_alive_own & lag0,196,60,0.3061,31/103=30.1%,29/93=31.2%,yizi_today=18.9% | yizi_next_all=7.7% | height{2:136;3:42;4:12;5:4;6:2} | themes=86 | dates=77
zt_next,leader_absent & NOT theme_alive_own & NOT is_fanbao,196,60,0.3061,31/103=30.1%,29/93=31.2%,yizi_today=18.9% | yizi_next_all=7.7% | height{2:136;3:42;4:12;5:4;6:2} | themes=86 | dates=77
zt_next,leader_baoliang & theme_alive,448,137,0.3058,63/200=31.5%,74/248=29.8%,yizi_today=17.6% | yizi_next_all=8.0% | height{2:290;3:94;4:48;5:11;6:3;10:1;14:1} | themes=71 | dates=39
zt_next,leader_absent & NOT is_new_high,926,283,0.3056,173/504=34.3%,110/422=26.1%,yizi_today=15.4% | yizi_next_all=7.8% | height{2:722;3:146;4:44;5:13;6:1} | themes=113 | dates=84
zt_next,NOT is_new_high & lag0,926,283,0.3056,173/504=34.3%,110/422=26.1%,yizi_today=15.4% | yizi_next_all=7.8% | height{2:722;3:146;4:44;5:13;6:1} | themes=113 | dates=84
zt_next,NOT leader_baoliang & same_theme_broken,72,22,0.3056,16/27=59.3%,6/45=13.3%,yizi_today=12.5% | yizi_next_all=8.3% | height{2:54;3:10;4:6;5:2} | themes=14 | dates=24
zt_next,NOT prev_leader_baoliang & same_theme_broken,72,22,0.3056,12/26=46.2%,10/46=21.7%,yizi_today=15.3% | yizi_next_all=6.9% | height{2:52;3:12;4:4;5:3;10:1} | themes=19 | dates=28
zt_next,same_theme_broken & NOT is_fanbao,154,47,0.3052,28/70=40.0%,19/84=22.6%,yizi_today=17.5% | yizi_next_all=8.4% | height{2:108;3:28;4:12;5:5;10:1} | themes=27 | dates=62
zt_next,theme_alive & is_fanbao,59,18,0.3051,0/3=0.0%,18/56=32.1%,yizi_today=10.2% | yizi_next_all=3.4% | height{2:45;3:7;4:7} | themes=21 | dates=32
zt_next,leader_absent & NOT theme_alive_own & NOT own_baoliang,164,50,0.3049,25/82=30.5%,25/82=30.5%,yizi_today=19.5% | yizi_next_all=6.7% | height{2:136;3:20;4:8} | themes=76 | dates=73
zt_next,height_new_high & opened,197,60,0.3046,46/141=32.6%,14/56=25.0%,yizi_today=0.0% | yizi_next_all=4.1% | height{2:111;3:50;4:15;5:9;6:2;7:2;8:2;9:1;10:1;11:1;12:1;13:1;18:1} | themes=57 | dates=22
zt_next,height_new_high & NOT unopened,197,60,0.3046,46/141=32.6%,14/56=25.0%,yizi_today=0.0% | yizi_next_all=4.1% | height{2:111;3:50;4:15;5:9;6:2;7:2;8:2;9:1;10:1;11:1;12:1;13:1;18:1} | themes=57 | dates=22
zt_next,NOT prev_leader_baoliang & is_sub_high,184,56,0.3043,28/77=36.4%,28/107=26.2%,yizi_today=16.3% | yizi_next_all=7.6% | height{2:107;3:48;4:17;5:10;6:1;7:1} | themes=53 | dates=53
zt_next,leader_absent & NOT is_new_high & NOT boards_ge5,912,277,0.3037,167/492=33.9%,110/420=26.2%,yizi_today=15.4% | yizi_next_all=7.8% | height{2:722;3:146;4:44} | themes=112 | dates=84
zt_next,NOT height_drop & theme_alive,517,157,0.3037,52/148=35.1%,105/369=28.5%,yizi_today=15.5% | yizi_next_all=7.9% | height{2:368;3:87;4:43;5:13;6:3;7:1;10:1;14:1} | themes=75 | dates=39
zt_next,NOT one_price_today & own_baoliang & href_le1,145,44,0.3034,19/78=24.4%,25/67=37.3%,yizi_today=0.0% | yizi_next_all=2.1% | height{3:62;4:39;5:23;6:11;7:5;8:3;11:1;18:1} | themes=49 | dates=100
zt_next,theme_alive & NOT own_baoliang,831,252,0.3032,99/276=35.9%,153/555=27.6%,yizi_today=15.8% | yizi_next_all=7.5% | height{2:651;3:103;4:56;5:11;6:7;7:1;10:2} | themes=92 | dates=72
zt_next,height_new_high & NOT one_price_today,271,82,0.3026,67/200=33.5%,15/71=21.1%,yizi_today=0.0% | yizi_next_all=4.4% | height{2:166;3:58;4:20;5:11;6:3;7:2;8:5;9:1;10:1;11:1;12:1;13:1;18:1} | themes=65 | dates=22
zt_next,opened & own_baoliang & href_le1,119,36,0.3025,16/64=25.0%,20/55=36.4%,yizi_today=0.0% | yizi_next_all=0.8% | height{3:53;4:28;5:21;6:9;7:4;8:2;11:1;18:1} | themes=43 | dates=88
zt_next,theme_alive & NOT href_le1,612,185,0.3023,82/236=34.7%,103/376=27.4%,yizi_today=15.0% | yizi_next_all=7.2% | height{2:518;3:71;4:20;5:3} | themes=87 | dates=57
zt_next,theme_alive & NOT boards_ge5,900,272,0.3022,103/304=33.9%,169/596=28.4%,yizi_today=15.1% | yizi_next_all=7.0% | height{2:651;3:168;4:81} | themes=97 | dates=72
zt_next,leader_absent & NOT is_new_high & NOT own_baoliang,848,256,0.3019,156/451=34.6%,100/397=25.2%,yizi_today=15.6% | yizi_next_all=7.9% | height{2:722;3:89;4:29;5:8} | themes=107 | dates=84
zt_next,same_theme_broken & NOT own_baoliang,136,41,0.3015,24/55=43.6%,17/81=21.0%,yizi_today=16.9% | yizi_next_all=7.4% | height{2:116;3:12;4:6;5:2} | themes=23 | dates=56
zt_next,NOT theme_alive & is_sub_high,209,63,0.3014,45/136=33.1%,18/73=24.7%,yizi_today=20.6% | yizi_next_all=7.2% | height{2:128;3:44;4:26;5:9;6:1;7:1} | themes=56 | dates=58
zt_next,NOT prev_leader_baoliang & theme_alive,478,144,0.3013,55/156=35.3%,89/322=27.6%,yizi_today=16.1% | yizi_next_all=8.2% | height{2:311;3:100;4:40;5:15;6:8;10:3;14:1} | themes=83 | dates=34
zt_next,NOT boards_ge5 & is_fanbao & href_le1,30,9,0.3000,1/4=25.0%,8/26=30.8%,yizi_today=3.3% | yizi_next_all=3.3% | height{2:15;3:6;4:9} | themes=11 | dates=21
zt_next,leader_absent & NOT height_drop,395,118,0.2987,64/216=29.6%,54/179=30.2%,yizi_today=16.2% | yizi_next_all=7.8% | height{2:267;3:80;4:36;5:5;6:5;10:1;14:1} | themes=72 | dates=28
zt_next,NOT height_drop & lag0,395,118,0.2987,64/216=29.6%,54/179=30.2%,yizi_today=16.2% | yizi_next_all=7.8% | height{2:267;3:80;4:36;5:5;6:5;10:1;14:1} | themes=72 | dates=28
zt_next,H_le4,935,278,0.2973,113/344=32.8%,165/591=27.9%,yizi_today=15.7% | yizi_next_all=7.4% | height{2:672;3:177;4:86} | themes=99 | dates=78
zt_next,is_legacy_near & leader_absent & theme_alive_own,313,93,0.2971,46/140=32.9%,47/173=27.2%,yizi_today=17.6% | yizi_next_all=7.3% | height{2:190;3:73;4:35;5:6;6:6;7:2;10:1} | themes=58 | dates=66
zt_next,theme_alive & is_mid_2_3,819,243,0.2967,89/266=33.5%,154/553=27.8%,yizi_today=13.4% | yizi_next_all=6.6% | height{2:651;3:168} | themes=97 | dates=72
zt_next,NOT height_new_high & same_theme_broken,162,48,0.2963,28/71=39.4%,20/91=22.0%,yizi_today=16.7% | yizi_next_all=8.0% | height{2:115;3:29;4:12;5:5;10:1} | themes=27 | dates=61
zt_next,NOT is_new_high & same_theme_baoliang,108,32,0.2963,21/63=33.3%,11/45=24.4%,yizi_today=21.3% | yizi_next_all=9.3% | height{2:73;3:23;4:8;5:3;6:1} | themes=24 | dates=54
zt_next,boards_eq2,1771,523,0.2953,297/895=33.2%,226/876=25.8%,yizi_today=13.8% | yizi_next_all=7.9% | height{2:1771} | themes=138 | dates=206
zt_next,theme_alive & NOT is_new_high,811,239,0.2947,97/284=34.2%,142/527=26.9%,yizi_today=13.6% | yizi_next_all=6.8% | height{2:651;3:126;4:27;5:7} | themes=95 | dates=72
zt_next,leader_baoliang & is_fanbao,34,10,0.2941,1/6=16.7%,9/28=32.1%,yizi_today=8.8% | yizi_next_all=2.9% | height{2:21;3:8;4:5} | themes=16 | dates=25
zt_next,NOT theme_alive_own & theme_alive,143,42,0.2937,14/52=26.9%,28/91=30.8%,yizi_today=16.8% | yizi_next_all=6.3% | height{2:98;3:28;4:12;5:4;6:1} | themes=70 | dates=64
zt_next,is_sub_high & NOT is_fanbao,392,115,0.2934,59/180=32.8%,56/212=26.4%,yizi_today=15.3% | yizi_next_all=6.6% | height{2:247;3:97;4:33;5:13;6:1;7:1} | themes=73 | dates=106
zt_next,NOT is_new_high & NOT is_fanbao & href_le1,392,115,0.2934,59/180=32.8%,56/212=26.4%,yizi_today=15.3% | yizi_next_all=6.6% | height{2:247;3:97;4:33;5:13;6:1;7:1} | themes=73 | dates=106
zt_next,same_theme_broken,164,48,0.2927,28/71=39.4%,20/93=21.5%,yizi_today=16.5% | yizi_next_all=7.9% | height{2:116;3:30;4:12;5:5;10:1} | themes=27 | dates=62
zt_next,NOT one_price_today & same_theme_baoliang,192,56,0.2917,22/92=23.9%,34/100=34.0%,yizi_today=0.0% | yizi_next_all=2.1% | height{2:71;3:47;4:34;5:20;6:10;7:5;8:3;11:1;18:1} | themes=40 | dates=89
zt_next,NOT theme_alive_own & is_sub_high,72,21,0.2917,8/29=27.6%,13/43=30.2%,yizi_today=13.9% | yizi_next_all=4.2% | height{2:48;3:16;4:5;5:3} | themes=44 | dates=46
zt_next,NOT is_new_high & NOT theme_alive_own & href_le1,72,21,0.2917,8/29=27.6%,13/43=30.2%,yizi_today=13.9% | yizi_next_all=4.2% | height{2:48;3:16;4:5;5:3} | themes=44 | dates=46
zt_next,NOT leader_absent & NOT theme_alive_own & opened,158,46,0.2911,32/90=35.6%,14/68=20.6%,yizi_today=0.0% | yizi_next_all=0.6% | height{2:103;3:31;4:12;5:6;6:1;7:1;8:2;9:1;18:1} | themes=76 | dates=90
zt_next,opened & same_theme_baoliang,148,43,0.2905,18/74=24.3%,25/74=33.8%,yizi_today=0.0% | yizi_next_all=0.7% | height{2:50;3:38;4:26;5:18;6:8;7:4;8:2;11:1;18:1} | themes=35 | dates=82
zt_next,NOT unopened & same_theme_baoliang,148,43,0.2905,18/74=24.3%,25/74=33.8%,yizi_today=0.0% | yizi_next_all=0.7% | height{2:50;3:38;4:26;5:18;6:8;7:4;8:2;11:1;18:1} | themes=35 | dates=82
zt_next,NOT one_price_today & theme_alive_own & NOT opened,579,168,0.2902,94/279=33.7%,74/300=24.7%,yizi_today=0.0% | yizi_next_all=5.5% | height{2:438;3:70;4:45;5:17;6:5;7:2;8:2} | themes=74 | dates=191
zt_next,NOT opened & is_fanbao & NOT href_le1,38,11,0.2895,1/3=33.3%,10/35=28.6%,yizi_today=26.3% | yizi_next_all=5.3% | height{2:34;3:3;5:1} | themes=20 | dates=28
zt_next,theme_alive & same_theme_broken,159,46,0.2893,26/66=39.4%,20/93=21.5%,yizi_today=16.4% | yizi_next_all=8.2% | height{2:113;3:29;4:12;5:4;10:1} | themes=25 | dates=57
zt_next,is_sub_high & NOT own_baoliang,346,100,0.2890,48/144=33.3%,52/202=25.7%,yizi_today=15.3% | yizi_next_all=6.1% | height{2:261;3:57;4:20;5:7;7:1} | themes=67 | dates=81
zt_next,NOT is_new_high & NOT own_baoliang & href_le1,346,100,0.2890,48/144=33.3%,52/202=25.7%,yizi_today=15.3% | yizi_next_all=6.1% | height{2:261;3:57;4:20;5:7;7:1} | themes=67 | dates=81
zt_next,is_sub_high & NOT same_theme_baoliang,381,110,0.2887,58/174=33.3%,52/207=25.1%,yizi_today=14.4% | yizi_next_all=6.6% | height{2:250;3:90;4:27;5:12;6:1;7:1} | themes=73 | dates=101
zt_next,NOT theme_alive & NOT one_price_today,1435,414,0.2885,272/884=30.8%,142/551=25.8%,yizi_today=0.0% | yizi_next_all=3.8% | height{2:944;3:258;4:124;5:51;6:27;7:16;8:10;9:1;11:1;12:1;13:1;18:1} | themes=127 | dates=135
zt_next,height_drop & opened,378,109,0.2884,56/182=30.8%,53/196=27.0%,yizi_today=0.0% | yizi_next_all=2.9% | height{2:256;3:72;4:30;5:13;6:6;7:1} | themes=76 | dates=58
zt_next,height_drop & NOT unopened,378,109,0.2884,56/182=30.8%,53/196=27.0%,yizi_today=0.0% | yizi_next_all=2.9% | height{2:256;3:72;4:30;5:13;6:6;7:1} | themes=76 | dates=58
zt_next,NOT height_new_high & is_sub_high,407,117,0.2875,60/183=32.8%,57/224=25.4%,yizi_today=14.7% | yizi_next_all=6.4% | height{2:261;3:99;4:32;5:13;6:1;7:1} | themes=73 | dates=105
zt_next,NOT leader_absent & NOT one_price_today & NOT is_fanbao,1261,362,0.2871,219/687=31.9%,143/574=24.9%,yizi_today=0.0% | yizi_next_all=3.2% | height{2:844;3:211;4:108;5:46;6:22;7:15;8:10;9:1;11:1;12:1;13:1;18:1} | themes=115 | dates=121
zt_next,is_sub_high,408,117,0.2868,60/184=32.6%,57/224=25.4%,yizi_today=15.0% | yizi_next_all=6.4% | height{2:261;3:99;4:33;5:13;6:1;7:1} | themes=73 | dates=106
zt_next,href1,408,117,0.2868,60/184=32.6%,57/224=25.4%,yizi_today=15.0% | yizi_next_all=6.4% | height{2:261;3:99;4:33;5:13;6:1;7:1} | themes=73 | dates=106
zt_next,NOT is_new_high & is_sub_high,408,117,0.2868,60/184=32.6%,57/224=25.4%,yizi_today=15.0% | yizi_next_all=6.4% | height{2:261;3:99;4:33;5:13;6:1;7:1} | themes=73 | dates=106
zt_next,NOT is_new_high & href_le1,408,117,0.2868,60/184=32.6%,57/224=25.4%,yizi_today=15.0% | yizi_next_all=6.4% | height{2:261;3:99;4:33;5:13;6:1;7:1} | themes=73 | dates=106
zt_next,is_sub_high & href_le1,408,117,0.2868,60/184=32.6%,57/224=25.4%,yizi_today=15.0% | yizi_next_all=6.4% | height{2:261;3:99;4:33;5:13;6:1;7:1} | themes=73 | dates=106
zt_next,same_theme_broken & NOT is_new_high,143,41,0.2867,24/60=40.0%,17/83=20.5%,yizi_today=15.4% | yizi_next_all=8.4% | height{2:116;3:21;4:5;5:1} | themes=25 | dates=57
zt_next,NOT leader_absent & opened & NOT is_fanbao,879,252,0.2867,157/493=31.8%,95/386=24.6%,yizi_today=0.0% | yizi_next_all=2.4% | height{2:556;3:173;4:75;5:34;6:17;7:12;8:7;9:1;11:1;12:1;13:1;18:1} | themes=100 | dates=121
zt_next,NOT is_sub_high & opened,1288,368,0.2857,217/704=30.8%,151/584=25.9%,yizi_today=0.0% | yizi_next_all=2.4% | height{2:842;3:238;4:110;5:47;6:26;7:12;8:7;9:1;10:1;11:1;12:1;13:1;18:1} | themes=121 | dates=200
zt_next,NOT is_sub_high & NOT unopened,1288,368,0.2857,217/704=30.8%,151/584=25.9%,yizi_today=0.0% | yizi_next_all=2.4% | height{2:842;3:238;4:110;5:47;6:26;7:12;8:7;9:1;10:1;11:1;12:1;13:1;18:1} | themes=121 | dates=200
zt_next,theme_alive_own & is_sub_high,336,96,0.2857,52/155=33.5%,44/181=24.3%,yizi_today=15.2% | yizi_next_all=6.8% | height{2:213;3:83;4:28;5:10;6:1;7:1} | themes=54 | dates=99
zt_next,NOT is_new_high & theme_alive_own & href_le1,336,96,0.2857,52/155=33.5%,44/181=24.3%,yizi_today=15.2% | yizi_next_all=6.8% | height{2:213;3:83;4:28;5:10;6:1;7:1} | themes=54 | dates=99
zt_next,height_drop & NOT one_price_today,575,164,0.2852,88/278=31.7%,76/297=25.6%,yizi_today=0.0% | yizi_next_all=4.0% | height{2:405;3:104;4:40;5:18;6:7;7:1} | themes=91 | dates=58
zt_next,same_theme_broken & NOT boards_ge5,158,45,0.2848,25/66=37.9%,20/92=21.7%,yizi_today=15.2% | yizi_next_all=7.0% | height{2:116;3:30;4:12} | themes=26 | dates=60
zt_next,NOT is_sub_high & NOT one_price_today,1878,534,0.2843,311/997=31.2%,223/881=25.3%,yizi_today=0.0% | yizi_next_all=3.5% | height{2:1295;3:306;4:153;5:61;6:32;7:15;8:10;9:1;10:1;11:1;12:1;13:1;18:1} | themes=137 | dates=205
zt_next,NOT one_price_today & NOT theme_alive_own & href_le1,95,27,0.2842,12/45=26.7%,15/50=30.0%,yizi_today=0.0% | yizi_next_all=2.1% | height{2:42;3:26;4:11;5:6;6:3;7:2;8:3;9:1;18:1} | themes=50 | dates=62
zt_next,leader_absent & NOT is_new_high & NOT theme_alive_own,169,48,0.2840,24/86=27.9%,24/83=28.9%,yizi_today=16.0% | yizi_next_all=6.5% | height{2:135;3:27;4:5;5:2} | themes=83 | dates=75
zt_next,NOT leader_baoliang & NOT one_price_today,1250,355,0.2840,201/595=33.8%,154/655=23.5%,yizi_today=0.0% | yizi_next_all=3.4% | height{2:878;3:192;4:95;5:41;6:22;7:11;8:7;9:1;10:1;12:1;13:1} | themes=119 | dates=105
zt_next,NOT leader_absent & NOT one_price_today & theme_alive_own,1099,312,0.2839,180/570=31.6%,132/529=25.0%,yizi_today=0.0% | yizi_next_all=3.4% | height{2:737;3:180;4:99;5:40;6:20;7:13;8:7;11:1;12:1;13:1} | themes=86 | dates=121
zt_next,NOT leader_baoliang & opened,836,237,0.2835,140/414=33.8%,97/422=23.0%,yizi_today=0.0% | yizi_next_all=2.8% | height{2:558;3:151;4:64;5:27;6:18;7:9;8:5;9:1;10:1;12:1;13:1} | themes=99 | dates=105
zt_next,NOT leader_baoliang & NOT unopened,836,237,0.2835,140/414=33.8%,97/422=23.0%,yizi_today=0.0% | yizi_next_all=2.8% | height{2:558;3:151;4:64;5:27;6:18;7:9;8:5;9:1;10:1;12:1;13:1} | themes=99 | dates=105
zt_next,NOT theme_alive & opened,1003,284,0.2832,184/629=29.3%,100/374=26.7%,yizi_today=0.0% | yizi_next_all=2.7% | height{2:626;3:209;4:87;5:34;6:22;7:13;8:7;9:1;11:1;12:1;13:1;18:1} | themes=109 | dates=135
zt_next,NOT theme_alive & NOT unopened,1003,284,0.2832,184/629=29.3%,100/374=26.7%,yizi_today=0.0% | yizi_next_all=2.7% | height{2:626;3:209;4:87;5:34;6:22;7:13;8:7;9:1;11:1;12:1;13:1;18:1} | themes=109 | dates=135
zt_next,NOT leader_absent & NOT one_price_today & NOT opened,403,114,0.2829,62/195=31.8%,52/208=25.0%,yizi_today=0.0% | yizi_next_all=5.0% | height{2:304;3:41;4:34;5:13;6:5;7:3;8:3} | themes=85 | dates=114
zt_next,NOT height_drop & same_theme_broken,99,28,0.2828,19/45=42.2%,9/54=16.7%,yizi_today=19.2% | yizi_next_all=8.1% | height{2:68;3:21;4:7;5:3} | themes=22 | dates=36
zt_next,leader_baoliang & same_theme_broken,92,26,0.2826,12/44=27.3%,14/48=29.2%,yizi_today=19.6% | yizi_next_all=7.6% | height{2:62;3:20;4:6;5:3;10:1} | themes=24 | dates=38
zt_next,prev_leader_baoliang & same_theme_broken,92,26,0.2826,16/45=35.6%,10/47=21.3%,yizi_today=17.4% | yizi_next_all=8.7% | height{2:64;3:18;4:8;5:2} | themes=21 | dates=34
zt_next,is_sub_high & NOT boards_ge5,393,111,0.2824,55/172=32.0%,56/221=25.3%,yizi_today=14.5% | yizi_next_all=6.4% | height{2:261;3:99;4:33} | themes=70 | dates=93
zt_next,NOT is_new_high & NOT boards_ge5 & href_le1,393,111,0.2824,55/172=32.0%,56/221=25.3%,yizi_today=14.5% | yizi_next_all=6.4% | height{2:261;3:99;4:33} | themes=70 | dates=93
zt_next,NOT theme_alive_own & NOT boards_ge5 & opened,241,68,0.2822,42/129=32.6%,26/112=23.2%,yizi_today=0.0% | yizi_next_all=0.8% | height{2:175;3:52;4:14} | themes=96 | dates=143
zt_next,theme_alive_own & same_theme_broken,156,44,0.2821,25/65=38.5%,19/91=20.9%,yizi_today=16.7% | yizi_next_all=8.3% | height{2:111;3:28;4:12;5:4;10:1} | themes=24 | dates=57
zt_next,NOT leader_absent & NOT one_price_today,1319,372,0.2820,219/689=31.8%,153/630=24.3%,yizi_today=0.0% | yizi_next_all=3.1% | height{2:887;3:218;4:114;5:48;6:22;7:15;8:10;9:1;11:1;12:1;13:1;18:1} | themes=116 | dates=121
zt_next,NOT one_price_today & NOT lag0,1319,372,0.2820,219/689=31.8%,153/630=24.3%,yizi_today=0.0% | yizi_next_all=3.1% | height{2:887;3:218;4:114;5:48;6:22;7:15;8:10;9:1;11:1;12:1;13:1;18:1} | themes=116 | dates=121
zt_next,NOT own_baoliang & same_theme_baoliang,110,31,0.2818,21/59=35.6%,10/51=19.6%,yizi_today=21.8% | yizi_next_all=9.1% | height{2:83;3:18;4:6;5:2;6:1} | themes=26 | dates=54
zt_next,NOT leader_absent & opened,916,258,0.2817,157/494=31.8%,101/422=23.9%,yizi_today=0.0% | yizi_next_all=2.3% | height{2:583;3:177;4:80;5:35;6:17;7:12;8:7;9:1;11:1;12:1;13:1;18:1} | themes=101 | dates=121
zt_next,NOT leader_absent & NOT unopened,916,258,0.2817,157/494=31.8%,101/422=23.9%,yizi_today=0.0% | yizi_next_all=2.3% | height{2:583;3:177;4:80;5:35;6:17;7:12;8:7;9:1;11:1;12:1;13:1;18:1} | themes=101 | dates=121
zt_next,opened & NOT lag0,916,258,0.2817,157/494=31.8%,101/422=23.9%,yizi_today=0.0% | yizi_next_all=2.3% | height{2:583;3:177;4:80;5:35;6:17;7:12;8:7;9:1;11:1;12:1;13:1;18:1} | themes=101 | dates=121
zt_next,NOT unopened & NOT lag0,916,258,0.2817,157/494=31.8%,101/422=23.9%,yizi_today=0.0% | yizi_next_all=2.3% | height{2:583;3:177;4:80;5:35;6:17;7:12;8:7;9:1;11:1;12:1;13:1;18:1} | themes=101 | dates=121
zt_next,NOT leader_absent & NOT one_price_today & opened,916,258,0.2817,157/494=31.8%,101/422=23.9%,yizi_today=0.0% | yizi_next_all=2.3% | height{2:583;3:177;4:80;5:35;6:17;7:12;8:7;9:1;11:1;12:1;13:1;18:1} | themes=101 | dates=121
zt_next,NOT one_price_today & NOT opened & NOT is_fanbao,665,187,0.2812,107/333=32.1%,80/332=24.1%,yizi_today=0.0% | yizi_next_all=5.6% | height{2:500;3:86;4:49;5:18;6:6;7:3;8:3} | themes=104 | dates=195
zt_next,NOT one_price_today & NOT is_fanbao & href_le1,541,152,0.2810,60/228=26.3%,92/313=29.4%,yizi_today=0.0% | yizi_next_all=3.1% | height{2:230;3:132;4:79;5:41;6:28;7:16;8:9;9:1;10:1;11:1;12:1;13:1;18:1} | themes=79 | dates=175
zt_next,NOT one_price_today & theme_alive_own & NOT is_fanbao,1746,490,0.2806,283/937=30.2%,207/809=25.6%,yizi_today=0.0% | yizi_next_all=3.8% | height{2:1187;3:298;4:150;5:56;6:30;7:14;8:7;10:1;11:1;12:1;13:1} | themes=103 | dates=207
zt_next,NOT theme_alive_own & opened & NOT href_le1,196,55,0.2806,36/107=33.6%,19/89=21.3%,yizi_today=0.0% | yizi_next_all=1.0% | height{2:149;3:36;4:6;5:5} | themes=89 | dates=120
zt_next,is_sub_high & is_mid_2_3,360,101,0.2806,49/151=32.5%,52/209=24.9%,yizi_today=13.9% | yizi_next_all=6.1% | height{2:261;3:99} | themes=70 | dates=71
zt_next,NOT one_price_today & NOT opened,700,196,0.2800,107/334=32.0%,89/366=24.3%,yizi_today=0.0% | yizi_next_all=5.4% | height{2:528;3:90;4:51;5:19;6:6;7:3;8:3} | themes=105 | dates=199
zt_next,NOT one_price_today & unopened,700,196,0.2800,107/334=32.0%,89/366=24.3%,yizi_today=0.0% | yizi_next_all=5.4% | height{2:528;3:90;4:51;5:19;6:6;7:3;8:3} | themes=105 | dates=199
zt_next,NOT one_price_today & href_le1,572,160,0.2797,60/231=26.0%,100/341=29.3%,yizi_today=0.0% | yizi_next_all=3.1% | height{2:244;3:138;4:88;5:43;6:28;7:16;8:9;9:1;10:1;11:1;12:1;13:1;18:1} | themes=79 | dates=178
zt_next,NOT leader_absent & theme_alive_own & opened,758,212,0.2797,125/404=30.9%,87/354=24.6%,yizi_today=0.0% | yizi_next_all=2.6% | height{2:480;3:146;4:68;5:29;6:16;7:11;8:5;11:1;12:1;13:1} | themes=74 | dates=121
zt_next,NOT same_theme_broken & is_sub_high,365,102,0.2795,57/174=32.8%,45/191=23.6%,yizi_today=15.9% | yizi_next_all=6.0% | height{2:233;3:85;4:32;5:13;6:1;7:1} | themes=73 | dates=103
zt_next,NOT theme_alive_own & opened,258,72,0.2791,45/142=31.7%,27/116=23.3%,yizi_today=0.0% | yizi_next_all=0.8% | height{2:175;3:52;4:14;5:10;6:2;7:1;8:2;9:1;18:1} | themes=96 | dates=147
zt_next,NOT theme_alive_own & NOT unopened,258,72,0.2791,45/142=31.7%,27/116=23.3%,yizi_today=0.0% | yizi_next_all=0.8% | height{2:175;3:52;4:14;5:10;6:2;7:1;8:2;9:1;18:1} | themes=96 | dates=147
zt_next,NOT one_price_today & NOT theme_alive_own & opened,258,72,0.2791,45/142=31.7%,27/116=23.3%,yizi_today=0.0% | yizi_next_all=0.8% | height{2:175;3:52;4:14;5:10;6:2;7:1;8:2;9:1;18:1} | themes=96 | dates=147
zt_next,NOT theme_alive_own & opened & NOT is_fanbao,258,72,0.2791,45/142=31.7%,27/116=23.3%,yizi_today=0.0% | yizi_next_all=0.8% | height{2:175;3:52;4:14;5:10;6:2;7:1;8:2;9:1;18:1} | themes=96 | dates=147
zt_next,NOT one_price_today & href_le1 & theme_alive_own,477,133,0.2788,48/186=25.8%,85/291=29.2%,yizi_today=0.0% | yizi_next_all=3.4% | height{2:202;3:112;4:77;5:37;6:25;7:14;8:6;10:1;11:1;12:1;13:1} | themes=59 | dates=164
zt_next,NOT one_price_today & theme_alive_own & href_le1,477,133,0.2788,48/186=25.8%,85/291=29.2%,yizi_today=0.0% | yizi_next_all=3.4% | height{2:202;3:112;4:77;5:37;6:25;7:14;8:6;10:1;11:1;12:1;13:1} | themes=59 | dates=164
zt_next,NOT leader_absent & opened & NOT href_le1,792,220,0.2778,139/437=31.8%,81/355=22.8%,yizi_today=0.0% | yizi_next_all=2.4% | height{2:577;3:145;4:49;5:16;6:4;8:1} | themes=98 | dates=118
zt_next,NOT prev_leader_baoliang & is_fanbao,54,15,0.2778,1/2=50.0%,14/52=26.9%,yizi_today=9.3% | yizi_next_all=1.9% | height{2:38;3:12;4:3;5:1} | themes=21 | dates=32
zt_next,NOT one_price_today & NOT is_fanbao,2125,590,0.2776,341/1134=30.1%,249/991=25.1%,yizi_today=0.0% | yizi_next_all=3.5% | height{2:1452;3:370;4:170;5:68;6:33;7:16;8:10;9:1;10:1;11:1;12:1;13:1;18:1} | themes=145 | dates=207
zt_next,opened & NOT is_fanbao & NOT href_le1,1081,300,0.2775,192/630=30.5%,108/451=23.9%,yizi_today=0.0% | yizi_next_all=2.7% | height{2:798;3:192;4:67;5:19;6:4;8:1} | themes=117 | dates=177
zt_next,NOT same_theme_broken & NOT one_price_today,2088,579,0.2773,325/1085=30.0%,254/1003=25.3%,yizi_today=0.0% | yizi_next_all=3.4% | height{2:1426;3:360;4:170;5:67;6:33;7:16;8:10;9:1;10:1;11:1;12:1;13:1;18:1} | themes=145 | dates=207
zt_next,theme_alive_own & NOT one_price_today,1846,511,0.2768,283/942=30.0%,228/904=25.2%,yizi_today=0.0% | yizi_next_all=3.6% | height{2:1261;3:313;4:159;5:58;6:30;7:14;8:7;10:1;11:1;12:1;13:1} | themes=103 | dates=207
zt_next,NOT one_price_today & NOT is_fanbao & NOT href_le1,1584,438,0.2765,281/906=31.0%,157/678=23.2%,yizi_today=0.0% | yizi_next_all=3.6% | height{2:1222;3:238;4:91;5:27;6:5;8:1} | themes=132 | dates=177
zt_next,NOT one_price_today & NOT opened & NOT own_baoliang,648,179,0.2762,98/303=32.3%,81/345=23.5%,yizi_today=0.0% | yizi_next_all=5.4% | height{2:528;3:65;4:33;5:14;6:4;7:2;8:2} | themes=97 | dates=198
zt_next,NOT one_price_today & theme_alive_own & NOT href_le1,1369,378,0.2761,235/756=31.1%,143/613=23.3%,yizi_today=0.0% | yizi_next_all=3.7% | height{2:1059;3:201;4:82;5:21;6:5;8:1} | themes=93 | dates=177
zt_next,leader_absent & NOT one_price_today & NOT opened,297,82,0.2761,45/139=32.4%,37/158=23.4%,yizi_today=0.0% | yizi_next_all=6.1% | height{2:224;3:49;4:17;5:6;6:1} | themes=71 | dates=85
zt_next,NOT leader_absent & NOT one_price_today & NOT is_new_high,1217,336,0.2761,203/644=31.5%,133/573=23.2%,yizi_today=0.0% | yizi_next_all=3.1% | height{2:887;3:214;4:83;5:26;6:5;7:1;8:1} | themes=115 | dates=121
zt_next,NOT is_fanbao & opened,1460,403,0.2760,234/801=29.2%,169/659=25.6%,yizi_today=0.0% | yizi_next_all=2.5% | height{2:952;3:284;4:121;5:50;6:27;7:13;8:7;9:1;10:1;11:1;12:1;13:1;18:1} | themes=127 | dates=207
zt_next,NOT is_fanbao & NOT unopened,1460,403,0.2760,234/801=29.2%,169/659=25.6%,yizi_today=0.0% | yizi_next_all=2.5% | height{2:952;3:284;4:121;5:50;6:27;7:13;8:7;9:1;10:1;11:1;12:1;13:1;18:1} | themes=127 | dates=207
zt_next,NOT one_price_today & opened & NOT is_fanbao,1460,403,0.2760,234/801=29.2%,169/659=25.6%,yizi_today=0.0% | yizi_next_all=2.5% | height{2:952;3:284;4:121;5:50;6:27;7:13;8:7;9:1;10:1;11:1;12:1;13:1;18:1} | themes=127 | dates=207
zt_next,NOT leader_absent & NOT is_new_high & opened,838,231,0.2757,143/456=31.4%,88/382=23.0%,yizi_today=0.0% | yizi_next_all=2.4% | height{2:583;3:173;4:58;5:18;6:4;7:1;8:1} | themes=99 | dates=121
zt_next,prev_leader_baoliang & NOT one_price_today,1042,287,0.2754,151/523=28.9%,136/519=26.2%,yizi_today=0.0% | yizi_next_all=2.6% | height{2:745;3:157;4:82;5:31;6:13;7:7;8:4;9:1;12:1;18:1} | themes=111 | dates=101
zt_next,theme_alive_own & opened & NOT is_fanbao,1202,331,0.2754,189/659=28.7%,142/543=26.2%,yizi_today=0.0% | yizi_next_all=2.9% | height{2:777;3:232;4:107;5:40;6:25;7:12;8:5;10:1;11:1;12:1;13:1} | themes=91 | dates=206
zt_next,NOT leader_absent & NOT boards_ge5 & opened,840,231,0.2750,139/444=31.3%,92/396=23.2%,yizi_today=0.0% | yizi_next_all=2.0% | height{2:583;3:177;4:80} | themes=100 | dates=121
zt_next,NOT leader_absent & NOT one_price_today & NOT href_le1,1153,317,0.2749,194/616=31.5%,123/537=22.9%,yizi_today=0.0% | yizi_next_all=3.1% | height{2:877;3:179;4:69;5:22;6:5;8:1} | themes=113 | dates=118
zt_next,NOT one_price_today,2225,611,0.2746,341/1139=29.9%,270/1086=24.9%,yizi_today=0.0% | yizi_next_all=3.4% | height{2:1526;3:385;4:179;5:70;6:33;7:16;8:10;9:1;10:1;11:1;12:1;13:1;18:1} | themes=145 | dates=207
zt_next,opened & NOT href_le1,1122,308,0.2745,192/631=30.4%,116/491=23.6%,yizi_today=0.0% | yizi_next_all=2.6% | height{2:833;3:198;4:67;5:19;6:4;8:1} | themes=118 | dates=177
zt_next,NOT unopened & NOT href_le1,1122,308,0.2745,192/631=30.4%,116/491=23.6%,yizi_today=0.0% | yizi_next_all=2.6% | height{2:833;3:198;4:67;5:19;6:4;8:1} | themes=118 | dates=177
zt_next,NOT one_price_today & opened & NOT href_le1,1122,308,0.2745,192/631=30.4%,116/491=23.6%,yizi_today=0.0% | yizi_next_all=2.6% | height{2:833;3:198;4:67;5:19;6:4;8:1} | themes=118 | dates=177
zt_next,NOT is_new_high & opened & NOT href_le1,1122,308,0.2745,192/631=30.4%,116/491=23.6%,yizi_today=0.0% | yizi_next_all=2.6% | height{2:833;3:198;4:67;5:19;6:4;8:1} | themes=118 | dates=177
zt_next,prev_leader_baoliang & opened,707,194,0.2744,102/360=28.3%,92/347=26.5%,yizi_today=0.0% | yizi_next_all=2.1% | height{2:485;3:125;4:53;5:22;6:11;7:5;8:3;9:1;12:1;18:1} | themes=98 | dates=101
zt_next,prev_leader_baoliang & NOT unopened,707,194,0.2744,102/360=28.3%,92/347=26.5%,yizi_today=0.0% | yizi_next_all=2.1% | height{2:485;3:125;4:53;5:22;6:11;7:5;8:3;9:1;12:1;18:1} | themes=98 | dates=101
zt_next,is_sub_high & own_baoliang,62,17,0.2742,12/40=30.0%,5/22=22.7%,yizi_today=12.9% | yizi_next_all=8.1% | height{3:42;4:13;5:6;6:1} | themes=30 | dates=45
zt_next,NOT is_new_high & own_baoliang & href_le1,62,17,0.2742,12/40=30.0%,5/22=22.7%,yizi_today=12.9% | yizi_next_all=8.1% | height{3:42;4:13;5:6;6:1} | themes=30 | dates=45
zt_next,NOT theme_alive_own & opened & href_le1,62,17,0.2742,9/35=25.7%,8/27=29.6%,yizi_today=0.0% | yizi_next_all=0.0% | height{2:26;3:16;4:8;5:5;6:2;7:1;8:2;9:1;18:1} | themes=40 | dates=45
zt_next,NOT same_theme_broken & opened,1427,391,0.2740,222/766=29.0%,169/661=25.6%,yizi_today=0.0% | yizi_next_all=2.5% | height{2:930;3:274;4:122;5:48;6:27;7:13;8:7;9:1;10:1;11:1;12:1;13:1;18:1} | themes=127 | dates=207
zt_next,NOT same_theme_broken & NOT unopened,1427,391,0.2740,222/766=29.0%,169/661=25.6%,yizi_today=0.0% | yizi_next_all=2.5% | height{2:930;3:274;4:122;5:48;6:27;7:13;8:7;9:1;10:1;11:1;12:1;13:1;18:1} | themes=127 | dates=207
zt_next,same_theme_broken & is_mid_2_3,146,40,0.2740,21/58=36.2%,19/88=21.6%,yizi_today=14.4% | yizi_next_all=7.5% | height{2:116;3:30} | themes=25 | dates=59
zt_next,NOT prev_leader_baoliang & NOT one_price_today,1183,324,0.2739,190/616=30.8%,134/567=23.6%,yizi_today=0.0% | yizi_next_all=4.1% | height{2:781;3:228;4:97;5:39;6:20;7:9;8:6;10:1;11:1;13:1} | themes=119 | dates=106
zt_next,leader_absent & NOT theme_alive_own & NOT href_le1,106,29,0.2736,17/62=27.4%,12/44=27.3%,yizi_today=17.9% | yizi_next_all=7.5% | height{2:88;3:15;4:2;5:1} | themes=64 | dates=50
zt_next,theme_alive_own & opened & NOT href_le1,926,253,0.2732,156/524=29.8%,97/402=24.1%,yizi_today=0.0% | yizi_next_all=2.9% | height{2:684;3:162;4:61;5:14;6:4;8:1} | themes=84 | dates=176
zt_next,NOT leader_absent & NOT one_price_today & NOT boards_ge5,1219,333,0.2732,194/627=30.9%,139/592=23.5%,yizi_today=0.0% | yizi_next_all=2.9% | height{2:887;3:218;4:114} | themes=115 | dates=121
zt_next,NOT leader_absent & NOT one_price_today & NOT own_baoliang,1135,310,0.2731,182/578=31.5%,128/557=23.0%,yizi_today=0.0% | yizi_next_all=3.3% | height{2:887;3:127;4:60;5:25;6:16;7:11;8:6;9:1;12:1;13:1} | themes=113 | dates=121
zt_next,NOT one_price_today & NOT same_theme_baoliang,2033,555,0.2730,319/1047=30.5%,236/986=23.9%,yizi_today=0.0% | yizi_next_all=3.5% | height{2:1455;3:338;4:145;5:50;6:23;7:11;8:7;9:1;10:1;12:1;13:1} | themes=143 | dates=207
zt_next,NOT one_price_today & NOT href_le1,1653,451,0.2728,281/908=30.9%,170/745=22.8%,yizi_today=0.0% | yizi_next_all=3.4% | height{2:1282;3:247;4:91;5:27;6:5;8:1} | themes=133 | dates=177
zt_next,NOT one_price_today & NOT is_new_high & NOT href_le1,1653,451,0.2728,281/908=30.9%,170/745=22.8%,yizi_today=0.0% | yizi_next_all=3.4% | height{2:1282;3:247;4:91;5:27;6:5;8:1} | themes=133 | dates=177
zt_next,NOT leader_absent & NOT one_price_today & NOT theme_alive_own,220,60,0.2727,39/119=32.8%,21/101=20.8%,yizi_today=0.0% | yizi_next_all=1.8% | height{2:150;3:38;4:15;5:8;6:2;7:2;8:3;9:1;18:1} | themes=87 | dates=105
zt_next,same_theme_broken & NOT is_sub_high,121,33,0.2727,25/61=41.0%,8/60=13.3%,yizi_today=19.8% | yizi_next_all=7.4% | height{2:88;3:16;4:11;5:5;10:1} | themes=24 | dates=51
zt_next,height_drop & same_theme_baoliang,110,30,0.2727,14/50=28.0%,16/60=26.7%,yizi_today=19.1% | yizi_next_all=9.1% | height{2:47;3:34;4:17;5:6;6:4;7:1;10:1} | themes=25 | dates=35
zt_next,leader_absent & is_fanbao,44,12,0.2727,1/4=25.0%,11/40=27.5%,yizi_today=4.5% | yizi_next_all=0.0% | height{2:33;3:8;4:3} | themes=20 | dates=27
zt_next,is_fanbao & lag0,44,12,0.2727,1/4=25.0%,11/40=27.5%,yizi_today=4.5% | yizi_next_all=0.0% | height{2:33;3:8;4:3} | themes=20 | dates=27
zt_next,leader_absent & theme_alive_own & is_fanbao,44,12,0.2727,1/4=25.0%,11/40=27.5%,yizi_today=4.5% | yizi_next_all=0.0% | height{2:33;3:8;4:3} | themes=20 | dates=27
zt_next,leader_absent & NOT boards_ge5 & is_fanbao,44,12,0.2727,1/4=25.0%,11/40=27.5%,yizi_today=4.5% | yizi_next_all=0.0% | height{2:33;3:8;4:3} | themes=20 | dates=27
zt_next,is_fanbao & href_le1,33,9,0.2727,1/4=25.0%,8/29=27.6%,yizi_today=6.1% | yizi_next_all=3.0% | height{2:15;3:6;4:9;5:3} | themes=11 | dates=24
zt_next,theme_alive_own & is_fanbao & href_le1,33,9,0.2727,1/4=25.0%,8/29=27.6%,yizi_today=6.1% | yizi_next_all=3.0% | height{2:15;3:6;4:9;5:3} | themes=11 | dates=24
zt_next,NOT leader_absent & opened & NOT own_baoliang,763,208,0.2726,127/399=31.8%,81/364=22.3%,yizi_today=0.0% | yizi_next_all=2.5% | height{2:583;3:100;4:36;5:16;6:12;7:9;8:4;9:1;12:1;13:1} | themes=98 | dates=121
zt_next,prev_leader_baoliang & is_sub_high,224,61,0.2723,32/107=29.9%,29/117=24.8%,yizi_today=13.8% | yizi_next_all=5.4% | height{2:154;3:51;4:16;5:3} | themes=54 | dates=53
zt_next,NOT boards_ge5 & opened & NOT href_le1,1098,299,0.2723,185/610=30.3%,114/488=23.4%,yizi_today=0.0% | yizi_next_all=2.4% | height{2:833;3:198;4:67} | themes=118 | dates=177
zt_next,opened,1525,415,0.2721,234/805=29.1%,181/720=25.1%,yizi_today=0.0% | yizi_next_all=2.4% | height{2:998;3:295;4:128;5:51;6:27;7:13;8:7;9:1;10:1;11:1;12:1;13:1;18:1} | themes=127 | dates=207
zt_next,NOT unopened,1525,415,0.2721,234/805=29.1%,181/720=25.1%,yizi_today=0.0% | yizi_next_all=2.4% | height{2:998;3:295;4:128;5:51;6:27;7:13;8:7;9:1;10:1;11:1;12:1;13:1;18:1} | themes=127 | dates=207
zt_next,NOT one_price_today & opened,1525,415,0.2721,234/805=29.1%,181/720=25.1%,yizi_today=0.0% | yizi_next_all=2.4% | height{2:998;3:295;4:128;5:51;6:27;7:13;8:7;9:1;10:1;11:1;12:1;13:1;18:1} | themes=127 | dates=207
zt_next,NOT one_price_today & NOT unopened,1525,415,0.2721,234/805=29.1%,181/720=25.1%,yizi_today=0.0% | yizi_next_all=2.4% | height{2:998;3:295;4:128;5:51;6:27;7:13;8:7;9:1;10:1;11:1;12:1;13:1;18:1} | themes=127 | dates=207
zt_next,opened & NOT unopened,1525,415,0.2721,234/805=29.1%,181/720=25.1%,yizi_today=0.0% | yizi_next_all=2.4% | height{2:998;3:295;4:128;5:51;6:27;7:13;8:7;9:1;10:1;11:1;12:1;13:1;18:1} | themes=127 | dates=207
zt_next,NOT one_price_today & NOT boards_ge5 & NOT opened,669,182,0.2720,98/316=31.0%,84/353=23.8%,yizi_today=0.0% | yizi_next_all=5.4% | height{2:528;3:90;4:51} | themes=105 | dates=196
zt_next,opened & NOT is_fanbao & href_le1,379,103,0.2718,42/171=24.6%,61/208=29.3%,yizi_today=0.0% | yizi_next_all=2.1% | height{2:154;3:92;4:54;5:31;6:23;7:13;8:6;9:1;10:1;11:1;12:1;13:1;18:1} | themes=70 | dates=153
zt_next,NOT one_price_today & NOT own_baoliang & href_le1,427,116,0.2717,41/153=26.8%,75/274=27.4%,yizi_today=0.0% | yizi_next_all=3.5% | height{2:244;3:76;4:49;5:20;6:17;7:11;8:6;9:1;10:1;12:1;13:1} | themes=68 | dates=133
zt_next,theme_alive & is_sub_high,199,54,0.2714,15/48=31.2%,39/151=25.8%,yizi_today=9.0% | yizi_next_all=5.5% | height{2:133;3:55;4:7;5:4} | themes=50 | dates=48
zt_next,NOT height_drop & NOT one_price_today,1650,447,0.2709,253/861=29.4%,194/789=24.6%,yizi_today=0.0% | yizi_next_all=3.2% | height{2:1121;3:281;4:139;5:52;6:26;7:15;8:10;9:1;10:1;11:1;12:1;13:1;18:1} | themes=131 | dates=149
zt_next,NOT is_sub_high & is_fanbao,96,26,0.2708,1/4=25.0%,25/92=27.2%,yizi_today=11.5% | yizi_next_all=3.1% | height{2:70;3:13;4:9;5:4} | themes=29 | dates=55
zt_next,NOT height_new_high & NOT one_price_today,1954,529,0.2707,274/939=29.2%,255/1015=25.1%,yizi_today=0.0% | yizi_next_all=3.2% | height{2:1360;3:327;4:159;5:59;6:30;7:14;8:5} | themes=138 | dates=185
zt_next,theme_alive_own & opened,1267,343,0.2707,189/663=28.5%,154/604=25.5%,yizi_today=0.0% | yizi_next_all=2.8% | height{2:823;3:243;4:114;5:41;6:25;7:12;8:5;10:1;11:1;12:1;13:1} | themes=91 | dates=206
zt_next,theme_alive_own & NOT unopened,1267,343,0.2707,189/663=28.5%,154/604=25.5%,yizi_today=0.0% | yizi_next_all=2.8% | height{2:823;3:243;4:114;5:41;6:25;7:12;8:5;10:1;11:1;12:1;13:1} | themes=91 | dates=206
zt_next,NOT one_price_today & theme_alive_own & opened,1267,343,0.2707,189/663=28.5%,154/604=25.5%,yizi_today=0.0% | yizi_next_all=2.8% | height{2:823;3:243;4:114;5:41;6:25;7:12;8:5;10:1;11:1;12:1;13:1} | themes=91 | dates=206
zt_next,leader_absent & is_sub_high,329,89,0.2705,45/146=30.8%,44/183=24.0%,yizi_today=14.0% | yizi_next_all=5.5% | height{2:251;3:55;4:15;5:7;6:1} | themes=70 | dates=65
zt_next,is_sub_high & lag0,329,89,0.2705,45/146=30.8%,44/183=24.0%,yizi_today=14.0% | yizi_next_all=5.5% | height{2:251;3:55;4:15;5:7;6:1} | themes=70 | dates=65
zt_next,leader_absent & NOT is_new_high & href_le1,329,89,0.2705,45/146=30.8%,44/183=24.0%,yizi_today=14.0% | yizi_next_all=5.5% | height{2:251;3:55;4:15;5:7;6:1} | themes=70 | dates=65
zt_next,NOT prev_leader_baoliang & opened,818,221,0.2702,132/445=29.7%,89/373=23.9%,yizi_today=0.0% | yizi_next_all=2.7% | height{2:513;3:170;4:75;5:29;6:16;7:8;8:4;10:1;11:1;13:1} | themes=102 | dates=106
zt_next,NOT prev_leader_baoliang & NOT unopened,818,221,0.2702,132/445=29.7%,89/373=23.9%,yizi_today=0.0% | yizi_next_all=2.7% | height{2:513;3:170;4:75;5:29;6:16;7:8;8:4;10:1;11:1;13:1} | themes=102 | dates=106
zt_next,opened & NOT same_theme_baoliang,1377,372,0.2702,216/731=29.5%,156/646=24.1%,yizi_today=0.0% | yizi_next_all=2.6% | height{2:948;3:257;4:102;5:33;6:19;7:9;8:5;9:1;10:1;12:1;13:1} | themes=124 | dates=207
zt_next,NOT unopened & NOT same_theme_baoliang,1377,372,0.2702,216/731=29.5%,156/646=24.1%,yizi_today=0.0% | yizi_next_all=2.6% | height{2:948;3:257;4:102;5:33;6:19;7:9;8:5;9:1;10:1;12:1;13:1} | themes=124 | dates=207
zt_next,NOT one_price_today & NOT is_new_high & NOT opened,641,173,0.2699,102/318=32.1%,71/323=22.0%,yizi_today=0.0% | yizi_next_all=4.8% | height{2:524;3:71;4:32;5:13;6:1} | themes=101 | dates=193
zt_next,NOT one_price_today & NOT boards_ge5 & NOT href_le1,1620,437,0.2698,269/878=30.6%,168/742=22.6%,yizi_today=0.0% | yizi_next_all=3.3% | height{2:1282;3:247;4:91} | themes=133 | dates=177
zt_next,NOT one_price_today & NOT boards_ge5 & NOT is_fanbao,1992,537,0.2696,306/1047=29.2%,231/945=24.4%,yizi_today=0.0% | yizi_next_all=3.4% | height{2:1452;3:370;4:170} | themes=144 | dates=207
zt_next,NOT one_price_today & NOT is_fanbao & NOT own_baoliang,1833,494,0.2695,285/952=29.9%,209/881=23.7%,yizi_today=0.0% | yizi_next_all=3.7% | height{2:1452;3:215;4:92;5:33;6:20;7:11;8:6;9:1;10:1;12:1;13:1} | themes=138 | dates=207
zt_next,NOT one_price_today & NOT opened & NOT href_le1,531,143,0.2693,89/277=32.1%,54/254=21.3%,yizi_today=0.0% | yizi_next_all=5.3% | height{2:449;3:49;4:24;5:8;6:1} | themes=94 | dates=162
zt_next,NOT one_price_today & NOT is_new_high & NOT is_fanbao,1916,514,0.2683,311/1045=29.8%,203/871=23.3%,yizi_today=0.0% | yizi_next_all=3.4% | height{2:1440;3:315;4:117;5:36;6:6;7:1;8:1} | themes=142 | dates=205
zt_next,NOT boards_ge5 & opened & NOT is_fanbao,1357,364,0.2682,208/732=28.4%,156/625=25.0%,yizi_today=0.0% | yizi_next_all=2.4% | height{2:952;3:284;4:121} | themes=126 | dates=207
zt_next,NOT is_new_high & NOT theme_alive_own & opened,235,63,0.2681,39/126=31.0%,24/109=22.0%,yizi_today=0.0% | yizi_next_all=0.9% | height{2:175;3:45;4:9;5:6} | themes=96 | dates=141
zt_next,leader_absent & NOT one_price_today & NOT href_le1,500,134,0.2680,87/292=29.8%,47/208=22.6%,yizi_today=0.0% | yizi_next_all=4.2% | height{2:405;3:68;4:22;5:5} | themes=89 | dates=59
zt_next,NOT one_price_today & theme_alive_own & NOT boards_ge5,1733,464,0.2677,252/870=29.0%,212/863=24.6%,yizi_today=0.0% | yizi_next_all=3.6% | height{2:1261;3:313;4:159} | themes=102 | dates=207
zt_next,NOT one_price_today & theme_alive_own & NOT own_baoliang,1595,427,0.2677,237/792=29.9%,190/803=23.7%,yizi_today=0.0% | yizi_next_all=3.9% | height{2:1261;3:181;4:88;5:30;6:18;7:9;8:5;10:1;12:1;13:1} | themes=100 | dates=207
zt_next,NOT height_new_high & opened,1328,355,0.2673,188/664=28.3%,167/664=25.2%,yizi_today=0.0% | yizi_next_all=2.2% | height{2:887;3:245;4:113;5:42;6:25;7:11;8:5} | themes=119 | dates=185
zt_next,NOT height_new_high & NOT unopened,1328,355,0.2673,188/664=28.3%,167/664=25.2%,yizi_today=0.0% | yizi_next_all=2.2% | height{2:887;3:245;4:113;5:42;6:25;7:11;8:5} | themes=119 | dates=185
zt_next,NOT one_price_today & NOT boards_ge5,2090,558,0.2670,306/1052=29.1%,252/1038=24.3%,yizi_today=0.0% | yizi_next_all=3.3% | height{2:1526;3:385;4:179} | themes=144 | dates=207
zt_next,NOT height_drop & opened,1147,306,0.2668,178/623=28.6%,128/524=24.4%,yizi_today=0.0% | yizi_next_all=2.3% | height{2:742;3:223;4:98;5:38;6:21;7:12;8:7;9:1;10:1;11:1;12:1;13:1;18:1} | themes=116 | dates=149
zt_next,NOT height_drop & NOT unopened,1147,306,0.2668,178/623=28.6%,128/524=24.4%,yizi_today=0.0% | yizi_next_all=2.3% | height{2:742;3:223;4:98;5:38;6:21;7:12;8:7;9:1;10:1;11:1;12:1;13:1;18:1} | themes=116 | dates=149
zt_next,leader_absent & opened & NOT href_le1,330,88,0.2667,53/194=27.3%,35/136=25.7%,yizi_today=0.0% | yizi_next_all=3.0% | height{2:256;3:53;4:18;5:3} | themes=76 | dates=59
zt_next,leader_baoliang & is_sub_high,240,64,0.2667,35/125=28.0%,29/115=25.2%,yizi_today=15.8% | yizi_next_all=5.0% | height{2:163;3:56;4:15;5:6} | themes=57 | dates=57
zt_next,leader_absent & NOT one_price_today & theme_alive_own,747,199,0.2664,103/372=27.7%,96/375=25.6%,yizi_today=0.0% | yizi_next_all=4.0% | height{2:524;3:133;4:60;5:18;6:10;7:1;10:1} | themes=74 | dates=86
zt_next,NOT one_price_today & NOT is_new_high & theme_alive_own,1654,440,0.2660,260/873=29.8%,180/781=23.0%,yizi_today=0.0% | yizi_next_all=3.6% | height{2:1248;3:266;4:104;5:28;6:6;7:1;8:1} | themes=101 | dates=205
zt_next,NOT is_new_high & opened & NOT is_fanbao,1306,347,0.2657,209/728=28.7%,138/578=23.9%,yizi_today=0.0% | yizi_next_all=2.7% | height{2:944;3:247;4:85;5:23;6:5;7:1;8:1} | themes=124 | dates=205
zt_next,opened & href_le1,403,107,0.2655,42/174=24.1%,65/229=28.4%,yizi_today=0.0% | yizi_next_all=2.0% | height{2:165;3:97;4:61;5:32;6:23;7:13;8:6;9:1;10:1;11:1;12:1;13:1;18:1} | themes=70 | dates=156
zt_next,NOT unopened & href_le1,403,107,0.2655,42/174=24.1%,65/229=28.4%,yizi_today=0.0% | yizi_next_all=2.0% | height{2:165;3:97;4:61;5:32;6:23;7:13;8:6;9:1;10:1;11:1;12:1;13:1;18:1} | themes=70 | dates=156
zt_next,NOT one_price_today & opened & href_le1,403,107,0.2655,42/174=24.1%,65/229=28.4%,yizi_today=0.0% | yizi_next_all=2.0% | height{2:165;3:97;4:61;5:32;6:23;7:13;8:6;9:1;10:1;11:1;12:1;13:1;18:1} | themes=70 | dates=156
zt_next,NOT one_price_today & NOT own_baoliang,1923,510,0.2652,285/956=29.8%,225/967=23.3%,yizi_today=0.0% | yizi_next_all=3.5% | height{2:1526;3:223;4:98;5:35;6:20;7:11;8:6;9:1;10:1;12:1;13:1} | themes=138 | dates=207
zt_next,opened & NOT is_fanbao & NOT own_baoliang,1218,323,0.2652,187/650=28.8%,136/568=23.9%,yizi_today=0.0% | yizi_next_all=2.7% | height{2:952;3:152;4:61;5:20;6:16;7:9;8:4;9:1;10:1;12:1;13:1} | themes=121 | dates=207
zt_next,to_hi & opened & NOT one_price_today,510,135,0.2647,74/268=27.6%,61/242=25.2%,yizi_today=0.0% | yizi_next_all=1.2% | height{2:280;3:113;4:58;5:27;6:16;7:8;8:4;9:1;11:1;12:1;18:1} | themes=91 | dates=203
zt_next,NOT same_theme_broken & is_fanbao,102,27,0.2647,2/7=28.6%,25/95=26.3%,yizi_today=11.8% | yizi_next_all=2.9% | height{2:76;3:13;4:9;5:4} | themes=29 | dates=58
zt_next,opened & NOT boards_ge5,1421,376,0.2646,208/736=28.3%,168/685=24.5%,yizi_today=0.0% | yizi_next_all=2.3% | height{2:998;3:295;4:128} | themes=126 | dates=207
zt_next,NOT unopened & NOT boards_ge5,1421,376,0.2646,208/736=28.3%,168/685=24.5%,yizi_today=0.0% | yizi_next_all=2.3% | height{2:998;3:295;4:128} | themes=126 | dates=207
zt_next,NOT one_price_today & NOT boards_ge5 & opened,1421,376,0.2646,208/736=28.3%,168/685=24.5%,yizi_today=0.0% | yizi_next_all=2.3% | height{2:998;3:295;4:128} | themes=126 | dates=207
zt_next,NOT is_new_high & NOT one_price_today,2000,528,0.2640,311/1050=29.6%,217/950=22.8%,yizi_today=0.0% | yizi_next_all=3.3% | height{2:1513;3:326;4:117;5:36;6:6;7:1;8:1} | themes=142 | dates=205
zt_next,theme_alive_own & opened & href_le1,341,90,0.2639,33/139=23.7%,57/202=28.2%,yizi_today=0.0% | yizi_next_all=2.3% | height{2:139;3:81;4:53;5:27;6:21;7:12;8:4;10:1;11:1;12:1;13:1} | themes=55 | dates=143
zt_next,leader_absent & NOT one_price_today & NOT is_fanbao,864,228,0.2639,122/447=27.3%,106/417=25.4%,yizi_today=0.0% | yizi_next_all=3.9% | height{2:608;3:159;4:62;5:22;6:11;7:1;10:1} | themes=111 | dates=86
zt_next,NOT theme_alive_own & opened & NOT own_baoliang,216,57,0.2639,36/117=30.8%,21/99=21.2%,yizi_today=0.0% | yizi_next_all=0.5% | height{2:175;3:28;4:7;5:3;6:1;7:1;9:1} | themes=90 | dates=131
zt_next,NOT theme_alive_own & NOT one_price_today,379,100,0.2639,58/197=29.4%,42/182=23.1%,yizi_today=0.0% | yizi_next_all=2.1% | height{2:265;3:72;4:20;5:12;6:3;7:2;8:3;9:1;18:1} | themes=114 | dates=176
zt_next,NOT one_price_today & NOT theme_alive_own & NOT is_fanbao,379,100,0.2639,58/197=29.4%,42/182=23.1%,yizi_today=0.0% | yizi_next_all=2.1% | height{2:265;3:72;4:20;5:12;6:3;7:2;8:3;9:1;18:1} | themes=114 | dates=176
zt_next,leader_absent & NOT one_price_today,906,239,0.2638,122/450=27.1%,117/456=25.7%,yizi_today=0.0% | yizi_next_all=3.8% | height{2:639;3:167;4:65;5:22;6:11;7:1;10:1} | themes=111 | dates=86
zt_next,NOT one_price_today & lag0,906,239,0.2638,122/450=27.1%,117/456=25.7%,yizi_today=0.0% | yizi_next_all=3.8% | height{2:639;3:167;4:65;5:22;6:11;7:1;10:1} | themes=111 | dates=86
zt_next,NOT one_price_today & NOT own_baoliang & NOT href_le1,1496,394,0.2634,244/803=30.4%,150/693=21.6%,yizi_today=0.0% | yizi_next_all=3.5% | height{2:1282;3:147;4:49;5:15;6:3} | themes=129 | dates=177
zt_next,NOT one_price_today & NOT theme_alive_own & NOT boards_ge5,357,94,0.2633,54/182=29.7%,40/175=22.9%,yizi_today=0.0% | yizi_next_all=2.0% | height{2:265;3:72;4:20} | themes=114 | dates=175
zt_next,leader_baoliang & NOT one_price_today,975,256,0.2626,140/544=25.7%,116/431=26.9%,yizi_today=0.0% | yizi_next_all=3.4% | height{2:648;3:193;4:84;5:29;6:11;7:5;8:3;11:1;18:1} | themes=110 | dates=102
zt_next,opened & NOT own_baoliang & NOT href_le1,991,260,0.2624,161/543=29.7%,99/448=22.1%,yizi_today=0.0% | yizi_next_all=2.6% | height{2:833;3:114;4:32;5:10;6:2} | themes=114 | dates=177
zt_next,is_fanbao & leader_absent & NOT one_price_today,42,11,0.2619,0/3=0.0%,11/39=28.2%,yizi_today=0.0% | yizi_next_all=0.0% | height{2:31;3:8;4:3} | themes=19 | dates=27
zt_next,leader_absent & NOT one_price_today & is_fanbao,42,11,0.2619,0/3=0.0%,11/39=28.2%,yizi_today=0.0% | yizi_next_all=0.0% | height{2:31;3:8;4:3} | themes=19 | dates=27
zt_next,NOT one_price_today & NOT is_new_high & NOT boards_ge5,1956,511,0.2612,296/1011=29.3%,215/945=22.8%,yizi_today=0.0% | yizi_next_all=3.2% | height{2:1513;3:326;4:117} | themes=142 | dates=205
zt_next,NOT is_new_high & opened,1359,355,0.2612,209/732=28.6%,146/627=23.3%,yizi_today=0.0% | yizi_next_all=2.6% | height{2:989;3:255;4:85;5:23;6:5;7:1;8:1} | themes=124 | dates=205
zt_next,NOT is_new_high & NOT unopened,1359,355,0.2612,209/732=28.6%,146/627=23.3%,yizi_today=0.0% | yizi_next_all=2.6% | height{2:989;3:255;4:85;5:23;6:5;7:1;8:1} | themes=124 | dates=205
zt_next,NOT one_price_today & NOT is_new_high & opened,1359,355,0.2612,209/732=28.6%,146/627=23.3%,yizi_today=0.0% | yizi_next_all=2.6% | height{2:989;3:255;4:85;5:23;6:5;7:1;8:1} | themes=124 | dates=205
zt_next,theme_alive_own & NOT boards_ge5 & opened,1180,308,0.2610,166/607=27.3%,142/573=24.8%,yizi_today=0.0% | yizi_next_all=2.6% | height{2:823;3:243;4:114} | themes=90 | dates=206
zt_next,is_mid_2_3 & NOT one_price_today,1911,498,0.2606,270/947=28.5%,228/964=23.7%,yizi_today=0.0% | yizi_next_all=3.3% | height{2:1526;3:385} | themes=144 | dates=207
zt_next,NOT one_price_today & NOT boards_ge5 & NOT own_baoliang,1847,481,0.2604,266/909=29.3%,215/938=22.9%,yizi_today=0.0% | yizi_next_all=3.4% | height{2:1526;3:223;4:98} | themes=137 | dates=207
zt_next,same_theme_broken & NOT href_le1,100,26,0.2600,21/50=42.0%,5/50=10.0%,yizi_today=19.0% | yizi_next_all=8.0% | height{2:88;3:7;4:4;5:1} | themes=21 | dates=41
zt_next,leader_absent & NOT theme_alive_own & opened,100,26,0.2600,13/52=25.0%,13/48=27.1%,yizi_today=0.0% | yizi_next_all=1.0% | height{2:72;3:21;4:2;5:4;6:1} | themes=60 | dates=57
zt_next,leader_absent & opened & NOT is_fanbao,581,151,0.2599,77/308=25.0%,74/273=27.1%,yizi_today=0.0% | yizi_next_all=2.8% | height{2:396;3:111;4:46;5:16;6:10;7:1;10:1} | themes=93 | dates=86
zt_next,NOT is_new_high & theme_alive_own & opened,1124,292,0.2598,170/606=28.1%,122/518=23.6%,yizi_today=0.0% | yizi_next_all=2.9% | height{2:814;3:210;4:76;5:17;6:5;7:1;8:1} | themes=88 | dates=202
zt_next,NOT own_baoliang & opened,1275,331,0.2596,187/653=28.6%,144/622=23.2%,yizi_today=0.0% | yizi_next_all=2.6% | height{2:998;3:158;4:65;5:21;6:16;7:9;8:4;9:1;10:1;12:1;13:1} | themes=121 | dates=207
zt_next,NOT own_baoliang & NOT unopened,1275,331,0.2596,187/653=28.6%,144/622=23.2%,yizi_today=0.0% | yizi_next_all=2.6% | height{2:998;3:158;4:65;5:21;6:16;7:9;8:4;9:1;10:1;12:1;13:1} | themes=121 | dates=207
zt_next,NOT one_price_today & opened & NOT own_baoliang,1275,331,0.2596,187/653=28.6%,144/622=23.2%,yizi_today=0.0% | yizi_next_all=2.6% | height{2:998;3:158;4:65;5:21;6:16;7:9;8:4;9:1;10:1;12:1;13:1} | themes=121 | dates=207
zt_next,NOT is_new_high & NOT boards_ge5 & opened,1329,345,0.2596,201/705=28.5%,144/624=23.1%,yizi_today=0.0% | yizi_next_all=2.4% | height{2:989;3:255;4:85} | themes=124 | dates=205
zt_next,is_mid_2_3 & opened,1293,335,0.2591,181/660=27.4%,154/633=24.3%,yizi_today=0.0% | yizi_next_all=2.3% | height{2:998;3:295} | themes=125 | dates=207
zt_next,is_mid_2_3 & NOT unopened,1293,335,0.2591,181/660=27.4%,154/633=24.3%,yizi_today=0.0% | yizi_next_all=2.3% | height{2:998;3:295} | themes=125 | dates=207
zt_next,theme_alive_own & opened & NOT own_baoliang,1059,274,0.2587,151/536=28.2%,123/523=23.5%,yizi_today=0.0% | yizi_next_all=3.0% | height{2:823;3:130;4:58;5:18;6:15;7:8;8:4;10:1;12:1;13:1} | themes=88 | dates=204
zt_next,leader_absent & NOT one_price_today & href_le1,406,105,0.2586,35/158=22.2%,70/248=28.2%,yizi_today=0.0% | yizi_next_all=3.2% | height{2:234;3:99;4:43;5:17;6:11;7:1;10:1} | themes=73 | dates=81
zt_next,leader_baoliang & opened,689,178,0.2583,94/391=24.0%,84/298=28.2%,yizi_today=0.0% | yizi_next_all=2.0% | height{2:440;3:144;4:64;5:24;6:9;7:4;8:2;11:1;18:1} | themes=97 | dates=102
zt_next,leader_baoliang & NOT unopened,689,178,0.2583,94/391=24.0%,84/298=28.2%,yizi_today=0.0% | yizi_next_all=2.0% | height{2:440;3:144;4:64;5:24;6:9;7:4;8:2;11:1;18:1} | themes=97 | dates=102
zt_next,leader_absent & NOT one_price_today & NOT boards_ge5,871,225,0.2583,112/425=26.4%,113/446=25.3%,yizi_today=0.0% | yizi_next_all=3.9% | height{2:639;3:167;4:65} | themes=109 | dates=86
zt_next,NOT leader_absent & same_theme_broken,62,16,0.2581,12/27=44.4%,4/35=11.4%,yizi_today=17.7% | yizi_next_all=6.5% | height{2:39;3:14;4:6;5:3} | themes=15 | dates=20
zt_next,same_theme_broken & NOT lag0,62,16,0.2581,12/27=44.4%,4/35=11.4%,yizi_today=17.7% | yizi_next_all=6.5% | height{2:39;3:14;4:6;5:3} | themes=15 | dates=20
zt_next,NOT one_price_today & is_fanbao & href_le1,31,8,0.2581,0/3=0.0%,8/28=28.6%,yizi_today=0.0% | yizi_next_all=3.2% | height{2:14;3:6;4:9;5:2} | themes=11 | dates=23
zt_next,leader_absent & opened,609,157,0.2578,77/311=24.8%,80/298=26.8%,yizi_today=0.0% | yizi_next_all=2.6% | height{2:415;3:118;4:48;5:16;6:10;7:1;10:1} | themes=93 | dates=86
zt_next,leader_absent & NOT unopened,609,157,0.2578,77/311=24.8%,80/298=26.8%,yizi_today=0.0% | yizi_next_all=2.6% | height{2:415;3:118;4:48;5:16;6:10;7:1;10:1} | themes=93 | dates=86
zt_next,opened & lag0,609,157,0.2578,77/311=24.8%,80/298=26.8%,yizi_today=0.0% | yizi_next_all=2.6% | height{2:415;3:118;4:48;5:16;6:10;7:1;10:1} | themes=93 | dates=86
zt_next,NOT unopened & lag0,609,157,0.2578,77/311=24.8%,80/298=26.8%,yizi_today=0.0% | yizi_next_all=2.6% | height{2:415;3:118;4:48;5:16;6:10;7:1;10:1} | themes=93 | dates=86
zt_next,leader_absent & NOT one_price_today & opened,609,157,0.2578,77/311=24.8%,80/298=26.8%,yizi_today=0.0% | yizi_next_all=2.6% | height{2:415;3:118;4:48;5:16;6:10;7:1;10:1} | themes=93 | dates=86
zt_next,NOT one_price_today & NOT is_new_high & NOT own_baoliang,1789,461,0.2577,267/911=29.3%,194/878=22.1%,yizi_today=0.0% | yizi_next_all=3.4% | height{2:1513;3:190;4:62;5:20;6:3;7:1} | themes=137 | dates=204
zt_next,NOT one_price_today & NOT boards_ge5 & href_le1,470,121,0.2574,37/174=21.3%,84/296=28.4%,yizi_today=0.0% | yizi_next_all=3.4% | height{2:244;3:138;4:88} | themes=75 | dates=97
zt_next,leader_absent & theme_alive_own & opened,509,131,0.2574,64/259=24.7%,67/250=26.8%,yizi_today=0.0% | yizi_next_all=2.9% | height{2:343;3:97;4:46;5:12;6:9;7:1;10:1} | themes=69 | dates=85
zt_next,NOT one_price_today & NOT opened & is_fanbao,35,9,0.2571,0/1=0.0%,9/34=26.5%,yizi_today=0.0% | yizi_next_all=2.9% | height{2:28;3:4;4:2;5:1} | themes=17 | dates=27
zt_next,NOT one_price_today & NOT theme_alive_own & NOT href_le1,284,73,0.2570,46/152=30.3%,27/132=20.5%,yizi_today=0.0% | yizi_next_all=2.1% | height{2:223;3:46;4:9;5:6} | themes=105 | dates=145
zt_next,NOT height_drop & is_sub_high,199,51,0.2563,28/98=28.6%,23/101=22.8%,yizi_today=15.1% | yizi_next_all=5.5% | height{2:102;3:67;4:23;5:6;7:1} | themes=54 | dates=59
zt_next,open_ge2,1127,287,0.2547,167/611=27.3%,120/516=23.3%,yizi_today=0.0% | yizi_next_all=1.5% | height{2:729;3:227;4:94;5:36;6:20;7:12;8:6;11:1;12:1;18:1} | themes=109 | dates=201
zt_next,leader_absent & NOT one_price_today & is_mid_2_3,806,205,0.2543,99/384=25.8%,106/422=25.1%,yizi_today=0.0% | yizi_next_all=3.7% | height{2:639;3:167} | themes=107 | dates=86
zt_next,NOT one_price_today & NOT is_new_high & NOT theme_alive_own,346,88,0.2543,51/177=28.8%,37/169=21.9%,yizi_today=0.0% | yizi_next_all=1.7% | height{2:265;3:60;4:13;5:8} | themes=113 | dates=171
zt_next,NOT boards_ge5 & opened & NOT own_baoliang,1221,310,0.2539,173/618=28.0%,137/603=22.7%,yizi_today=0.0% | yizi_next_all=2.5% | height{2:998;3:158;4:65} | themes=119 | dates=207
zt_next,leader_absent & NOT one_price_today & NOT own_baoliang,788,200,0.2538,103/378=27.2%,97/410=23.7%,yizi_today=0.0% | yizi_next_all=3.8% | height{2:639;3:96;4:38;5:10;6:4;10:1} | themes=100 | dates=86
zt_next,NOT one_price_today & NOT theme_alive_own & NOT own_baoliang,328,83,0.2530,48/164=29.3%,35/164=21.3%,yizi_today=0.0% | yizi_next_all=1.5% | height{2:265;3:42;4:10;5:5;6:2;7:2;8:1;9:1} | themes=107 | dates=165
zt_next,NOT height_drop & is_fanbao,83,21,0.2530,2/7=28.6%,19/76=25.0%,yizi_today=13.3% | yizi_next_all=3.6% | height{2:62;3:11;4:6;5:4} | themes=25 | dates=44
zt_next,NOT is_new_high & opened & NOT own_baoliang,1182,299,0.2530,173/615=28.1%,126/567=22.2%,yizi_today=0.0% | yizi_next_all=2.6% | height{2:989;3:137;4:42;5:11;6:2;7:1} | themes=119 | dates=204
zt_next,leader_absent & NOT one_price_today & NOT theme_alive_own,159,40,0.2516,19/78=24.4%,21/81=25.9%,yizi_today=0.0% | yizi_next_all=2.5% | height{2:115;3:34;4:5;5:4;6:1} | themes=79 | dates=71
zt_next,theme_alive & opened,522,131,0.2510,50/176=28.4%,81/346=23.4%,yizi_today=0.0% | yizi_next_all=1.9% | height{2:372;3:86;4:41;5:17;6:5;10:1} | themes=82 | dates=72
zt_next,theme_alive & NOT unopened,522,131,0.2510,50/176=28.4%,81/346=23.4%,yizi_today=0.0% | yizi_next_all=1.9% | height{2:372;3:86;4:41;5:17;6:5;10:1} | themes=82 | dates=72
zt_next,opened & NOT own_baoliang & href_le1,284,71,0.2500,26/110=23.6%,45/174=25.9%,yizi_today=0.0% | yizi_next_all=2.5% | height{2:165;3:44;4:33;5:11;6:14;7:9;8:4;9:1;10:1;12:1;13:1} | themes=61 | dates=107
zt_next,is_fanbao,112,28,0.2500,2/8=25.0%,26/104=25.0%,yizi_today=10.7% | yizi_next_all=2.7% | height{2:84;3:15;4:9;5:4} | themes=30 | dates=63
zt_next,theme_alive_own & is_fanbao,112,28,0.2500,2/8=25.0%,26/104=25.0%,yizi_today=10.7% | yizi_next_all=2.7% | height{2:84;3:15;4:9;5:4} | themes=30 | dates=63
zt_next,is_fanbao & NOT boards_ge5,108,27,0.2500,2/8=25.0%,25/100=25.0%,yizi_today=9.3% | yizi_next_all=1.9% | height{2:84;3:15;4:9} | themes=29 | dates=62
zt_next,theme_alive_own & NOT boards_ge5 & is_fanbao,108,27,0.2500,2/8=25.0%,25/100=25.0%,yizi_today=9.3% | yizi_next_all=1.9% | height{2:84;3:15;4:9} | themes=29 | dates=62
zt_next,to_hi,637,159,0.2496,86/339=25.4%,73/298=24.5%,yizi_today=0.2% | yizi_next_all=1.4% | height{2:365;3:138;4:68;5:31;6:17;7:8;8:5;9:2;11:1;12:1;18:1} | themes=99 | dates=207
zt_next,leader_absent & NOT boards_ge5 & opened,581,145,0.2496,69/292=23.6%,76/289=26.3%,yizi_today=0.0% | yizi_next_all=2.8% | height{2:415;3:118;4:48} | themes=91 | dates=86
zt_next,theme_alive & NOT one_price_today,790,197,0.2494,69/255=27.1%,128/535=23.9%,yizi_today=0.0% | yizi_next_all=2.7% | height{2:582;3:127;4:55;5:19;6:6;10:1} | themes=95 | dates=72
zt_next,leader_absent & opened & href_le1,279,69,0.2473,24/117=20.5%,45/162=27.8%,yizi_today=0.0% | yizi_next_all=2.2% | height{2:159;3:65;4:30;5:13;6:10;7:1;10:1} | themes=63 | dates=75
zt_next,leader_absent & NOT one_price_today & NOT is_new_high,783,192,0.2452,108/406=26.6%,84/377=22.3%,yizi_today=0.0% | yizi_next_all=3.6% | height{2:626;3:112;4:34;5:10;6:1} | themes=107 | dates=84
zt_next,same_theme_broken & opened,98,24,0.2449,12/39=30.8%,12/59=20.3%,yizi_today=0.0% | yizi_next_all=2.0% | height{2:68;3:21;4:6;5:3} | themes=24 | dates=52
zt_next,same_theme_broken & NOT unopened,98,24,0.2449,12/39=30.8%,12/59=20.3%,yizi_today=0.0% | yizi_next_all=2.0% | height{2:68;3:21;4:6;5:3} | themes=24 | dates=52
zt_next,nzt_ge80 & is_mid_2_3 & leader_absent,285,69,0.2421,20/65=30.8%,49/220=22.3%,yizi_today=9.8% | yizi_next_all=5.3% | height{2:221;3:64} | themes=60 | dates=22
zt_next,NOT height_new_high & is_fanbao,108,26,0.2407,2/8=25.0%,24/100=24.0%,yizi_today=11.1% | yizi_next_all=2.8% | height{2:82;3:13;4:9;5:4} | themes=30 | dates=61
zt_next,is_fanbao & NOT href_le1,79,19,0.2405,1/4=25.0%,18/75=24.0%,yizi_today=12.7% | yizi_next_all=2.5% | height{2:69;3:9;5:1} | themes=29 | dates=47
zt_next,NOT is_new_high & is_fanbao & NOT href_le1,79,19,0.2405,1/4=25.0%,18/75=24.0%,yizi_today=12.7% | yizi_next_all=2.5% | height{2:69;3:9;5:1} | themes=29 | dates=47
zt_next,theme_alive_own & is_fanbao & NOT href_le1,79,19,0.2405,1/4=25.0%,18/75=24.0%,yizi_today=12.7% | yizi_next_all=2.5% | height{2:69;3:9;5:1} | themes=29 | dates=47
zt_next,leader_absent & opened & NOT own_baoliang,512,123,0.2402,60/254=23.6%,63/258=24.4%,yizi_today=0.0% | yizi_next_all=2.7% | height{2:415;3:58;4:29;5:5;6:4;10:1} | themes=86 | dates=86
zt_next,NOT boards_ge5 & opened & href_le1,323,77,0.2384,23/126=18.3%,54/197=27.4%,yizi_today=0.0% | yizi_next_all=2.2% | height{2:165;3:97;4:61} | themes=64 | dates=89
zt_next,leader_absent & NOT is_new_high & opened,521,124,0.2380,66/276=23.9%,58/245=23.7%,yizi_today=0.0% | yizi_next_all=2.9% | height{2:406;3:82;4:27;5:5;6:1} | themes=91 | dates=84
zt_next,NOT leader_absent & is_fanbao,68,16,0.2353,1/4=25.0%,15/64=23.4%,yizi_today=14.7% | yizi_next_all=4.4% | height{2:51;3:7;4:6;5:4} | themes=22 | dates=36
zt_next,is_fanbao & NOT lag0,68,16,0.2353,1/4=25.0%,15/64=23.4%,yizi_today=14.7% | yizi_next_all=4.4% | height{2:51;3:7;4:6;5:4} | themes=22 | dates=36
zt_next,NOT leader_absent & theme_alive_own & is_fanbao,68,16,0.2353,1/4=25.0%,15/64=23.4%,yizi_today=14.7% | yizi_next_all=4.4% | height{2:51;3:7;4:6;5:4} | themes=22 | dates=36
zt_next,NOT leader_absent & NOT boards_ge5 & is_fanbao,64,15,0.2344,1/4=25.0%,14/60=23.3%,yizi_today=12.5% | yizi_next_all=3.1% | height{2:51;3:7;4:6} | themes=21 | dates=35
zt_next,same_theme_broken & NOT one_price_today,137,32,0.2336,16/54=29.6%,16/83=19.3%,yizi_today=0.0% | yizi_next_all=3.6% | height{2:100;3:25;4:9;5:3} | themes=24 | dates=57
zt_next,is_fanbao & NOT same_theme_baoliang,103,24,0.2330,2/8=25.0%,22/95=23.2%,yizi_today=11.7% | yizi_next_all=2.9% | height{2:82;3:12;4:5;5:4} | themes=30 | dates=58
zt_next,is_mid_2_3 & is_fanbao,99,23,0.2323,2/8=25.0%,21/91=23.1%,yizi_today=10.1% | yizi_next_all=1.0% | height{2:84;3:15} | themes=29 | dates=59
zt_next,is_fanbao & theme_alive_own & is_mid_2_3,99,23,0.2323,2/8=25.0%,21/91=23.1%,yizi_today=10.1% | yizi_next_all=1.0% | height{2:84;3:15} | themes=29 | dates=59
zt_next,NOT one_price_today & NOT theme_alive_own & NOT opened,121,28,0.2314,13/55=23.6%,15/66=22.7%,yizi_today=0.0% | yizi_next_all=5.0% | height{2:90;3:20;4:6;5:2;6:1;7:1;8:1} | themes=71 | dates=95
zt_next,NOT leader_baoliang & is_fanbao,78,18,0.2308,1/2=50.0%,17/76=22.4%,yizi_today=11.5% | yizi_next_all=2.6% | height{2:63;3:7;4:4;5:4} | themes=24 | dates=38
zt_next,NOT boards_ge5 & is_fanbao & NOT href_le1,78,18,0.2308,1/4=25.0%,17/74=23.0%,yizi_today=11.5% | yizi_next_all=1.3% | height{2:69;3:9} | themes=28 | dates=47
zt_next,NOT leader_absent & is_fanbao & NOT own_baoliang,61,14,0.2295,1/3=33.3%,13/58=22.4%,yizi_today=14.8% | yizi_next_all=3.3% | height{2:51;3:4;4:3;5:3} | themes=21 | dates=33
zt_next,NOT boards_ge5 & is_fanbao & NOT own_baoliang,98,22,0.2245,2/7=28.6%,20/91=22.0%,yizi_today=10.2% | yizi_next_all=2.0% | height{2:84;3:8;4:6} | themes=29 | dates=57
zt_next,prev_leader_baoliang & is_fanbao,58,13,0.2241,1/6=16.7%,12/52=23.1%,yizi_today=12.1% | yizi_next_all=3.4% | height{2:46;3:3;4:6;5:3} | themes=19 | dates=31
zt_next,NOT leader_absent & is_fanbao & NOT href_le1,58,13,0.2241,1/3=33.3%,12/55=21.8%,yizi_today=15.5% | yizi_next_all=3.4% | height{2:51;3:6;5:1} | themes=22 | dates=32
zt_next,leader_absent & NOT is_new_high & is_fanbao,36,8,0.2222,1/4=25.0%,7/32=21.9%,yizi_today=5.6% | yizi_next_all=0.0% | height{2:32;3:4} | themes=18 | dates=23
zt_next,is_sub_high & NOT one_price_today,347,77,0.2219,30/142=21.1%,47/205=22.9%,yizi_today=0.0% | yizi_next_all=2.6% | height{2:231;3:79;4:26;5:9;6:1;7:1} | themes=70 | dates=98
zt_next,NOT one_price_today & NOT is_new_high & href_le1,347,77,0.2219,30/142=21.1%,47/205=22.9%,yizi_today=0.0% | yizi_next_all=2.6% | height{2:231;3:79;4:26;5:9;6:1;7:1} | themes=70 | dates=98
zt_next,NOT is_new_high & is_fanbao,95,21,0.2211,2/8=25.0%,19/87=21.8%,yizi_today=11.6% | yizi_next_all=2.1% | height{2:83;3:11;5:1} | themes=30 | dates=56
zt_next,NOT is_new_high & theme_alive_own & is_fanbao,95,21,0.2211,2/8=25.0%,19/87=21.8%,yizi_today=11.6% | yizi_next_all=2.1% | height{2:83;3:11;5:1} | themes=30 | dates=56
zt_next,NOT leader_absent & NOT is_new_high & is_fanbao,59,13,0.2203,1/4=25.0%,12/55=21.8%,yizi_today=15.3% | yizi_next_all=3.4% | height{2:51;3:7;5:1} | themes=22 | dates=33
zt_next,is_fanbao & NOT own_baoliang,101,22,0.2178,2/7=28.6%,20/94=21.3%,yizi_today=10.9% | yizi_next_all=2.0% | height{2:84;3:8;4:6;5:3} | themes=29 | dates=58
zt_next,theme_alive_own & is_fanbao & NOT own_baoliang,101,22,0.2178,2/7=28.6%,20/94=21.3%,yizi_today=10.9% | yizi_next_all=2.0% | height{2:84;3:8;4:6;5:3} | themes=29 | dates=58
zt_next,is_fanbao & NOT own_baoliang & NOT href_le1,74,16,0.2162,1/4=25.0%,15/70=21.4%,yizi_today=12.2% | yizi_next_all=1.4% | height{2:69;3:5} | themes=28 | dates=46
zt_next,NOT one_price_today & NOT boards_ge5 & is_fanbao,98,21,0.2143,0/5=0.0%,21/93=22.6%,yizi_today=0.0% | yizi_next_all=1.0% | height{2:74;3:15;4:9} | themes=27 | dates=59
zt_next,NOT is_new_high & NOT boards_ge5 & is_fanbao,94,20,0.2128,2/8=25.0%,18/86=20.9%,yizi_today=10.6% | yizi_next_all=1.1% | height{2:83;3:11} | themes=29 | dates=56
zt_next,same_theme_broken & same_theme_baoliang,33,7,0.2121,5/21=23.8%,2/12=16.7%,yizi_today=18.2% | yizi_next_all=9.1% | height{2:16;3:8;4:5;5:3;10:1} | themes=11 | dates=13
zt_next,amt_hi & opened & theme_alive_own,446,94,0.2108,55/230=23.9%,39/216=18.1%,yizi_today=0.0% | yizi_next_all=1.1% | height{2:269;3:88;4:47;5:22;6:10;7:7;8:3} | themes=62 | dates=194
zt_next,NOT one_price_today & is_fanbao,100,21,0.2100,0/5=0.0%,21/95=22.1%,yizi_today=0.0% | yizi_next_all=1.0% | height{2:74;3:15;4:9;5:2} | themes=27 | dates=60
zt_next,NOT one_price_today & theme_alive_own & is_fanbao,100,21,0.2100,0/5=0.0%,21/95=22.1%,yizi_today=0.0% | yizi_next_all=1.0% | height{2:74;3:15;4:9;5:2} | themes=27 | dates=60
zt_next,amt_hi,637,132,0.2072,79/339=23.3%,53/298=17.8%,yizi_today=0.2% | yizi_next_all=1.3% | height{2:401;3:114;4:65;5:32;6:10;7:8;8:5;9:1;18:1} | themes=80 | dates=207
zt_next,is_sub_high & leader_absent & NOT one_price_today,283,58,0.2049,21/114=18.4%,37/169=21.9%,yizi_today=0.0% | yizi_next_all=2.5% | height{2:221;3:44;4:12;5:5;6:1} | themes=66 | dates=62
zt_next,NOT is_new_high & is_fanbao & NOT own_baoliang,89,18,0.2022,2/7=28.6%,16/82=19.5%,yizi_today=11.2% | yizi_next_all=1.1% | height{2:83;3:6} | themes=29 | dates=54
zt_next,leader_absent & is_fanbao & NOT own_baoliang,40,8,0.2000,1/4=25.0%,7/36=19.4%,yizi_today=5.0% | yizi_next_all=0.0% | height{2:33;3:4;4:3} | themes=20 | dates=25
zt_next,is_sub_high & opened,237,47,0.1983,17/101=16.8%,30/136=22.1%,yizi_today=0.0% | yizi_next_all=2.5% | height{2:156;3:57;4:18;5:4;6:1;7:1} | themes=61 | dates=84
zt_next,is_sub_high & NOT unopened,237,47,0.1983,17/101=16.8%,30/136=22.1%,yizi_today=0.0% | yizi_next_all=2.5% | height{2:156;3:57;4:18;5:4;6:1;7:1} | themes=61 | dates=84
zt_next,NOT is_new_high & opened & href_le1,237,47,0.1983,17/101=16.8%,30/136=22.1%,yizi_today=0.0% | yizi_next_all=2.5% | height{2:156;3:57;4:18;5:4;6:1;7:1} | themes=61 | dates=84
zt_next,is_sub_high & theme_alive_own & opened,198,39,0.1970,14/82=17.1%,25/116=21.6%,yizi_today=0.0% | yizi_next_all=3.0% | height{2:130;3:48;4:15;5:3;6:1;7:1} | themes=44 | dates=74
zt_next,opened & is_fanbao & NOT href_le1,41,8,0.1951,0/1=0.0%,8/40=20.0%,yizi_today=0.0% | yizi_next_all=0.0% | height{2:35;3:6} | themes=18 | dates=29
zt_next,NOT theme_alive & is_fanbao,53,10,0.1887,2/5=40.0%,8/48=16.7%,yizi_today=11.3% | yizi_next_all=1.9% | height{2:39;3:8;4:2;5:4} | themes=20 | dates=31
zt_next,NOT one_price_today & is_fanbao & NOT href_le1,69,13,0.1884,0/2=0.0%,13/67=19.4%,yizi_today=0.0% | yizi_next_all=0.0% | height{2:60;3:9} | themes=26 | dates=42
zt_next,NOT boards_ge5 & opened & is_fanbao,64,12,0.1875,0/4=0.0%,12/60=20.0%,yizi_today=0.0% | yizi_next_all=0.0% | height{2:46;3:11;4:7} | themes=21 | dates=47
zt_next,is_fanbao & opened,65,12,0.1846,0/4=0.0%,12/61=19.7%,yizi_today=0.0% | yizi_next_all=0.0% | height{2:46;3:11;4:7;5:1} | themes=21 | dates=48
zt_next,is_fanbao & NOT unopened,65,12,0.1846,0/4=0.0%,12/61=19.7%,yizi_today=0.0% | yizi_next_all=0.0% | height{2:46;3:11;4:7;5:1} | themes=21 | dates=48
zt_next,NOT one_price_today & opened & is_fanbao,65,12,0.1846,0/4=0.0%,12/61=19.7%,yizi_today=0.0% | yizi_next_all=0.0% | height{2:46;3:11;4:7;5:1} | themes=21 | dates=48
zt_next,theme_alive_own & opened & is_fanbao,65,12,0.1846,0/4=0.0%,12/61=19.7%,yizi_today=0.0% | yizi_next_all=0.0% | height{2:46;3:11;4:7;5:1} | themes=21 | dates=48
zt_next,NOT one_price_today & is_fanbao & NOT own_baoliang,90,16,0.1778,0/4=0.0%,16/86=18.6%,yizi_today=0.0% | yizi_next_all=1.1% | height{2:74;3:8;4:6;5:2} | themes=27 | dates=55
zt_next,NOT leader_absent & NOT one_price_today & is_fanbao,58,10,0.1724,0/2=0.0%,10/56=17.9%,yizi_today=0.0% | yizi_next_all=1.7% | height{2:43;3:7;4:6;5:2} | themes=19 | dates=33
zt_next,NOT one_price_today & NOT is_new_high & is_fanbao,84,14,0.1667,0/5=0.0%,14/79=17.7%,yizi_today=0.0% | yizi_next_all=0.0% | height{2:73;3:11} | themes=27 | dates=51
zt_next,NOT leader_absent & opened & is_fanbao,37,6,0.1622,0/1=0.0%,6/36=16.7%,yizi_today=0.0% | yizi_next_all=0.0% | height{2:27;3:4;4:5;5:1} | themes=16 | dates=26
zt_next,NOT is_new_high & opened & is_fanbao,53,8,0.1509,0/4=0.0%,8/49=16.3%,yizi_today=0.0% | yizi_next_all=0.0% | height{2:45;3:8} | themes=20 | dates=38
zt_next,opened & is_fanbao & NOT own_baoliang,57,8,0.1404,0/3=0.0%,8/54=14.8%,yizi_today=0.0% | yizi_next_all=0.0% | height{2:46;3:6;4:4;5:1} | themes=20 | dates=43
zt_next,height_new_high & NOT theme_alive_own,52,5,0.0962,4/34=11.8%,1/18=5.6%,yizi_today=7.7% | yizi_next_all=1.9% | height{2:35;3:8;4:2;5:4;8:1;9:1;18:1} | themes=41 | dates=21
zt_next,one_price_today & boards>=6,42,34,0.8095,24/29=82.8%,10/13=76.9%,yizi_today=100%_not_buyable | height mix high boards | NOT a scheme
tradable_zt,one_price_today & boards>=6,42,9,0.2143,,,same slice tradable only 21% — yizi continuation is not buyable
zt_next,one_price_today & amount<=5e7,129,112,0.8682,,,yizi+tiny volume proxy | zt_next 86.8% but tradable ~22% | NOT 90% | NOT buyable
tradable_zt,one_price_today & amount<=5e7,129,28,0.2171,,,yizi+tiny volume; tradable 21.7%
zt_next,one_price_today & turnover<=1.0,100,83,0.8300,,,yizi+low turnover | NOT buyable
tradable_zt,one_price_today & turnover<=1.0,100,13,0.1300,,,tradable 13%
zt_next,one_price_today & boards>=5,67,51,0.7612,38/48=79.2%,13/19=68.4%,yizi_today=100% | half2 68% — fails split | not 90%
tradable_zt,boards>=5 & NOT one_price_today,135,47,0.3481,30/87=34.5%,17/48=35.4%,honest buyable-ish height slice; ceiling-ish at n>=80 neighborhood
tradable_zt,href0 & boards>=5 & NOT one_price_today,91,34,0.3736,18/48=37.5%,16/43=37.2%,best honest n>=80-ish tradable in search; split stable ~37%
tradable_zt,"theme==食品饮料 (name slice, n=36)",36,19,0.5278,,,theme string with few names risk; NOT a factor family; still far from 90%
zt_next,"theme==食品饮料 (name slice, n=36)",36,22,0.6111,,,theme-name trash watch; 61% not 90%
tradable_zt,ALL boards>=2,2736,697,0.2548,398/1476=27.0%,299/1260=23.7%,unconditional baseline
zt_next,ALL boards>=2,2736,965,0.3527,578/1476=39.2%,387/1260=30.7%,unconditional baseline
