family,filters,outcome,n,wins,rate,h1_n,h1_w,h1,h2_n,h2_w,h2,claim
squeeze_base,ge4_seal02_tn5+base,maxc3,46,38,0.8261,28,23,0.8214,18,15,0.8333,False
squeeze_base,ge4_seal02_tn5+base,hold_close,46,36,0.7826,28,23,0.8214,18,13,0.7222,False
squeeze_base,ge4_seal02_tn5+base,hold_flat,46,36,0.7826,28,23,0.8214,18,13,0.7222,False
squeeze_base,ge4_seal02_tn5+base,hold_touch3,46,36,0.7826,28,22,0.7857,18,14,0.7778,False
squeeze_base,ge4_seal02_tn5+base,open_up,41,15,0.3659,26,8,0.3077,15,7,0.4667,False
squeeze_base,ge4_seal02_tn5+base,open_flat,41,27,0.6585,26,16,0.6154,15,11,0.7333,False
squeeze_base,ge4_seal02_tn5+base,touch3,41,31,0.7561,26,20,0.7692,15,11,0.7333,False
squeeze_base,ge4_seal02_tn5+base,hold_3d,44,28,0.6364,27,16,0.5926,17,12,0.7059,False
squeeze_base,ge4_seal02_tn5+intact,maxc3,28,22,0.7857,16,12,0.7500,12,10,0.8333,False
squeeze_base,ge4_seal02_tn5+intact,hold_close,28,20,0.7143,16,12,0.7500,12,8,0.6667,False
squeeze_base,ge4_seal02_tn5+intact,hold_flat,28,20,0.7143,16,12,0.7500,12,8,0.6667,False
squeeze_base,ge4_seal02_tn5+intact,hold_touch3,28,21,0.7500,16,12,0.7500,12,9,0.7500,False
squeeze_base,ge4_seal02_tn5+intact,open_up,26,9,0.3462,15,4,0.2667,11,5,0.4545,False
squeeze_base,ge4_seal02_tn5+intact,open_flat,26,17,0.6538,15,9,0.6000,11,8,0.7273,False
squeeze_base,ge4_seal02_tn5+intact,touch3,26,19,0.7308,15,11,0.7333,11,8,0.7273,False
squeeze_base,ge4_seal02_tn5+intact,hold_3d,27,18,0.6667,16,9,0.5625,11,9,0.8182,False
squeeze_base,ge4_seal02_tn5+absent,maxc3,18,16,0.8889,12,11,0.9167,6,5,0.8333,False
squeeze_base,ge4_seal02_tn5+absent,hold_close,18,16,0.8889,12,11,0.9167,6,5,0.8333,False
squeeze_base,ge4_seal02_tn5+absent,hold_flat,18,16,0.8889,12,11,0.9167,6,5,0.8333,False
squeeze_base,ge4_seal02_tn5+absent,hold_touch3,18,15,0.8333,12,10,0.8333,6,5,0.8333,False
squeeze_base,ge4_seal02_tn5+absent,open_up,15,6,0.4000,11,4,0.3636,4,2,0.5000,False
squeeze_base,ge4_seal02_tn5+absent,open_flat,15,10,0.6667,11,7,0.6364,4,3,0.7500,False
squeeze_base,ge4_seal02_tn5+absent,touch3,15,12,0.8000,11,9,0.8182,4,3,0.7500,False
squeeze_base,ge4_seal02_tn5+absent,hold_3d,17,10,0.5882,11,7,0.6364,6,3,0.5000,False
squeeze_base,ge4_seal02_tn5+drop,maxc3,14,14,1.0000,10,10,1.0000,4,4,1.0000,False
squeeze_base,ge4_seal02_tn5+drop,hold_close,14,14,1.0000,10,10,1.0000,4,4,1.0000,False
squeeze_base,ge4_seal02_tn5+drop,hold_flat,14,14,1.0000,10,10,1.0000,4,4,1.0000,False
squeeze_base,ge4_seal02_tn5+drop,hold_touch3,14,11,0.7857,10,8,0.8000,4,3,0.7500,False
squeeze_base,ge4_seal02_tn5+drop,open_up,12,6,0.5000,9,4,0.4444,3,2,0.6667,False
squeeze_base,ge4_seal02_tn5+drop,open_flat,12,9,0.7500,9,6,0.6667,3,3,1.0000,False
squeeze_base,ge4_seal02_tn5+drop,touch3,12,9,0.7500,9,7,0.7778,3,2,0.6667,False
squeeze_base,ge4_seal02_tn5+drop,hold_3d,13,8,0.6154,9,6,0.6667,4,2,0.5000,False
squeeze_base,ge4_seal02_tn5+not_drop,maxc3,32,24,0.7500,18,13,0.7222,14,11,0.7857,False
squeeze_base,ge4_seal02_tn5+not_drop,hold_close,32,22,0.6875,18,13,0.7222,14,9,0.6429,False
squeeze_base,ge4_seal02_tn5+not_drop,hold_flat,32,22,0.6875,18,13,0.7222,14,9,0.6429,False
squeeze_base,ge4_seal02_tn5+not_drop,hold_touch3,32,25,0.7812,18,14,0.7778,14,11,0.7857,False
squeeze_base,ge4_seal02_tn5+not_drop,open_up,29,9,0.3103,17,4,0.2353,12,5,0.4167,False
squeeze_base,ge4_seal02_tn5+not_drop,open_flat,29,18,0.6207,17,10,0.5882,12,8,0.6667,False
squeeze_base,ge4_seal02_tn5+not_drop,touch3,29,22,0.7586,17,13,0.7647,12,9,0.7500,False
squeeze_base,ge4_seal02_tn5+not_drop,hold_3d,31,20,0.6452,18,10,0.5556,13,10,0.7692,False
squeeze_base,ge4_seal02_tn5+same_break,maxc3,2,2,1.0000,1,1,1.0000,1,1,1.0000,False
squeeze_base,ge4_seal02_tn5+same_break,hold_close,2,1,0.5000,1,1,1.0000,1,0,0.0000,False
squeeze_base,ge4_seal02_tn5+same_break,hold_flat,2,1,0.5000,1,1,1.0000,1,0,0.0000,False
squeeze_base,ge4_seal02_tn5+same_break,hold_touch3,2,1,0.5000,1,1,1.0000,1,0,0.0000,False
squeeze_base,ge4_seal02_tn5+same_break,open_up,2,1,0.5000,1,1,1.0000,1,0,0.0000,False
squeeze_base,ge4_seal02_tn5+same_break,open_flat,2,1,0.5000,1,1,1.0000,1,0,0.0000,False
squeeze_base,ge4_seal02_tn5+same_break,touch3,2,1,0.5000,1,1,1.0000,1,0,0.0000,False
squeeze_base,ge4_seal02_tn5+same_break,hold_3d,2,2,1.0000,1,1,1.0000,1,1,1.0000,False
squeeze_base,ge4_seal02_tn5+not_same,maxc3,44,36,0.8182,27,22,0.8148,17,14,0.8235,False
squeeze_base,ge4_seal02_tn5+not_same,hold_close,44,35,0.7955,27,22,0.8148,17,13,0.7647,False
squeeze_base,ge4_seal02_tn5+not_same,hold_flat,44,35,0.7955,27,22,0.8148,17,13,0.7647,False
squeeze_base,ge4_seal02_tn5+not_same,hold_touch3,44,35,0.7955,27,21,0.7778,17,14,0.8235,False
squeeze_base,ge4_seal02_tn5+not_same,open_up,39,14,0.3590,25,7,0.2800,14,7,0.5000,False
squeeze_base,ge4_seal02_tn5+not_same,open_flat,39,26,0.6667,25,15,0.6000,14,11,0.7857,False
squeeze_base,ge4_seal02_tn5+not_same,touch3,39,30,0.7692,25,19,0.7600,14,11,0.7857,False
squeeze_base,ge4_seal02_tn5+not_same,hold_3d,42,26,0.6190,26,15,0.5769,16,11,0.6875,False
squeeze_base,ge4_seal02_tn5+seal03,maxc3,16,12,0.7500,8,5,0.6250,8,7,0.8750,False
squeeze_base,ge4_seal02_tn5+seal03,hold_close,16,11,0.6875,8,5,0.6250,8,6,0.7500,False
squeeze_base,ge4_seal02_tn5+seal03,hold_flat,16,11,0.6875,8,5,0.6250,8,6,0.7500,False
squeeze_base,ge4_seal02_tn5+seal03,hold_touch3,16,12,0.7500,8,6,0.7500,8,6,0.7500,False
squeeze_base,ge4_seal02_tn5+seal03,open_up,13,5,0.3846,7,3,0.4286,6,2,0.3333,False
squeeze_base,ge4_seal02_tn5+seal03,open_flat,13,9,0.6923,7,4,0.5714,6,5,0.8333,False
squeeze_base,ge4_seal02_tn5+seal03,touch3,13,9,0.6923,7,5,0.7143,6,4,0.6667,False
squeeze_base,ge4_seal02_tn5+seal03,hold_3d,15,11,0.7333,8,5,0.6250,7,6,0.8571,False
squeeze_base,ge4_seal02_tn5+seal05,maxc3,8,4,0.5000,6,3,0.5000,2,1,0.5000,False
squeeze_base,ge4_seal02_tn5+seal05,hold_close,8,4,0.5000,6,3,0.5000,2,1,0.5000,False
squeeze_base,ge4_seal02_tn5+seal05,hold_flat,8,4,0.5000,6,3,0.5000,2,1,0.5000,False
squeeze_base,ge4_seal02_tn5+seal05,hold_touch3,8,5,0.6250,6,4,0.6667,2,1,0.5000,False
squeeze_base,ge4_seal02_tn5+seal05,open_up,8,3,0.3750,6,2,0.3333,2,1,0.5000,False
squeeze_base,ge4_seal02_tn5+seal05,open_flat,8,5,0.6250,6,3,0.5000,2,2,1.0000,False
squeeze_base,ge4_seal02_tn5+seal05,touch3,8,5,0.6250,6,4,0.6667,2,1,0.5000,False
squeeze_base,ge4_seal02_tn5+seal05,hold_3d,7,3,0.4286,6,3,0.5000,1,0,0.0000,False
squeeze_base,ge4_seal02_tn5+seal08,maxc3,2,0,0.0000,2,0,0.0000,0,0,,False
squeeze_base,ge4_seal02_tn5+seal08,hold_close,2,0,0.0000,2,0,0.0000,0,0,,False
squeeze_base,ge4_seal02_tn5+seal08,hold_flat,2,0,0.0000,2,0,0.0000,0,0,,False
squeeze_base,ge4_seal02_tn5+seal08,hold_touch3,2,1,0.5000,2,1,0.5000,0,0,,False
squeeze_base,ge4_seal02_tn5+seal08,open_up,2,0,0.0000,2,0,0.0000,0,0,,False
squeeze_base,ge4_seal02_tn5+seal08,open_flat,2,0,0.0000,2,0,0.0000,0,0,,False
squeeze_base,ge4_seal02_tn5+seal08,touch3,2,1,0.5000,2,1,0.5000,0,0,,False
squeeze_base,ge4_seal02_tn5+seal08,hold_3d,2,0,0.0000,2,0,0.0000,0,0,,False
squeeze_base,ge4_seal02_tn5+tn6,maxc3,38,31,0.8158,24,20,0.8333,14,11,0.7857,False
squeeze_base,ge4_seal02_tn5+tn6,hold_close,38,30,0.7895,24,20,0.8333,14,10,0.7143,False
squeeze_base,ge4_seal02_tn5+tn6,hold_flat,38,30,0.7895,24,20,0.8333,14,10,0.7143,False
squeeze_base,ge4_seal02_tn5+tn6,hold_touch3,38,29,0.7632,24,18,0.7500,14,11,0.7857,False
squeeze_base,ge4_seal02_tn5+tn6,open_up,33,11,0.3333,22,7,0.3182,11,4,0.3636,False
squeeze_base,ge4_seal02_tn5+tn6,open_flat,33,22,0.6667,22,14,0.6364,11,8,0.7273,False
squeeze_base,ge4_seal02_tn5+tn6,touch3,33,24,0.7273,22,16,0.7273,11,8,0.7273,False
squeeze_base,ge4_seal02_tn5+tn6,hold_3d,36,23,0.6389,23,14,0.6087,13,9,0.6923,False
squeeze_base,ge4_seal02_tn5+tn8,maxc3,32,26,0.8125,21,18,0.8571,11,8,0.7273,False
squeeze_base,ge4_seal02_tn5+tn8,hold_close,32,26,0.8125,21,18,0.8571,11,8,0.7273,False
squeeze_base,ge4_seal02_tn5+tn8,hold_flat,32,26,0.8125,21,18,0.8571,11,8,0.7273,False
squeeze_base,ge4_seal02_tn5+tn8,hold_touch3,32,24,0.7500,21,15,0.7143,11,9,0.8182,False
squeeze_base,ge4_seal02_tn5+tn8,open_up,27,10,0.3704,19,7,0.3684,8,3,0.3750,False
squeeze_base,ge4_seal02_tn5+tn8,open_flat,27,19,0.7037,19,13,0.6842,8,6,0.7500,False
squeeze_base,ge4_seal02_tn5+tn8,touch3,27,19,0.7037,19,13,0.6842,8,6,0.7500,False
squeeze_base,ge4_seal02_tn5+tn8,hold_3d,30,19,0.6333,20,13,0.6500,10,6,0.6000,False
squeeze_base,ge4_seal02_tn5+tn10,maxc3,24,19,0.7917,16,13,0.8125,8,6,0.7500,False
squeeze_base,ge4_seal02_tn5+tn10,hold_close,24,19,0.7917,16,13,0.8125,8,6,0.7500,False
squeeze_base,ge4_seal02_tn5+tn10,hold_flat,24,19,0.7917,16,13,0.8125,8,6,0.7500,False
squeeze_base,ge4_seal02_tn5+tn10,hold_touch3,24,16,0.6667,16,10,0.6250,8,6,0.7500,False
squeeze_base,ge4_seal02_tn5+tn10,open_up,19,6,0.3158,14,5,0.3571,5,1,0.2000,False
squeeze_base,ge4_seal02_tn5+tn10,open_flat,19,13,0.6842,14,9,0.6429,5,4,0.8000,False
squeeze_base,ge4_seal02_tn5+tn10,touch3,19,11,0.5789,14,8,0.5714,5,3,0.6000,False
squeeze_base,ge4_seal02_tn5+tn10,hold_3d,23,13,0.5652,15,8,0.5333,8,5,0.6250,False
squeeze_base,ge4_seal02_tn5+unopened,maxc3,24,20,0.8333,16,14,0.8750,8,6,0.7500,False
squeeze_base,ge4_seal02_tn5+unopened,hold_close,24,19,0.7917,16,14,0.8750,8,5,0.6250,False
squeeze_base,ge4_seal02_tn5+unopened,hold_flat,24,19,0.7917,16,14,0.8750,8,5,0.6250,False
squeeze_base,ge4_seal02_tn5+unopened,hold_touch3,24,19,0.7917,16,13,0.8125,8,6,0.7500,False
squeeze_base,ge4_seal02_tn5+unopened,open_up,22,8,0.3636,15,6,0.4000,7,2,0.2857,False
squeeze_base,ge4_seal02_tn5+unopened,open_flat,22,15,0.6818,15,10,0.6667,7,5,0.7143,False
squeeze_base,ge4_seal02_tn5+unopened,touch3,22,17,0.7727,15,12,0.8000,7,5,0.7143,False
squeeze_base,ge4_seal02_tn5+unopened,hold_3d,23,17,0.7391,15,11,0.7333,8,6,0.7500,False
squeeze_base,ge4_seal02_tn5+opened,maxc3,22,18,0.8182,12,9,0.7500,10,9,0.9000,False
squeeze_base,ge4_seal02_tn5+opened,hold_close,22,17,0.7727,12,9,0.7500,10,8,0.8000,False
squeeze_base,ge4_seal02_tn5+opened,hold_flat,22,17,0.7727,12,9,0.7500,10,8,0.8000,False
squeeze_base,ge4_seal02_tn5+opened,hold_touch3,22,17,0.7727,12,9,0.7500,10,8,0.8000,False
squeeze_base,ge4_seal02_tn5+opened,open_up,19,7,0.3684,11,2,0.1818,8,5,0.6250,False
squeeze_base,ge4_seal02_tn5+opened,open_flat,19,12,0.6316,11,6,0.5455,8,6,0.7500,False
squeeze_base,ge4_seal02_tn5+opened,touch3,19,14,0.7368,11,8,0.7273,8,6,0.7500,False
squeeze_base,ge4_seal02_tn5+opened,hold_3d,21,11,0.5238,12,5,0.4167,9,6,0.6667,False
squeeze_base,ge4_seal02_tn5+early,maxc3,44,37,0.8409,26,22,0.8462,18,15,0.8333,False
squeeze_base,ge4_seal02_tn5+early,hold_close,44,35,0.7955,26,22,0.8462,18,13,0.7222,False
squeeze_base,ge4_seal02_tn5+early,hold_flat,44,35,0.7955,26,22,0.8462,18,13,0.7222,False
squeeze_base,ge4_seal02_tn5+early,hold_touch3,44,35,0.7955,26,21,0.8077,18,14,0.7778,False
squeeze_base,ge4_seal02_tn5+early,open_up,39,15,0.3846,24,8,0.3333,15,7,0.4667,False
squeeze_base,ge4_seal02_tn5+early,open_flat,39,26,0.6667,24,15,0.6250,15,11,0.7333,False
squeeze_base,ge4_seal02_tn5+early,touch3,39,30,0.7692,24,19,0.7917,15,11,0.7333,False
squeeze_base,ge4_seal02_tn5+early,hold_3d,42,27,0.6429,25,15,0.6000,17,12,0.7059,False
squeeze_base,ge4_seal02_tn5+not_early,maxc3,2,1,0.5000,2,1,0.5000,0,0,,False
squeeze_base,ge4_seal02_tn5+not_early,hold_close,2,1,0.5000,2,1,0.5000,0,0,,False
squeeze_base,ge4_seal02_tn5+not_early,hold_flat,2,1,0.5000,2,1,0.5000,0,0,,False
squeeze_base,ge4_seal02_tn5+not_early,hold_touch3,2,1,0.5000,2,1,0.5000,0,0,,False
squeeze_base,ge4_seal02_tn5+not_early,open_up,2,0,0.0000,2,0,0.0000,0,0,,False
squeeze_base,ge4_seal02_tn5+not_early,open_flat,2,1,0.5000,2,1,0.5000,0,0,,False
squeeze_base,ge4_seal02_tn5+not_early,touch3,2,1,0.5000,2,1,0.5000,0,0,,False
squeeze_base,ge4_seal02_tn5+not_early,hold_3d,2,1,0.5000,2,1,0.5000,0,0,,False
squeeze_base,ge4_seal02_tn5+suc8,maxc3,22,19,0.8636,17,15,0.8824,5,4,0.8000,False
squeeze_base,ge4_seal02_tn5+suc8,hold_close,22,19,0.8636,17,15,0.8824,5,4,0.8000,False
squeeze_base,ge4_seal02_tn5+suc8,hold_flat,22,19,0.8636,17,15,0.8824,5,4,0.8000,False
squeeze_base,ge4_seal02_tn5+suc8,hold_touch3,22,19,0.8636,17,15,0.8824,5,4,0.8000,False
squeeze_base,ge4_seal02_tn5+suc8,open_up,19,5,0.2632,15,3,0.2000,4,2,0.5000,False
squeeze_base,ge4_seal02_tn5+suc8,open_flat,19,14,0.7368,15,10,0.6667,4,4,1.0000,False
squeeze_base,ge4_seal02_tn5+suc8,touch3,19,16,0.8421,15,13,0.8667,4,3,0.7500,False
squeeze_base,ge4_seal02_tn5+suc8,hold_3d,22,16,0.7273,17,12,0.7059,5,4,0.8000,False
squeeze_base,ge4_seal02_tn5+newh,maxc3,18,14,0.7778,4,2,0.5000,14,12,0.8571,False
squeeze_base,ge4_seal02_tn5+newh,hold_close,18,12,0.6667,4,2,0.5000,14,10,0.7143,False
squeeze_base,ge4_seal02_tn5+newh,hold_flat,18,12,0.6667,4,2,0.5000,14,10,0.7143,False
squeeze_base,ge4_seal02_tn5+newh,hold_touch3,18,14,0.7778,4,3,0.7500,14,11,0.7857,False
squeeze_base,ge4_seal02_tn5+newh,open_up,16,7,0.4375,4,1,0.2500,12,6,0.5000,False
squeeze_base,ge4_seal02_tn5+newh,open_flat,16,9,0.5625,4,1,0.2500,12,8,0.6667,False
squeeze_base,ge4_seal02_tn5+newh,touch3,16,12,0.7500,4,3,0.7500,12,9,0.7500,False
squeeze_base,ge4_seal02_tn5+newh,hold_3d,17,10,0.5882,4,1,0.2500,13,9,0.6923,False
squeeze_base,ge4_seal02_tn5+sub,maxc3,9,8,0.8889,9,8,0.8889,0,0,,False
squeeze_base,ge4_seal02_tn5+sub,hold_close,9,8,0.8889,9,8,0.8889,0,0,,False
squeeze_base,ge4_seal02_tn5+sub,hold_flat,9,8,0.8889,9,8,0.8889,0,0,,False
squeeze_base,ge4_seal02_tn5+sub,hold_touch3,9,5,0.5556,9,5,0.5556,0,0,,False
squeeze_base,ge4_seal02_tn5+sub,open_up,8,3,0.3750,8,3,0.3750,0,0,,False
squeeze_base,ge4_seal02_tn5+sub,open_flat,8,3,0.3750,8,3,0.3750,0,0,,False
squeeze_base,ge4_seal02_tn5+sub,touch3,8,4,0.5000,8,4,0.5000,0,0,,False
squeeze_base,ge4_seal02_tn5+sub,hold_3d,8,3,0.3750,8,3,0.3750,0,0,,False
squeeze_base,ge4_seal02_tn5+mid,maxc3,0,0,,0,0,,0,0,,False
squeeze_base,ge4_seal02_tn5+mid,hold_close,0,0,,0,0,,0,0,,False
squeeze_base,ge4_seal02_tn5+mid,hold_flat,0,0,,0,0,,0,0,,False
squeeze_base,ge4_seal02_tn5+mid,hold_touch3,0,0,,0,0,,0,0,,False
squeeze_base,ge4_seal02_tn5+mid,open_up,0,0,,0,0,,0,0,,False
squeeze_base,ge4_seal02_tn5+mid,open_flat,0,0,,0,0,,0,0,,False
squeeze_base,ge4_seal02_tn5+mid,touch3,0,0,,0,0,,0,0,,False
squeeze_base,ge4_seal02_tn5+mid,hold_3d,0,0,,0,0,,0,0,,False
squeeze_base,ge4_seal02_tn5+fanbao,maxc3,0,0,,0,0,,0,0,,False
squeeze_base,ge4_seal02_tn5+fanbao,hold_close,0,0,,0,0,,0,0,,False
squeeze_base,ge4_seal02_tn5+fanbao,hold_flat,0,0,,0,0,,0,0,,False
squeeze_base,ge4_seal02_tn5+fanbao,hold_touch3,0,0,,0,0,,0,0,,False
squeeze_base,ge4_seal02_tn5+fanbao,open_up,0,0,,0,0,,0,0,,False
squeeze_base,ge4_seal02_tn5+fanbao,open_flat,0,0,,0,0,,0,0,,False
squeeze_base,ge4_seal02_tn5+fanbao,touch3,0,0,,0,0,,0,0,,False
squeeze_base,ge4_seal02_tn5+fanbao,hold_3d,0,0,,0,0,,0,0,,False
squeeze_base,ge4_seal02_tn5+not_fanbao,maxc3,46,38,0.8261,28,23,0.8214,18,15,0.8333,False
squeeze_base,ge4_seal02_tn5+not_fanbao,hold_close,46,36,0.7826,28,23,0.8214,18,13,0.7222,False
squeeze_base,ge4_seal02_tn5+not_fanbao,hold_flat,46,36,0.7826,28,23,0.8214,18,13,0.7222,False
squeeze_base,ge4_seal02_tn5+not_fanbao,hold_touch3,46,36,0.7826,28,22,0.7857,18,14,0.7778,False
squeeze_base,ge4_seal02_tn5+not_fanbao,open_up,41,15,0.3659,26,8,0.3077,15,7,0.4667,False
squeeze_base,ge4_seal02_tn5+not_fanbao,open_flat,41,27,0.6585,26,16,0.6154,15,11,0.7333,False
squeeze_base,ge4_seal02_tn5+not_fanbao,touch3,41,31,0.7561,26,20,0.7692,15,11,0.7333,False
squeeze_base,ge4_seal02_tn5+not_fanbao,hold_3d,44,28,0.6364,27,16,0.5926,17,12,0.7059,False
squeeze_base,ge4_seal02_tn5+stock_unbroken,maxc3,45,37,0.8222,27,22,0.8148,18,15,0.8333,False
squeeze_base,ge4_seal02_tn5+stock_unbroken,hold_close,45,35,0.7778,27,22,0.8148,18,13,0.7222,False
squeeze_base,ge4_seal02_tn5+stock_unbroken,hold_flat,45,35,0.7778,27,22,0.8148,18,13,0.7222,False
squeeze_base,ge4_seal02_tn5+stock_unbroken,hold_touch3,45,35,0.7778,27,21,0.7778,18,14,0.7778,False
squeeze_base,ge4_seal02_tn5+stock_unbroken,open_up,40,15,0.3750,25,8,0.3200,15,7,0.4667,False
squeeze_base,ge4_seal02_tn5+stock_unbroken,open_flat,40,27,0.6750,25,16,0.6400,15,11,0.7333,False
squeeze_base,ge4_seal02_tn5+stock_unbroken,touch3,40,30,0.7500,25,19,0.7600,15,11,0.7333,False
squeeze_base,ge4_seal02_tn5+stock_unbroken,hold_3d,43,28,0.6512,26,16,0.6154,17,12,0.7059,False
squeeze_base,ge4_seal02_tn5+stock_broken,maxc3,1,1,1.0000,1,1,1.0000,0,0,,False
squeeze_base,ge4_seal02_tn5+stock_broken,hold_close,1,1,1.0000,1,1,1.0000,0,0,,False
squeeze_base,ge4_seal02_tn5+stock_broken,hold_flat,1,1,1.0000,1,1,1.0000,0,0,,False
squeeze_base,ge4_seal02_tn5+stock_broken,hold_touch3,1,1,1.0000,1,1,1.0000,0,0,,False
squeeze_base,ge4_seal02_tn5+stock_broken,open_up,1,0,0.0000,1,0,0.0000,0,0,,False
squeeze_base,ge4_seal02_tn5+stock_broken,open_flat,1,0,0.0000,1,0,0.0000,0,0,,False
squeeze_base,ge4_seal02_tn5+stock_broken,touch3,1,1,1.0000,1,1,1.0000,0,0,,False
squeeze_base,ge4_seal02_tn5+stock_broken,hold_3d,1,0,0.0000,1,0,0.0000,0,0,,False
squeeze_base,ge4_seal02_tn5+eqH,maxc3,18,14,0.7778,4,2,0.5000,14,12,0.8571,False
squeeze_base,ge4_seal02_tn5+eqH,hold_close,18,12,0.6667,4,2,0.5000,14,10,0.7143,False
squeeze_base,ge4_seal02_tn5+eqH,hold_flat,18,12,0.6667,4,2,0.5000,14,10,0.7143,False
squeeze_base,ge4_seal02_tn5+eqH,hold_touch3,18,14,0.7778,4,3,0.7500,14,11,0.7857,False
squeeze_base,ge4_seal02_tn5+eqH,open_up,16,7,0.4375,4,1,0.2500,12,6,0.5000,False
squeeze_base,ge4_seal02_tn5+eqH,open_flat,16,9,0.5625,4,1,0.2500,12,8,0.6667,False
squeeze_base,ge4_seal02_tn5+eqH,touch3,16,12,0.7500,4,3,0.7500,12,9,0.7500,False
squeeze_base,ge4_seal02_tn5+eqH,hold_3d,17,10,0.5882,4,1,0.2500,13,9,0.6923,False
squeeze_base,ge4_seal02_tn5+eqHm1,maxc3,9,8,0.8889,9,8,0.8889,0,0,,False
squeeze_base,ge4_seal02_tn5+eqHm1,hold_close,9,8,0.8889,9,8,0.8889,0,0,,False
squeeze_base,ge4_seal02_tn5+eqHm1,hold_flat,9,8,0.8889,9,8,0.8889,0,0,,False
squeeze_base,ge4_seal02_tn5+eqHm1,hold_touch3,9,5,0.5556,9,5,0.5556,0,0,,False
squeeze_base,ge4_seal02_tn5+eqHm1,open_up,8,3,0.3750,8,3,0.3750,0,0,,False
squeeze_base,ge4_seal02_tn5+eqHm1,open_flat,8,3,0.3750,8,3,0.3750,0,0,,False
squeeze_base,ge4_seal02_tn5+eqHm1,touch3,8,4,0.5000,8,4,0.5000,0,0,,False
squeeze_base,ge4_seal02_tn5+eqHm1,hold_3d,8,3,0.3750,8,3,0.3750,0,0,,False
squeeze_base,ge4_seal02_tn5+belowH,maxc3,28,24,0.8571,24,21,0.8750,4,3,0.7500,False
squeeze_base,ge4_seal02_tn5+belowH,hold_close,28,24,0.8571,24,21,0.8750,4,3,0.7500,False
squeeze_base,ge4_seal02_tn5+belowH,hold_flat,28,24,0.8571,24,21,0.8750,4,3,0.7500,False
squeeze_base,ge4_seal02_tn5+belowH,hold_touch3,28,22,0.7857,24,19,0.7917,4,3,0.7500,False
squeeze_base,ge4_seal02_tn5+belowH,open_up,25,8,0.3200,22,7,0.3182,3,1,0.3333,False
squeeze_base,ge4_seal02_tn5+belowH,open_flat,25,18,0.7200,22,15,0.6818,3,3,1.0000,False
squeeze_base,ge4_seal02_tn5+belowH,touch3,25,19,0.7600,22,17,0.7727,3,2,0.6667,False
squeeze_base,ge4_seal02_tn5+belowH,hold_3d,27,18,0.6667,23,15,0.6522,4,3,0.7500,False
squeeze_base,ge4_seal02_tn5+ge5,maxc3,22,18,0.8182,13,10,0.7692,9,8,0.8889,False
squeeze_base,ge4_seal02_tn5+ge5,hold_close,22,17,0.7727,13,10,0.7692,9,7,0.7778,False
squeeze_base,ge4_seal02_tn5+ge5,hold_flat,22,17,0.7727,13,10,0.7692,9,7,0.7778,False
squeeze_base,ge4_seal02_tn5+ge5,hold_touch3,22,18,0.8182,13,11,0.8462,9,7,0.7778,False
squeeze_base,ge4_seal02_tn5+ge5,open_up,20,8,0.4000,12,3,0.2500,8,5,0.6250,False
squeeze_base,ge4_seal02_tn5+ge5,open_flat,20,13,0.6500,12,7,0.5833,8,6,0.7500,False
squeeze_base,ge4_seal02_tn5+ge5,touch3,20,16,0.8000,12,10,0.8333,8,6,0.7500,False
squeeze_base,ge4_seal02_tn5+ge5,hold_3d,21,15,0.7143,13,9,0.6923,8,6,0.7500,False
squeeze_base,ge4_seal02_tn5+eq4,maxc3,24,20,0.8333,15,13,0.8667,9,7,0.7778,False
squeeze_base,ge4_seal02_tn5+eq4,hold_close,24,19,0.7917,15,13,0.8667,9,6,0.6667,False
squeeze_base,ge4_seal02_tn5+eq4,hold_flat,24,19,0.7917,15,13,0.8667,9,6,0.6667,False
squeeze_base,ge4_seal02_tn5+eq4,hold_touch3,24,18,0.7500,15,11,0.7333,9,7,0.7778,False
squeeze_base,ge4_seal02_tn5+eq4,open_up,21,7,0.3333,14,5,0.3571,7,2,0.2857,False
squeeze_base,ge4_seal02_tn5+eq4,open_flat,21,14,0.6667,14,9,0.6429,7,5,0.7143,False
squeeze_base,ge4_seal02_tn5+eq4,touch3,21,15,0.7143,14,10,0.7143,7,5,0.7143,False
squeeze_base,ge4_seal02_tn5+eq4,hold_3d,23,13,0.5652,14,7,0.5000,9,6,0.6667,False
squeeze_base,ge4_seal02_tn5+amt_mid,maxc3,9,6,0.6667,3,1,0.3333,6,5,0.8333,False
squeeze_base,ge4_seal02_tn5+amt_mid,hold_close,9,6,0.6667,3,1,0.3333,6,5,0.8333,False
squeeze_base,ge4_seal02_tn5+amt_mid,hold_flat,9,6,0.6667,3,1,0.3333,6,5,0.8333,False
squeeze_base,ge4_seal02_tn5+amt_mid,hold_touch3,9,7,0.7778,3,2,0.6667,6,5,0.8333,False
squeeze_base,ge4_seal02_tn5+amt_mid,open_up,7,2,0.2857,3,0,0.0000,4,2,0.5000,False
squeeze_base,ge4_seal02_tn5+amt_mid,open_flat,7,5,0.7143,3,1,0.3333,4,4,1.0000,False
squeeze_base,ge4_seal02_tn5+amt_mid,touch3,7,5,0.7143,3,2,0.6667,4,3,0.7500,False
squeeze_base,ge4_seal02_tn5+amt_mid,hold_3d,9,5,0.5556,3,1,0.3333,6,4,0.6667,False
squeeze_base,ge4_seal02_tn5+turn_mid,maxc3,34,30,0.8824,20,18,0.9000,14,12,0.8571,False
squeeze_base,ge4_seal02_tn5+turn_mid,hold_close,34,29,0.8529,20,18,0.9000,14,11,0.7857,False
squeeze_base,ge4_seal02_tn5+turn_mid,hold_flat,34,29,0.8529,20,18,0.9000,14,11,0.7857,False
squeeze_base,ge4_seal02_tn5+turn_mid,hold_touch3,34,26,0.7647,20,15,0.7500,14,11,0.7857,False
squeeze_base,ge4_seal02_tn5+turn_mid,open_up,29,11,0.3793,18,6,0.3333,11,5,0.4545,False
squeeze_base,ge4_seal02_tn5+turn_mid,open_flat,29,20,0.6897,18,11,0.6111,11,9,0.8182,False
squeeze_base,ge4_seal02_tn5+turn_mid,touch3,29,21,0.7241,18,13,0.7222,11,8,0.7273,False
squeeze_base,ge4_seal02_tn5+turn_mid,hold_3d,32,21,0.6562,19,12,0.6316,13,9,0.6923,False
squeeze_base,ge4_seal02_tn5+circ_mid,maxc3,37,32,0.8649,23,20,0.8696,14,12,0.8571,False
squeeze_base,ge4_seal02_tn5+circ_mid,hold_close,37,30,0.8108,23,20,0.8696,14,10,0.7143,False
squeeze_base,ge4_seal02_tn5+circ_mid,hold_flat,37,30,0.8108,23,20,0.8696,14,10,0.7143,False
squeeze_base,ge4_seal02_tn5+circ_mid,hold_touch3,37,31,0.8378,23,20,0.8696,14,11,0.7857,False
squeeze_base,ge4_seal02_tn5+circ_mid,open_up,33,12,0.3636,21,6,0.2857,12,6,0.5000,False
squeeze_base,ge4_seal02_tn5+circ_mid,open_flat,33,22,0.6667,21,14,0.6667,12,8,0.6667,False
squeeze_base,ge4_seal02_tn5+circ_mid,touch3,33,27,0.8182,21,18,0.8571,12,9,0.7500,False
squeeze_base,ge4_seal02_tn5+circ_mid,hold_3d,36,26,0.7222,23,16,0.6957,13,10,0.7692,False
squeeze_base,ge4_seal02_tn5+huanshou,maxc3,29,23,0.7931,18,14,0.7778,11,9,0.8182,False
squeeze_base,ge4_seal02_tn5+huanshou,hold_close,29,21,0.7241,18,14,0.7778,11,7,0.6364,False
squeeze_base,ge4_seal02_tn5+huanshou,hold_flat,29,21,0.7241,18,14,0.7778,11,7,0.6364,False
squeeze_base,ge4_seal02_tn5+huanshou,hold_touch3,29,22,0.7586,18,14,0.7778,11,8,0.7273,False
squeeze_base,ge4_seal02_tn5+huanshou,open_up,27,8,0.2963,17,5,0.2941,10,3,0.3000,False
squeeze_base,ge4_seal02_tn5+huanshou,open_flat,27,15,0.5556,17,9,0.5294,10,6,0.6000,False
squeeze_base,ge4_seal02_tn5+huanshou,touch3,27,20,0.7407,17,13,0.7647,10,7,0.7000,False
squeeze_base,ge4_seal02_tn5+huanshou,hold_3d,28,17,0.6071,17,9,0.5294,11,8,0.7273,False
squeeze_base,ge4_seal02_tn5+intact_unopened,maxc3,18,15,0.8333,12,10,0.8333,6,5,0.8333,False
squeeze_base,ge4_seal02_tn5+intact_unopened,hold_close,18,14,0.7778,12,10,0.8333,6,4,0.6667,False
squeeze_base,ge4_seal02_tn5+intact_unopened,hold_flat,18,14,0.7778,12,10,0.8333,6,4,0.6667,False
squeeze_base,ge4_seal02_tn5+intact_unopened,hold_touch3,18,14,0.7778,12,10,0.8333,6,4,0.6667,False
squeeze_base,ge4_seal02_tn5+intact_unopened,open_up,17,5,0.2941,11,3,0.2727,6,2,0.3333,False
squeeze_base,ge4_seal02_tn5+intact_unopened,open_flat,17,12,0.7059,11,7,0.6364,6,5,0.8333,False
squeeze_base,ge4_seal02_tn5+intact_unopened,touch3,17,13,0.7647,11,9,0.8182,6,4,0.6667,False
squeeze_base,ge4_seal02_tn5+intact_unopened,hold_3d,18,13,0.7222,12,8,0.6667,6,5,0.8333,False
squeeze_base,ge4_seal02_tn5+intact_tn8,maxc3,19,14,0.7368,12,9,0.7500,7,5,0.7143,False
squeeze_base,ge4_seal02_tn5+intact_tn8,hold_close,19,14,0.7368,12,9,0.7500,7,5,0.7143,False
squeeze_base,ge4_seal02_tn5+intact_tn8,hold_flat,19,14,0.7368,12,9,0.7500,7,5,0.7143,False
squeeze_base,ge4_seal02_tn5+intact_tn8,hold_touch3,19,14,0.7368,12,8,0.6667,7,6,0.8571,False
squeeze_base,ge4_seal02_tn5+intact_tn8,open_up,17,6,0.3529,11,3,0.2727,6,3,0.5000,False
squeeze_base,ge4_seal02_tn5+intact_tn8,open_flat,17,12,0.7059,11,7,0.6364,6,5,0.8333,False
squeeze_base,ge4_seal02_tn5+intact_tn8,touch3,17,12,0.7059,11,7,0.6364,6,5,0.8333,False
squeeze_base,ge4_seal02_tn5+intact_tn8,hold_3d,18,11,0.6111,12,7,0.5833,6,4,0.6667,False
squeeze_base,ge4_seal02_tn5+unopened_tn8,maxc3,18,15,0.8333,12,11,0.9167,6,4,0.6667,False
squeeze_base,ge4_seal02_tn5+unopened_tn8,hold_close,18,15,0.8333,12,11,0.9167,6,4,0.6667,False
squeeze_base,ge4_seal02_tn5+unopened_tn8,hold_flat,18,15,0.8333,12,11,0.9167,6,4,0.6667,False
squeeze_base,ge4_seal02_tn5+unopened_tn8,hold_touch3,18,14,0.7778,12,9,0.7500,6,5,0.8333,False
squeeze_base,ge4_seal02_tn5+unopened_tn8,open_up,16,7,0.4375,11,5,0.4545,5,2,0.4000,False
squeeze_base,ge4_seal02_tn5+unopened_tn8,open_flat,16,12,0.7500,11,8,0.7273,5,4,0.8000,False
squeeze_base,ge4_seal02_tn5+unopened_tn8,touch3,16,12,0.7500,11,8,0.7273,5,4,0.8000,False
squeeze_base,ge4_seal02_tn5+unopened_tn8,hold_3d,17,13,0.7647,11,9,0.8182,6,4,0.6667,False
squeeze_base,ge4_seal02_tn5+unopened_seal03,maxc3,10,8,0.8000,5,4,0.8000,5,4,0.8000,False
squeeze_base,ge4_seal02_tn5+unopened_seal03,hold_close,10,7,0.7000,5,4,0.8000,5,3,0.6000,False
squeeze_base,ge4_seal02_tn5+unopened_seal03,hold_flat,10,7,0.7000,5,4,0.8000,5,3,0.6000,False
squeeze_base,ge4_seal02_tn5+unopened_seal03,hold_touch3,10,7,0.7000,5,4,0.8000,5,3,0.6000,False
squeeze_base,ge4_seal02_tn5+unopened_seal03,open_up,9,3,0.3333,4,2,0.5000,5,1,0.2000,False
squeeze_base,ge4_seal02_tn5+unopened_seal03,open_flat,9,7,0.7778,4,3,0.7500,5,4,0.8000,False
squeeze_base,ge4_seal02_tn5+unopened_seal03,touch3,9,6,0.6667,4,3,0.7500,5,3,0.6000,False
squeeze_base,ge4_seal02_tn5+unopened_seal03,hold_3d,10,8,0.8000,5,4,0.8000,5,4,0.8000,False
squeeze_base,ge4_seal02_tn5+intact_seal03,maxc3,12,9,0.7500,5,3,0.6000,7,6,0.8571,False
squeeze_base,ge4_seal02_tn5+intact_seal03,hold_close,12,8,0.6667,5,3,0.6000,7,5,0.7143,False
squeeze_base,ge4_seal02_tn5+intact_seal03,hold_flat,12,8,0.6667,5,3,0.6000,7,5,0.7143,False
squeeze_base,ge4_seal02_tn5+intact_seal03,hold_touch3,12,8,0.6667,5,3,0.6000,7,5,0.7143,False
squeeze_base,ge4_seal02_tn5+intact_seal03,open_up,10,3,0.3000,4,1,0.2500,6,2,0.3333,False
squeeze_base,ge4_seal02_tn5+intact_seal03,open_flat,10,7,0.7000,4,2,0.5000,6,5,0.8333,False
squeeze_base,ge4_seal02_tn5+intact_seal03,touch3,10,6,0.6000,4,2,0.5000,6,4,0.6667,False
squeeze_base,ge4_seal02_tn5+intact_seal03,hold_3d,11,8,0.7273,5,3,0.6000,6,5,0.8333,False
squeeze_base,ge4_seal02_tn5+stock_unbroken_unopened,maxc3,23,19,0.8261,15,13,0.8667,8,6,0.7500,False
squeeze_base,ge4_seal02_tn5+stock_unbroken_unopened,hold_close,23,18,0.7826,15,13,0.8667,8,5,0.6250,False
squeeze_base,ge4_seal02_tn5+stock_unbroken_unopened,hold_flat,23,18,0.7826,15,13,0.8667,8,5,0.6250,False
squeeze_base,ge4_seal02_tn5+stock_unbroken_unopened,hold_touch3,23,18,0.7826,15,12,0.8000,8,6,0.7500,False
squeeze_base,ge4_seal02_tn5+stock_unbroken_unopened,open_up,21,8,0.3810,14,6,0.4286,7,2,0.2857,False
squeeze_base,ge4_seal02_tn5+stock_unbroken_unopened,open_flat,21,15,0.7143,14,10,0.7143,7,5,0.7143,False
squeeze_base,ge4_seal02_tn5+stock_unbroken_unopened,touch3,21,16,0.7619,14,11,0.7857,7,5,0.7143,False
squeeze_base,ge4_seal02_tn5+stock_unbroken_unopened,hold_3d,22,17,0.7727,14,11,0.7857,8,6,0.7500,False
squeeze_base,ge4_seal02_tn5+stock_unbroken_tn8,maxc3,32,26,0.8125,21,18,0.8571,11,8,0.7273,False
squeeze_base,ge4_seal02_tn5+stock_unbroken_tn8,hold_close,32,26,0.8125,21,18,0.8571,11,8,0.7273,False
squeeze_base,ge4_seal02_tn5+stock_unbroken_tn8,hold_flat,32,26,0.8125,21,18,0.8571,11,8,0.7273,False
squeeze_base,ge4_seal02_tn5+stock_unbroken_tn8,hold_touch3,32,24,0.7500,21,15,0.7143,11,9,0.8182,False
squeeze_base,ge4_seal02_tn5+stock_unbroken_tn8,open_up,27,10,0.3704,19,7,0.3684,8,3,0.3750,False
squeeze_base,ge4_seal02_tn5+stock_unbroken_tn8,open_flat,27,19,0.7037,19,13,0.6842,8,6,0.7500,False
squeeze_base,ge4_seal02_tn5+stock_unbroken_tn8,touch3,27,19,0.7037,19,13,0.6842,8,6,0.7500,False
squeeze_base,ge4_seal02_tn5+stock_unbroken_tn8,hold_3d,30,19,0.6333,20,13,0.6500,10,6,0.6000,False
squeeze_base,ge4_seal02_tn5+early_unopened,maxc3,23,19,0.8261,15,13,0.8667,8,6,0.7500,False
squeeze_base,ge4_seal02_tn5+early_unopened,hold_close,23,18,0.7826,15,13,0.8667,8,5,0.6250,False
squeeze_base,ge4_seal02_tn5+early_unopened,hold_flat,23,18,0.7826,15,13,0.8667,8,5,0.6250,False
squeeze_base,ge4_seal02_tn5+early_unopened,hold_touch3,23,18,0.7826,15,12,0.8000,8,6,0.7500,False
squeeze_base,ge4_seal02_tn5+early_unopened,open_up,21,8,0.3810,14,6,0.4286,7,2,0.2857,False
squeeze_base,ge4_seal02_tn5+early_unopened,open_flat,21,14,0.6667,14,9,0.6429,7,5,0.7143,False
squeeze_base,ge4_seal02_tn5+early_unopened,touch3,21,16,0.7619,14,11,0.7857,7,5,0.7143,False
squeeze_base,ge4_seal02_tn5+early_unopened,hold_3d,22,16,0.7273,14,10,0.7143,8,6,0.7500,False
squeeze_base,ge4_seal02_tn5+ge4_tn8_unopened,maxc3,18,15,0.8333,12,11,0.9167,6,4,0.6667,False
squeeze_base,ge4_seal02_tn5+ge4_tn8_unopened,hold_close,18,15,0.8333,12,11,0.9167,6,4,0.6667,False
squeeze_base,ge4_seal02_tn5+ge4_tn8_unopened,hold_flat,18,15,0.8333,12,11,0.9167,6,4,0.6667,False
squeeze_base,ge4_seal02_tn5+ge4_tn8_unopened,hold_touch3,18,14,0.7778,12,9,0.7500,6,5,0.8333,False
squeeze_base,ge4_seal02_tn5+ge4_tn8_unopened,open_up,16,7,0.4375,11,5,0.4545,5,2,0.4000,False
squeeze_base,ge4_seal02_tn5+ge4_tn8_unopened,open_flat,16,12,0.7500,11,8,0.7273,5,4,0.8000,False
squeeze_base,ge4_seal02_tn5+ge4_tn8_unopened,touch3,16,12,0.7500,11,8,0.7273,5,4,0.8000,False
squeeze_base,ge4_seal02_tn5+ge4_tn8_unopened,hold_3d,17,13,0.7647,11,9,0.8182,6,4,0.6667,False
alt_base,ge4_seal02_tn5,maxc3,46,38,0.8261,28,23,0.8214,18,15,0.8333,False
alt_base,ge4_seal02_tn5,hold_close,46,36,0.7826,28,23,0.8214,18,13,0.7222,False
alt_base,ge4_seal02_tn5,hold_flat,46,36,0.7826,28,23,0.8214,18,13,0.7222,False
alt_base,ge4_seal02_tn5,hold_touch3,46,36,0.7826,28,22,0.7857,18,14,0.7778,False
alt_base,ge4_seal02_tn5,open_up,41,15,0.3659,26,8,0.3077,15,7,0.4667,False
alt_base,ge4_seal02_tn5,open_flat,41,27,0.6585,26,16,0.6154,15,11,0.7333,False
alt_base,ge4_seal02_tn5,touch3,41,31,0.7561,26,20,0.7692,15,11,0.7333,False
alt_base,ge4_seal02_tn5,hold_3d,44,28,0.6364,27,16,0.5926,17,12,0.7059,False
alt_base,ge3_seal02_tn8,maxc3,49,41,0.8367,25,21,0.8400,24,20,0.8333,False
alt_base,ge3_seal02_tn8,hold_close,49,39,0.7959,25,21,0.8400,24,18,0.7500,False
alt_base,ge3_seal02_tn8,hold_flat,49,39,0.7959,25,21,0.8400,24,18,0.7500,False
alt_base,ge3_seal02_tn8,hold_touch3,49,38,0.7755,25,18,0.7200,24,20,0.8333,False
alt_base,ge3_seal02_tn8,open_up,42,14,0.3333,22,7,0.3182,20,7,0.3500,False
alt_base,ge3_seal02_tn8,open_flat,42,25,0.5952,22,14,0.6364,20,11,0.5500,False
alt_base,ge3_seal02_tn8,touch3,42,31,0.7381,22,15,0.6818,20,16,0.8000,False
alt_base,ge3_seal02_tn8,hold_3d,47,29,0.6170,24,16,0.6667,23,13,0.5652,False
alt_plus,ge3_seal02_tn8+intact,maxc3,29,24,0.8276,14,11,0.7857,15,13,0.8667,False
alt_plus,ge3_seal02_tn8+intact,hold_close,29,22,0.7586,14,11,0.7857,15,11,0.7333,False
alt_plus,ge3_seal02_tn8+intact,hold_flat,29,22,0.7586,14,11,0.7857,15,11,0.7333,False
alt_plus,ge3_seal02_tn8+intact,hold_touch3,29,23,0.7931,14,10,0.7143,15,13,0.8667,False
alt_plus,ge3_seal02_tn8+intact,open_up,27,9,0.3333,13,3,0.2308,14,6,0.4286,False
alt_plus,ge3_seal02_tn8+intact,open_flat,27,17,0.6296,13,8,0.6154,14,9,0.6429,False
alt_plus,ge3_seal02_tn8+intact,touch3,27,21,0.7778,13,9,0.6923,14,12,0.8571,False
alt_plus,ge3_seal02_tn8+intact,hold_3d,28,17,0.6071,14,9,0.6429,14,8,0.5714,False
alt_plus,ge3_seal02_tn8+absent,maxc3,20,17,0.8500,11,10,0.9091,9,7,0.7778,False
alt_plus,ge3_seal02_tn8+absent,hold_close,20,17,0.8500,11,10,0.9091,9,7,0.7778,False
alt_plus,ge3_seal02_tn8+absent,hold_flat,20,17,0.8500,11,10,0.9091,9,7,0.7778,False
alt_plus,ge3_seal02_tn8+absent,hold_touch3,20,15,0.7500,11,8,0.7273,9,7,0.7778,False
alt_plus,ge3_seal02_tn8+absent,open_up,15,5,0.3333,9,4,0.4444,6,1,0.1667,False
alt_plus,ge3_seal02_tn8+absent,open_flat,15,8,0.5333,9,6,0.6667,6,2,0.3333,False
alt_plus,ge3_seal02_tn8+absent,touch3,15,10,0.6667,9,6,0.6667,6,4,0.6667,False
alt_plus,ge3_seal02_tn8+absent,hold_3d,19,12,0.6316,10,7,0.7000,9,5,0.5556,False
alt_plus,ge3_seal02_tn8+drop,maxc3,18,16,0.8889,11,10,0.9091,7,6,0.8571,False
alt_plus,ge3_seal02_tn8+drop,hold_close,18,16,0.8889,11,10,0.9091,7,6,0.8571,False
alt_plus,ge3_seal02_tn8+drop,hold_flat,18,16,0.8889,11,10,0.9091,7,6,0.8571,False
alt_plus,ge3_seal02_tn8+drop,hold_touch3,18,13,0.7222,11,8,0.7273,7,5,0.7143,False
alt_plus,ge3_seal02_tn8+drop,open_up,14,5,0.3571,9,4,0.4444,5,1,0.2000,False
alt_plus,ge3_seal02_tn8+drop,open_flat,14,8,0.5714,9,6,0.6667,5,2,0.4000,False
alt_plus,ge3_seal02_tn8+drop,touch3,14,9,0.6429,9,6,0.6667,5,3,0.6000,False
alt_plus,ge3_seal02_tn8+drop,hold_3d,17,11,0.6471,10,7,0.7000,7,4,0.5714,False
alt_plus,ge3_seal02_tn8+not_drop,maxc3,31,25,0.8065,14,11,0.7857,17,14,0.8235,False
alt_plus,ge3_seal02_tn8+not_drop,hold_close,31,23,0.7419,14,11,0.7857,17,12,0.7059,False
alt_plus,ge3_seal02_tn8+not_drop,hold_flat,31,23,0.7419,14,11,0.7857,17,12,0.7059,False
alt_plus,ge3_seal02_tn8+not_drop,hold_touch3,31,25,0.8065,14,10,0.7143,17,15,0.8824,False
alt_plus,ge3_seal02_tn8+not_drop,open_up,28,9,0.3214,13,3,0.2308,15,6,0.4000,False
alt_plus,ge3_seal02_tn8+not_drop,open_flat,28,17,0.6071,13,8,0.6154,15,9,0.6000,False
alt_plus,ge3_seal02_tn8+not_drop,touch3,28,22,0.7857,13,9,0.6923,15,13,0.8667,False
alt_plus,ge3_seal02_tn8+not_drop,hold_3d,30,18,0.6000,14,9,0.6429,16,9,0.5625,False
alt_plus,ge3_seal02_tn8+same_break,maxc3,4,3,0.7500,1,1,1.0000,3,2,0.6667,False
alt_plus,ge3_seal02_tn8+same_break,hold_close,4,2,0.5000,1,1,1.0000,3,1,0.3333,False
alt_plus,ge3_seal02_tn8+same_break,hold_flat,4,2,0.5000,1,1,1.0000,3,1,0.3333,False
alt_plus,ge3_seal02_tn8+same_break,hold_touch3,4,4,1.0000,1,1,1.0000,3,3,1.0000,False
alt_plus,ge3_seal02_tn8+same_break,open_up,3,1,0.3333,1,1,1.0000,2,0,0.0000,False
alt_plus,ge3_seal02_tn8+same_break,open_flat,3,1,0.3333,1,1,1.0000,2,0,0.0000,False
alt_plus,ge3_seal02_tn8+same_break,touch3,3,3,1.0000,1,1,1.0000,2,2,1.0000,False
alt_plus,ge3_seal02_tn8+same_break,hold_3d,4,3,0.7500,1,1,1.0000,3,2,0.6667,False
alt_plus,ge3_seal02_tn8+not_same,maxc3,45,38,0.8444,24,20,0.8333,21,18,0.8571,False
alt_plus,ge3_seal02_tn8+not_same,hold_close,45,37,0.8222,24,20,0.8333,21,17,0.8095,False
alt_plus,ge3_seal02_tn8+not_same,hold_flat,45,37,0.8222,24,20,0.8333,21,17,0.8095,False
alt_plus,ge3_seal02_tn8+not_same,hold_touch3,45,34,0.7556,24,17,0.7083,21,17,0.8095,False
alt_plus,ge3_seal02_tn8+not_same,open_up,39,13,0.3333,21,6,0.2857,18,7,0.3889,False
alt_plus,ge3_seal02_tn8+not_same,open_flat,39,24,0.6154,21,13,0.6190,18,11,0.6111,False
alt_plus,ge3_seal02_tn8+not_same,touch3,39,28,0.7179,21,14,0.6667,18,14,0.7778,False
alt_plus,ge3_seal02_tn8+not_same,hold_3d,43,26,0.6047,23,15,0.6522,20,11,0.5500,False
alt_plus,ge3_seal02_tn8+seal03,maxc3,15,11,0.7333,7,4,0.5714,8,7,0.8750,False
alt_plus,ge3_seal02_tn8+seal03,hold_close,15,10,0.6667,7,4,0.5714,8,6,0.7500,False
alt_plus,ge3_seal02_tn8+seal03,hold_flat,15,10,0.6667,7,4,0.5714,8,6,0.7500,False
alt_plus,ge3_seal02_tn8+seal03,hold_touch3,15,11,0.7333,7,4,0.5714,8,7,0.8750,False
alt_plus,ge3_seal02_tn8+seal03,open_up,12,5,0.4167,6,3,0.5000,6,2,0.3333,False
alt_plus,ge3_seal02_tn8+seal03,open_flat,12,8,0.6667,6,3,0.5000,6,5,0.8333,False
alt_plus,ge3_seal02_tn8+seal03,touch3,12,8,0.6667,6,3,0.5000,6,5,0.8333,False
alt_plus,ge3_seal02_tn8+seal03,hold_3d,14,10,0.7143,7,4,0.5714,7,6,0.8571,False
alt_plus,ge3_seal02_tn8+seal05,maxc3,8,4,0.5000,5,2,0.4000,3,2,0.6667,False
alt_plus,ge3_seal02_tn8+seal05,hold_close,8,4,0.5000,5,2,0.4000,3,2,0.6667,False
alt_plus,ge3_seal02_tn8+seal05,hold_flat,8,4,0.5000,5,2,0.4000,3,2,0.6667,False
alt_plus,ge3_seal02_tn8+seal05,hold_touch3,8,4,0.5000,5,2,0.4000,3,2,0.6667,False
alt_plus,ge3_seal02_tn8+seal05,open_up,8,3,0.3750,5,2,0.4000,3,1,0.3333,False
alt_plus,ge3_seal02_tn8+seal05,open_flat,8,5,0.6250,5,2,0.4000,3,3,1.0000,False
alt_plus,ge3_seal02_tn8+seal05,touch3,8,4,0.5000,5,2,0.4000,3,2,0.6667,False
alt_plus,ge3_seal02_tn8+seal05,hold_3d,7,3,0.4286,5,2,0.4000,2,1,0.5000,False
alt_plus,ge3_seal02_tn8+seal08,maxc3,2,0,0.0000,2,0,0.0000,0,0,,False
alt_plus,ge3_seal02_tn8+seal08,hold_close,2,0,0.0000,2,0,0.0000,0,0,,False
alt_plus,ge3_seal02_tn8+seal08,hold_flat,2,0,0.0000,2,0,0.0000,0,0,,False
alt_plus,ge3_seal02_tn8+seal08,hold_touch3,2,0,0.0000,2,0,0.0000,0,0,,False
alt_plus,ge3_seal02_tn8+seal08,open_up,2,0,0.0000,2,0,0.0000,0,0,,False
alt_plus,ge3_seal02_tn8+seal08,open_flat,2,0,0.0000,2,0,0.0000,0,0,,False
alt_plus,ge3_seal02_tn8+seal08,touch3,2,0,0.0000,2,0,0.0000,0,0,,False
alt_plus,ge3_seal02_tn8+seal08,hold_3d,2,0,0.0000,2,0,0.0000,0,0,,False
alt_plus,ge3_seal02_tn8+tn6,maxc3,49,41,0.8367,25,21,0.8400,24,20,0.8333,False
alt_plus,ge3_seal02_tn8+tn6,hold_close,49,39,0.7959,25,21,0.8400,24,18,0.7500,False
alt_plus,ge3_seal02_tn8+tn6,hold_flat,49,39,0.7959,25,21,0.8400,24,18,0.7500,False
alt_plus,ge3_seal02_tn8+tn6,hold_touch3,49,38,0.7755,25,18,0.7200,24,20,0.8333,False
alt_plus,ge3_seal02_tn8+tn6,open_up,42,14,0.3333,22,7,0.3182,20,7,0.3500,False
alt_plus,ge3_seal02_tn8+tn6,open_flat,42,25,0.5952,22,14,0.6364,20,11,0.5500,False
alt_plus,ge3_seal02_tn8+tn6,touch3,42,31,0.7381,22,15,0.6818,20,16,0.8000,False
alt_plus,ge3_seal02_tn8+tn6,hold_3d,47,29,0.6170,24,16,0.6667,23,13,0.5652,False
alt_plus,ge3_seal02_tn8+tn8,maxc3,49,41,0.8367,25,21,0.8400,24,20,0.8333,False
alt_plus,ge3_seal02_tn8+tn8,hold_close,49,39,0.7959,25,21,0.8400,24,18,0.7500,False
alt_plus,ge3_seal02_tn8+tn8,hold_flat,49,39,0.7959,25,21,0.8400,24,18,0.7500,False
alt_plus,ge3_seal02_tn8+tn8,hold_touch3,49,38,0.7755,25,18,0.7200,24,20,0.8333,False
alt_plus,ge3_seal02_tn8+tn8,open_up,42,14,0.3333,22,7,0.3182,20,7,0.3500,False
alt_plus,ge3_seal02_tn8+tn8,open_flat,42,25,0.5952,22,14,0.6364,20,11,0.5500,False
alt_plus,ge3_seal02_tn8+tn8,touch3,42,31,0.7381,22,15,0.6818,20,16,0.8000,False
alt_plus,ge3_seal02_tn8+tn8,hold_3d,47,29,0.6170,24,16,0.6667,23,13,0.5652,False
alt_plus,ge3_seal02_tn8+tn10,maxc3,37,32,0.8649,19,16,0.8421,18,16,0.8889,False
alt_plus,ge3_seal02_tn8+tn10,hold_close,37,30,0.8108,19,16,0.8421,18,14,0.7778,False
alt_plus,ge3_seal02_tn8+tn10,hold_flat,37,30,0.8108,19,16,0.8421,18,14,0.7778,False
alt_plus,ge3_seal02_tn8+tn10,hold_touch3,37,27,0.7297,19,13,0.6842,18,14,0.7778,False
alt_plus,ge3_seal02_tn8+tn10,open_up,31,9,0.2903,16,5,0.3125,15,4,0.2667,False
alt_plus,ge3_seal02_tn8+tn10,open_flat,31,18,0.5806,16,10,0.6250,15,8,0.5333,False
alt_plus,ge3_seal02_tn8+tn10,touch3,31,21,0.6774,16,10,0.6250,15,11,0.7333,False
alt_plus,ge3_seal02_tn8+tn10,hold_3d,36,21,0.5833,18,11,0.6111,18,10,0.5556,False
alt_plus,ge3_seal02_tn8+unopened,maxc3,27,24,0.8889,13,12,0.9231,14,12,0.8571,False
alt_plus,ge3_seal02_tn8+unopened,hold_close,27,22,0.8148,13,12,0.9231,14,10,0.7143,False
alt_plus,ge3_seal02_tn8+unopened,hold_flat,27,22,0.8148,13,12,0.9231,14,10,0.7143,False
alt_plus,ge3_seal02_tn8+unopened,hold_touch3,27,22,0.8148,13,10,0.7692,14,12,0.8571,False
alt_plus,ge3_seal02_tn8+unopened,open_up,24,8,0.3333,12,5,0.4167,12,3,0.2500,False
alt_plus,ge3_seal02_tn8+unopened,open_flat,24,13,0.5417,12,8,0.6667,12,5,0.4167,False
alt_plus,ge3_seal02_tn8+unopened,touch3,24,19,0.7917,12,9,0.7500,12,10,0.8333,False
alt_plus,ge3_seal02_tn8+unopened,hold_3d,26,18,0.6923,12,10,0.8333,14,8,0.5714,False
alt_plus,ge3_seal02_tn8+opened,maxc3,22,17,0.7727,12,9,0.7500,10,8,0.8000,False
alt_plus,ge3_seal02_tn8+opened,hold_close,22,17,0.7727,12,9,0.7500,10,8,0.8000,False
alt_plus,ge3_seal02_tn8+opened,hold_flat,22,17,0.7727,12,9,0.7500,10,8,0.8000,False
alt_plus,ge3_seal02_tn8+opened,hold_touch3,22,16,0.7273,12,8,0.6667,10,8,0.8000,False
alt_plus,ge3_seal02_tn8+opened,open_up,18,6,0.3333,10,2,0.2000,8,4,0.5000,False
alt_plus,ge3_seal02_tn8+opened,open_flat,18,12,0.6667,10,6,0.6000,8,6,0.7500,False
alt_plus,ge3_seal02_tn8+opened,touch3,18,12,0.6667,10,6,0.6000,8,6,0.7500,False
alt_plus,ge3_seal02_tn8+opened,hold_3d,21,11,0.5238,12,6,0.5000,9,5,0.5556,False
alt_plus,ge3_seal02_tn8+early,maxc3,46,39,0.8478,23,20,0.8696,23,19,0.8261,False
alt_plus,ge3_seal02_tn8+early,hold_close,46,37,0.8043,23,20,0.8696,23,17,0.7391,False
alt_plus,ge3_seal02_tn8+early,hold_flat,46,37,0.8043,23,20,0.8696,23,17,0.7391,False
alt_plus,ge3_seal02_tn8+early,hold_touch3,46,36,0.7826,23,17,0.7391,23,19,0.8261,False
alt_plus,ge3_seal02_tn8+early,open_up,39,14,0.3590,20,7,0.3500,19,7,0.3684,False
alt_plus,ge3_seal02_tn8+early,open_flat,39,24,0.6154,20,13,0.6500,19,11,0.5789,False
alt_plus,ge3_seal02_tn8+early,touch3,39,29,0.7436,20,14,0.7000,19,15,0.7895,False
alt_plus,ge3_seal02_tn8+early,hold_3d,44,28,0.6364,22,15,0.6818,22,13,0.5909,False
alt_plus,ge3_seal02_tn8+not_early,maxc3,3,2,0.6667,2,1,0.5000,1,1,1.0000,False
alt_plus,ge3_seal02_tn8+not_early,hold_close,3,2,0.6667,2,1,0.5000,1,1,1.0000,False
alt_plus,ge3_seal02_tn8+not_early,hold_flat,3,2,0.6667,2,1,0.5000,1,1,1.0000,False
alt_plus,ge3_seal02_tn8+not_early,hold_touch3,3,2,0.6667,2,1,0.5000,1,1,1.0000,False
alt_plus,ge3_seal02_tn8+not_early,open_up,3,0,0.0000,2,0,0.0000,1,0,0.0000,False
alt_plus,ge3_seal02_tn8+not_early,open_flat,3,1,0.3333,2,1,0.5000,1,0,0.0000,False
alt_plus,ge3_seal02_tn8+not_early,touch3,3,2,0.6667,2,1,0.5000,1,1,1.0000,False
alt_plus,ge3_seal02_tn8+not_early,hold_3d,3,1,0.3333,2,1,0.5000,1,0,0.0000,False
alt_plus,ge3_seal02_tn8+suc8,maxc3,23,19,0.8261,15,12,0.8000,8,7,0.8750,False
alt_plus,ge3_seal02_tn8+suc8,hold_close,23,19,0.8261,15,12,0.8000,8,7,0.8750,False
alt_plus,ge3_seal02_tn8+suc8,hold_flat,23,19,0.8261,15,12,0.8000,8,7,0.8750,False
alt_plus,ge3_seal02_tn8+suc8,hold_touch3,23,18,0.7826,15,12,0.8000,8,6,0.7500,False
alt_plus,ge3_seal02_tn8+suc8,open_up,18,4,0.2222,12,3,0.2500,6,1,0.1667,False
alt_plus,ge3_seal02_tn8+suc8,open_flat,18,11,0.6111,12,8,0.6667,6,3,0.5000,False
alt_plus,ge3_seal02_tn8+suc8,touch3,18,13,0.7222,12,9,0.7500,6,4,0.6667,False
alt_plus,ge3_seal02_tn8+suc8,hold_3d,23,15,0.6522,15,10,0.6667,8,5,0.6250,False
alt_plus,ge3_seal02_tn8+newh,maxc3,12,9,0.7500,2,1,0.5000,10,8,0.8000,False
alt_plus,ge3_seal02_tn8+newh,hold_close,12,9,0.7500,2,1,0.5000,10,8,0.8000,False
alt_plus,ge3_seal02_tn8+newh,hold_flat,12,9,0.7500,2,1,0.5000,10,8,0.8000,False
alt_plus,ge3_seal02_tn8+newh,hold_touch3,12,9,0.7500,2,1,0.5000,10,8,0.8000,False
alt_plus,ge3_seal02_tn8+newh,open_up,10,5,0.5000,2,1,0.5000,8,4,0.5000,False
alt_plus,ge3_seal02_tn8+newh,open_flat,10,7,0.7000,2,1,0.5000,8,6,0.7500,False
alt_plus,ge3_seal02_tn8+newh,touch3,10,7,0.7000,2,1,0.5000,8,6,0.7500,False
alt_plus,ge3_seal02_tn8+newh,hold_3d,11,7,0.6364,2,1,0.5000,9,6,0.6667,False
alt_plus,ge3_seal02_tn8+sub,maxc3,13,12,0.9231,8,7,0.8750,5,5,1.0000,False
alt_plus,ge3_seal02_tn8+sub,hold_close,13,11,0.8462,8,7,0.8750,5,4,0.8000,False
alt_plus,ge3_seal02_tn8+sub,hold_flat,13,11,0.8462,8,7,0.8750,5,4,0.8000,False
alt_plus,ge3_seal02_tn8+sub,hold_touch3,13,9,0.6923,8,4,0.5000,5,5,1.0000,False
alt_plus,ge3_seal02_tn8+sub,open_up,11,4,0.3636,7,3,0.4286,4,1,0.2500,False
alt_plus,ge3_seal02_tn8+sub,open_flat,11,4,0.3636,7,3,0.4286,4,1,0.2500,False
alt_plus,ge3_seal02_tn8+sub,touch3,11,7,0.6364,7,3,0.4286,4,4,1.0000,False
alt_plus,ge3_seal02_tn8+sub,hold_3d,12,6,0.5000,7,3,0.4286,5,3,0.6000,False
alt_plus,ge3_seal02_tn8+mid,maxc3,17,15,0.8824,4,3,0.7500,13,12,0.9231,False
alt_plus,ge3_seal02_tn8+mid,hold_close,17,13,0.7647,4,3,0.7500,13,10,0.7692,False
alt_plus,ge3_seal02_tn8+mid,hold_flat,17,13,0.7647,4,3,0.7500,13,10,0.7692,False
alt_plus,ge3_seal02_tn8+mid,hold_touch3,17,14,0.8235,4,3,0.7500,13,11,0.8462,False
alt_plus,ge3_seal02_tn8+mid,open_up,15,4,0.2667,3,0,0.0000,12,4,0.3333,False
alt_plus,ge3_seal02_tn8+mid,open_flat,15,6,0.4000,3,1,0.3333,12,5,0.4167,False
alt_plus,ge3_seal02_tn8+mid,touch3,15,12,0.8000,3,2,0.6667,12,10,0.8333,False
alt_plus,ge3_seal02_tn8+mid,hold_3d,17,10,0.5882,4,3,0.7500,13,7,0.5385,False
alt_plus,ge3_seal02_tn8+fanbao,maxc3,2,2,1.0000,0,0,,2,2,1.0000,False
alt_plus,ge3_seal02_tn8+fanbao,hold_close,2,2,1.0000,0,0,,2,2,1.0000,False
alt_plus,ge3_seal02_tn8+fanbao,hold_flat,2,2,1.0000,0,0,,2,2,1.0000,False
alt_plus,ge3_seal02_tn8+fanbao,hold_touch3,2,1,0.5000,0,0,,2,1,0.5000,False
alt_plus,ge3_seal02_tn8+fanbao,open_up,2,1,0.5000,0,0,,2,1,0.5000,False
alt_plus,ge3_seal02_tn8+fanbao,open_flat,2,1,0.5000,0,0,,2,1,0.5000,False
alt_plus,ge3_seal02_tn8+fanbao,touch3,2,1,0.5000,0,0,,2,1,0.5000,False
alt_plus,ge3_seal02_tn8+fanbao,hold_3d,2,1,0.5000,0,0,,2,1,0.5000,False
alt_plus,ge3_seal02_tn8+not_fanbao,maxc3,47,39,0.8298,25,21,0.8400,22,18,0.8182,False
alt_plus,ge3_seal02_tn8+not_fanbao,hold_close,47,37,0.7872,25,21,0.8400,22,16,0.7273,False
alt_plus,ge3_seal02_tn8+not_fanbao,hold_flat,47,37,0.7872,25,21,0.8400,22,16,0.7273,False
alt_plus,ge3_seal02_tn8+not_fanbao,hold_touch3,47,37,0.7872,25,18,0.7200,22,19,0.8636,False
alt_plus,ge3_seal02_tn8+not_fanbao,open_up,40,13,0.3250,22,7,0.3182,18,6,0.3333,False
alt_plus,ge3_seal02_tn8+not_fanbao,open_flat,40,24,0.6000,22,14,0.6364,18,10,0.5556,False
alt_plus,ge3_seal02_tn8+not_fanbao,touch3,40,30,0.7500,22,15,0.6818,18,15,0.8333,False
alt_plus,ge3_seal02_tn8+not_fanbao,hold_3d,45,28,0.6222,24,16,0.6667,21,12,0.5714,False
alt_plus,ge3_seal02_tn8+stock_unbroken,maxc3,47,39,0.8298,25,21,0.8400,22,18,0.8182,False
alt_plus,ge3_seal02_tn8+stock_unbroken,hold_close,47,37,0.7872,25,21,0.8400,22,16,0.7273,False
alt_plus,ge3_seal02_tn8+stock_unbroken,hold_flat,47,37,0.7872,25,21,0.8400,22,16,0.7273,False
alt_plus,ge3_seal02_tn8+stock_unbroken,hold_touch3,47,37,0.7872,25,18,0.7200,22,19,0.8636,False
alt_plus,ge3_seal02_tn8+stock_unbroken,open_up,40,13,0.3250,22,7,0.3182,18,6,0.3333,False
alt_plus,ge3_seal02_tn8+stock_unbroken,open_flat,40,24,0.6000,22,14,0.6364,18,10,0.5556,False
alt_plus,ge3_seal02_tn8+stock_unbroken,touch3,40,30,0.7500,22,15,0.6818,18,15,0.8333,False
alt_plus,ge3_seal02_tn8+stock_unbroken,hold_3d,45,28,0.6222,24,16,0.6667,21,12,0.5714,False
alt_plus,ge3_seal02_tn8+stock_broken,maxc3,2,2,1.0000,0,0,,2,2,1.0000,False
alt_plus,ge3_seal02_tn8+stock_broken,hold_close,2,2,1.0000,0,0,,2,2,1.0000,False
alt_plus,ge3_seal02_tn8+stock_broken,hold_flat,2,2,1.0000,0,0,,2,2,1.0000,False
alt_plus,ge3_seal02_tn8+stock_broken,hold_touch3,2,1,0.5000,0,0,,2,1,0.5000,False
alt_plus,ge3_seal02_tn8+stock_broken,open_up,2,1,0.5000,0,0,,2,1,0.5000,False
alt_plus,ge3_seal02_tn8+stock_broken,open_flat,2,1,0.5000,0,0,,2,1,0.5000,False
alt_plus,ge3_seal02_tn8+stock_broken,touch3,2,1,0.5000,0,0,,2,1,0.5000,False
alt_plus,ge3_seal02_tn8+stock_broken,hold_3d,2,1,0.5000,0,0,,2,1,0.5000,False
alt_plus,ge3_seal02_tn8+eqH,maxc3,12,9,0.7500,2,1,0.5000,10,8,0.8000,False
alt_plus,ge3_seal02_tn8+eqH,hold_close,12,9,0.7500,2,1,0.5000,10,8,0.8000,False
alt_plus,ge3_seal02_tn8+eqH,hold_flat,12,9,0.7500,2,1,0.5000,10,8,0.8000,False
alt_plus,ge3_seal02_tn8+eqH,hold_touch3,12,9,0.7500,2,1,0.5000,10,8,0.8000,False
alt_plus,ge3_seal02_tn8+eqH,open_up,10,5,0.5000,2,1,0.5000,8,4,0.5000,False
alt_plus,ge3_seal02_tn8+eqH,open_flat,10,7,0.7000,2,1,0.5000,8,6,0.7500,False
alt_plus,ge3_seal02_tn8+eqH,touch3,10,7,0.7000,2,1,0.5000,8,6,0.7500,False
alt_plus,ge3_seal02_tn8+eqH,hold_3d,11,7,0.6364,2,1,0.5000,9,6,0.6667,False
alt_plus,ge3_seal02_tn8+eqHm1,maxc3,13,12,0.9231,8,7,0.8750,5,5,1.0000,False
alt_plus,ge3_seal02_tn8+eqHm1,hold_close,13,11,0.8462,8,7,0.8750,5,4,0.8000,False
alt_plus,ge3_seal02_tn8+eqHm1,hold_flat,13,11,0.8462,8,7,0.8750,5,4,0.8000,False
alt_plus,ge3_seal02_tn8+eqHm1,hold_touch3,13,9,0.6923,8,4,0.5000,5,5,1.0000,False
alt_plus,ge3_seal02_tn8+eqHm1,open_up,11,4,0.3636,7,3,0.4286,4,1,0.2500,False
alt_plus,ge3_seal02_tn8+eqHm1,open_flat,11,4,0.3636,7,3,0.4286,4,1,0.2500,False
alt_plus,ge3_seal02_tn8+eqHm1,touch3,11,7,0.6364,7,3,0.4286,4,4,1.0000,False
alt_plus,ge3_seal02_tn8+eqHm1,hold_3d,12,6,0.5000,7,3,0.4286,5,3,0.6000,False
alt_plus,ge3_seal02_tn8+belowH,maxc3,37,32,0.8649,23,20,0.8696,14,12,0.8571,False
alt_plus,ge3_seal02_tn8+belowH,hold_close,37,30,0.8108,23,20,0.8696,14,10,0.7143,False
alt_plus,ge3_seal02_tn8+belowH,hold_flat,37,30,0.8108,23,20,0.8696,14,10,0.7143,False
alt_plus,ge3_seal02_tn8+belowH,hold_touch3,37,29,0.7838,23,17,0.7391,14,12,0.8571,False
alt_plus,ge3_seal02_tn8+belowH,open_up,32,9,0.2812,20,6,0.3000,12,3,0.2500,False
alt_plus,ge3_seal02_tn8+belowH,open_flat,32,18,0.5625,20,13,0.6500,12,5,0.4167,False
alt_plus,ge3_seal02_tn8+belowH,touch3,32,24,0.7500,20,14,0.7000,12,10,0.8333,False
alt_plus,ge3_seal02_tn8+belowH,hold_3d,36,22,0.6111,22,15,0.6818,14,7,0.5000,False
alt_plus,ge3_seal02_tn8+ge5,maxc3,17,13,0.7647,11,8,0.7273,6,5,0.8333,False
alt_plus,ge3_seal02_tn8+ge5,hold_close,17,13,0.7647,11,8,0.7273,6,5,0.8333,False
alt_plus,ge3_seal02_tn8+ge5,hold_flat,17,13,0.7647,11,8,0.7273,6,5,0.8333,False
alt_plus,ge3_seal02_tn8+ge5,hold_touch3,17,14,0.8235,11,9,0.8182,6,5,0.8333,False
alt_plus,ge3_seal02_tn8+ge5,open_up,15,6,0.4000,10,3,0.3000,5,3,0.6000,False
alt_plus,ge3_seal02_tn8+ge5,open_flat,15,10,0.6667,10,6,0.6000,5,4,0.8000,False
alt_plus,ge3_seal02_tn8+ge5,touch3,15,12,0.8000,10,8,0.8000,5,4,0.8000,False
alt_plus,ge3_seal02_tn8+ge5,hold_3d,16,11,0.6875,11,8,0.7273,5,3,0.6000,False
alt_plus,ge3_seal02_tn8+eq4,maxc3,15,13,0.8667,10,10,1.0000,5,3,0.6000,False
alt_plus,ge3_seal02_tn8+eq4,hold_close,15,13,0.8667,10,10,1.0000,5,3,0.6000,False
alt_plus,ge3_seal02_tn8+eq4,hold_flat,15,13,0.8667,10,10,1.0000,5,3,0.6000,False
alt_plus,ge3_seal02_tn8+eq4,hold_touch3,15,10,0.6667,10,6,0.6000,5,4,0.8000,False
alt_plus,ge3_seal02_tn8+eq4,open_up,12,4,0.3333,9,4,0.4444,3,0,0.0000,False
alt_plus,ge3_seal02_tn8+eq4,open_flat,12,9,0.7500,9,7,0.7778,3,2,0.6667,False
alt_plus,ge3_seal02_tn8+eq4,touch3,12,7,0.5833,9,5,0.5556,3,2,0.6667,False
alt_plus,ge3_seal02_tn8+eq4,hold_3d,14,8,0.5714,9,5,0.5556,5,3,0.6000,False
alt_plus,ge3_seal02_tn8+amt_mid,maxc3,9,5,0.5556,3,1,0.3333,6,4,0.6667,False
alt_plus,ge3_seal02_tn8+amt_mid,hold_close,9,4,0.4444,3,1,0.3333,6,3,0.5000,False
alt_plus,ge3_seal02_tn8+amt_mid,hold_flat,9,4,0.4444,3,1,0.3333,6,3,0.5000,False
alt_plus,ge3_seal02_tn8+amt_mid,hold_touch3,9,6,0.6667,3,1,0.3333,6,5,0.8333,False
alt_plus,ge3_seal02_tn8+amt_mid,open_up,7,1,0.1429,3,0,0.0000,4,1,0.2500,False
alt_plus,ge3_seal02_tn8+amt_mid,open_flat,7,3,0.4286,3,1,0.3333,4,2,0.5000,False
alt_plus,ge3_seal02_tn8+amt_mid,touch3,7,4,0.5714,3,1,0.3333,4,3,0.7500,False
alt_plus,ge3_seal02_tn8+amt_mid,hold_3d,9,5,0.5556,3,1,0.3333,6,4,0.6667,False
alt_plus,ge3_seal02_tn8+turn_mid,maxc3,39,34,0.8718,18,16,0.8889,21,18,0.8571,False
alt_plus,ge3_seal02_tn8+turn_mid,hold_close,39,32,0.8205,18,16,0.8889,21,16,0.7619,False
alt_plus,ge3_seal02_tn8+turn_mid,hold_flat,39,32,0.8205,18,16,0.8889,21,16,0.7619,False
alt_plus,ge3_seal02_tn8+turn_mid,hold_touch3,39,30,0.7692,18,13,0.7222,21,17,0.8095,False
alt_plus,ge3_seal02_tn8+turn_mid,open_up,32,12,0.3750,15,6,0.4000,17,6,0.3529,False
alt_plus,ge3_seal02_tn8+turn_mid,open_flat,32,19,0.5938,15,9,0.6000,17,10,0.5882,False
alt_plus,ge3_seal02_tn8+turn_mid,touch3,32,23,0.7188,15,10,0.6667,17,13,0.7647,False
alt_plus,ge3_seal02_tn8+turn_mid,hold_3d,37,23,0.6216,17,11,0.6471,20,12,0.6000,False
alt_plus,ge3_seal02_tn8+circ_mid,maxc3,41,35,0.8537,21,18,0.8571,20,17,0.8500,False
alt_plus,ge3_seal02_tn8+circ_mid,hold_close,41,33,0.8049,21,18,0.8571,20,15,0.7500,False
alt_plus,ge3_seal02_tn8+circ_mid,hold_flat,41,33,0.8049,21,18,0.8571,20,15,0.7500,False
alt_plus,ge3_seal02_tn8+circ_mid,hold_touch3,41,35,0.8537,21,18,0.8571,20,17,0.8500,False
alt_plus,ge3_seal02_tn8+circ_mid,open_up,35,13,0.3714,18,6,0.3333,17,7,0.4118,False
alt_plus,ge3_seal02_tn8+circ_mid,open_flat,35,22,0.6286,18,13,0.7222,17,9,0.5294,False
alt_plus,ge3_seal02_tn8+circ_mid,touch3,35,29,0.8286,18,15,0.8333,17,14,0.8235,False
alt_plus,ge3_seal02_tn8+circ_mid,hold_3d,40,27,0.6750,21,16,0.7619,19,11,0.5789,False
alt_plus,ge3_seal02_tn8+huanshou,maxc3,34,28,0.8235,16,13,0.8125,18,15,0.8333,False
alt_plus,ge3_seal02_tn8+huanshou,hold_close,34,26,0.7647,16,13,0.8125,18,13,0.7222,False
alt_plus,ge3_seal02_tn8+huanshou,hold_flat,34,26,0.7647,16,13,0.8125,18,13,0.7222,False
alt_plus,ge3_seal02_tn8+huanshou,hold_touch3,34,27,0.7941,16,11,0.6875,18,16,0.8889,False
alt_plus,ge3_seal02_tn8+huanshou,open_up,30,8,0.2667,14,4,0.2857,16,4,0.2500,False
alt_plus,ge3_seal02_tn8+huanshou,open_flat,30,15,0.5000,14,8,0.5714,16,7,0.4375,False
alt_plus,ge3_seal02_tn8+huanshou,touch3,30,23,0.7667,14,9,0.6429,16,14,0.8750,False
alt_plus,ge3_seal02_tn8+huanshou,hold_3d,33,20,0.6061,15,10,0.6667,18,10,0.5556,False
alt_plus,ge3_seal02_tn8+intact_unopened,maxc3,18,16,0.8889,9,8,0.8889,9,8,0.8889,False
alt_plus,ge3_seal02_tn8+intact_unopened,hold_close,18,14,0.7778,9,8,0.8889,9,6,0.6667,False
alt_plus,ge3_seal02_tn8+intact_unopened,hold_flat,18,14,0.7778,9,8,0.8889,9,6,0.6667,False
alt_plus,ge3_seal02_tn8+intact_unopened,hold_touch3,18,14,0.7778,9,7,0.7778,9,7,0.7778,False
alt_plus,ge3_seal02_tn8+intact_unopened,open_up,17,5,0.2941,8,2,0.2500,9,3,0.3333,False
alt_plus,ge3_seal02_tn8+intact_unopened,open_flat,17,10,0.5882,8,5,0.6250,9,5,0.5556,False
alt_plus,ge3_seal02_tn8+intact_unopened,touch3,17,13,0.7647,8,6,0.7500,9,7,0.7778,False
alt_plus,ge3_seal02_tn8+intact_unopened,hold_3d,18,12,0.6667,9,7,0.7778,9,5,0.5556,False
alt_plus,ge3_seal02_tn8+intact_tn8,maxc3,29,24,0.8276,14,11,0.7857,15,13,0.8667,False
alt_plus,ge3_seal02_tn8+intact_tn8,hold_close,29,22,0.7586,14,11,0.7857,15,11,0.7333,False
alt_plus,ge3_seal02_tn8+intact_tn8,hold_flat,29,22,0.7586,14,11,0.7857,15,11,0.7333,False
alt_plus,ge3_seal02_tn8+intact_tn8,hold_touch3,29,23,0.7931,14,10,0.7143,15,13,0.8667,False
alt_plus,ge3_seal02_tn8+intact_tn8,open_up,27,9,0.3333,13,3,0.2308,14,6,0.4286,False
alt_plus,ge3_seal02_tn8+intact_tn8,open_flat,27,17,0.6296,13,8,0.6154,14,9,0.6429,False
alt_plus,ge3_seal02_tn8+intact_tn8,touch3,27,21,0.7778,13,9,0.6923,14,12,0.8571,False
alt_plus,ge3_seal02_tn8+intact_tn8,hold_3d,28,17,0.6071,14,9,0.6429,14,8,0.5714,False
alt_plus,ge3_seal02_tn8+unopened_tn8,maxc3,27,24,0.8889,13,12,0.9231,14,12,0.8571,False
alt_plus,ge3_seal02_tn8+unopened_tn8,hold_close,27,22,0.8148,13,12,0.9231,14,10,0.7143,False
alt_plus,ge3_seal02_tn8+unopened_tn8,hold_flat,27,22,0.8148,13,12,0.9231,14,10,0.7143,False
alt_plus,ge3_seal02_tn8+unopened_tn8,hold_touch3,27,22,0.8148,13,10,0.7692,14,12,0.8571,False
alt_plus,ge3_seal02_tn8+unopened_tn8,open_up,24,8,0.3333,12,5,0.4167,12,3,0.2500,False
alt_plus,ge3_seal02_tn8+unopened_tn8,open_flat,24,13,0.5417,12,8,0.6667,12,5,0.4167,False
alt_plus,ge3_seal02_tn8+unopened_tn8,touch3,24,19,0.7917,12,9,0.7500,12,10,0.8333,False
alt_plus,ge3_seal02_tn8+unopened_tn8,hold_3d,26,18,0.6923,12,10,0.8333,14,8,0.5714,False
alt_plus,ge3_seal02_tn8+unopened_seal03,maxc3,8,6,0.7500,4,3,0.7500,4,3,0.7500,False
alt_plus,ge3_seal02_tn8+unopened_seal03,hold_close,8,5,0.6250,4,3,0.7500,4,2,0.5000,False
alt_plus,ge3_seal02_tn8+unopened_seal03,hold_flat,8,5,0.6250,4,3,0.7500,4,2,0.5000,False
alt_plus,ge3_seal02_tn8+unopened_seal03,hold_touch3,8,6,0.7500,4,3,0.7500,4,3,0.7500,False
alt_plus,ge3_seal02_tn8+unopened_seal03,open_up,7,3,0.4286,3,2,0.6667,4,1,0.2500,False
alt_plus,ge3_seal02_tn8+unopened_seal03,open_flat,7,5,0.7143,3,2,0.6667,4,3,0.7500,False
alt_plus,ge3_seal02_tn8+unopened_seal03,touch3,7,5,0.7143,3,2,0.6667,4,3,0.7500,False
alt_plus,ge3_seal02_tn8+unopened_seal03,hold_3d,8,6,0.7500,4,3,0.7500,4,3,0.7500,False
alt_plus,ge3_seal02_tn8+intact_seal03,maxc3,11,8,0.7273,4,2,0.5000,7,6,0.8571,False
alt_plus,ge3_seal02_tn8+intact_seal03,hold_close,11,7,0.6364,4,2,0.5000,7,5,0.7143,False
alt_plus,ge3_seal02_tn8+intact_seal03,hold_flat,11,7,0.6364,4,2,0.5000,7,5,0.7143,False
alt_plus,ge3_seal02_tn8+intact_seal03,hold_touch3,11,8,0.7273,4,2,0.5000,7,6,0.8571,False
alt_plus,ge3_seal02_tn8+intact_seal03,open_up,9,3,0.3333,3,1,0.3333,6,2,0.3333,False
alt_plus,ge3_seal02_tn8+intact_seal03,open_flat,9,6,0.6667,3,1,0.3333,6,5,0.8333,False
alt_plus,ge3_seal02_tn8+intact_seal03,touch3,9,6,0.6667,3,1,0.3333,6,5,0.8333,False
alt_plus,ge3_seal02_tn8+intact_seal03,hold_3d,10,7,0.7000,4,2,0.5000,6,5,0.8333,False
alt_plus,ge3_seal02_tn8+stock_unbroken_unopened,maxc3,26,23,0.8846,13,12,0.9231,13,11,0.8462,False
alt_plus,ge3_seal02_tn8+stock_unbroken_unopened,hold_close,26,21,0.8077,13,12,0.9231,13,9,0.6923,False
alt_plus,ge3_seal02_tn8+stock_unbroken_unopened,hold_flat,26,21,0.8077,13,12,0.9231,13,9,0.6923,False
alt_plus,ge3_seal02_tn8+stock_unbroken_unopened,hold_touch3,26,21,0.8077,13,10,0.7692,13,11,0.8462,False
alt_plus,ge3_seal02_tn8+stock_unbroken_unopened,open_up,23,8,0.3478,12,5,0.4167,11,3,0.2727,False
alt_plus,ge3_seal02_tn8+stock_unbroken_unopened,open_flat,23,13,0.5652,12,8,0.6667,11,5,0.4545,False
alt_plus,ge3_seal02_tn8+stock_unbroken_unopened,touch3,23,18,0.7826,12,9,0.7500,11,9,0.8182,False
alt_plus,ge3_seal02_tn8+stock_unbroken_unopened,hold_3d,25,18,0.7200,12,10,0.8333,13,8,0.6154,False
alt_plus,ge3_seal02_tn8+stock_unbroken_tn8,maxc3,47,39,0.8298,25,21,0.8400,22,18,0.8182,False
alt_plus,ge3_seal02_tn8+stock_unbroken_tn8,hold_close,47,37,0.7872,25,21,0.8400,22,16,0.7273,False
alt_plus,ge3_seal02_tn8+stock_unbroken_tn8,hold_flat,47,37,0.7872,25,21,0.8400,22,16,0.7273,False
alt_plus,ge3_seal02_tn8+stock_unbroken_tn8,hold_touch3,47,37,0.7872,25,18,0.7200,22,19,0.8636,False
alt_plus,ge3_seal02_tn8+stock_unbroken_tn8,open_up,40,13,0.3250,22,7,0.3182,18,6,0.3333,False
alt_plus,ge3_seal02_tn8+stock_unbroken_tn8,open_flat,40,24,0.6000,22,14,0.6364,18,10,0.5556,False
alt_plus,ge3_seal02_tn8+stock_unbroken_tn8,touch3,40,30,0.7500,22,15,0.6818,18,15,0.8333,False
alt_plus,ge3_seal02_tn8+stock_unbroken_tn8,hold_3d,45,28,0.6222,24,16,0.6667,21,12,0.5714,False
alt_plus,ge3_seal02_tn8+early_unopened,maxc3,25,22,0.8800,12,11,0.9167,13,11,0.8462,False
alt_plus,ge3_seal02_tn8+early_unopened,hold_close,25,20,0.8000,12,11,0.9167,13,9,0.6923,False
alt_plus,ge3_seal02_tn8+early_unopened,hold_flat,25,20,0.8000,12,11,0.9167,13,9,0.6923,False
alt_plus,ge3_seal02_tn8+early_unopened,hold_touch3,25,20,0.8000,12,9,0.7500,13,11,0.8462,False
alt_plus,ge3_seal02_tn8+early_unopened,open_up,22,8,0.3636,11,5,0.4545,11,3,0.2727,False
alt_plus,ge3_seal02_tn8+early_unopened,open_flat,22,12,0.5455,11,7,0.6364,11,5,0.4545,False
alt_plus,ge3_seal02_tn8+early_unopened,touch3,22,17,0.7727,11,8,0.7273,11,9,0.8182,False
alt_plus,ge3_seal02_tn8+early_unopened,hold_3d,24,17,0.7083,11,9,0.8182,13,8,0.6154,False
alt_plus,ge3_seal02_tn8+ge4_tn8_unopened,maxc3,27,24,0.8889,13,12,0.9231,14,12,0.8571,False
alt_plus,ge3_seal02_tn8+ge4_tn8_unopened,hold_close,27,22,0.8148,13,12,0.9231,14,10,0.7143,False
alt_plus,ge3_seal02_tn8+ge4_tn8_unopened,hold_flat,27,22,0.8148,13,12,0.9231,14,10,0.7143,False
alt_plus,ge3_seal02_tn8+ge4_tn8_unopened,hold_touch3,27,22,0.8148,13,10,0.7692,14,12,0.8571,False
alt_plus,ge3_seal02_tn8+ge4_tn8_unopened,open_up,24,8,0.3333,12,5,0.4167,12,3,0.2500,False
alt_plus,ge3_seal02_tn8+ge4_tn8_unopened,open_flat,24,13,0.5417,12,8,0.6667,12,5,0.4167,False
alt_plus,ge3_seal02_tn8+ge4_tn8_unopened,touch3,24,19,0.7917,12,9,0.7500,12,10,0.8333,False
alt_plus,ge3_seal02_tn8+ge4_tn8_unopened,hold_3d,26,18,0.6923,12,10,0.8333,14,8,0.5714,False
alt_base,ge4_seal02_tn8,maxc3,32,26,0.8125,21,18,0.8571,11,8,0.7273,False
alt_base,ge4_seal02_tn8,hold_close,32,26,0.8125,21,18,0.8571,11,8,0.7273,False
alt_base,ge4_seal02_tn8,hold_flat,32,26,0.8125,21,18,0.8571,11,8,0.7273,False
alt_base,ge4_seal02_tn8,hold_touch3,32,24,0.7500,21,15,0.7143,11,9,0.8182,False
alt_base,ge4_seal02_tn8,open_up,27,10,0.3704,19,7,0.3684,8,3,0.3750,False
alt_base,ge4_seal02_tn8,open_flat,27,19,0.7037,19,13,0.6842,8,6,0.7500,False
alt_base,ge4_seal02_tn8,touch3,27,19,0.7037,19,13,0.6842,8,6,0.7500,False
alt_base,ge4_seal02_tn8,hold_3d,30,19,0.6333,20,13,0.6500,10,6,0.6000,False
alt_plus,ge4_seal02_tn8+intact,maxc3,19,14,0.7368,12,9,0.7500,7,5,0.7143,False
alt_plus,ge4_seal02_tn8+intact,hold_close,19,14,0.7368,12,9,0.7500,7,5,0.7143,False
alt_plus,ge4_seal02_tn8+intact,hold_flat,19,14,0.7368,12,9,0.7500,7,5,0.7143,False
alt_plus,ge4_seal02_tn8+intact,hold_touch3,19,14,0.7368,12,8,0.6667,7,6,0.8571,False
alt_plus,ge4_seal02_tn8+intact,open_up,17,6,0.3529,11,3,0.2727,6,3,0.5000,False
alt_plus,ge4_seal02_tn8+intact,open_flat,17,12,0.7059,11,7,0.6364,6,5,0.8333,False
alt_plus,ge4_seal02_tn8+intact,touch3,17,12,0.7059,11,7,0.6364,6,5,0.8333,False
alt_plus,ge4_seal02_tn8+intact,hold_3d,18,11,0.6111,12,7,0.5833,6,4,0.6667,False
alt_plus,ge4_seal02_tn8+absent,maxc3,13,12,0.9231,9,9,1.0000,4,3,0.7500,False
alt_plus,ge4_seal02_tn8+absent,hold_close,13,12,0.9231,9,9,1.0000,4,3,0.7500,False
alt_plus,ge4_seal02_tn8+absent,hold_flat,13,12,0.9231,9,9,1.0000,4,3,0.7500,False
alt_plus,ge4_seal02_tn8+absent,hold_touch3,13,10,0.7692,9,7,0.7778,4,3,0.7500,False
alt_plus,ge4_seal02_tn8+absent,open_up,10,4,0.4000,8,4,0.5000,2,0,0.0000,False
alt_plus,ge4_seal02_tn8+absent,open_flat,10,7,0.7000,8,6,0.7500,2,1,0.5000,False
alt_plus,ge4_seal02_tn8+absent,touch3,10,7,0.7000,8,6,0.7500,2,1,0.5000,False
alt_plus,ge4_seal02_tn8+absent,hold_3d,12,8,0.6667,8,6,0.7500,4,2,0.5000,False
alt_plus,ge4_seal02_tn8+drop,maxc3,11,11,1.0000,9,9,1.0000,2,2,1.0000,False
alt_plus,ge4_seal02_tn8+drop,hold_close,11,11,1.0000,9,9,1.0000,2,2,1.0000,False
alt_plus,ge4_seal02_tn8+drop,hold_flat,11,11,1.0000,9,9,1.0000,2,2,1.0000,False
alt_plus,ge4_seal02_tn8+drop,hold_touch3,11,8,0.7273,9,7,0.7778,2,1,0.5000,False
alt_plus,ge4_seal02_tn8+drop,open_up,9,4,0.4444,8,4,0.5000,1,0,0.0000,False
alt_plus,ge4_seal02_tn8+drop,open_flat,9,7,0.7778,8,6,0.7500,1,1,1.0000,False
alt_plus,ge4_seal02_tn8+drop,touch3,9,6,0.6667,8,6,0.7500,1,0,0.0000,False
alt_plus,ge4_seal02_tn8+drop,hold_3d,10,7,0.7000,8,6,0.7500,2,1,0.5000,False
alt_plus,ge4_seal02_tn8+not_drop,maxc3,21,15,0.7143,12,9,0.7500,9,6,0.6667,False
alt_plus,ge4_seal02_tn8+not_drop,hold_close,21,15,0.7143,12,9,0.7500,9,6,0.6667,False
alt_plus,ge4_seal02_tn8+not_drop,hold_flat,21,15,0.7143,12,9,0.7500,9,6,0.6667,False
alt_plus,ge4_seal02_tn8+not_drop,hold_touch3,21,16,0.7619,12,8,0.6667,9,8,0.8889,False
alt_plus,ge4_seal02_tn8+not_drop,open_up,18,6,0.3333,11,3,0.2727,7,3,0.4286,False
alt_plus,ge4_seal02_tn8+not_drop,open_flat,18,12,0.6667,11,7,0.6364,7,5,0.7143,False
alt_plus,ge4_seal02_tn8+not_drop,touch3,18,13,0.7222,11,7,0.6364,7,6,0.8571,False
alt_plus,ge4_seal02_tn8+not_drop,hold_3d,20,12,0.6000,12,7,0.5833,8,5,0.6250,False
alt_plus,ge4_seal02_tn8+same_break,maxc3,1,1,1.0000,1,1,1.0000,0,0,,False
alt_plus,ge4_seal02_tn8+same_break,hold_close,1,1,1.0000,1,1,1.0000,0,0,,False
alt_plus,ge4_seal02_tn8+same_break,hold_flat,1,1,1.0000,1,1,1.0000,0,0,,False
alt_plus,ge4_seal02_tn8+same_break,hold_touch3,1,1,1.0000,1,1,1.0000,0,0,,False
alt_plus,ge4_seal02_tn8+same_break,open_up,1,1,1.0000,1,1,1.0000,0,0,,False
alt_plus,ge4_seal02_tn8+same_break,open_flat,1,1,1.0000,1,1,1.0000,0,0,,False
alt_plus,ge4_seal02_tn8+same_break,touch3,1,1,1.0000,1,1,1.0000,0,0,,False
alt_plus,ge4_seal02_tn8+same_break,hold_3d,1,1,1.0000,1,1,1.0000,0,0,,False
alt_plus,ge4_seal02_tn8+not_same,maxc3,31,25,0.8065,20,17,0.8500,11,8,0.7273,False
alt_plus,ge4_seal02_tn8+not_same,hold_close,31,25,0.8065,20,17,0.8500,11,8,0.7273,False
alt_plus,ge4_seal02_tn8+not_same,hold_flat,31,25,0.8065,20,17,0.8500,11,8,0.7273,False
alt_plus,ge4_seal02_tn8+not_same,hold_touch3,31,23,0.7419,20,14,0.7000,11,9,0.8182,False
alt_plus,ge4_seal02_tn8+not_same,open_up,26,9,0.3462,18,6,0.3333,8,3,0.3750,False
alt_plus,ge4_seal02_tn8+not_same,open_flat,26,18,0.6923,18,12,0.6667,8,6,0.7500,False
alt_plus,ge4_seal02_tn8+not_same,touch3,26,18,0.6923,18,12,0.6667,8,6,0.7500,False
alt_plus,ge4_seal02_tn8+not_same,hold_3d,29,18,0.6207,19,12,0.6316,10,6,0.6000,False
alt_plus,ge4_seal02_tn8+seal03,maxc3,12,9,0.7500,6,4,0.6667,6,5,0.8333,False
alt_plus,ge4_seal02_tn8+seal03,hold_close,12,9,0.7500,6,4,0.6667,6,5,0.8333,False
alt_plus,ge4_seal02_tn8+seal03,hold_flat,12,9,0.7500,6,4,0.6667,6,5,0.8333,False
alt_plus,ge4_seal02_tn8+seal03,hold_touch3,12,9,0.7500,6,4,0.6667,6,5,0.8333,False
alt_plus,ge4_seal02_tn8+seal03,open_up,9,5,0.5556,5,3,0.6000,4,2,0.5000,False
alt_plus,ge4_seal02_tn8+seal03,open_flat,9,7,0.7778,5,3,0.6000,4,4,1.0000,False
alt_plus,ge4_seal02_tn8+seal03,touch3,9,6,0.6667,5,3,0.6000,4,3,0.7500,False
alt_plus,ge4_seal02_tn8+seal03,hold_3d,11,8,0.7273,6,4,0.6667,5,4,0.8000,False
alt_plus,ge4_seal02_tn8+seal05,maxc3,6,3,0.5000,4,2,0.5000,2,1,0.5000,False
alt_plus,ge4_seal02_tn8+seal05,hold_close,6,3,0.5000,4,2,0.5000,2,1,0.5000,False
alt_plus,ge4_seal02_tn8+seal05,hold_flat,6,3,0.5000,4,2,0.5000,2,1,0.5000,False
alt_plus,ge4_seal02_tn8+seal05,hold_touch3,6,3,0.5000,4,2,0.5000,2,1,0.5000,False
alt_plus,ge4_seal02_tn8+seal05,open_up,6,3,0.5000,4,2,0.5000,2,1,0.5000,False
alt_plus,ge4_seal02_tn8+seal05,open_flat,6,4,0.6667,4,2,0.5000,2,2,1.0000,False
alt_plus,ge4_seal02_tn8+seal05,touch3,6,3,0.5000,4,2,0.5000,2,1,0.5000,False
alt_plus,ge4_seal02_tn8+seal05,hold_3d,5,2,0.4000,4,2,0.5000,1,0,0.0000,False
alt_plus,ge4_seal02_tn8+seal08,maxc3,1,0,0.0000,1,0,0.0000,0,0,,False
alt_plus,ge4_seal02_tn8+seal08,hold_close,1,0,0.0000,1,0,0.0000,0,0,,False
alt_plus,ge4_seal02_tn8+seal08,hold_flat,1,0,0.0000,1,0,0.0000,0,0,,False
alt_plus,ge4_seal02_tn8+seal08,hold_touch3,1,0,0.0000,1,0,0.0000,0,0,,False
alt_plus,ge4_seal02_tn8+seal08,open_up,1,0,0.0000,1,0,0.0000,0,0,,False
alt_plus,ge4_seal02_tn8+seal08,open_flat,1,0,0.0000,1,0,0.0000,0,0,,False
alt_plus,ge4_seal02_tn8+seal08,touch3,1,0,0.0000,1,0,0.0000,0,0,,False
alt_plus,ge4_seal02_tn8+seal08,hold_3d,1,0,0.0000,1,0,0.0000,0,0,,False
alt_plus,ge4_seal02_tn8+tn6,maxc3,32,26,0.8125,21,18,0.8571,11,8,0.7273,False
alt_plus,ge4_seal02_tn8+tn6,hold_close,32,26,0.8125,21,18,0.8571,11,8,0.7273,False
alt_plus,ge4_seal02_tn8+tn6,hold_flat,32,26,0.8125,21,18,0.8571,11,8,0.7273,False
alt_plus,ge4_seal02_tn8+tn6,hold_touch3,32,24,0.7500,21,15,0.7143,11,9,0.8182,False
alt_plus,ge4_seal02_tn8+tn6,open_up,27,10,0.3704,19,7,0.3684,8,3,0.3750,False
alt_plus,ge4_seal02_tn8+tn6,open_flat,27,19,0.7037,19,13,0.6842,8,6,0.7500,False
alt_plus,ge4_seal02_tn8+tn6,touch3,27,19,0.7037,19,13,0.6842,8,6,0.7500,False
alt_plus,ge4_seal02_tn8+tn6,hold_3d,30,19,0.6333,20,13,0.6500,10,6,0.6000,False
alt_plus,ge4_seal02_tn8+tn8,maxc3,32,26,0.8125,21,18,0.8571,11,8,0.7273,False
alt_plus,ge4_seal02_tn8+tn8,hold_close,32,26,0.8125,21,18,0.8571,11,8,0.7273,False
alt_plus,ge4_seal02_tn8+tn8,hold_flat,32,26,0.8125,21,18,0.8571,11,8,0.7273,False
alt_plus,ge4_seal02_tn8+tn8,hold_touch3,32,24,0.7500,21,15,0.7143,11,9,0.8182,False
alt_plus,ge4_seal02_tn8+tn8,open_up,27,10,0.3704,19,7,0.3684,8,3,0.3750,False
alt_plus,ge4_seal02_tn8+tn8,open_flat,27,19,0.7037,19,13,0.6842,8,6,0.7500,False
alt_plus,ge4_seal02_tn8+tn8,touch3,27,19,0.7037,19,13,0.6842,8,6,0.7500,False
alt_plus,ge4_seal02_tn8+tn8,hold_3d,30,19,0.6333,20,13,0.6500,10,6,0.6000,False
alt_plus,ge4_seal02_tn8+tn10,maxc3,24,19,0.7917,16,13,0.8125,8,6,0.7500,False
alt_plus,ge4_seal02_tn8+tn10,hold_close,24,19,0.7917,16,13,0.8125,8,6,0.7500,False
alt_plus,ge4_seal02_tn8+tn10,hold_flat,24,19,0.7917,16,13,0.8125,8,6,0.7500,False
alt_plus,ge4_seal02_tn8+tn10,hold_touch3,24,16,0.6667,16,10,0.6250,8,6,0.7500,False
alt_plus,ge4_seal02_tn8+tn10,open_up,19,6,0.3158,14,5,0.3571,5,1,0.2000,False
alt_plus,ge4_seal02_tn8+tn10,open_flat,19,13,0.6842,14,9,0.6429,5,4,0.8000,False
alt_plus,ge4_seal02_tn8+tn10,touch3,19,11,0.5789,14,8,0.5714,5,3,0.6000,False
alt_plus,ge4_seal02_tn8+tn10,hold_3d,23,13,0.5652,15,8,0.5333,8,5,0.6250,False
alt_plus,ge4_seal02_tn8+unopened,maxc3,18,15,0.8333,12,11,0.9167,6,4,0.6667,False
alt_plus,ge4_seal02_tn8+unopened,hold_close,18,15,0.8333,12,11,0.9167,6,4,0.6667,False
alt_plus,ge4_seal02_tn8+unopened,hold_flat,18,15,0.8333,12,11,0.9167,6,4,0.6667,False
alt_plus,ge4_seal02_tn8+unopened,hold_touch3,18,14,0.7778,12,9,0.7500,6,5,0.8333,False
alt_plus,ge4_seal02_tn8+unopened,open_up,16,7,0.4375,11,5,0.4545,5,2,0.4000,False
alt_plus,ge4_seal02_tn8+unopened,open_flat,16,12,0.7500,11,8,0.7273,5,4,0.8000,False
alt_plus,ge4_seal02_tn8+unopened,touch3,16,12,0.7500,11,8,0.7273,5,4,0.8000,False
alt_plus,ge4_seal02_tn8+unopened,hold_3d,17,13,0.7647,11,9,0.8182,6,4,0.6667,False
alt_plus,ge4_seal02_tn8+opened,maxc3,14,11,0.7857,9,7,0.7778,5,4,0.8000,False
alt_plus,ge4_seal02_tn8+opened,hold_close,14,11,0.7857,9,7,0.7778,5,4,0.8000,False
alt_plus,ge4_seal02_tn8+opened,hold_flat,14,11,0.7857,9,7,0.7778,5,4,0.8000,False
alt_plus,ge4_seal02_tn8+opened,hold_touch3,14,10,0.7143,9,6,0.6667,5,4,0.8000,False
alt_plus,ge4_seal02_tn8+opened,open_up,11,3,0.2727,8,2,0.2500,3,1,0.3333,False
alt_plus,ge4_seal02_tn8+opened,open_flat,11,7,0.6364,8,5,0.6250,3,2,0.6667,False
alt_plus,ge4_seal02_tn8+opened,touch3,11,7,0.6364,8,5,0.6250,3,2,0.6667,False
alt_plus,ge4_seal02_tn8+opened,hold_3d,13,6,0.4615,9,4,0.4444,4,2,0.5000,False
alt_plus,ge4_seal02_tn8+early,maxc3,30,25,0.8333,19,17,0.8947,11,8,0.7273,False
alt_plus,ge4_seal02_tn8+early,hold_close,30,25,0.8333,19,17,0.8947,11,8,0.7273,False
alt_plus,ge4_seal02_tn8+early,hold_flat,30,25,0.8333,19,17,0.8947,11,8,0.7273,False
alt_plus,ge4_seal02_tn8+early,hold_touch3,30,23,0.7667,19,14,0.7368,11,9,0.8182,False
alt_plus,ge4_seal02_tn8+early,open_up,25,10,0.4000,17,7,0.4118,8,3,0.3750,False
alt_plus,ge4_seal02_tn8+early,open_flat,25,18,0.7200,17,12,0.7059,8,6,0.7500,False
alt_plus,ge4_seal02_tn8+early,touch3,25,18,0.7200,17,12,0.7059,8,6,0.7500,False
alt_plus,ge4_seal02_tn8+early,hold_3d,28,18,0.6429,18,12,0.6667,10,6,0.6000,False
alt_plus,ge4_seal02_tn8+not_early,maxc3,2,1,0.5000,2,1,0.5000,0,0,,False
alt_plus,ge4_seal02_tn8+not_early,hold_close,2,1,0.5000,2,1,0.5000,0,0,,False
alt_plus,ge4_seal02_tn8+not_early,hold_flat,2,1,0.5000,2,1,0.5000,0,0,,False
alt_plus,ge4_seal02_tn8+not_early,hold_touch3,2,1,0.5000,2,1,0.5000,0,0,,False
alt_plus,ge4_seal02_tn8+not_early,open_up,2,0,0.0000,2,0,0.0000,0,0,,False
alt_plus,ge4_seal02_tn8+not_early,open_flat,2,1,0.5000,2,1,0.5000,0,0,,False
alt_plus,ge4_seal02_tn8+not_early,touch3,2,1,0.5000,2,1,0.5000,0,0,,False
alt_plus,ge4_seal02_tn8+not_early,hold_3d,2,1,0.5000,2,1,0.5000,0,0,,False
alt_plus,ge4_seal02_tn8+suc8,maxc3,17,14,0.8235,13,11,0.8462,4,3,0.7500,False
alt_plus,ge4_seal02_tn8+suc8,hold_close,17,14,0.8235,13,11,0.8462,4,3,0.7500,False
alt_plus,ge4_seal02_tn8+suc8,hold_flat,17,14,0.8235,13,11,0.8462,4,3,0.7500,False
alt_plus,ge4_seal02_tn8+suc8,hold_touch3,17,14,0.8235,13,11,0.8462,4,3,0.7500,False
alt_plus,ge4_seal02_tn8+suc8,open_up,14,4,0.2857,11,3,0.2727,3,1,0.3333,False
alt_plus,ge4_seal02_tn8+suc8,open_flat,14,11,0.7857,11,8,0.7273,3,3,1.0000,False
alt_plus,ge4_seal02_tn8+suc8,touch3,14,11,0.7857,11,9,0.8182,3,2,0.6667,False
alt_plus,ge4_seal02_tn8+suc8,hold_3d,17,12,0.7059,13,9,0.6923,4,3,0.7500,False
alt_plus,ge4_seal02_tn8+newh,maxc3,11,8,0.7273,2,1,0.5000,9,7,0.7778,False
alt_plus,ge4_seal02_tn8+newh,hold_close,11,8,0.7273,2,1,0.5000,9,7,0.7778,False
alt_plus,ge4_seal02_tn8+newh,hold_flat,11,8,0.7273,2,1,0.5000,9,7,0.7778,False
alt_plus,ge4_seal02_tn8+newh,hold_touch3,11,9,0.8182,2,1,0.5000,9,8,0.8889,False
alt_plus,ge4_seal02_tn8+newh,open_up,9,4,0.4444,2,1,0.5000,7,3,0.4286,False
alt_plus,ge4_seal02_tn8+newh,open_flat,9,6,0.6667,2,1,0.5000,7,5,0.7143,False
alt_plus,ge4_seal02_tn8+newh,touch3,9,7,0.7778,2,1,0.5000,7,6,0.8571,False
alt_plus,ge4_seal02_tn8+newh,hold_3d,10,6,0.6000,2,1,0.5000,8,5,0.6250,False
alt_plus,ge4_seal02_tn8+sub,maxc3,8,7,0.8750,8,7,0.8750,0,0,,False
alt_plus,ge4_seal02_tn8+sub,hold_close,8,7,0.8750,8,7,0.8750,0,0,,False
alt_plus,ge4_seal02_tn8+sub,hold_flat,8,7,0.8750,8,7,0.8750,0,0,,False
alt_plus,ge4_seal02_tn8+sub,hold_touch3,8,4,0.5000,8,4,0.5000,0,0,,False
alt_plus,ge4_seal02_tn8+sub,open_up,7,3,0.4286,7,3,0.4286,0,0,,False
alt_plus,ge4_seal02_tn8+sub,open_flat,7,3,0.4286,7,3,0.4286,0,0,,False
alt_plus,ge4_seal02_tn8+sub,touch3,7,3,0.4286,7,3,0.4286,0,0,,False
alt_plus,ge4_seal02_tn8+sub,hold_3d,7,3,0.4286,7,3,0.4286,0,0,,False
alt_plus,ge4_seal02_tn8+mid,maxc3,0,0,,0,0,,0,0,,False
alt_plus,ge4_seal02_tn8+mid,hold_close,0,0,,0,0,,0,0,,False
alt_plus,ge4_seal02_tn8+mid,hold_flat,0,0,,0,0,,0,0,,False
alt_plus,ge4_seal02_tn8+mid,hold_touch3,0,0,,0,0,,0,0,,False
alt_plus,ge4_seal02_tn8+mid,open_up,0,0,,0,0,,0,0,,False
alt_plus,ge4_seal02_tn8+mid,open_flat,0,0,,0,0,,0,0,,False
alt_plus,ge4_seal02_tn8+mid,touch3,0,0,,0,0,,0,0,,False
alt_plus,ge4_seal02_tn8+mid,hold_3d,0,0,,0,0,,0,0,,False
alt_plus,ge4_seal02_tn8+fanbao,maxc3,0,0,,0,0,,0,0,,False
alt_plus,ge4_seal02_tn8+fanbao,hold_close,0,0,,0,0,,0,0,,False
alt_plus,ge4_seal02_tn8+fanbao,hold_flat,0,0,,0,0,,0,0,,False
alt_plus,ge4_seal02_tn8+fanbao,hold_touch3,0,0,,0,0,,0,0,,False
alt_plus,ge4_seal02_tn8+fanbao,open_up,0,0,,0,0,,0,0,,False
alt_plus,ge4_seal02_tn8+fanbao,open_flat,0,0,,0,0,,0,0,,False
alt_plus,ge4_seal02_tn8+fanbao,touch3,0,0,,0,0,,0,0,,False
alt_plus,ge4_seal02_tn8+fanbao,hold_3d,0,0,,0,0,,0,0,,False
alt_plus,ge4_seal02_tn8+not_fanbao,maxc3,32,26,0.8125,21,18,0.8571,11,8,0.7273,False
alt_plus,ge4_seal02_tn8+not_fanbao,hold_close,32,26,0.8125,21,18,0.8571,11,8,0.7273,False
alt_plus,ge4_seal02_tn8+not_fanbao,hold_flat,32,26,0.8125,21,18,0.8571,11,8,0.7273,False
alt_plus,ge4_seal02_tn8+not_fanbao,hold_touch3,32,24,0.7500,21,15,0.7143,11,9,0.8182,False
alt_plus,ge4_seal02_tn8+not_fanbao,open_up,27,10,0.3704,19,7,0.3684,8,3,0.3750,False
alt_plus,ge4_seal02_tn8+not_fanbao,open_flat,27,19,0.7037,19,13,0.6842,8,6,0.7500,False
alt_plus,ge4_seal02_tn8+not_fanbao,touch3,27,19,0.7037,19,13,0.6842,8,6,0.7500,False
alt_plus,ge4_seal02_tn8+not_fanbao,hold_3d,30,19,0.6333,20,13,0.6500,10,6,0.6000,False
alt_plus,ge4_seal02_tn8+stock_unbroken,maxc3,32,26,0.8125,21,18,0.8571,11,8,0.7273,False
alt_plus,ge4_seal02_tn8+stock_unbroken,hold_close,32,26,0.8125,21,18,0.8571,11,8,0.7273,False
alt_plus,ge4_seal02_tn8+stock_unbroken,hold_flat,32,26,0.8125,21,18,0.8571,11,8,0.7273,False
alt_plus,ge4_seal02_tn8+stock_unbroken,hold_touch3,32,24,0.7500,21,15,0.7143,11,9,0.8182,False
alt_plus,ge4_seal02_tn8+stock_unbroken,open_up,27,10,0.3704,19,7,0.3684,8,3,0.3750,False
alt_plus,ge4_seal02_tn8+stock_unbroken,open_flat,27,19,0.7037,19,13,0.6842,8,6,0.7500,False
alt_plus,ge4_seal02_tn8+stock_unbroken,touch3,27,19,0.7037,19,13,0.6842,8,6,0.7500,False
alt_plus,ge4_seal02_tn8+stock_unbroken,hold_3d,30,19,0.6333,20,13,0.6500,10,6,0.6000,False
alt_plus,ge4_seal02_tn8+stock_broken,maxc3,0,0,,0,0,,0,0,,False
alt_plus,ge4_seal02_tn8+stock_broken,hold_close,0,0,,0,0,,0,0,,False
alt_plus,ge4_seal02_tn8+stock_broken,hold_flat,0,0,,0,0,,0,0,,False
alt_plus,ge4_seal02_tn8+stock_broken,hold_touch3,0,0,,0,0,,0,0,,False
alt_plus,ge4_seal02_tn8+stock_broken,open_up,0,0,,0,0,,0,0,,False
alt_plus,ge4_seal02_tn8+stock_broken,open_flat,0,0,,0,0,,0,0,,False
alt_plus,ge4_seal02_tn8+stock_broken,touch3,0,0,,0,0,,0,0,,False
alt_plus,ge4_seal02_tn8+stock_broken,hold_3d,0,0,,0,0,,0,0,,False
alt_plus,ge4_seal02_tn8+eqH,maxc3,11,8,0.7273,2,1,0.5000,9,7,0.7778,False
alt_plus,ge4_seal02_tn8+eqH,hold_close,11,8,0.7273,2,1,0.5000,9,7,0.7778,False
alt_plus,ge4_seal02_tn8+eqH,hold_flat,11,8,0.7273,2,1,0.5000,9,7,0.7778,False
alt_plus,ge4_seal02_tn8+eqH,hold_touch3,11,9,0.8182,2,1,0.5000,9,8,0.8889,False
alt_plus,ge4_seal02_tn8+eqH,open_up,9,4,0.4444,2,1,0.5000,7,3,0.4286,False
alt_plus,ge4_seal02_tn8+eqH,open_flat,9,6,0.6667,2,1,0.5000,7,5,0.7143,False
alt_plus,ge4_seal02_tn8+eqH,touch3,9,7,0.7778,2,1,0.5000,7,6,0.8571,False
alt_plus,ge4_seal02_tn8+eqH,hold_3d,10,6,0.6000,2,1,0.5000,8,5,0.6250,False
alt_plus,ge4_seal02_tn8+eqHm1,maxc3,8,7,0.8750,8,7,0.8750,0,0,,False
alt_plus,ge4_seal02_tn8+eqHm1,hold_close,8,7,0.8750,8,7,0.8750,0,0,,False
alt_plus,ge4_seal02_tn8+eqHm1,hold_flat,8,7,0.8750,8,7,0.8750,0,0,,False
alt_plus,ge4_seal02_tn8+eqHm1,hold_touch3,8,4,0.5000,8,4,0.5000,0,0,,False
alt_plus,ge4_seal02_tn8+eqHm1,open_up,7,3,0.4286,7,3,0.4286,0,0,,False
alt_plus,ge4_seal02_tn8+eqHm1,open_flat,7,3,0.4286,7,3,0.4286,0,0,,False
alt_plus,ge4_seal02_tn8+eqHm1,touch3,7,3,0.4286,7,3,0.4286,0,0,,False
alt_plus,ge4_seal02_tn8+eqHm1,hold_3d,7,3,0.4286,7,3,0.4286,0,0,,False
alt_plus,ge4_seal02_tn8+belowH,maxc3,21,18,0.8571,19,17,0.8947,2,1,0.5000,False
alt_plus,ge4_seal02_tn8+belowH,hold_close,21,18,0.8571,19,17,0.8947,2,1,0.5000,False
alt_plus,ge4_seal02_tn8+belowH,hold_flat,21,18,0.8571,19,17,0.8947,2,1,0.5000,False
alt_plus,ge4_seal02_tn8+belowH,hold_touch3,21,15,0.7143,19,14,0.7368,2,1,0.5000,False
alt_plus,ge4_seal02_tn8+belowH,open_up,18,6,0.3333,17,6,0.3529,1,0,0.0000,False
alt_plus,ge4_seal02_tn8+belowH,open_flat,18,13,0.7222,17,12,0.7059,1,1,1.0000,False
alt_plus,ge4_seal02_tn8+belowH,touch3,18,12,0.6667,17,12,0.7059,1,0,0.0000,False
alt_plus,ge4_seal02_tn8+belowH,hold_3d,20,13,0.6500,18,12,0.6667,2,1,0.5000,False
alt_plus,ge4_seal02_tn8+ge5,maxc3,17,13,0.7647,11,8,0.7273,6,5,0.8333,False
alt_plus,ge4_seal02_tn8+ge5,hold_close,17,13,0.7647,11,8,0.7273,6,5,0.8333,False
alt_plus,ge4_seal02_tn8+ge5,hold_flat,17,13,0.7647,11,8,0.7273,6,5,0.8333,False
alt_plus,ge4_seal02_tn8+ge5,hold_touch3,17,14,0.8235,11,9,0.8182,6,5,0.8333,False
alt_plus,ge4_seal02_tn8+ge5,open_up,15,6,0.4000,10,3,0.3000,5,3,0.6000,False
alt_plus,ge4_seal02_tn8+ge5,open_flat,15,10,0.6667,10,6,0.6000,5,4,0.8000,False
alt_plus,ge4_seal02_tn8+ge5,touch3,15,12,0.8000,10,8,0.8000,5,4,0.8000,False
alt_plus,ge4_seal02_tn8+ge5,hold_3d,16,11,0.6875,11,8,0.7273,5,3,0.6000,False
alt_plus,ge4_seal02_tn8+eq4,maxc3,15,13,0.8667,10,10,1.0000,5,3,0.6000,False
alt_plus,ge4_seal02_tn8+eq4,hold_close,15,13,0.8667,10,10,1.0000,5,3,0.6000,False
alt_plus,ge4_seal02_tn8+eq4,hold_flat,15,13,0.8667,10,10,1.0000,5,3,0.6000,False
alt_plus,ge4_seal02_tn8+eq4,hold_touch3,15,10,0.6667,10,6,0.6000,5,4,0.8000,False
alt_plus,ge4_seal02_tn8+eq4,open_up,12,4,0.3333,9,4,0.4444,3,0,0.0000,False
alt_plus,ge4_seal02_tn8+eq4,open_flat,12,9,0.7500,9,7,0.7778,3,2,0.6667,False
alt_plus,ge4_seal02_tn8+eq4,touch3,12,7,0.5833,9,5,0.5556,3,2,0.6667,False
alt_plus,ge4_seal02_tn8+eq4,hold_3d,14,8,0.5714,9,5,0.5556,5,3,0.6000,False
alt_plus,ge4_seal02_tn8+amt_mid,maxc3,6,4,0.6667,2,1,0.5000,4,3,0.7500,False
alt_plus,ge4_seal02_tn8+amt_mid,hold_close,6,4,0.6667,2,1,0.5000,4,3,0.7500,False
alt_plus,ge4_seal02_tn8+amt_mid,hold_flat,6,4,0.6667,2,1,0.5000,4,3,0.7500,False
alt_plus,ge4_seal02_tn8+amt_mid,hold_touch3,6,4,0.6667,2,1,0.5000,4,3,0.7500,False
alt_plus,ge4_seal02_tn8+amt_mid,open_up,4,1,0.2500,2,0,0.0000,2,1,0.5000,False
alt_plus,ge4_seal02_tn8+amt_mid,open_flat,4,3,0.7500,2,1,0.5000,2,2,1.0000,False
alt_plus,ge4_seal02_tn8+amt_mid,touch3,4,2,0.5000,2,1,0.5000,2,1,0.5000,False
alt_plus,ge4_seal02_tn8+amt_mid,hold_3d,6,4,0.6667,2,1,0.5000,4,3,0.7500,False
alt_plus,ge4_seal02_tn8+turn_mid,maxc3,26,22,0.8462,16,14,0.8750,10,8,0.8000,False
alt_plus,ge4_seal02_tn8+turn_mid,hold_close,26,22,0.8462,16,14,0.8750,10,8,0.8000,False
alt_plus,ge4_seal02_tn8+turn_mid,hold_flat,26,22,0.8462,16,14,0.8750,10,8,0.8000,False
alt_plus,ge4_seal02_tn8+turn_mid,hold_touch3,26,19,0.7308,16,11,0.6875,10,8,0.8000,False
alt_plus,ge4_seal02_tn8+turn_mid,open_up,21,9,0.4286,14,6,0.4286,7,3,0.4286,False
alt_plus,ge4_seal02_tn8+turn_mid,open_flat,21,15,0.7143,14,9,0.6429,7,6,0.8571,False
alt_plus,ge4_seal02_tn8+turn_mid,touch3,21,14,0.6667,14,9,0.6429,7,5,0.7143,False
alt_plus,ge4_seal02_tn8+turn_mid,hold_3d,24,15,0.6250,15,9,0.6000,9,6,0.6667,False
alt_plus,ge4_seal02_tn8+circ_mid,maxc3,27,22,0.8148,18,15,0.8333,9,7,0.7778,False
alt_plus,ge4_seal02_tn8+circ_mid,hold_close,27,22,0.8148,18,15,0.8333,9,7,0.7778,False
alt_plus,ge4_seal02_tn8+circ_mid,hold_flat,27,22,0.8148,18,15,0.8333,9,7,0.7778,False
alt_plus,ge4_seal02_tn8+circ_mid,hold_touch3,27,23,0.8519,18,15,0.8333,9,8,0.8889,False
alt_plus,ge4_seal02_tn8+circ_mid,open_up,23,9,0.3913,16,6,0.3750,7,3,0.4286,False
alt_plus,ge4_seal02_tn8+circ_mid,open_flat,23,17,0.7391,16,12,0.7500,7,5,0.7143,False
alt_plus,ge4_seal02_tn8+circ_mid,touch3,23,19,0.8261,16,13,0.8125,7,6,0.8571,False
alt_plus,ge4_seal02_tn8+circ_mid,hold_3d,26,18,0.6923,18,13,0.7222,8,5,0.6250,False
alt_plus,ge4_seal02_tn8+huanshou,maxc3,19,15,0.7895,12,10,0.8333,7,5,0.7143,False
alt_plus,ge4_seal02_tn8+huanshou,hold_close,19,15,0.7895,12,10,0.8333,7,5,0.7143,False
alt_plus,ge4_seal02_tn8+huanshou,hold_flat,19,15,0.7895,12,10,0.8333,7,5,0.7143,False
alt_plus,ge4_seal02_tn8+huanshou,hold_touch3,19,14,0.7368,12,8,0.6667,7,6,0.8571,False
alt_plus,ge4_seal02_tn8+huanshou,open_up,17,6,0.3529,11,4,0.3636,6,2,0.3333,False
alt_plus,ge4_seal02_tn8+huanshou,open_flat,17,11,0.6471,11,7,0.6364,6,4,0.6667,False
alt_plus,ge4_seal02_tn8+huanshou,touch3,17,12,0.7059,11,7,0.6364,6,5,0.8333,False
alt_plus,ge4_seal02_tn8+huanshou,hold_3d,18,11,0.6111,11,7,0.6364,7,4,0.5714,False
alt_plus,ge4_seal02_tn8+intact_unopened,maxc3,12,10,0.8333,8,7,0.8750,4,3,0.7500,False
alt_plus,ge4_seal02_tn8+intact_unopened,hold_close,12,10,0.8333,8,7,0.8750,4,3,0.7500,False
alt_plus,ge4_seal02_tn8+intact_unopened,hold_flat,12,10,0.8333,8,7,0.8750,4,3,0.7500,False
alt_plus,ge4_seal02_tn8+intact_unopened,hold_touch3,12,9,0.7500,8,6,0.7500,4,3,0.7500,False
alt_plus,ge4_seal02_tn8+intact_unopened,open_up,11,4,0.3636,7,2,0.2857,4,2,0.5000,False
alt_plus,ge4_seal02_tn8+intact_unopened,open_flat,11,9,0.8182,7,5,0.7143,4,4,1.0000,False
alt_plus,ge4_seal02_tn8+intact_unopened,touch3,11,8,0.7273,7,5,0.7143,4,3,0.7500,False
alt_plus,ge4_seal02_tn8+intact_unopened,hold_3d,12,9,0.7500,8,6,0.7500,4,3,0.7500,False
alt_plus,ge4_seal02_tn8+intact_tn8,maxc3,19,14,0.7368,12,9,0.7500,7,5,0.7143,False
alt_plus,ge4_seal02_tn8+intact_tn8,hold_close,19,14,0.7368,12,9,0.7500,7,5,0.7143,False
alt_plus,ge4_seal02_tn8+intact_tn8,hold_flat,19,14,0.7368,12,9,0.7500,7,5,0.7143,False
alt_plus,ge4_seal02_tn8+intact_tn8,hold_touch3,19,14,0.7368,12,8,0.6667,7,6,0.8571,False
alt_plus,ge4_seal02_tn8+intact_tn8,open_up,17,6,0.3529,11,3,0.2727,6,3,0.5000,False
alt_plus,ge4_seal02_tn8+intact_tn8,open_flat,17,12,0.7059,11,7,0.6364,6,5,0.8333,False
alt_plus,ge4_seal02_tn8+intact_tn8,touch3,17,12,0.7059,11,7,0.6364,6,5,0.8333,False
alt_plus,ge4_seal02_tn8+intact_tn8,hold_3d,18,11,0.6111,12,7,0.5833,6,4,0.6667,False
alt_plus,ge4_seal02_tn8+unopened_tn8,maxc3,18,15,0.8333,12,11,0.9167,6,4,0.6667,False
alt_plus,ge4_seal02_tn8+unopened_tn8,hold_close,18,15,0.8333,12,11,0.9167,6,4,0.6667,False
alt_plus,ge4_seal02_tn8+unopened_tn8,hold_flat,18,15,0.8333,12,11,0.9167,6,4,0.6667,False
alt_plus,ge4_seal02_tn8+unopened_tn8,hold_touch3,18,14,0.7778,12,9,0.7500,6,5,0.8333,False
alt_plus,ge4_seal02_tn8+unopened_tn8,open_up,16,7,0.4375,11,5,0.4545,5,2,0.4000,False
alt_plus,ge4_seal02_tn8+unopened_tn8,open_flat,16,12,0.7500,11,8,0.7273,5,4,0.8000,False
alt_plus,ge4_seal02_tn8+unopened_tn8,touch3,16,12,0.7500,11,8,0.7273,5,4,0.8000,False
alt_plus,ge4_seal02_tn8+unopened_tn8,hold_3d,17,13,0.7647,11,9,0.8182,6,4,0.6667,False
alt_plus,ge4_seal02_tn8+unopened_seal03,maxc3,7,5,0.7143,4,3,0.7500,3,2,0.6667,False
alt_plus,ge4_seal02_tn8+unopened_seal03,hold_close,7,5,0.7143,4,3,0.7500,3,2,0.6667,False
alt_plus,ge4_seal02_tn8+unopened_seal03,hold_flat,7,5,0.7143,4,3,0.7500,3,2,0.6667,False
alt_plus,ge4_seal02_tn8+unopened_seal03,hold_touch3,7,5,0.7143,4,3,0.7500,3,2,0.6667,False
alt_plus,ge4_seal02_tn8+unopened_seal03,open_up,6,3,0.5000,3,2,0.6667,3,1,0.3333,False
alt_plus,ge4_seal02_tn8+unopened_seal03,open_flat,6,5,0.8333,3,2,0.6667,3,3,1.0000,False
alt_plus,ge4_seal02_tn8+unopened_seal03,touch3,6,4,0.6667,3,2,0.6667,3,2,0.6667,False
alt_plus,ge4_seal02_tn8+unopened_seal03,hold_3d,7,5,0.7143,4,3,0.7500,3,2,0.6667,False
alt_plus,ge4_seal02_tn8+intact_seal03,maxc3,9,6,0.6667,4,2,0.5000,5,4,0.8000,False
alt_plus,ge4_seal02_tn8+intact_seal03,hold_close,9,6,0.6667,4,2,0.5000,5,4,0.8000,False
alt_plus,ge4_seal02_tn8+intact_seal03,hold_flat,9,6,0.6667,4,2,0.5000,5,4,0.8000,False
alt_plus,ge4_seal02_tn8+intact_seal03,hold_touch3,9,6,0.6667,4,2,0.5000,5,4,0.8000,False
alt_plus,ge4_seal02_tn8+intact_seal03,open_up,7,3,0.4286,3,1,0.3333,4,2,0.5000,False
alt_plus,ge4_seal02_tn8+intact_seal03,open_flat,7,5,0.7143,3,1,0.3333,4,4,1.0000,False
alt_plus,ge4_seal02_tn8+intact_seal03,touch3,7,4,0.5714,3,1,0.3333,4,3,0.7500,False
alt_plus,ge4_seal02_tn8+intact_seal03,hold_3d,8,5,0.6250,4,2,0.5000,4,3,0.7500,False
alt_plus,ge4_seal02_tn8+stock_unbroken_unopened,maxc3,18,15,0.8333,12,11,0.9167,6,4,0.6667,False
alt_plus,ge4_seal02_tn8+stock_unbroken_unopened,hold_close,18,15,0.8333,12,11,0.9167,6,4,0.6667,False
alt_plus,ge4_seal02_tn8+stock_unbroken_unopened,hold_flat,18,15,0.8333,12,11,0.9167,6,4,0.6667,False
alt_plus,ge4_seal02_tn8+stock_unbroken_unopened,hold_touch3,18,14,0.7778,12,9,0.7500,6,5,0.8333,False
alt_plus,ge4_seal02_tn8+stock_unbroken_unopened,open_up,16,7,0.4375,11,5,0.4545,5,2,0.4000,False
alt_plus,ge4_seal02_tn8+stock_unbroken_unopened,open_flat,16,12,0.7500,11,8,0.7273,5,4,0.8000,False
alt_plus,ge4_seal02_tn8+stock_unbroken_unopened,touch3,16,12,0.7500,11,8,0.7273,5,4,0.8000,False
alt_plus,ge4_seal02_tn8+stock_unbroken_unopened,hold_3d,17,13,0.7647,11,9,0.8182,6,4,0.6667,False
alt_plus,ge4_seal02_tn8+stock_unbroken_tn8,maxc3,32,26,0.8125,21,18,0.8571,11,8,0.7273,False
alt_plus,ge4_seal02_tn8+stock_unbroken_tn8,hold_close,32,26,0.8125,21,18,0.8571,11,8,0.7273,False
alt_plus,ge4_seal02_tn8+stock_unbroken_tn8,hold_flat,32,26,0.8125,21,18,0.8571,11,8,0.7273,False
alt_plus,ge4_seal02_tn8+stock_unbroken_tn8,hold_touch3,32,24,0.7500,21,15,0.7143,11,9,0.8182,False
alt_plus,ge4_seal02_tn8+stock_unbroken_tn8,open_up,27,10,0.3704,19,7,0.3684,8,3,0.3750,False
alt_plus,ge4_seal02_tn8+stock_unbroken_tn8,open_flat,27,19,0.7037,19,13,0.6842,8,6,0.7500,False
alt_plus,ge4_seal02_tn8+stock_unbroken_tn8,touch3,27,19,0.7037,19,13,0.6842,8,6,0.7500,False
alt_plus,ge4_seal02_tn8+stock_unbroken_tn8,hold_3d,30,19,0.6333,20,13,0.6500,10,6,0.6000,False
alt_plus,ge4_seal02_tn8+early_unopened,maxc3,17,14,0.8235,11,10,0.9091,6,4,0.6667,False
alt_plus,ge4_seal02_tn8+early_unopened,hold_close,17,14,0.8235,11,10,0.9091,6,4,0.6667,False
alt_plus,ge4_seal02_tn8+early_unopened,hold_flat,17,14,0.8235,11,10,0.9091,6,4,0.6667,False
alt_plus,ge4_seal02_tn8+early_unopened,hold_touch3,17,13,0.7647,11,8,0.7273,6,5,0.8333,False
alt_plus,ge4_seal02_tn8+early_unopened,open_up,15,7,0.4667,10,5,0.5000,5,2,0.4000,False
alt_plus,ge4_seal02_tn8+early_unopened,open_flat,15,11,0.7333,10,7,0.7000,5,4,0.8000,False
alt_plus,ge4_seal02_tn8+early_unopened,touch3,15,11,0.7333,10,7,0.7000,5,4,0.8000,False
alt_plus,ge4_seal02_tn8+early_unopened,hold_3d,16,12,0.7500,10,8,0.8000,6,4,0.6667,False
alt_plus,ge4_seal02_tn8+ge4_tn8_unopened,maxc3,18,15,0.8333,12,11,0.9167,6,4,0.6667,False
alt_plus,ge4_seal02_tn8+ge4_tn8_unopened,hold_close,18,15,0.8333,12,11,0.9167,6,4,0.6667,False
alt_plus,ge4_seal02_tn8+ge4_tn8_unopened,hold_flat,18,15,0.8333,12,11,0.9167,6,4,0.6667,False
alt_plus,ge4_seal02_tn8+ge4_tn8_unopened,hold_touch3,18,14,0.7778,12,9,0.7500,6,5,0.8333,False
alt_plus,ge4_seal02_tn8+ge4_tn8_unopened,open_up,16,7,0.4375,11,5,0.4545,5,2,0.4000,False
alt_plus,ge4_seal02_tn8+ge4_tn8_unopened,open_flat,16,12,0.7500,11,8,0.7273,5,4,0.8000,False
alt_plus,ge4_seal02_tn8+ge4_tn8_unopened,touch3,16,12,0.7500,11,8,0.7273,5,4,0.8000,False
alt_plus,ge4_seal02_tn8+ge4_tn8_unopened,hold_3d,17,13,0.7647,11,9,0.8182,6,4,0.6667,False
alt_base,ge4_seal03_tn5,maxc3,16,12,0.7500,8,5,0.6250,8,7,0.8750,False
alt_base,ge4_seal03_tn5,hold_close,16,11,0.6875,8,5,0.6250,8,6,0.7500,False
alt_base,ge4_seal03_tn5,hold_flat,16,11,0.6875,8,5,0.6250,8,6,0.7500,False
alt_base,ge4_seal03_tn5,hold_touch3,16,12,0.7500,8,6,0.7500,8,6,0.7500,False
alt_base,ge4_seal03_tn5,open_up,13,5,0.3846,7,3,0.4286,6,2,0.3333,False
alt_base,ge4_seal03_tn5,open_flat,13,9,0.6923,7,4,0.5714,6,5,0.8333,False
alt_base,ge4_seal03_tn5,touch3,13,9,0.6923,7,5,0.7143,6,4,0.6667,False
alt_base,ge4_seal03_tn5,hold_3d,15,11,0.7333,8,5,0.6250,7,6,0.8571,False
alt_base,ge5_seal02_tn5,maxc3,22,18,0.8182,13,10,0.7692,9,8,0.8889,False
alt_base,ge5_seal02_tn5,hold_close,22,17,0.7727,13,10,0.7692,9,7,0.7778,False
alt_base,ge5_seal02_tn5,hold_flat,22,17,0.7727,13,10,0.7692,9,7,0.7778,False
alt_base,ge5_seal02_tn5,hold_touch3,22,18,0.8182,13,11,0.8462,9,7,0.7778,False
alt_base,ge5_seal02_tn5,open_up,20,8,0.4000,12,3,0.2500,8,5,0.6250,False
alt_base,ge5_seal02_tn5,open_flat,20,13,0.6500,12,7,0.5833,8,6,0.7500,False
alt_base,ge5_seal02_tn5,touch3,20,16,0.8000,12,10,0.8333,8,6,0.7500,False
alt_base,ge5_seal02_tn5,hold_3d,21,15,0.7143,13,9,0.6923,8,6,0.7500,False
alt_base,ge3_seal05_tn5,maxc3,11,5,0.4545,8,3,0.3750,3,2,0.6667,False
alt_base,ge3_seal05_tn5,hold_close,11,5,0.4545,8,3,0.3750,3,2,0.6667,False
alt_base,ge3_seal05_tn5,hold_flat,11,5,0.4545,8,3,0.3750,3,2,0.6667,False
alt_base,ge3_seal05_tn5,hold_touch3,11,6,0.5455,8,4,0.5000,3,2,0.6667,False
alt_base,ge3_seal05_tn5,open_up,11,3,0.2727,8,2,0.2500,3,1,0.3333,False
alt_base,ge3_seal05_tn5,open_flat,11,6,0.5455,8,3,0.3750,3,3,1.0000,False
alt_base,ge3_seal05_tn5,touch3,11,6,0.5455,8,4,0.5000,3,2,0.6667,False
alt_base,ge3_seal05_tn5,hold_3d,10,4,0.4000,8,3,0.3750,2,1,0.5000,False
alt_base,ge4_unopened_tn5,maxc3,44,35,0.7955,27,21,0.7778,17,14,0.8235,False
alt_base,ge4_unopened_tn5,hold_close,44,30,0.6818,27,18,0.6667,17,12,0.7059,False
alt_base,ge4_unopened_tn5,hold_flat,44,30,0.6818,27,18,0.6667,17,12,0.7059,False
alt_base,ge4_unopened_tn5,hold_touch3,44,31,0.7045,27,19,0.7037,17,12,0.7059,False
alt_base,ge4_unopened_tn5,open_up,41,15,0.3659,26,10,0.3846,15,5,0.3333,False
alt_base,ge4_unopened_tn5,open_flat,41,23,0.5610,26,14,0.5385,15,9,0.6000,False
alt_base,ge4_unopened_tn5,touch3,41,28,0.6829,26,18,0.6923,15,10,0.6667,False
alt_base,ge4_unopened_tn5,hold_3d,43,29,0.6744,26,17,0.6538,17,12,0.7059,False
alt_plus,ge4_unopened_tn5+intact,maxc3,30,24,0.8000,17,13,0.7647,13,11,0.8462,False
alt_plus,ge4_unopened_tn5+intact,hold_close,30,20,0.6667,17,11,0.6471,13,9,0.6923,False
alt_plus,ge4_unopened_tn5+intact,hold_flat,30,20,0.6667,17,11,0.6471,13,9,0.6923,False
alt_plus,ge4_unopened_tn5+intact,hold_touch3,30,22,0.7333,17,13,0.7647,13,9,0.6923,False
alt_plus,ge4_unopened_tn5+intact,open_up,28,9,0.3214,16,4,0.2500,12,5,0.4167,False
alt_plus,ge4_unopened_tn5+intact,open_flat,28,16,0.5714,16,8,0.5000,12,8,0.6667,False
alt_plus,ge4_unopened_tn5+intact,touch3,28,20,0.7143,16,12,0.7500,12,8,0.6667,False
alt_plus,ge4_unopened_tn5+intact,hold_3d,30,20,0.6667,17,11,0.6471,13,9,0.6923,False
alt_plus,ge4_unopened_tn5+absent,maxc3,14,11,0.7857,10,8,0.8000,4,3,0.7500,False
alt_plus,ge4_unopened_tn5+absent,hold_close,14,10,0.7143,10,7,0.7000,4,3,0.7500,False
alt_plus,ge4_unopened_tn5+absent,hold_flat,14,10,0.7143,10,7,0.7000,4,3,0.7500,False
alt_plus,ge4_unopened_tn5+absent,hold_touch3,14,9,0.6429,10,6,0.6000,4,3,0.7500,False
alt_plus,ge4_unopened_tn5+absent,open_up,13,6,0.4615,10,6,0.6000,3,0,0.0000,False
alt_plus,ge4_unopened_tn5+absent,open_flat,13,7,0.5385,10,6,0.6000,3,1,0.3333,False
alt_plus,ge4_unopened_tn5+absent,touch3,13,8,0.6154,10,6,0.6000,3,2,0.6667,False
alt_plus,ge4_unopened_tn5+absent,hold_3d,13,9,0.6923,9,6,0.6667,4,3,0.7500,False
alt_plus,ge4_unopened_tn5+drop,maxc3,9,8,0.8889,7,6,0.8571,2,2,1.0000,False
alt_plus,ge4_unopened_tn5+drop,hold_close,9,7,0.7778,7,5,0.7143,2,2,1.0000,False
alt_plus,ge4_unopened_tn5+drop,hold_flat,9,7,0.7778,7,5,0.7143,2,2,1.0000,False
alt_plus,ge4_unopened_tn5+drop,hold_touch3,9,5,0.5556,7,4,0.5714,2,1,0.5000,False
alt_plus,ge4_unopened_tn5+drop,open_up,9,5,0.5556,7,5,0.7143,2,0,0.0000,False
alt_plus,ge4_unopened_tn5+drop,open_flat,9,6,0.6667,7,5,0.7143,2,1,0.5000,False
alt_plus,ge4_unopened_tn5+drop,touch3,9,5,0.5556,7,4,0.5714,2,1,0.5000,False
alt_plus,ge4_unopened_tn5+drop,hold_3d,8,6,0.7500,6,4,0.6667,2,2,1.0000,False
alt_plus,ge4_unopened_tn5+not_drop,maxc3,35,27,0.7714,20,15,0.7500,15,12,0.8000,False
alt_plus,ge4_unopened_tn5+not_drop,hold_close,35,23,0.6571,20,13,0.6500,15,10,0.6667,False
alt_plus,ge4_unopened_tn5+not_drop,hold_flat,35,23,0.6571,20,13,0.6500,15,10,0.6667,False
alt_plus,ge4_unopened_tn5+not_drop,hold_touch3,35,26,0.7429,20,15,0.7500,15,11,0.7333,False
alt_plus,ge4_unopened_tn5+not_drop,open_up,32,10,0.3125,19,5,0.2632,13,5,0.3846,False
alt_plus,ge4_unopened_tn5+not_drop,open_flat,32,17,0.5312,19,9,0.4737,13,8,0.6154,False
alt_plus,ge4_unopened_tn5+not_drop,touch3,32,23,0.7188,19,14,0.7368,13,9,0.6923,False
alt_plus,ge4_unopened_tn5+not_drop,hold_3d,35,23,0.6571,20,13,0.6500,15,10,0.6667,False
alt_plus,ge4_unopened_tn5+same_break,maxc3,3,3,1.0000,2,2,1.0000,1,1,1.0000,False
alt_plus,ge4_unopened_tn5+same_break,hold_close,3,2,0.6667,2,2,1.0000,1,0,0.0000,False
alt_plus,ge4_unopened_tn5+same_break,hold_flat,3,2,0.6667,2,2,1.0000,1,0,0.0000,False
alt_plus,ge4_unopened_tn5+same_break,hold_touch3,3,2,0.6667,2,2,1.0000,1,0,0.0000,False
alt_plus,ge4_unopened_tn5+same_break,open_up,3,1,0.3333,2,1,0.5000,1,0,0.0000,False
alt_plus,ge4_unopened_tn5+same_break,open_flat,3,1,0.3333,2,1,0.5000,1,0,0.0000,False
alt_plus,ge4_unopened_tn5+same_break,touch3,3,2,0.6667,2,2,1.0000,1,0,0.0000,False
alt_plus,ge4_unopened_tn5+same_break,hold_3d,3,3,1.0000,2,2,1.0000,1,1,1.0000,False
alt_plus,ge4_unopened_tn5+not_same,maxc3,41,32,0.7805,25,19,0.7600,16,13,0.8125,False
alt_plus,ge4_unopened_tn5+not_same,hold_close,41,28,0.6829,25,16,0.6400,16,12,0.7500,False
alt_plus,ge4_unopened_tn5+not_same,hold_flat,41,28,0.6829,25,16,0.6400,16,12,0.7500,False
alt_plus,ge4_unopened_tn5+not_same,hold_touch3,41,29,0.7073,25,17,0.6800,16,12,0.7500,False
alt_plus,ge4_unopened_tn5+not_same,open_up,38,14,0.3684,24,9,0.3750,14,5,0.3571,False
alt_plus,ge4_unopened_tn5+not_same,open_flat,38,22,0.5789,24,13,0.5417,14,9,0.6429,False
alt_plus,ge4_unopened_tn5+not_same,touch3,38,26,0.6842,24,16,0.6667,14,10,0.7143,False
alt_plus,ge4_unopened_tn5+not_same,hold_3d,40,26,0.6500,24,15,0.6250,16,11,0.6875,False
alt_plus,ge4_unopened_tn5+seal03,maxc3,10,8,0.8000,5,4,0.8000,5,4,0.8000,False
alt_plus,ge4_unopened_tn5+seal03,hold_close,10,7,0.7000,5,4,0.8000,5,3,0.6000,False
alt_plus,ge4_unopened_tn5+seal03,hold_flat,10,7,0.7000,5,4,0.8000,5,3,0.6000,False
alt_plus,ge4_unopened_tn5+seal03,hold_touch3,10,7,0.7000,5,4,0.8000,5,3,0.6000,False
alt_plus,ge4_unopened_tn5+seal03,open_up,9,3,0.3333,4,2,0.5000,5,1,0.2000,False
alt_plus,ge4_unopened_tn5+seal03,open_flat,9,7,0.7778,4,3,0.7500,5,4,0.8000,False
alt_plus,ge4_unopened_tn5+seal03,touch3,9,6,0.6667,4,3,0.7500,5,3,0.6000,False
alt_plus,ge4_unopened_tn5+seal03,hold_3d,10,8,0.8000,5,4,0.8000,5,4,0.8000,False
alt_plus,ge4_unopened_tn5+seal05,maxc3,5,3,0.6000,4,3,0.7500,1,0,0.0000,False
alt_plus,ge4_unopened_tn5+seal05,hold_close,5,3,0.6000,4,3,0.7500,1,0,0.0000,False
alt_plus,ge4_unopened_tn5+seal05,hold_flat,5,3,0.6000,4,3,0.7500,1,0,0.0000,False
alt_plus,ge4_unopened_tn5+seal05,hold_touch3,5,3,0.6000,4,3,0.7500,1,0,0.0000,False
alt_plus,ge4_unopened_tn5+seal05,open_up,5,2,0.4000,4,2,0.5000,1,0,0.0000,False
alt_plus,ge4_unopened_tn5+seal05,open_flat,5,4,0.8000,4,3,0.7500,1,1,1.0000,False
alt_plus,ge4_unopened_tn5+seal05,touch3,5,3,0.6000,4,3,0.7500,1,0,0.0000,False
alt_plus,ge4_unopened_tn5+seal05,hold_3d,5,3,0.6000,4,3,0.7500,1,0,0.0000,False
alt_plus,ge4_unopened_tn5+seal08,maxc3,1,0,0.0000,1,0,0.0000,0,0,,False
alt_plus,ge4_unopened_tn5+seal08,hold_close,1,0,0.0000,1,0,0.0000,0,0,,False
alt_plus,ge4_unopened_tn5+seal08,hold_flat,1,0,0.0000,1,0,0.0000,0,0,,False
alt_plus,ge4_unopened_tn5+seal08,hold_touch3,1,0,0.0000,1,0,0.0000,0,0,,False
alt_plus,ge4_unopened_tn5+seal08,open_up,1,0,0.0000,1,0,0.0000,0,0,,False
alt_plus,ge4_unopened_tn5+seal08,open_flat,1,0,0.0000,1,0,0.0000,0,0,,False
alt_plus,ge4_unopened_tn5+seal08,touch3,1,0,0.0000,1,0,0.0000,0,0,,False
alt_plus,ge4_unopened_tn5+seal08,hold_3d,1,0,0.0000,1,0,0.0000,0,0,,False
alt_plus,ge4_unopened_tn5+tn6,maxc3,40,32,0.8000,24,19,0.7917,16,13,0.8125,False
alt_plus,ge4_unopened_tn5+tn6,hold_close,40,28,0.7000,24,16,0.6667,16,12,0.7500,False
alt_plus,ge4_unopened_tn5+tn6,hold_flat,40,28,0.7000,24,16,0.6667,16,12,0.7500,False
alt_plus,ge4_unopened_tn5+tn6,hold_touch3,40,28,0.7000,24,16,0.6667,16,12,0.7500,False
alt_plus,ge4_unopened_tn5+tn6,open_up,37,14,0.3784,23,9,0.3913,14,5,0.3571,False
alt_plus,ge4_unopened_tn5+tn6,open_flat,37,22,0.5946,23,13,0.5652,14,9,0.6429,False
alt_plus,ge4_unopened_tn5+tn6,touch3,37,25,0.6757,23,15,0.6522,14,10,0.7143,False
alt_plus,ge4_unopened_tn5+tn6,hold_3d,39,27,0.6923,23,16,0.6957,16,11,0.6875,False
alt_plus,ge4_unopened_tn5+tn8,maxc3,36,29,0.8056,22,17,0.7727,14,12,0.8571,False
alt_plus,ge4_unopened_tn5+tn8,hold_close,36,25,0.6944,22,14,0.6364,14,11,0.7857,False
alt_plus,ge4_unopened_tn5+tn8,hold_flat,36,25,0.6944,22,14,0.6364,14,11,0.7857,False
alt_plus,ge4_unopened_tn5+tn8,hold_touch3,36,24,0.6667,22,14,0.6364,14,10,0.7143,False
alt_plus,ge4_unopened_tn5+tn8,open_up,33,14,0.4242,21,9,0.4286,12,5,0.4167,False
alt_plus,ge4_unopened_tn5+tn8,open_flat,33,20,0.6061,21,12,0.5714,12,8,0.6667,False
alt_plus,ge4_unopened_tn5+tn8,touch3,33,21,0.6364,21,13,0.6190,12,8,0.6667,False
alt_plus,ge4_unopened_tn5+tn8,hold_3d,35,24,0.6857,21,14,0.6667,14,10,0.7143,False
alt_plus,ge4_unopened_tn5+tn10,maxc3,28,22,0.7857,17,13,0.7647,11,9,0.8182,False
alt_plus,ge4_unopened_tn5+tn10,hold_close,28,19,0.6786,17,11,0.6471,11,8,0.7273,False
alt_plus,ge4_unopened_tn5+tn10,hold_flat,28,19,0.6786,17,11,0.6471,11,8,0.7273,False
alt_plus,ge4_unopened_tn5+tn10,hold_touch3,28,18,0.6429,17,10,0.5882,11,8,0.7273,False
alt_plus,ge4_unopened_tn5+tn10,open_up,25,10,0.4000,16,7,0.4375,9,3,0.3333,False
alt_plus,ge4_unopened_tn5+tn10,open_flat,25,16,0.6400,16,10,0.6250,9,6,0.6667,False
alt_plus,ge4_unopened_tn5+tn10,touch3,25,15,0.6000,16,9,0.5625,9,6,0.6667,False
alt_plus,ge4_unopened_tn5+tn10,hold_3d,27,17,0.6296,16,10,0.6250,11,7,0.6364,False
alt_plus,ge4_unopened_tn5+unopened,maxc3,44,35,0.7955,27,21,0.7778,17,14,0.8235,False
alt_plus,ge4_unopened_tn5+unopened,hold_close,44,30,0.6818,27,18,0.6667,17,12,0.7059,False
alt_plus,ge4_unopened_tn5+unopened,hold_flat,44,30,0.6818,27,18,0.6667,17,12,0.7059,False
alt_plus,ge4_unopened_tn5+unopened,hold_touch3,44,31,0.7045,27,19,0.7037,17,12,0.7059,False
alt_plus,ge4_unopened_tn5+unopened,open_up,41,15,0.3659,26,10,0.3846,15,5,0.3333,False
alt_plus,ge4_unopened_tn5+unopened,open_flat,41,23,0.5610,26,14,0.5385,15,9,0.6000,False
alt_plus,ge4_unopened_tn5+unopened,touch3,41,28,0.6829,26,18,0.6923,15,10,0.6667,False
alt_plus,ge4_unopened_tn5+unopened,hold_3d,43,29,0.6744,26,17,0.6538,17,12,0.7059,False
alt_plus,ge4_unopened_tn5+opened,maxc3,0,0,,0,0,,0,0,,False
alt_plus,ge4_unopened_tn5+opened,hold_close,0,0,,0,0,,0,0,,False
alt_plus,ge4_unopened_tn5+opened,hold_flat,0,0,,0,0,,0,0,,False
alt_plus,ge4_unopened_tn5+opened,hold_touch3,0,0,,0,0,,0,0,,False
alt_plus,ge4_unopened_tn5+opened,open_up,0,0,,0,0,,0,0,,False
alt_plus,ge4_unopened_tn5+opened,open_flat,0,0,,0,0,,0,0,,False
alt_plus,ge4_unopened_tn5+opened,touch3,0,0,,0,0,,0,0,,False
alt_plus,ge4_unopened_tn5+opened,hold_3d,0,0,,0,0,,0,0,,False
alt_plus,ge4_unopened_tn5+early,maxc3,36,29,0.8056,22,18,0.8182,14,11,0.7857,False
alt_plus,ge4_unopened_tn5+early,hold_close,36,26,0.7222,22,17,0.7727,14,9,0.6429,False
alt_plus,ge4_unopened_tn5+early,hold_flat,36,26,0.7222,22,17,0.7727,14,9,0.6429,False
alt_plus,ge4_unopened_tn5+early,hold_touch3,36,27,0.7500,22,16,0.7273,14,11,0.7857,False
alt_plus,ge4_unopened_tn5+early,open_up,33,12,0.3636,21,8,0.3810,12,4,0.3333,False
alt_plus,ge4_unopened_tn5+early,open_flat,33,19,0.5758,21,11,0.5238,12,8,0.6667,False
alt_plus,ge4_unopened_tn5+early,touch3,33,24,0.7273,21,15,0.7143,12,9,0.7500,False
alt_plus,ge4_unopened_tn5+early,hold_3d,35,24,0.6857,21,14,0.6667,14,10,0.7143,False
alt_plus,ge4_unopened_tn5+not_early,maxc3,8,6,0.7500,5,3,0.6000,3,3,1.0000,False
alt_plus,ge4_unopened_tn5+not_early,hold_close,8,4,0.5000,5,1,0.2000,3,3,1.0000,False
alt_plus,ge4_unopened_tn5+not_early,hold_flat,8,4,0.5000,5,1,0.2000,3,3,1.0000,False
alt_plus,ge4_unopened_tn5+not_early,hold_touch3,8,4,0.5000,5,3,0.6000,3,1,0.3333,False
alt_plus,ge4_unopened_tn5+not_early,open_up,8,3,0.3750,5,2,0.4000,3,1,0.3333,False
alt_plus,ge4_unopened_tn5+not_early,open_flat,8,4,0.5000,5,3,0.6000,3,1,0.3333,False
alt_plus,ge4_unopened_tn5+not_early,touch3,8,4,0.5000,5,3,0.6000,3,1,0.3333,False
alt_plus,ge4_unopened_tn5+not_early,hold_3d,8,5,0.6250,5,3,0.6000,3,2,0.6667,False
alt_plus,ge4_unopened_tn5+suc8,maxc3,25,20,0.8000,15,12,0.8000,10,8,0.8000,False
alt_plus,ge4_unopened_tn5+suc8,hold_close,25,19,0.7600,15,12,0.8000,10,7,0.7000,False
alt_plus,ge4_unopened_tn5+suc8,hold_flat,25,19,0.7600,15,12,0.8000,10,7,0.7000,False
alt_plus,ge4_unopened_tn5+suc8,hold_touch3,25,19,0.7600,15,11,0.7333,10,8,0.8000,False
alt_plus,ge4_unopened_tn5+suc8,open_up,22,6,0.2727,14,4,0.2857,8,2,0.2500,False
alt_plus,ge4_unopened_tn5+suc8,open_flat,22,12,0.5455,14,7,0.5000,8,5,0.6250,False
alt_plus,ge4_unopened_tn5+suc8,touch3,22,16,0.7273,14,10,0.7143,8,6,0.7500,False
alt_plus,ge4_unopened_tn5+suc8,hold_3d,25,18,0.7200,15,11,0.7333,10,7,0.7000,False
alt_plus,ge4_unopened_tn5+newh,maxc3,21,15,0.7143,8,4,0.5000,13,11,0.8462,False
alt_plus,ge4_unopened_tn5+newh,hold_close,21,13,0.6190,8,4,0.5000,13,9,0.6923,False
alt_plus,ge4_unopened_tn5+newh,hold_flat,21,13,0.6190,8,4,0.5000,13,9,0.6923,False
alt_plus,ge4_unopened_tn5+newh,hold_touch3,21,14,0.6667,8,4,0.5000,13,10,0.7692,False
alt_plus,ge4_unopened_tn5+newh,open_up,19,5,0.2632,8,2,0.2500,11,3,0.2727,False
alt_plus,ge4_unopened_tn5+newh,open_flat,19,7,0.3684,8,2,0.2500,11,5,0.4545,False
alt_plus,ge4_unopened_tn5+newh,touch3,19,12,0.6316,8,4,0.5000,11,8,0.7273,False
alt_plus,ge4_unopened_tn5+newh,hold_3d,21,13,0.6190,8,3,0.3750,13,10,0.7692,False
alt_plus,ge4_unopened_tn5+sub,maxc3,5,5,1.0000,5,5,1.0000,0,0,,False
alt_plus,ge4_unopened_tn5+sub,hold_close,5,5,1.0000,5,5,1.0000,0,0,,False
alt_plus,ge4_unopened_tn5+sub,hold_flat,5,5,1.0000,5,5,1.0000,0,0,,False
alt_plus,ge4_unopened_tn5+sub,hold_touch3,5,3,0.6000,5,3,0.6000,0,0,,False
alt_plus,ge4_unopened_tn5+sub,open_up,5,3,0.6000,5,3,0.6000,0,0,,False
alt_plus,ge4_unopened_tn5+sub,open_flat,5,3,0.6000,5,3,0.6000,0,0,,False
alt_plus,ge4_unopened_tn5+sub,touch3,5,3,0.6000,5,3,0.6000,0,0,,False
alt_plus,ge4_unopened_tn5+sub,hold_3d,4,3,0.7500,4,3,0.7500,0,0,,False
alt_plus,ge4_unopened_tn5+mid,maxc3,0,0,,0,0,,0,0,,False
alt_plus,ge4_unopened_tn5+mid,hold_close,0,0,,0,0,,0,0,,False
alt_plus,ge4_unopened_tn5+mid,hold_flat,0,0,,0,0,,0,0,,False
alt_plus,ge4_unopened_tn5+mid,hold_touch3,0,0,,0,0,,0,0,,False
alt_plus,ge4_unopened_tn5+mid,open_up,0,0,,0,0,,0,0,,False
alt_plus,ge4_unopened_tn5+mid,open_flat,0,0,,0,0,,0,0,,False
alt_plus,ge4_unopened_tn5+mid,touch3,0,0,,0,0,,0,0,,False
alt_plus,ge4_unopened_tn5+mid,hold_3d,0,0,,0,0,,0,0,,False
alt_plus,ge4_unopened_tn5+fanbao,maxc3,3,2,0.6667,0,0,,3,2,0.6667,False
alt_plus,ge4_unopened_tn5+fanbao,hold_close,3,2,0.6667,0,0,,3,2,0.6667,False
alt_plus,ge4_unopened_tn5+fanbao,hold_flat,3,2,0.6667,0,0,,3,2,0.6667,False
alt_plus,ge4_unopened_tn5+fanbao,hold_touch3,3,3,1.0000,0,0,,3,3,1.0000,False
alt_plus,ge4_unopened_tn5+fanbao,open_up,2,0,0.0000,0,0,,2,0,0.0000,False
alt_plus,ge4_unopened_tn5+fanbao,open_flat,2,1,0.5000,0,0,,2,1,0.5000,False
alt_plus,ge4_unopened_tn5+fanbao,touch3,2,2,1.0000,0,0,,2,2,1.0000,False
alt_plus,ge4_unopened_tn5+fanbao,hold_3d,3,2,0.6667,0,0,,3,2,0.6667,False
alt_plus,ge4_unopened_tn5+not_fanbao,maxc3,41,33,0.8049,27,21,0.7778,14,12,0.8571,False
alt_plus,ge4_unopened_tn5+not_fanbao,hold_close,41,28,0.6829,27,18,0.6667,14,10,0.7143,False
alt_plus,ge4_unopened_tn5+not_fanbao,hold_flat,41,28,0.6829,27,18,0.6667,14,10,0.7143,False
alt_plus,ge4_unopened_tn5+not_fanbao,hold_touch3,41,28,0.6829,27,19,0.7037,14,9,0.6429,False
alt_plus,ge4_unopened_tn5+not_fanbao,open_up,39,15,0.3846,26,10,0.3846,13,5,0.3846,False
alt_plus,ge4_unopened_tn5+not_fanbao,open_flat,39,22,0.5641,26,14,0.5385,13,8,0.6154,False
alt_plus,ge4_unopened_tn5+not_fanbao,touch3,39,26,0.6667,26,18,0.6923,13,8,0.6154,False
alt_plus,ge4_unopened_tn5+not_fanbao,hold_3d,40,27,0.6750,26,17,0.6538,14,10,0.7143,False
alt_plus,ge4_unopened_tn5+stock_unbroken,maxc3,38,31,0.8158,24,19,0.7917,14,12,0.8571,False
alt_plus,ge4_unopened_tn5+stock_unbroken,hold_close,38,26,0.6842,24,16,0.6667,14,10,0.7143,False
alt_plus,ge4_unopened_tn5+stock_unbroken,hold_flat,38,26,0.6842,24,16,0.6667,14,10,0.7143,False
alt_plus,ge4_unopened_tn5+stock_unbroken,hold_touch3,38,27,0.7105,24,18,0.7500,14,9,0.6429,False
alt_plus,ge4_unopened_tn5+stock_unbroken,open_up,36,14,0.3889,23,9,0.3913,13,5,0.3846,False
alt_plus,ge4_unopened_tn5+stock_unbroken,open_flat,36,21,0.5833,23,13,0.5652,13,8,0.6154,False
alt_plus,ge4_unopened_tn5+stock_unbroken,touch3,36,25,0.6944,23,17,0.7391,13,8,0.6154,False
alt_plus,ge4_unopened_tn5+stock_unbroken,hold_3d,37,27,0.7297,23,17,0.7391,14,10,0.7143,False
alt_plus,ge4_unopened_tn5+stock_broken,maxc3,6,4,0.6667,3,2,0.6667,3,2,0.6667,False
alt_plus,ge4_unopened_tn5+stock_broken,hold_close,6,4,0.6667,3,2,0.6667,3,2,0.6667,False
alt_plus,ge4_unopened_tn5+stock_broken,hold_flat,6,4,0.6667,3,2,0.6667,3,2,0.6667,False
alt_plus,ge4_unopened_tn5+stock_broken,hold_touch3,6,4,0.6667,3,1,0.3333,3,3,1.0000,False
alt_plus,ge4_unopened_tn5+stock_broken,open_up,5,1,0.2000,3,1,0.3333,2,0,0.0000,False
alt_plus,ge4_unopened_tn5+stock_broken,open_flat,5,2,0.4000,3,1,0.3333,2,1,0.5000,False
alt_plus,ge4_unopened_tn5+stock_broken,touch3,5,3,0.6000,3,1,0.3333,2,2,1.0000,False
alt_plus,ge4_unopened_tn5+stock_broken,hold_3d,6,2,0.3333,3,0,0.0000,3,2,0.6667,False
alt_plus,ge4_unopened_tn5+eqH,maxc3,21,15,0.7143,8,4,0.5000,13,11,0.8462,False
alt_plus,ge4_unopened_tn5+eqH,hold_close,21,13,0.6190,8,4,0.5000,13,9,0.6923,False
alt_plus,ge4_unopened_tn5+eqH,hold_flat,21,13,0.6190,8,4,0.5000,13,9,0.6923,False
alt_plus,ge4_unopened_tn5+eqH,hold_touch3,21,14,0.6667,8,4,0.5000,13,10,0.7692,False
alt_plus,ge4_unopened_tn5+eqH,open_up,19,5,0.2632,8,2,0.2500,11,3,0.2727,False
alt_plus,ge4_unopened_tn5+eqH,open_flat,19,7,0.3684,8,2,0.2500,11,5,0.4545,False
alt_plus,ge4_unopened_tn5+eqH,touch3,19,12,0.6316,8,4,0.5000,11,8,0.7273,False
alt_plus,ge4_unopened_tn5+eqH,hold_3d,21,13,0.6190,8,3,0.3750,13,10,0.7692,False
alt_plus,ge4_unopened_tn5+eqHm1,maxc3,5,5,1.0000,5,5,1.0000,0,0,,False
alt_plus,ge4_unopened_tn5+eqHm1,hold_close,5,5,1.0000,5,5,1.0000,0,0,,False
alt_plus,ge4_unopened_tn5+eqHm1,hold_flat,5,5,1.0000,5,5,1.0000,0,0,,False
alt_plus,ge4_unopened_tn5+eqHm1,hold_touch3,5,3,0.6000,5,3,0.6000,0,0,,False
alt_plus,ge4_unopened_tn5+eqHm1,open_up,5,3,0.6000,5,3,0.6000,0,0,,False
alt_plus,ge4_unopened_tn5+eqHm1,open_flat,5,3,0.6000,5,3,0.6000,0,0,,False
alt_plus,ge4_unopened_tn5+eqHm1,touch3,5,3,0.6000,5,3,0.6000,0,0,,False
alt_plus,ge4_unopened_tn5+eqHm1,hold_3d,4,3,0.7500,4,3,0.7500,0,0,,False
alt_plus,ge4_unopened_tn5+belowH,maxc3,23,20,0.8696,19,17,0.8947,4,3,0.7500,False
alt_plus,ge4_unopened_tn5+belowH,hold_close,23,17,0.7391,19,14,0.7368,4,3,0.7500,False
alt_plus,ge4_unopened_tn5+belowH,hold_flat,23,17,0.7391,19,14,0.7368,4,3,0.7500,False
alt_plus,ge4_unopened_tn5+belowH,hold_touch3,23,17,0.7391,19,15,0.7895,4,2,0.5000,False
alt_plus,ge4_unopened_tn5+belowH,open_up,22,10,0.4545,18,8,0.4444,4,2,0.5000,False
alt_plus,ge4_unopened_tn5+belowH,open_flat,22,16,0.7273,18,12,0.6667,4,4,1.0000,False
alt_plus,ge4_unopened_tn5+belowH,touch3,22,16,0.7273,18,14,0.7778,4,2,0.5000,False
alt_plus,ge4_unopened_tn5+belowH,hold_3d,22,16,0.7273,18,14,0.7778,4,2,0.5000,False
alt_plus,ge4_unopened_tn5+ge5,maxc3,17,13,0.7647,12,9,0.7500,5,4,0.8000,False
alt_plus,ge4_unopened_tn5+ge5,hold_close,17,12,0.7059,12,9,0.7500,5,3,0.6000,False
alt_plus,ge4_unopened_tn5+ge5,hold_flat,17,12,0.7059,12,9,0.7500,5,3,0.6000,False
alt_plus,ge4_unopened_tn5+ge5,hold_touch3,17,13,0.7647,12,8,0.6667,5,5,1.0000,False
alt_plus,ge4_unopened_tn5+ge5,open_up,16,7,0.4375,11,4,0.3636,5,3,0.6000,False
alt_plus,ge4_unopened_tn5+ge5,open_flat,16,10,0.6250,11,7,0.6364,5,3,0.6000,False
alt_plus,ge4_unopened_tn5+ge5,touch3,16,12,0.7500,11,7,0.6364,5,5,1.0000,False
alt_plus,ge4_unopened_tn5+ge5,hold_3d,17,12,0.7059,12,8,0.6667,5,4,0.8000,False
alt_plus,ge4_unopened_tn5+eq4,maxc3,27,22,0.8148,15,12,0.8000,12,10,0.8333,False
alt_plus,ge4_unopened_tn5+eq4,hold_close,27,18,0.6667,15,9,0.6000,12,9,0.7500,False
alt_plus,ge4_unopened_tn5+eq4,hold_flat,27,18,0.6667,15,9,0.6000,12,9,0.7500,False
alt_plus,ge4_unopened_tn5+eq4,hold_touch3,27,18,0.6667,15,11,0.7333,12,7,0.5833,False
alt_plus,ge4_unopened_tn5+eq4,open_up,25,8,0.3200,15,6,0.4000,10,2,0.2000,False
alt_plus,ge4_unopened_tn5+eq4,open_flat,25,13,0.5200,15,7,0.4667,10,6,0.6000,False
alt_plus,ge4_unopened_tn5+eq4,touch3,25,16,0.6400,15,11,0.7333,10,5,0.5000,False
alt_plus,ge4_unopened_tn5+eq4,hold_3d,26,17,0.6538,14,9,0.6429,12,8,0.6667,False
alt_plus,ge4_unopened_tn5+amt_mid,maxc3,9,6,0.6667,2,1,0.5000,7,5,0.7143,False
alt_plus,ge4_unopened_tn5+amt_mid,hold_close,9,6,0.6667,2,1,0.5000,7,5,0.7143,False
alt_plus,ge4_unopened_tn5+amt_mid,hold_flat,9,6,0.6667,2,1,0.5000,7,5,0.7143,False
alt_plus,ge4_unopened_tn5+amt_mid,hold_touch3,9,7,0.7778,2,1,0.5000,7,6,0.8571,False
alt_plus,ge4_unopened_tn5+amt_mid,open_up,8,2,0.2500,2,0,0.0000,6,2,0.3333,False
alt_plus,ge4_unopened_tn5+amt_mid,open_flat,8,6,0.7500,2,1,0.5000,6,5,0.8333,False
alt_plus,ge4_unopened_tn5+amt_mid,touch3,8,6,0.7500,2,1,0.5000,6,5,0.8333,False
alt_plus,ge4_unopened_tn5+amt_mid,hold_3d,9,6,0.6667,2,1,0.5000,7,5,0.7143,False
alt_plus,ge4_unopened_tn5+turn_mid,maxc3,31,25,0.8065,17,14,0.8235,14,11,0.7857,False
alt_plus,ge4_unopened_tn5+turn_mid,hold_close,31,23,0.7419,17,14,0.8235,14,9,0.6429,False
alt_plus,ge4_unopened_tn5+turn_mid,hold_flat,31,23,0.7419,17,14,0.8235,14,9,0.6429,False
alt_plus,ge4_unopened_tn5+turn_mid,hold_touch3,31,21,0.6774,17,11,0.6471,14,10,0.7143,False
alt_plus,ge4_unopened_tn5+turn_mid,open_up,28,8,0.2857,16,5,0.3125,12,3,0.2500,False
alt_plus,ge4_unopened_tn5+turn_mid,open_flat,28,14,0.5000,16,8,0.5000,12,6,0.5000,False
alt_plus,ge4_unopened_tn5+turn_mid,touch3,28,18,0.6429,16,10,0.6250,12,8,0.6667,False
alt_plus,ge4_unopened_tn5+turn_mid,hold_3d,30,20,0.6667,16,10,0.6250,14,10,0.7143,False
alt_plus,ge4_unopened_tn5+circ_mid,maxc3,31,25,0.8065,21,17,0.8095,10,8,0.8000,False
alt_plus,ge4_unopened_tn5+circ_mid,hold_close,31,23,0.7419,21,16,0.7619,10,7,0.7000,False
alt_plus,ge4_unopened_tn5+circ_mid,hold_flat,31,23,0.7419,21,16,0.7619,10,7,0.7000,False
alt_plus,ge4_unopened_tn5+circ_mid,hold_touch3,31,25,0.8065,21,16,0.7619,10,9,0.9000,False
alt_plus,ge4_unopened_tn5+circ_mid,open_up,29,10,0.3448,20,6,0.3000,9,4,0.4444,False
alt_plus,ge4_unopened_tn5+circ_mid,open_flat,29,16,0.5517,20,10,0.5000,9,6,0.6667,False
alt_plus,ge4_unopened_tn5+circ_mid,touch3,29,23,0.7931,20,15,0.7500,9,8,0.8889,False
alt_plus,ge4_unopened_tn5+circ_mid,hold_3d,31,23,0.7419,21,15,0.7143,10,8,0.8000,False
alt_plus,ge4_unopened_tn5+huanshou,maxc3,37,30,0.8108,23,17,0.7391,14,13,0.9286,False
alt_plus,ge4_unopened_tn5+huanshou,hold_close,37,25,0.6757,23,14,0.6087,14,11,0.7857,False
alt_plus,ge4_unopened_tn5+huanshou,hold_flat,37,25,0.6757,23,14,0.6087,14,11,0.7857,False
alt_plus,ge4_unopened_tn5+huanshou,hold_touch3,37,25,0.6757,23,15,0.6522,14,10,0.7143,False
alt_plus,ge4_unopened_tn5+huanshou,open_up,36,14,0.3889,23,9,0.3913,13,5,0.3846,False
alt_plus,ge4_unopened_tn5+huanshou,open_flat,36,19,0.5278,23,11,0.4783,13,8,0.6154,False
alt_plus,ge4_unopened_tn5+huanshou,touch3,36,24,0.6667,23,15,0.6522,13,9,0.6923,False
alt_plus,ge4_unopened_tn5+huanshou,hold_3d,36,24,0.6667,22,13,0.5909,14,11,0.7857,False
alt_plus,ge4_unopened_tn5+intact_unopened,maxc3,30,24,0.8000,17,13,0.7647,13,11,0.8462,False
alt_plus,ge4_unopened_tn5+intact_unopened,hold_close,30,20,0.6667,17,11,0.6471,13,9,0.6923,False
alt_plus,ge4_unopened_tn5+intact_unopened,hold_flat,30,20,0.6667,17,11,0.6471,13,9,0.6923,False
alt_plus,ge4_unopened_tn5+intact_unopened,hold_touch3,30,22,0.7333,17,13,0.7647,13,9,0.6923,False
alt_plus,ge4_unopened_tn5+intact_unopened,open_up,28,9,0.3214,16,4,0.2500,12,5,0.4167,False
alt_plus,ge4_unopened_tn5+intact_unopened,open_flat,28,16,0.5714,16,8,0.5000,12,8,0.6667,False
alt_plus,ge4_unopened_tn5+intact_unopened,touch3,28,20,0.7143,16,12,0.7500,12,8,0.6667,False
alt_plus,ge4_unopened_tn5+intact_unopened,hold_3d,30,20,0.6667,17,11,0.6471,13,9,0.6923,False
alt_plus,ge4_unopened_tn5+intact_tn8,maxc3,23,19,0.8261,13,10,0.7692,10,9,0.9000,False
alt_plus,ge4_unopened_tn5+intact_tn8,hold_close,23,16,0.6957,13,8,0.6154,10,8,0.8000,False
alt_plus,ge4_unopened_tn5+intact_tn8,hold_flat,23,16,0.6957,13,8,0.6154,10,8,0.8000,False
alt_plus,ge4_unopened_tn5+intact_tn8,hold_touch3,23,16,0.6957,13,9,0.6923,10,7,0.7000,False
alt_plus,ge4_unopened_tn5+intact_tn8,open_up,21,8,0.3810,12,3,0.2500,9,5,0.5556,False
alt_plus,ge4_unopened_tn5+intact_tn8,open_flat,21,13,0.6190,12,6,0.5000,9,7,0.7778,False
alt_plus,ge4_unopened_tn5+intact_tn8,touch3,21,14,0.6667,12,8,0.6667,9,6,0.6667,False
alt_plus,ge4_unopened_tn5+intact_tn8,hold_3d,23,16,0.6957,13,9,0.6923,10,7,0.7000,False
alt_plus,ge4_unopened_tn5+unopened_tn8,maxc3,36,29,0.8056,22,17,0.7727,14,12,0.8571,False
alt_plus,ge4_unopened_tn5+unopened_tn8,hold_close,36,25,0.6944,22,14,0.6364,14,11,0.7857,False
alt_plus,ge4_unopened_tn5+unopened_tn8,hold_flat,36,25,0.6944,22,14,0.6364,14,11,0.7857,False
alt_plus,ge4_unopened_tn5+unopened_tn8,hold_touch3,36,24,0.6667,22,14,0.6364,14,10,0.7143,False
alt_plus,ge4_unopened_tn5+unopened_tn8,open_up,33,14,0.4242,21,9,0.4286,12,5,0.4167,False
alt_plus,ge4_unopened_tn5+unopened_tn8,open_flat,33,20,0.6061,21,12,0.5714,12,8,0.6667,False
alt_plus,ge4_unopened_tn5+unopened_tn8,touch3,33,21,0.6364,21,13,0.6190,12,8,0.6667,False
alt_plus,ge4_unopened_tn5+unopened_tn8,hold_3d,35,24,0.6857,21,14,0.6667,14,10,0.7143,False
alt_plus,ge4_unopened_tn5+unopened_seal03,maxc3,10,8,0.8000,5,4,0.8000,5,4,0.8000,False
alt_plus,ge4_unopened_tn5+unopened_seal03,hold_close,10,7,0.7000,5,4,0.8000,5,3,0.6000,False
alt_plus,ge4_unopened_tn5+unopened_seal03,hold_flat,10,7,0.7000,5,4,0.8000,5,3,0.6000,False
alt_plus,ge4_unopened_tn5+unopened_seal03,hold_touch3,10,7,0.7000,5,4,0.8000,5,3,0.6000,False
alt_plus,ge4_unopened_tn5+unopened_seal03,open_up,9,3,0.3333,4,2,0.5000,5,1,0.2000,False
alt_plus,ge4_unopened_tn5+unopened_seal03,open_flat,9,7,0.7778,4,3,0.7500,5,4,0.8000,False
alt_plus,ge4_unopened_tn5+unopened_seal03,touch3,9,6,0.6667,4,3,0.7500,5,3,0.6000,False
alt_plus,ge4_unopened_tn5+unopened_seal03,hold_3d,10,8,0.8000,5,4,0.8000,5,4,0.8000,False
alt_plus,ge4_unopened_tn5+intact_seal03,maxc3,9,7,0.7778,4,3,0.7500,5,4,0.8000,False
alt_plus,ge4_unopened_tn5+intact_seal03,hold_close,9,6,0.6667,4,3,0.7500,5,3,0.6000,False
alt_plus,ge4_unopened_tn5+intact_seal03,hold_flat,9,6,0.6667,4,3,0.7500,5,3,0.6000,False
alt_plus,ge4_unopened_tn5+intact_seal03,hold_touch3,9,6,0.6667,4,3,0.7500,5,3,0.6000,False
alt_plus,ge4_unopened_tn5+intact_seal03,open_up,8,2,0.2500,3,1,0.3333,5,1,0.2000,False
alt_plus,ge4_unopened_tn5+intact_seal03,open_flat,8,6,0.7500,3,2,0.6667,5,4,0.8000,False
alt_plus,ge4_unopened_tn5+intact_seal03,touch3,8,5,0.6250,3,2,0.6667,5,3,0.6000,False
alt_plus,ge4_unopened_tn5+intact_seal03,hold_3d,9,7,0.7778,4,3,0.7500,5,4,0.8000,False
alt_plus,ge4_unopened_tn5+stock_unbroken_unopened,maxc3,38,31,0.8158,24,19,0.7917,14,12,0.8571,False
alt_plus,ge4_unopened_tn5+stock_unbroken_unopened,hold_close,38,26,0.6842,24,16,0.6667,14,10,0.7143,False
alt_plus,ge4_unopened_tn5+stock_unbroken_unopened,hold_flat,38,26,0.6842,24,16,0.6667,14,10,0.7143,False
alt_plus,ge4_unopened_tn5+stock_unbroken_unopened,hold_touch3,38,27,0.7105,24,18,0.7500,14,9,0.6429,False
alt_plus,ge4_unopened_tn5+stock_unbroken_unopened,open_up,36,14,0.3889,23,9,0.3913,13,5,0.3846,False
alt_plus,ge4_unopened_tn5+stock_unbroken_unopened,open_flat,36,21,0.5833,23,13,0.5652,13,8,0.6154,False
alt_plus,ge4_unopened_tn5+stock_unbroken_unopened,touch3,36,25,0.6944,23,17,0.7391,13,8,0.6154,False
alt_plus,ge4_unopened_tn5+stock_unbroken_unopened,hold_3d,37,27,0.7297,23,17,0.7391,14,10,0.7143,False
alt_plus,ge4_unopened_tn5+stock_unbroken_tn8,maxc3,32,26,0.8125,20,16,0.8000,12,10,0.8333,False
alt_plus,ge4_unopened_tn5+stock_unbroken_tn8,hold_close,32,22,0.6875,20,13,0.6500,12,9,0.7500,False
alt_plus,ge4_unopened_tn5+stock_unbroken_tn8,hold_flat,32,22,0.6875,20,13,0.6500,12,9,0.7500,False
alt_plus,ge4_unopened_tn5+stock_unbroken_tn8,hold_touch3,32,22,0.6875,20,14,0.7000,12,8,0.6667,False
alt_plus,ge4_unopened_tn5+stock_unbroken_tn8,open_up,30,13,0.4333,19,8,0.4211,11,5,0.4545,False
alt_plus,ge4_unopened_tn5+stock_unbroken_tn8,open_flat,30,18,0.6000,19,11,0.5789,11,7,0.6364,False
alt_plus,ge4_unopened_tn5+stock_unbroken_tn8,touch3,30,20,0.6667,19,13,0.6842,11,7,0.6364,False
alt_plus,ge4_unopened_tn5+stock_unbroken_tn8,hold_3d,31,22,0.7097,19,14,0.7368,12,8,0.6667,False
alt_plus,ge4_unopened_tn5+early_unopened,maxc3,36,29,0.8056,22,18,0.8182,14,11,0.7857,False
alt_plus,ge4_unopened_tn5+early_unopened,hold_close,36,26,0.7222,22,17,0.7727,14,9,0.6429,False
alt_plus,ge4_unopened_tn5+early_unopened,hold_flat,36,26,0.7222,22,17,0.7727,14,9,0.6429,False
alt_plus,ge4_unopened_tn5+early_unopened,hold_touch3,36,27,0.7500,22,16,0.7273,14,11,0.7857,False
alt_plus,ge4_unopened_tn5+early_unopened,open_up,33,12,0.3636,21,8,0.3810,12,4,0.3333,False
alt_plus,ge4_unopened_tn5+early_unopened,open_flat,33,19,0.5758,21,11,0.5238,12,8,0.6667,False
alt_plus,ge4_unopened_tn5+early_unopened,touch3,33,24,0.7273,21,15,0.7143,12,9,0.7500,False
alt_plus,ge4_unopened_tn5+early_unopened,hold_3d,35,24,0.6857,21,14,0.6667,14,10,0.7143,False
alt_plus,ge4_unopened_tn5+ge4_tn8_unopened,maxc3,36,29,0.8056,22,17,0.7727,14,12,0.8571,False
alt_plus,ge4_unopened_tn5+ge4_tn8_unopened,hold_close,36,25,0.6944,22,14,0.6364,14,11,0.7857,False
alt_plus,ge4_unopened_tn5+ge4_tn8_unopened,hold_flat,36,25,0.6944,22,14,0.6364,14,11,0.7857,False
alt_plus,ge4_unopened_tn5+ge4_tn8_unopened,hold_touch3,36,24,0.6667,22,14,0.6364,14,10,0.7143,False
alt_plus,ge4_unopened_tn5+ge4_tn8_unopened,open_up,33,14,0.4242,21,9,0.4286,12,5,0.4167,False
alt_plus,ge4_unopened_tn5+ge4_tn8_unopened,open_flat,33,20,0.6061,21,12,0.5714,12,8,0.6667,False
alt_plus,ge4_unopened_tn5+ge4_tn8_unopened,touch3,33,21,0.6364,21,13,0.6190,12,8,0.6667,False
alt_plus,ge4_unopened_tn5+ge4_tn8_unopened,hold_3d,35,24,0.6857,21,14,0.6667,14,10,0.7143,False
alt_base,ge4_unbroken_tn5,maxc3,139,97,0.6978,80,53,0.6625,59,44,0.7458,False
alt_base,ge4_unbroken_tn5,hold_close,139,86,0.6187,80,47,0.5875,59,39,0.6610,False
alt_base,ge4_unbroken_tn5,hold_flat,139,86,0.6187,80,47,0.5875,59,39,0.6610,False
alt_base,ge4_unbroken_tn5,hold_touch3,139,82,0.5899,80,48,0.6000,59,34,0.5763,False
alt_base,ge4_unbroken_tn5,open_up,131,55,0.4198,75,28,0.3733,56,27,0.4821,False
alt_base,ge4_unbroken_tn5,open_flat,131,75,0.5725,75,42,0.5600,56,33,0.5893,False
alt_base,ge4_unbroken_tn5,touch3,131,75,0.5725,75,44,0.5867,56,31,0.5536,False
alt_base,ge4_unbroken_tn5,hold_3d,132,66,0.5000,76,37,0.4868,56,29,0.5179,False
alt_plus,ge4_unbroken_tn5+intact,maxc3,92,63,0.6848,50,32,0.6400,42,31,0.7381,False
alt_plus,ge4_unbroken_tn5+intact,hold_close,92,56,0.6087,50,29,0.5800,42,27,0.6429,False
alt_plus,ge4_unbroken_tn5+intact,hold_flat,92,56,0.6087,50,29,0.5800,42,27,0.6429,False
alt_plus,ge4_unbroken_tn5+intact,hold_touch3,92,54,0.5870,50,28,0.5600,42,26,0.6190,False
alt_plus,ge4_unbroken_tn5+intact,open_up,87,37,0.4253,46,17,0.3696,41,20,0.4878,False
alt_plus,ge4_unbroken_tn5+intact,open_flat,87,50,0.5747,46,26,0.5652,41,24,0.5854,False
alt_plus,ge4_unbroken_tn5+intact,touch3,87,50,0.5747,46,25,0.5435,41,25,0.6098,False
alt_plus,ge4_unbroken_tn5+intact,hold_3d,87,45,0.5172,48,24,0.5000,39,21,0.5385,False
alt_plus,ge4_unbroken_tn5+absent,maxc3,47,34,0.7234,30,21,0.7000,17,13,0.7647,False
alt_plus,ge4_unbroken_tn5+absent,hold_close,47,30,0.6383,30,18,0.6000,17,12,0.7059,False
alt_plus,ge4_unbroken_tn5+absent,hold_flat,47,30,0.6383,30,18,0.6000,17,12,0.7059,False
alt_plus,ge4_unbroken_tn5+absent,hold_touch3,47,28,0.5957,30,20,0.6667,17,8,0.4706,False
alt_plus,ge4_unbroken_tn5+absent,open_up,44,18,0.4091,29,11,0.3793,15,7,0.4667,False
alt_plus,ge4_unbroken_tn5+absent,open_flat,44,25,0.5682,29,16,0.5517,15,9,0.6000,False
alt_plus,ge4_unbroken_tn5+absent,touch3,44,25,0.5682,29,19,0.6552,15,6,0.4000,False
alt_plus,ge4_unbroken_tn5+absent,hold_3d,45,21,0.4667,28,13,0.4643,17,8,0.4706,False
alt_plus,ge4_unbroken_tn5+drop,maxc3,31,24,0.7742,21,16,0.7619,10,8,0.8000,False
alt_plus,ge4_unbroken_tn5+drop,hold_close,31,21,0.6774,21,14,0.6667,10,7,0.7000,False
alt_plus,ge4_unbroken_tn5+drop,hold_flat,31,21,0.6774,21,14,0.6667,10,7,0.7000,False
alt_plus,ge4_unbroken_tn5+drop,hold_touch3,31,18,0.5806,21,14,0.6667,10,4,0.4000,False
alt_plus,ge4_unbroken_tn5+drop,open_up,29,12,0.4138,20,9,0.4500,9,3,0.3333,False
alt_plus,ge4_unbroken_tn5+drop,open_flat,29,18,0.6207,20,13,0.6500,9,5,0.5556,False
alt_plus,ge4_unbroken_tn5+drop,touch3,29,16,0.5517,20,13,0.6500,9,3,0.3333,False
alt_plus,ge4_unbroken_tn5+drop,hold_3d,29,14,0.4828,19,9,0.4737,10,5,0.5000,False
alt_plus,ge4_unbroken_tn5+not_drop,maxc3,108,73,0.6759,59,37,0.6271,49,36,0.7347,False
alt_plus,ge4_unbroken_tn5+not_drop,hold_close,108,65,0.6019,59,33,0.5593,49,32,0.6531,False
alt_plus,ge4_unbroken_tn5+not_drop,hold_flat,108,65,0.6019,59,33,0.5593,49,32,0.6531,False
alt_plus,ge4_unbroken_tn5+not_drop,hold_touch3,108,64,0.5926,59,34,0.5763,49,30,0.6122,False
alt_plus,ge4_unbroken_tn5+not_drop,open_up,102,43,0.4216,55,19,0.3455,47,24,0.5106,False
alt_plus,ge4_unbroken_tn5+not_drop,open_flat,102,57,0.5588,55,29,0.5273,47,28,0.5957,False
alt_plus,ge4_unbroken_tn5+not_drop,touch3,102,59,0.5784,55,31,0.5636,47,28,0.5957,False
alt_plus,ge4_unbroken_tn5+not_drop,hold_3d,103,52,0.5049,57,28,0.4912,46,24,0.5217,False
alt_plus,ge4_unbroken_tn5+same_break,maxc3,8,4,0.5000,6,3,0.5000,2,1,0.5000,False
alt_plus,ge4_unbroken_tn5+same_break,hold_close,8,3,0.3750,6,3,0.5000,2,0,0.0000,False
alt_plus,ge4_unbroken_tn5+same_break,hold_flat,8,3,0.3750,6,3,0.5000,2,0,0.0000,False
alt_plus,ge4_unbroken_tn5+same_break,hold_touch3,8,3,0.3750,6,3,0.5000,2,0,0.0000,False
alt_plus,ge4_unbroken_tn5+same_break,open_up,8,2,0.2500,6,2,0.3333,2,0,0.0000,False
alt_plus,ge4_unbroken_tn5+same_break,open_flat,8,3,0.3750,6,3,0.5000,2,0,0.0000,False
alt_plus,ge4_unbroken_tn5+same_break,touch3,8,3,0.3750,6,3,0.5000,2,0,0.0000,False
alt_plus,ge4_unbroken_tn5+same_break,hold_3d,8,4,0.5000,6,3,0.5000,2,1,0.5000,False
alt_plus,ge4_unbroken_tn5+not_same,maxc3,131,93,0.7099,74,50,0.6757,57,43,0.7544,False
alt_plus,ge4_unbroken_tn5+not_same,hold_close,131,83,0.6336,74,44,0.5946,57,39,0.6842,False
alt_plus,ge4_unbroken_tn5+not_same,hold_flat,131,83,0.6336,74,44,0.5946,57,39,0.6842,False
alt_plus,ge4_unbroken_tn5+not_same,hold_touch3,131,79,0.6031,74,45,0.6081,57,34,0.5965,False
alt_plus,ge4_unbroken_tn5+not_same,open_up,123,53,0.4309,69,26,0.3768,54,27,0.5000,False
alt_plus,ge4_unbroken_tn5+not_same,open_flat,123,72,0.5854,69,39,0.5652,54,33,0.6111,False
alt_plus,ge4_unbroken_tn5+not_same,touch3,123,72,0.5854,69,41,0.5942,54,31,0.5741,False
alt_plus,ge4_unbroken_tn5+not_same,hold_3d,124,62,0.5000,70,34,0.4857,54,28,0.5185,False
alt_plus,ge4_unbroken_tn5+seal03,maxc3,16,12,0.7500,8,5,0.6250,8,7,0.8750,False
alt_plus,ge4_unbroken_tn5+seal03,hold_close,16,11,0.6875,8,5,0.6250,8,6,0.7500,False
alt_plus,ge4_unbroken_tn5+seal03,hold_flat,16,11,0.6875,8,5,0.6250,8,6,0.7500,False
alt_plus,ge4_unbroken_tn5+seal03,hold_touch3,16,12,0.7500,8,6,0.7500,8,6,0.7500,False
alt_plus,ge4_unbroken_tn5+seal03,open_up,13,5,0.3846,7,3,0.4286,6,2,0.3333,False
alt_plus,ge4_unbroken_tn5+seal03,open_flat,13,9,0.6923,7,4,0.5714,6,5,0.8333,False
alt_plus,ge4_unbroken_tn5+seal03,touch3,13,9,0.6923,7,5,0.7143,6,4,0.6667,False
alt_plus,ge4_unbroken_tn5+seal03,hold_3d,15,11,0.7333,8,5,0.6250,7,6,0.8571,False
alt_plus,ge4_unbroken_tn5+seal05,maxc3,8,4,0.5000,6,3,0.5000,2,1,0.5000,False
alt_plus,ge4_unbroken_tn5+seal05,hold_close,8,4,0.5000,6,3,0.5000,2,1,0.5000,False
alt_plus,ge4_unbroken_tn5+seal05,hold_flat,8,4,0.5000,6,3,0.5000,2,1,0.5000,False
alt_plus,ge4_unbroken_tn5+seal05,hold_touch3,8,5,0.6250,6,4,0.6667,2,1,0.5000,False
alt_plus,ge4_unbroken_tn5+seal05,open_up,8,3,0.3750,6,2,0.3333,2,1,0.5000,False
alt_plus,ge4_unbroken_tn5+seal05,open_flat,8,5,0.6250,6,3,0.5000,2,2,1.0000,False
alt_plus,ge4_unbroken_tn5+seal05,touch3,8,5,0.6250,6,4,0.6667,2,1,0.5000,False
alt_plus,ge4_unbroken_tn5+seal05,hold_3d,7,3,0.4286,6,3,0.5000,1,0,0.0000,False
alt_plus,ge4_unbroken_tn5+seal08,maxc3,2,0,0.0000,2,0,0.0000,0,0,,False
alt_plus,ge4_unbroken_tn5+seal08,hold_close,2,0,0.0000,2,0,0.0000,0,0,,False
alt_plus,ge4_unbroken_tn5+seal08,hold_flat,2,0,0.0000,2,0,0.0000,0,0,,False
alt_plus,ge4_unbroken_tn5+seal08,hold_touch3,2,1,0.5000,2,1,0.5000,0,0,,False
alt_plus,ge4_unbroken_tn5+seal08,open_up,2,0,0.0000,2,0,0.0000,0,0,,False
alt_plus,ge4_unbroken_tn5+seal08,open_flat,2,0,0.0000,2,0,0.0000,0,0,,False
alt_plus,ge4_unbroken_tn5+seal08,touch3,2,1,0.5000,2,1,0.5000,0,0,,False
alt_plus,ge4_unbroken_tn5+seal08,hold_3d,2,0,0.0000,2,0,0.0000,0,0,,False
alt_plus,ge4_unbroken_tn5+tn6,maxc3,111,81,0.7297,66,45,0.6818,45,36,0.8000,False
alt_plus,ge4_unbroken_tn5+tn6,hold_close,111,73,0.6577,66,41,0.6212,45,32,0.7111,False
alt_plus,ge4_unbroken_tn5+tn6,hold_flat,111,73,0.6577,66,41,0.6212,45,32,0.7111,False
alt_plus,ge4_unbroken_tn5+tn6,hold_touch3,111,66,0.5946,66,40,0.6061,45,26,0.5778,False
alt_plus,ge4_unbroken_tn5+tn6,open_up,104,45,0.4327,62,25,0.4032,42,20,0.4762,False
alt_plus,ge4_unbroken_tn5+tn6,open_flat,104,61,0.5865,62,36,0.5806,42,25,0.5952,False
alt_plus,ge4_unbroken_tn5+tn6,touch3,104,60,0.5769,62,37,0.5968,42,23,0.5476,False
alt_plus,ge4_unbroken_tn5+tn6,hold_3d,105,56,0.5333,63,32,0.5079,42,24,0.5714,False
alt_plus,ge4_unbroken_tn5+tn8,maxc3,85,63,0.7412,51,35,0.6863,34,28,0.8235,False
alt_plus,ge4_unbroken_tn5+tn8,hold_close,85,56,0.6588,51,31,0.6078,34,25,0.7353,False
alt_plus,ge4_unbroken_tn5+tn8,hold_flat,85,56,0.6588,51,31,0.6078,34,25,0.7353,False
alt_plus,ge4_unbroken_tn5+tn8,hold_touch3,85,53,0.6235,51,30,0.5882,34,23,0.6765,False
alt_plus,ge4_unbroken_tn5+tn8,open_up,78,33,0.4231,47,19,0.4043,31,14,0.4516,False
alt_plus,ge4_unbroken_tn5+tn8,open_flat,78,45,0.5769,47,27,0.5745,31,18,0.5806,False
alt_plus,ge4_unbroken_tn5+tn8,touch3,78,47,0.6026,47,27,0.5745,31,20,0.6452,False
alt_plus,ge4_unbroken_tn5+tn8,hold_3d,79,46,0.5823,48,26,0.5417,31,20,0.6452,False
alt_plus,ge4_unbroken_tn5+tn10,maxc3,62,45,0.7258,40,26,0.6500,22,19,0.8636,False
alt_plus,ge4_unbroken_tn5+tn10,hold_close,62,39,0.6290,40,23,0.5750,22,16,0.7273,False
alt_plus,ge4_unbroken_tn5+tn10,hold_flat,62,39,0.6290,40,23,0.5750,22,16,0.7273,False
alt_plus,ge4_unbroken_tn5+tn10,hold_touch3,62,38,0.6129,40,22,0.5500,22,16,0.7273,False
alt_plus,ge4_unbroken_tn5+tn10,open_up,55,21,0.3818,36,14,0.3889,19,7,0.3684,False
alt_plus,ge4_unbroken_tn5+tn10,open_flat,55,30,0.5455,36,19,0.5278,19,11,0.5789,False
alt_plus,ge4_unbroken_tn5+tn10,touch3,55,32,0.5818,36,19,0.5278,19,13,0.6842,False
alt_plus,ge4_unbroken_tn5+tn10,hold_3d,59,32,0.5424,37,18,0.4865,22,14,0.6364,False
alt_plus,ge4_unbroken_tn5+unopened,maxc3,38,31,0.8158,24,19,0.7917,14,12,0.8571,False
alt_plus,ge4_unbroken_tn5+unopened,hold_close,38,26,0.6842,24,16,0.6667,14,10,0.7143,False
alt_plus,ge4_unbroken_tn5+unopened,hold_flat,38,26,0.6842,24,16,0.6667,14,10,0.7143,False
alt_plus,ge4_unbroken_tn5+unopened,hold_touch3,38,27,0.7105,24,18,0.7500,14,9,0.6429,False
alt_plus,ge4_unbroken_tn5+unopened,open_up,36,14,0.3889,23,9,0.3913,13,5,0.3846,False
alt_plus,ge4_unbroken_tn5+unopened,open_flat,36,21,0.5833,23,13,0.5652,13,8,0.6154,False
alt_plus,ge4_unbroken_tn5+unopened,touch3,36,25,0.6944,23,17,0.7391,13,8,0.6154,False
alt_plus,ge4_unbroken_tn5+unopened,hold_3d,37,27,0.7297,23,17,0.7391,14,10,0.7143,False
alt_plus,ge4_unbroken_tn5+opened,maxc3,101,66,0.6535,56,34,0.6071,45,32,0.7111,False
alt_plus,ge4_unbroken_tn5+opened,hold_close,101,60,0.5941,56,31,0.5536,45,29,0.6444,False
alt_plus,ge4_unbroken_tn5+opened,hold_flat,101,60,0.5941,56,31,0.5536,45,29,0.6444,False
alt_plus,ge4_unbroken_tn5+opened,hold_touch3,101,55,0.5446,56,30,0.5357,45,25,0.5556,False
alt_plus,ge4_unbroken_tn5+opened,open_up,95,41,0.4316,52,19,0.3654,43,22,0.5116,False
alt_plus,ge4_unbroken_tn5+opened,open_flat,95,54,0.5684,52,29,0.5577,43,25,0.5814,False
alt_plus,ge4_unbroken_tn5+opened,touch3,95,50,0.5263,52,27,0.5192,43,23,0.5349,False
alt_plus,ge4_unbroken_tn5+opened,hold_3d,95,39,0.4105,53,20,0.3774,42,19,0.4524,False
alt_plus,ge4_unbroken_tn5+early,maxc3,113,80,0.7080,61,41,0.6721,52,39,0.7500,False
alt_plus,ge4_unbroken_tn5+early,hold_close,113,72,0.6372,61,38,0.6230,52,34,0.6538,False
alt_plus,ge4_unbroken_tn5+early,hold_flat,113,72,0.6372,61,38,0.6230,52,34,0.6538,False
alt_plus,ge4_unbroken_tn5+early,hold_touch3,113,69,0.6106,61,37,0.6066,52,32,0.6154,False
alt_plus,ge4_unbroken_tn5+early,open_up,106,42,0.3962,57,20,0.3509,49,22,0.4490,False
alt_plus,ge4_unbroken_tn5+early,open_flat,106,60,0.5660,57,32,0.5614,49,28,0.5714,False
alt_plus,ge4_unbroken_tn5+early,touch3,106,63,0.5943,57,34,0.5965,49,29,0.5918,False
alt_plus,ge4_unbroken_tn5+early,hold_3d,106,54,0.5094,57,28,0.4912,49,26,0.5306,False
alt_plus,ge4_unbroken_tn5+not_early,maxc3,26,17,0.6538,19,12,0.6316,7,5,0.7143,False
alt_plus,ge4_unbroken_tn5+not_early,hold_close,26,14,0.5385,19,9,0.4737,7,5,0.7143,False
alt_plus,ge4_unbroken_tn5+not_early,hold_flat,26,14,0.5385,19,9,0.4737,7,5,0.7143,False
alt_plus,ge4_unbroken_tn5+not_early,hold_touch3,26,13,0.5000,19,11,0.5789,7,2,0.2857,False
alt_plus,ge4_unbroken_tn5+not_early,open_up,25,13,0.5200,18,8,0.4444,7,5,0.7143,False
alt_plus,ge4_unbroken_tn5+not_early,open_flat,25,15,0.6000,18,10,0.5556,7,5,0.7143,False
alt_plus,ge4_unbroken_tn5+not_early,touch3,25,12,0.4800,18,10,0.5556,7,2,0.2857,False
alt_plus,ge4_unbroken_tn5+not_early,hold_3d,26,12,0.4615,19,9,0.4737,7,3,0.4286,False
alt_plus,ge4_unbroken_tn5+suc8,maxc3,75,53,0.7067,49,36,0.7347,26,17,0.6538,False
alt_plus,ge4_unbroken_tn5+suc8,hold_close,75,49,0.6533,49,34,0.6939,26,15,0.5769,False
alt_plus,ge4_unbroken_tn5+suc8,hold_flat,75,49,0.6533,49,34,0.6939,26,15,0.5769,False
alt_plus,ge4_unbroken_tn5+suc8,hold_touch3,75,48,0.6400,49,32,0.6531,26,16,0.6154,False
alt_plus,ge4_unbroken_tn5+suc8,open_up,69,25,0.3623,44,15,0.3409,25,10,0.4000,False
alt_plus,ge4_unbroken_tn5+suc8,open_flat,69,38,0.5507,44,24,0.5455,25,14,0.5600,False
alt_plus,ge4_unbroken_tn5+suc8,touch3,69,43,0.6232,44,28,0.6364,25,15,0.6000,False
alt_plus,ge4_unbroken_tn5+suc8,hold_3d,73,38,0.5205,47,26,0.5532,26,12,0.4615,False
alt_plus,ge4_unbroken_tn5+newh,maxc3,61,40,0.6557,22,11,0.5000,39,29,0.7436,False
alt_plus,ge4_unbroken_tn5+newh,hold_close,61,35,0.5738,22,10,0.4545,39,25,0.6410,False
alt_plus,ge4_unbroken_tn5+newh,hold_flat,61,35,0.5738,22,10,0.4545,39,25,0.6410,False
alt_plus,ge4_unbroken_tn5+newh,hold_touch3,61,34,0.5574,22,10,0.4545,39,24,0.6154,False
alt_plus,ge4_unbroken_tn5+newh,open_up,59,24,0.4068,22,9,0.4091,37,15,0.4054,False
alt_plus,ge4_unbroken_tn5+newh,open_flat,59,31,0.5254,22,13,0.5909,37,18,0.4865,False
alt_plus,ge4_unbroken_tn5+newh,touch3,59,32,0.5424,22,10,0.4545,37,22,0.5946,False
alt_plus,ge4_unbroken_tn5+newh,hold_3d,58,29,0.5000,21,9,0.4286,37,20,0.5405,False
alt_plus,ge4_unbroken_tn5+sub,maxc3,18,13,0.7222,13,9,0.6923,5,4,0.8000,False
alt_plus,ge4_unbroken_tn5+sub,hold_close,18,13,0.7222,13,9,0.6923,5,4,0.8000,False
alt_plus,ge4_unbroken_tn5+sub,hold_flat,18,13,0.7222,13,9,0.6923,5,4,0.8000,False
alt_plus,ge4_unbroken_tn5+sub,hold_touch3,18,8,0.4444,13,7,0.5385,5,1,0.2000,False
alt_plus,ge4_unbroken_tn5+sub,open_up,17,8,0.4706,12,4,0.3333,5,4,0.8000,False
alt_plus,ge4_unbroken_tn5+sub,open_flat,17,9,0.5294,12,4,0.3333,5,5,1.0000,False
alt_plus,ge4_unbroken_tn5+sub,touch3,17,7,0.4118,12,6,0.5000,5,1,0.2000,False
alt_plus,ge4_unbroken_tn5+sub,hold_3d,17,4,0.2353,12,3,0.2500,5,1,0.2000,False
alt_plus,ge4_unbroken_tn5+mid,maxc3,0,0,,0,0,,0,0,,False
alt_plus,ge4_unbroken_tn5+mid,hold_close,0,0,,0,0,,0,0,,False
alt_plus,ge4_unbroken_tn5+mid,hold_flat,0,0,,0,0,,0,0,,False
alt_plus,ge4_unbroken_tn5+mid,hold_touch3,0,0,,0,0,,0,0,,False
alt_plus,ge4_unbroken_tn5+mid,open_up,0,0,,0,0,,0,0,,False
alt_plus,ge4_unbroken_tn5+mid,open_flat,0,0,,0,0,,0,0,,False
alt_plus,ge4_unbroken_tn5+mid,touch3,0,0,,0,0,,0,0,,False
alt_plus,ge4_unbroken_tn5+mid,hold_3d,0,0,,0,0,,0,0,,False
alt_plus,ge4_unbroken_tn5+fanbao,maxc3,0,0,,0,0,,0,0,,False
alt_plus,ge4_unbroken_tn5+fanbao,hold_close,0,0,,0,0,,0,0,,False
alt_plus,ge4_unbroken_tn5+fanbao,hold_flat,0,0,,0,0,,0,0,,False
alt_plus,ge4_unbroken_tn5+fanbao,hold_touch3,0,0,,0,0,,0,0,,False
alt_plus,ge4_unbroken_tn5+fanbao,open_up,0,0,,0,0,,0,0,,False
alt_plus,ge4_unbroken_tn5+fanbao,open_flat,0,0,,0,0,,0,0,,False
alt_plus,ge4_unbroken_tn5+fanbao,touch3,0,0,,0,0,,0,0,,False
alt_plus,ge4_unbroken_tn5+fanbao,hold_3d,0,0,,0,0,,0,0,,False
alt_plus,ge4_unbroken_tn5+not_fanbao,maxc3,139,97,0.6978,80,53,0.6625,59,44,0.7458,False
alt_plus,ge4_unbroken_tn5+not_fanbao,hold_close,139,86,0.6187,80,47,0.5875,59,39,0.6610,False
alt_plus,ge4_unbroken_tn5+not_fanbao,hold_flat,139,86,0.6187,80,47,0.5875,59,39,0.6610,False
alt_plus,ge4_unbroken_tn5+not_fanbao,hold_touch3,139,82,0.5899,80,48,0.6000,59,34,0.5763,False
alt_plus,ge4_unbroken_tn5+not_fanbao,open_up,131,55,0.4198,75,28,0.3733,56,27,0.4821,False
alt_plus,ge4_unbroken_tn5+not_fanbao,open_flat,131,75,0.5725,75,42,0.5600,56,33,0.5893,False
alt_plus,ge4_unbroken_tn5+not_fanbao,touch3,131,75,0.5725,75,44,0.5867,56,31,0.5536,False
alt_plus,ge4_unbroken_tn5+not_fanbao,hold_3d,132,66,0.5000,76,37,0.4868,56,29,0.5179,False
alt_plus,ge4_unbroken_tn5+stock_unbroken,maxc3,139,97,0.6978,80,53,0.6625,59,44,0.7458,False
alt_plus,ge4_unbroken_tn5+stock_unbroken,hold_close,139,86,0.6187,80,47,0.5875,59,39,0.6610,False
alt_plus,ge4_unbroken_tn5+stock_unbroken,hold_flat,139,86,0.6187,80,47,0.5875,59,39,0.6610,False
alt_plus,ge4_unbroken_tn5+stock_unbroken,hold_touch3,139,82,0.5899,80,48,0.6000,59,34,0.5763,False
alt_plus,ge4_unbroken_tn5+stock_unbroken,open_up,131,55,0.4198,75,28,0.3733,56,27,0.4821,False
alt_plus,ge4_unbroken_tn5+stock_unbroken,open_flat,131,75,0.5725,75,42,0.5600,56,33,0.5893,False
alt_plus,ge4_unbroken_tn5+stock_unbroken,touch3,131,75,0.5725,75,44,0.5867,56,31,0.5536,False
alt_plus,ge4_unbroken_tn5+stock_unbroken,hold_3d,132,66,0.5000,76,37,0.4868,56,29,0.5179,False
alt_plus,ge4_unbroken_tn5+stock_broken,maxc3,0,0,,0,0,,0,0,,False
alt_plus,ge4_unbroken_tn5+stock_broken,hold_close,0,0,,0,0,,0,0,,False
alt_plus,ge4_unbroken_tn5+stock_broken,hold_flat,0,0,,0,0,,0,0,,False
alt_plus,ge4_unbroken_tn5+stock_broken,hold_touch3,0,0,,0,0,,0,0,,False
alt_plus,ge4_unbroken_tn5+stock_broken,open_up,0,0,,0,0,,0,0,,False
alt_plus,ge4_unbroken_tn5+stock_broken,open_flat,0,0,,0,0,,0,0,,False
alt_plus,ge4_unbroken_tn5+stock_broken,touch3,0,0,,0,0,,0,0,,False
alt_plus,ge4_unbroken_tn5+stock_broken,hold_3d,0,0,,0,0,,0,0,,False
alt_plus,ge4_unbroken_tn5+eqH,maxc3,61,40,0.6557,22,11,0.5000,39,29,0.7436,False
alt_plus,ge4_unbroken_tn5+eqH,hold_close,61,35,0.5738,22,10,0.4545,39,25,0.6410,False
alt_plus,ge4_unbroken_tn5+eqH,hold_flat,61,35,0.5738,22,10,0.4545,39,25,0.6410,False
alt_plus,ge4_unbroken_tn5+eqH,hold_touch3,61,34,0.5574,22,10,0.4545,39,24,0.6154,False
alt_plus,ge4_unbroken_tn5+eqH,open_up,59,24,0.4068,22,9,0.4091,37,15,0.4054,False
alt_plus,ge4_unbroken_tn5+eqH,open_flat,59,31,0.5254,22,13,0.5909,37,18,0.4865,False
alt_plus,ge4_unbroken_tn5+eqH,touch3,59,32,0.5424,22,10,0.4545,37,22,0.5946,False
alt_plus,ge4_unbroken_tn5+eqH,hold_3d,58,29,0.5000,21,9,0.4286,37,20,0.5405,False
alt_plus,ge4_unbroken_tn5+eqHm1,maxc3,18,13,0.7222,13,9,0.6923,5,4,0.8000,False
alt_plus,ge4_unbroken_tn5+eqHm1,hold_close,18,13,0.7222,13,9,0.6923,5,4,0.8000,False
alt_plus,ge4_unbroken_tn5+eqHm1,hold_flat,18,13,0.7222,13,9,0.6923,5,4,0.8000,False
alt_plus,ge4_unbroken_tn5+eqHm1,hold_touch3,18,8,0.4444,13,7,0.5385,5,1,0.2000,False
alt_plus,ge4_unbroken_tn5+eqHm1,open_up,17,8,0.4706,12,4,0.3333,5,4,0.8000,False
alt_plus,ge4_unbroken_tn5+eqHm1,open_flat,17,9,0.5294,12,4,0.3333,5,5,1.0000,False
alt_plus,ge4_unbroken_tn5+eqHm1,touch3,17,7,0.4118,12,6,0.5000,5,1,0.2000,False
alt_plus,ge4_unbroken_tn5+eqHm1,hold_3d,17,4,0.2353,12,3,0.2500,5,1,0.2000,False
alt_plus,ge4_unbroken_tn5+belowH,maxc3,78,57,0.7308,58,42,0.7241,20,15,0.7500,False
alt_plus,ge4_unbroken_tn5+belowH,hold_close,78,51,0.6538,58,37,0.6379,20,14,0.7000,False
alt_plus,ge4_unbroken_tn5+belowH,hold_flat,78,51,0.6538,58,37,0.6379,20,14,0.7000,False
alt_plus,ge4_unbroken_tn5+belowH,hold_touch3,78,48,0.6154,58,38,0.6552,20,10,0.5000,False
alt_plus,ge4_unbroken_tn5+belowH,open_up,72,31,0.4306,53,19,0.3585,19,12,0.6316,False
alt_plus,ge4_unbroken_tn5+belowH,open_flat,72,44,0.6111,53,29,0.5472,19,15,0.7895,False
alt_plus,ge4_unbroken_tn5+belowH,touch3,72,43,0.5972,53,34,0.6415,19,9,0.4737,False
alt_plus,ge4_unbroken_tn5+belowH,hold_3d,74,37,0.5000,55,28,0.5091,19,9,0.4737,False
alt_plus,ge4_unbroken_tn5+ge5,maxc3,62,40,0.6452,38,22,0.5789,24,18,0.7500,False
alt_plus,ge4_unbroken_tn5+ge5,hold_close,62,36,0.5806,38,21,0.5526,24,15,0.6250,False
alt_plus,ge4_unbroken_tn5+ge5,hold_flat,62,36,0.5806,38,21,0.5526,24,15,0.6250,False
alt_plus,ge4_unbroken_tn5+ge5,hold_touch3,62,39,0.6290,38,23,0.6053,24,16,0.6667,False
alt_plus,ge4_unbroken_tn5+ge5,open_up,58,24,0.4138,35,13,0.3714,23,11,0.4783,False
alt_plus,ge4_unbroken_tn5+ge5,open_flat,58,33,0.5690,35,21,0.6000,23,12,0.5217,False
alt_plus,ge4_unbroken_tn5+ge5,touch3,58,36,0.6207,35,21,0.6000,23,15,0.6522,False
alt_plus,ge4_unbroken_tn5+ge5,hold_3d,58,31,0.5345,36,18,0.5000,22,13,0.5909,False
alt_plus,ge4_unbroken_tn5+eq4,maxc3,77,57,0.7403,42,31,0.7381,35,26,0.7429,False
alt_plus,ge4_unbroken_tn5+eq4,hold_close,77,50,0.6494,42,26,0.6190,35,24,0.6857,False
alt_plus,ge4_unbroken_tn5+eq4,hold_flat,77,50,0.6494,42,26,0.6190,35,24,0.6857,False
alt_plus,ge4_unbroken_tn5+eq4,hold_touch3,77,43,0.5584,42,25,0.5952,35,18,0.5143,False
alt_plus,ge4_unbroken_tn5+eq4,open_up,73,31,0.4247,40,15,0.3750,33,16,0.4848,False
alt_plus,ge4_unbroken_tn5+eq4,open_flat,73,42,0.5753,40,21,0.5250,33,21,0.6364,False
alt_plus,ge4_unbroken_tn5+eq4,touch3,73,39,0.5342,40,23,0.5750,33,16,0.4848,False
alt_plus,ge4_unbroken_tn5+eq4,hold_3d,74,35,0.4730,40,19,0.4750,34,16,0.4706,False
alt_plus,ge4_unbroken_tn5+amt_mid,maxc3,12,9,0.7500,4,2,0.5000,8,7,0.8750,False
alt_plus,ge4_unbroken_tn5+amt_mid,hold_close,12,9,0.7500,4,2,0.5000,8,7,0.8750,False
alt_plus,ge4_unbroken_tn5+amt_mid,hold_flat,12,9,0.7500,4,2,0.5000,8,7,0.8750,False
alt_plus,ge4_unbroken_tn5+amt_mid,hold_touch3,12,10,0.8333,4,3,0.7500,8,7,0.8750,False
alt_plus,ge4_unbroken_tn5+amt_mid,open_up,9,3,0.3333,3,0,0.0000,6,3,0.5000,False
alt_plus,ge4_unbroken_tn5+amt_mid,open_flat,9,6,0.6667,3,1,0.3333,6,5,0.8333,False
alt_plus,ge4_unbroken_tn5+amt_mid,touch3,9,7,0.7778,3,2,0.6667,6,5,0.8333,False
alt_plus,ge4_unbroken_tn5+amt_mid,hold_3d,12,8,0.6667,4,2,0.5000,8,6,0.7500,False
alt_plus,ge4_unbroken_tn5+turn_mid,maxc3,68,56,0.8235,36,29,0.8056,32,27,0.8438,False
alt_plus,ge4_unbroken_tn5+turn_mid,hold_close,68,51,0.7500,36,27,0.7500,32,24,0.7500,False
alt_plus,ge4_unbroken_tn5+turn_mid,hold_flat,68,51,0.7500,36,27,0.7500,32,24,0.7500,False
alt_plus,ge4_unbroken_tn5+turn_mid,hold_touch3,68,46,0.6765,36,24,0.6667,32,22,0.6875,False
alt_plus,ge4_unbroken_tn5+turn_mid,open_up,61,23,0.3770,32,11,0.3438,29,12,0.4138,False
alt_plus,ge4_unbroken_tn5+turn_mid,open_flat,61,35,0.5738,32,19,0.5938,29,16,0.5517,False
alt_plus,ge4_unbroken_tn5+turn_mid,touch3,61,40,0.6557,32,21,0.6562,29,19,0.6552,False
alt_plus,ge4_unbroken_tn5+turn_mid,hold_3d,64,40,0.6250,33,20,0.6061,31,20,0.6452,False
alt_plus,ge4_unbroken_tn5+circ_mid,maxc3,97,67,0.6907,58,39,0.6724,39,28,0.7179,False
alt_plus,ge4_unbroken_tn5+circ_mid,hold_close,97,59,0.6082,58,35,0.6034,39,24,0.6154,False
alt_plus,ge4_unbroken_tn5+circ_mid,hold_flat,97,59,0.6082,58,35,0.6034,39,24,0.6154,False
alt_plus,ge4_unbroken_tn5+circ_mid,hold_touch3,97,62,0.6392,58,38,0.6552,39,24,0.6154,False
alt_plus,ge4_unbroken_tn5+circ_mid,open_up,90,36,0.4000,53,18,0.3396,37,18,0.4865,False
alt_plus,ge4_unbroken_tn5+circ_mid,open_flat,90,49,0.5444,53,28,0.5283,37,21,0.5676,False
alt_plus,ge4_unbroken_tn5+circ_mid,touch3,90,56,0.6222,53,34,0.6415,37,22,0.5946,False
alt_plus,ge4_unbroken_tn5+circ_mid,hold_3d,92,48,0.5217,55,29,0.5273,37,19,0.5135,False
alt_plus,ge4_unbroken_tn5+huanshou,maxc3,104,70,0.6731,59,36,0.6102,45,34,0.7556,False
alt_plus,ge4_unbroken_tn5+huanshou,hold_close,104,61,0.5865,59,31,0.5254,45,30,0.6667,False
alt_plus,ge4_unbroken_tn5+huanshou,hold_flat,104,61,0.5865,59,31,0.5254,45,30,0.6667,False
alt_plus,ge4_unbroken_tn5+huanshou,hold_touch3,104,59,0.5673,59,35,0.5932,45,24,0.5333,False
alt_plus,ge4_unbroken_tn5+huanshou,open_up,101,40,0.3960,57,19,0.3333,44,21,0.4773,False
alt_plus,ge4_unbroken_tn5+huanshou,open_flat,101,54,0.5347,57,28,0.4912,44,26,0.5909,False
alt_plus,ge4_unbroken_tn5+huanshou,touch3,101,56,0.5545,57,33,0.5789,44,23,0.5227,False
alt_plus,ge4_unbroken_tn5+huanshou,hold_3d,100,46,0.4600,57,24,0.4211,43,22,0.5116,False
alt_plus,ge4_unbroken_tn5+intact_unopened,maxc3,26,22,0.8462,15,12,0.8000,11,10,0.9091,False
alt_plus,ge4_unbroken_tn5+intact_unopened,hold_close,26,18,0.6923,15,10,0.6667,11,8,0.7273,False
alt_plus,ge4_unbroken_tn5+intact_unopened,hold_flat,26,18,0.6923,15,10,0.6667,11,8,0.7273,False
alt_plus,ge4_unbroken_tn5+intact_unopened,hold_touch3,26,19,0.7308,15,12,0.8000,11,7,0.6364,False
alt_plus,ge4_unbroken_tn5+intact_unopened,open_up,25,9,0.3600,14,4,0.2857,11,5,0.4545,False
alt_plus,ge4_unbroken_tn5+intact_unopened,open_flat,25,16,0.6400,14,8,0.5714,11,8,0.7273,False
alt_plus,ge4_unbroken_tn5+intact_unopened,touch3,25,18,0.7200,14,11,0.7857,11,7,0.6364,False
alt_plus,ge4_unbroken_tn5+intact_unopened,hold_3d,26,19,0.7308,15,11,0.7333,11,8,0.7273,False
alt_plus,ge4_unbroken_tn5+intact_tn8,maxc3,56,42,0.7500,29,20,0.6897,27,22,0.8148,False
alt_plus,ge4_unbroken_tn5+intact_tn8,hold_close,56,37,0.6607,29,17,0.5862,27,20,0.7407,False
alt_plus,ge4_unbroken_tn5+intact_tn8,hold_flat,56,37,0.6607,29,17,0.5862,27,20,0.7407,False
alt_plus,ge4_unbroken_tn5+intact_tn8,hold_touch3,56,36,0.6429,29,17,0.5862,27,19,0.7037,False
alt_plus,ge4_unbroken_tn5+intact_tn8,open_up,52,23,0.4423,26,9,0.3462,26,14,0.5385,False
alt_plus,ge4_unbroken_tn5+intact_tn8,open_flat,52,31,0.5962,26,14,0.5385,26,17,0.6538,False
alt_plus,ge4_unbroken_tn5+intact_tn8,touch3,52,33,0.6346,26,15,0.5769,26,18,0.6923,False
alt_plus,ge4_unbroken_tn5+intact_tn8,hold_3d,51,31,0.6078,27,16,0.5926,24,15,0.6250,False
alt_plus,ge4_unbroken_tn5+unopened_tn8,maxc3,32,26,0.8125,20,16,0.8000,12,10,0.8333,False
alt_plus,ge4_unbroken_tn5+unopened_tn8,hold_close,32,22,0.6875,20,13,0.6500,12,9,0.7500,False
alt_plus,ge4_unbroken_tn5+unopened_tn8,hold_flat,32,22,0.6875,20,13,0.6500,12,9,0.7500,False
alt_plus,ge4_unbroken_tn5+unopened_tn8,hold_touch3,32,22,0.6875,20,14,0.7000,12,8,0.6667,False
alt_plus,ge4_unbroken_tn5+unopened_tn8,open_up,30,13,0.4333,19,8,0.4211,11,5,0.4545,False
alt_plus,ge4_unbroken_tn5+unopened_tn8,open_flat,30,18,0.6000,19,11,0.5789,11,7,0.6364,False
alt_plus,ge4_unbroken_tn5+unopened_tn8,touch3,30,20,0.6667,19,13,0.6842,11,7,0.6364,False
alt_plus,ge4_unbroken_tn5+unopened_tn8,hold_3d,31,22,0.7097,19,14,0.7368,12,8,0.6667,False
alt_plus,ge4_unbroken_tn5+unopened_seal03,maxc3,10,8,0.8000,5,4,0.8000,5,4,0.8000,False
alt_plus,ge4_unbroken_tn5+unopened_seal03,hold_close,10,7,0.7000,5,4,0.8000,5,3,0.6000,False
alt_plus,ge4_unbroken_tn5+unopened_seal03,hold_flat,10,7,0.7000,5,4,0.8000,5,3,0.6000,False
alt_plus,ge4_unbroken_tn5+unopened_seal03,hold_touch3,10,7,0.7000,5,4,0.8000,5,3,0.6000,False
alt_plus,ge4_unbroken_tn5+unopened_seal03,open_up,9,3,0.3333,4,2,0.5000,5,1,0.2000,False
alt_plus,ge4_unbroken_tn5+unopened_seal03,open_flat,9,7,0.7778,4,3,0.7500,5,4,0.8000,False
alt_plus,ge4_unbroken_tn5+unopened_seal03,touch3,9,6,0.6667,4,3,0.7500,5,3,0.6000,False
alt_plus,ge4_unbroken_tn5+unopened_seal03,hold_3d,10,8,0.8000,5,4,0.8000,5,4,0.8000,False
alt_plus,ge4_unbroken_tn5+intact_seal03,maxc3,12,9,0.7500,5,3,0.6000,7,6,0.8571,False
alt_plus,ge4_unbroken_tn5+intact_seal03,hold_close,12,8,0.6667,5,3,0.6000,7,5,0.7143,False
alt_plus,ge4_unbroken_tn5+intact_seal03,hold_flat,12,8,0.6667,5,3,0.6000,7,5,0.7143,False
alt_plus,ge4_unbroken_tn5+intact_seal03,hold_touch3,12,8,0.6667,5,3,0.6000,7,5,0.7143,False
alt_plus,ge4_unbroken_tn5+intact_seal03,open_up,10,3,0.3000,4,1,0.2500,6,2,0.3333,False
alt_plus,ge4_unbroken_tn5+intact_seal03,open_flat,10,7,0.7000,4,2,0.5000,6,5,0.8333,False
alt_plus,ge4_unbroken_tn5+intact_seal03,touch3,10,6,0.6000,4,2,0.5000,6,4,0.6667,False
alt_plus,ge4_unbroken_tn5+intact_seal03,hold_3d,11,8,0.7273,5,3,0.6000,6,5,0.8333,False
alt_plus,ge4_unbroken_tn5+stock_unbroken_unopened,maxc3,38,31,0.8158,24,19,0.7917,14,12,0.8571,False
alt_plus,ge4_unbroken_tn5+stock_unbroken_unopened,hold_close,38,26,0.6842,24,16,0.6667,14,10,0.7143,False
alt_plus,ge4_unbroken_tn5+stock_unbroken_unopened,hold_flat,38,26,0.6842,24,16,0.6667,14,10,0.7143,False
alt_plus,ge4_unbroken_tn5+stock_unbroken_unopened,hold_touch3,38,27,0.7105,24,18,0.7500,14,9,0.6429,False
alt_plus,ge4_unbroken_tn5+stock_unbroken_unopened,open_up,36,14,0.3889,23,9,0.3913,13,5,0.3846,False
alt_plus,ge4_unbroken_tn5+stock_unbroken_unopened,open_flat,36,21,0.5833,23,13,0.5652,13,8,0.6154,False
alt_plus,ge4_unbroken_tn5+stock_unbroken_unopened,touch3,36,25,0.6944,23,17,0.7391,13,8,0.6154,False
alt_plus,ge4_unbroken_tn5+stock_unbroken_unopened,hold_3d,37,27,0.7297,23,17,0.7391,14,10,0.7143,False
alt_plus,ge4_unbroken_tn5+stock_unbroken_tn8,maxc3,85,63,0.7412,51,35,0.6863,34,28,0.8235,False
alt_plus,ge4_unbroken_tn5+stock_unbroken_tn8,hold_close,85,56,0.6588,51,31,0.6078,34,25,0.7353,False
alt_plus,ge4_unbroken_tn5+stock_unbroken_tn8,hold_flat,85,56,0.6588,51,31,0.6078,34,25,0.7353,False
alt_plus,ge4_unbroken_tn5+stock_unbroken_tn8,hold_touch3,85,53,0.6235,51,30,0.5882,34,23,0.6765,False
alt_plus,ge4_unbroken_tn5+stock_unbroken_tn8,open_up,78,33,0.4231,47,19,0.4043,31,14,0.4516,False
alt_plus,ge4_unbroken_tn5+stock_unbroken_tn8,open_flat,78,45,0.5769,47,27,0.5745,31,18,0.5806,False
alt_plus,ge4_unbroken_tn5+stock_unbroken_tn8,touch3,78,47,0.6026,47,27,0.5745,31,20,0.6452,False
alt_plus,ge4_unbroken_tn5+stock_unbroken_tn8,hold_3d,79,46,0.5823,48,26,0.5417,31,20,0.6452,False
alt_plus,ge4_unbroken_tn5+early_unopened,maxc3,30,25,0.8333,19,16,0.8421,11,9,0.8182,False
alt_plus,ge4_unbroken_tn5+early_unopened,hold_close,30,22,0.7333,19,15,0.7895,11,7,0.6364,False
alt_plus,ge4_unbroken_tn5+early_unopened,hold_flat,30,22,0.7333,19,15,0.7895,11,7,0.6364,False
alt_plus,ge4_unbroken_tn5+early_unopened,hold_touch3,30,23,0.7667,19,15,0.7895,11,8,0.7273,False
alt_plus,ge4_unbroken_tn5+early_unopened,open_up,28,11,0.3929,18,7,0.3889,10,4,0.4000,False
alt_plus,ge4_unbroken_tn5+early_unopened,open_flat,28,17,0.6071,18,10,0.5556,10,7,0.7000,False
alt_plus,ge4_unbroken_tn5+early_unopened,touch3,28,21,0.7500,18,14,0.7778,10,7,0.7000,False
alt_plus,ge4_unbroken_tn5+early_unopened,hold_3d,29,22,0.7586,18,14,0.7778,11,8,0.7273,False
alt_plus,ge4_unbroken_tn5+ge4_tn8_unopened,maxc3,32,26,0.8125,20,16,0.8000,12,10,0.8333,False
alt_plus,ge4_unbroken_tn5+ge4_tn8_unopened,hold_close,32,22,0.6875,20,13,0.6500,12,9,0.7500,False
alt_plus,ge4_unbroken_tn5+ge4_tn8_unopened,hold_flat,32,22,0.6875,20,13,0.6500,12,9,0.7500,False
alt_plus,ge4_unbroken_tn5+ge4_tn8_unopened,hold_touch3,32,22,0.6875,20,14,0.7000,12,8,0.6667,False
alt_plus,ge4_unbroken_tn5+ge4_tn8_unopened,open_up,30,13,0.4333,19,8,0.4211,11,5,0.4545,False
alt_plus,ge4_unbroken_tn5+ge4_tn8_unopened,open_flat,30,18,0.6000,19,11,0.5789,11,7,0.6364,False
alt_plus,ge4_unbroken_tn5+ge4_tn8_unopened,touch3,30,20,0.6667,19,13,0.6842,11,7,0.6364,False
alt_plus,ge4_unbroken_tn5+ge4_tn8_unopened,hold_3d,31,22,0.7097,19,14,0.7368,12,8,0.6667,False
alt_base,ge4_intact_tn5,maxc3,110,73,0.6636,60,36,0.6000,50,37,0.7400,False
alt_base,ge4_intact_tn5,hold_close,110,65,0.5909,60,33,0.5500,50,32,0.6400,False
alt_base,ge4_intact_tn5,hold_flat,110,65,0.5909,60,33,0.5500,50,32,0.6400,False
alt_base,ge4_intact_tn5,hold_touch3,110,64,0.5818,60,34,0.5667,50,30,0.6000,False
alt_base,ge4_intact_tn5,open_up,104,44,0.4231,56,20,0.3571,48,24,0.5000,False
alt_base,ge4_intact_tn5,open_flat,104,60,0.5769,56,31,0.5536,48,29,0.6042,False
alt_base,ge4_intact_tn5,touch3,104,59,0.5673,56,31,0.5536,48,28,0.5833,False
alt_base,ge4_intact_tn5,hold_3d,105,53,0.5048,58,27,0.4655,47,26,0.5532,False
alt_base,ge3_unopened_tn8,maxc3,67,54,0.8060,32,24,0.7500,35,30,0.8571,False
alt_base,ge3_unopened_tn8,hold_close,67,45,0.6716,32,21,0.6562,35,24,0.6857,False
alt_base,ge3_unopened_tn8,hold_flat,67,45,0.6716,32,21,0.6562,35,24,0.6857,False
alt_base,ge3_unopened_tn8,hold_touch3,67,46,0.6866,32,20,0.6250,35,26,0.7429,False
alt_base,ge3_unopened_tn8,open_up,63,26,0.4127,31,14,0.4516,32,12,0.3750,False
alt_base,ge3_unopened_tn8,open_flat,63,33,0.5238,31,18,0.5806,32,15,0.4688,False
alt_base,ge3_unopened_tn8,touch3,63,42,0.6667,31,19,0.6129,32,23,0.7188,False
alt_base,ge3_unopened_tn8,hold_3d,66,39,0.5909,31,18,0.5806,35,21,0.6000,False
alt_plus,ge3_unopened_tn8+intact,maxc3,36,29,0.8056,18,13,0.7222,18,16,0.8889,False
alt_plus,ge3_unopened_tn8+intact,hold_close,36,23,0.6389,18,11,0.6111,18,12,0.6667,False
alt_plus,ge3_unopened_tn8+intact,hold_flat,36,23,0.6389,18,11,0.6111,18,12,0.6667,False
alt_plus,ge3_unopened_tn8+intact,hold_touch3,36,25,0.6944,18,12,0.6667,18,13,0.7222,False
alt_plus,ge3_unopened_tn8+intact,open_up,34,12,0.3529,17,5,0.2941,17,7,0.4118,False
alt_plus,ge3_unopened_tn8+intact,open_flat,34,17,0.5000,17,8,0.4706,17,9,0.5294,False
alt_plus,ge3_unopened_tn8+intact,touch3,34,23,0.6765,17,11,0.6471,17,12,0.7059,False
alt_plus,ge3_unopened_tn8+intact,hold_3d,36,22,0.6111,18,11,0.6111,18,11,0.6111,False
alt_plus,ge3_unopened_tn8+absent,maxc3,31,25,0.8065,14,11,0.7857,17,14,0.8235,False
alt_plus,ge3_unopened_tn8+absent,hold_close,31,22,0.7097,14,10,0.7143,17,12,0.7059,False
alt_plus,ge3_unopened_tn8+absent,hold_flat,31,22,0.7097,14,10,0.7143,17,12,0.7059,False
alt_plus,ge3_unopened_tn8+absent,hold_touch3,31,21,0.6774,14,8,0.5714,17,13,0.7647,False
alt_plus,ge3_unopened_tn8+absent,open_up,29,14,0.4828,14,9,0.6429,15,5,0.3333,False
alt_plus,ge3_unopened_tn8+absent,open_flat,29,16,0.5517,14,10,0.7143,15,6,0.4000,False
alt_plus,ge3_unopened_tn8+absent,touch3,29,19,0.6552,14,8,0.5714,15,11,0.7333,False
alt_plus,ge3_unopened_tn8+absent,hold_3d,30,17,0.5667,13,7,0.5385,17,10,0.5882,False
alt_plus,ge3_unopened_tn8+drop,maxc3,22,20,0.9091,10,9,0.9000,12,11,0.9167,False
alt_plus,ge3_unopened_tn8+drop,hold_close,22,18,0.8182,10,8,0.8000,12,10,0.8333,False
alt_plus,ge3_unopened_tn8+drop,hold_flat,22,18,0.8182,10,8,0.8000,12,10,0.8333,False
alt_plus,ge3_unopened_tn8+drop,hold_touch3,22,15,0.6818,10,6,0.6000,12,9,0.7500,False
alt_plus,ge3_unopened_tn8+drop,open_up,21,11,0.5238,10,7,0.7000,11,4,0.3636,False
alt_plus,ge3_unopened_tn8+drop,open_flat,21,13,0.6190,10,8,0.8000,11,5,0.4545,False
alt_plus,ge3_unopened_tn8+drop,touch3,21,14,0.6667,10,6,0.6000,11,8,0.7273,False
alt_plus,ge3_unopened_tn8+drop,hold_3d,21,13,0.6190,9,5,0.5556,12,8,0.6667,False
alt_plus,ge3_unopened_tn8+not_drop,maxc3,45,34,0.7556,22,15,0.6818,23,19,0.8261,False
alt_plus,ge3_unopened_tn8+not_drop,hold_close,45,27,0.6000,22,13,0.5909,23,14,0.6087,False
alt_plus,ge3_unopened_tn8+not_drop,hold_flat,45,27,0.6000,22,13,0.5909,23,14,0.6087,False
alt_plus,ge3_unopened_tn8+not_drop,hold_touch3,45,31,0.6889,22,14,0.6364,23,17,0.7391,False
alt_plus,ge3_unopened_tn8+not_drop,open_up,42,15,0.3571,21,7,0.3333,21,8,0.3810,False
alt_plus,ge3_unopened_tn8+not_drop,open_flat,42,20,0.4762,21,10,0.4762,21,10,0.4762,False
alt_plus,ge3_unopened_tn8+not_drop,touch3,42,28,0.6667,21,13,0.6190,21,15,0.7143,False
alt_plus,ge3_unopened_tn8+not_drop,hold_3d,45,26,0.5778,22,13,0.5909,23,13,0.5652,False
alt_plus,ge3_unopened_tn8+same_break,maxc3,5,5,1.0000,3,3,1.0000,2,2,1.0000,False
alt_plus,ge3_unopened_tn8+same_break,hold_close,5,4,0.8000,3,3,1.0000,2,1,0.5000,False
alt_plus,ge3_unopened_tn8+same_break,hold_flat,5,4,0.8000,3,3,1.0000,2,1,0.5000,False
alt_plus,ge3_unopened_tn8+same_break,hold_touch3,5,5,1.0000,3,3,1.0000,2,2,1.0000,False
alt_plus,ge3_unopened_tn8+same_break,open_up,4,2,0.5000,3,2,0.6667,1,0,0.0000,False
alt_plus,ge3_unopened_tn8+same_break,open_flat,4,2,0.5000,3,2,0.6667,1,0,0.0000,False
alt_plus,ge3_unopened_tn8+same_break,touch3,4,4,1.0000,3,3,1.0000,1,1,1.0000,False
alt_plus,ge3_unopened_tn8+same_break,hold_3d,5,4,0.8000,3,2,0.6667,2,2,1.0000,False
alt_plus,ge3_unopened_tn8+not_same,maxc3,62,49,0.7903,29,21,0.7241,33,28,0.8485,False
alt_plus,ge3_unopened_tn8+not_same,hold_close,62,41,0.6613,29,18,0.6207,33,23,0.6970,False
alt_plus,ge3_unopened_tn8+not_same,hold_flat,62,41,0.6613,29,18,0.6207,33,23,0.6970,False
alt_plus,ge3_unopened_tn8+not_same,hold_touch3,62,41,0.6613,29,17,0.5862,33,24,0.7273,False
alt_plus,ge3_unopened_tn8+not_same,open_up,59,24,0.4068,28,12,0.4286,31,12,0.3871,False
alt_plus,ge3_unopened_tn8+not_same,open_flat,59,31,0.5254,28,16,0.5714,31,15,0.4839,False
alt_plus,ge3_unopened_tn8+not_same,touch3,59,38,0.6441,28,16,0.5714,31,22,0.7097,False
alt_plus,ge3_unopened_tn8+not_same,hold_3d,61,35,0.5738,28,16,0.5714,33,19,0.5758,False
alt_plus,ge3_unopened_tn8+seal03,maxc3,8,6,0.7500,4,3,0.7500,4,3,0.7500,False
alt_plus,ge3_unopened_tn8+seal03,hold_close,8,5,0.6250,4,3,0.7500,4,2,0.5000,False
alt_plus,ge3_unopened_tn8+seal03,hold_flat,8,5,0.6250,4,3,0.7500,4,2,0.5000,False
alt_plus,ge3_unopened_tn8+seal03,hold_touch3,8,6,0.7500,4,3,0.7500,4,3,0.7500,False
alt_plus,ge3_unopened_tn8+seal03,open_up,7,3,0.4286,3,2,0.6667,4,1,0.2500,False
alt_plus,ge3_unopened_tn8+seal03,open_flat,7,5,0.7143,3,2,0.6667,4,3,0.7500,False
alt_plus,ge3_unopened_tn8+seal03,touch3,7,5,0.7143,3,2,0.6667,4,3,0.7500,False
alt_plus,ge3_unopened_tn8+seal03,hold_3d,8,6,0.7500,4,3,0.7500,4,3,0.7500,False
alt_plus,ge3_unopened_tn8+seal05,maxc3,4,2,0.5000,3,2,0.6667,1,0,0.0000,False
alt_plus,ge3_unopened_tn8+seal05,hold_close,4,2,0.5000,3,2,0.6667,1,0,0.0000,False
alt_plus,ge3_unopened_tn8+seal05,hold_flat,4,2,0.5000,3,2,0.6667,1,0,0.0000,False
alt_plus,ge3_unopened_tn8+seal05,hold_touch3,4,2,0.5000,3,2,0.6667,1,0,0.0000,False
alt_plus,ge3_unopened_tn8+seal05,open_up,4,2,0.5000,3,2,0.6667,1,0,0.0000,False
alt_plus,ge3_unopened_tn8+seal05,open_flat,4,3,0.7500,3,2,0.6667,1,1,1.0000,False
alt_plus,ge3_unopened_tn8+seal05,touch3,4,2,0.5000,3,2,0.6667,1,0,0.0000,False
alt_plus,ge3_unopened_tn8+seal05,hold_3d,4,2,0.5000,3,2,0.6667,1,0,0.0000,False
alt_plus,ge3_unopened_tn8+seal08,maxc3,1,0,0.0000,1,0,0.0000,0,0,,False
alt_plus,ge3_unopened_tn8+seal08,hold_close,1,0,0.0000,1,0,0.0000,0,0,,False
alt_plus,ge3_unopened_tn8+seal08,hold_flat,1,0,0.0000,1,0,0.0000,0,0,,False
alt_plus,ge3_unopened_tn8+seal08,hold_touch3,1,0,0.0000,1,0,0.0000,0,0,,False
alt_plus,ge3_unopened_tn8+seal08,open_up,1,0,0.0000,1,0,0.0000,0,0,,False
alt_plus,ge3_unopened_tn8+seal08,open_flat,1,0,0.0000,1,0,0.0000,0,0,,False
alt_plus,ge3_unopened_tn8+seal08,touch3,1,0,0.0000,1,0,0.0000,0,0,,False
alt_plus,ge3_unopened_tn8+seal08,hold_3d,1,0,0.0000,1,0,0.0000,0,0,,False
alt_plus,ge3_unopened_tn8+tn6,maxc3,67,54,0.8060,32,24,0.7500,35,30,0.8571,False
alt_plus,ge3_unopened_tn8+tn6,hold_close,67,45,0.6716,32,21,0.6562,35,24,0.6857,False
alt_plus,ge3_unopened_tn8+tn6,hold_flat,67,45,0.6716,32,21,0.6562,35,24,0.6857,False
alt_plus,ge3_unopened_tn8+tn6,hold_touch3,67,46,0.6866,32,20,0.6250,35,26,0.7429,False
alt_plus,ge3_unopened_tn8+tn6,open_up,63,26,0.4127,31,14,0.4516,32,12,0.3750,False
alt_plus,ge3_unopened_tn8+tn6,open_flat,63,33,0.5238,31,18,0.5806,32,15,0.4688,False
alt_plus,ge3_unopened_tn8+tn6,touch3,63,42,0.6667,31,19,0.6129,32,23,0.7188,False
alt_plus,ge3_unopened_tn8+tn6,hold_3d,66,39,0.5909,31,18,0.5806,35,21,0.6000,False
alt_plus,ge3_unopened_tn8+tn8,maxc3,67,54,0.8060,32,24,0.7500,35,30,0.8571,False
alt_plus,ge3_unopened_tn8+tn8,hold_close,67,45,0.6716,32,21,0.6562,35,24,0.6857,False
alt_plus,ge3_unopened_tn8+tn8,hold_flat,67,45,0.6716,32,21,0.6562,35,24,0.6857,False
alt_plus,ge3_unopened_tn8+tn8,hold_touch3,67,46,0.6866,32,20,0.6250,35,26,0.7429,False
alt_plus,ge3_unopened_tn8+tn8,open_up,63,26,0.4127,31,14,0.4516,32,12,0.3750,False
alt_plus,ge3_unopened_tn8+tn8,open_flat,63,33,0.5238,31,18,0.5806,32,15,0.4688,False
alt_plus,ge3_unopened_tn8+tn8,touch3,63,42,0.6667,31,19,0.6129,32,23,0.7188,False
alt_plus,ge3_unopened_tn8+tn8,hold_3d,66,39,0.5909,31,18,0.5806,35,21,0.6000,False
alt_plus,ge3_unopened_tn8+tn10,maxc3,54,43,0.7963,25,19,0.7600,29,24,0.8276,False
alt_plus,ge3_unopened_tn8+tn10,hold_close,54,35,0.6481,25,17,0.6800,29,18,0.6207,False
alt_plus,ge3_unopened_tn8+tn10,hold_flat,54,35,0.6481,25,17,0.6800,29,18,0.6207,False
alt_plus,ge3_unopened_tn8+tn10,hold_touch3,54,36,0.6667,25,15,0.6000,29,21,0.7241,False
alt_plus,ge3_unopened_tn8+tn10,open_up,51,19,0.3725,24,11,0.4583,27,8,0.2963,False
alt_plus,ge3_unopened_tn8+tn10,open_flat,51,26,0.5098,24,15,0.6250,27,11,0.4074,False
alt_plus,ge3_unopened_tn8+tn10,touch3,51,33,0.6471,24,14,0.5833,27,19,0.7037,False
alt_plus,ge3_unopened_tn8+tn10,hold_3d,53,28,0.5283,24,13,0.5417,29,15,0.5172,False
alt_plus,ge3_unopened_tn8+unopened,maxc3,67,54,0.8060,32,24,0.7500,35,30,0.8571,False
alt_plus,ge3_unopened_tn8+unopened,hold_close,67,45,0.6716,32,21,0.6562,35,24,0.6857,False
alt_plus,ge3_unopened_tn8+unopened,hold_flat,67,45,0.6716,32,21,0.6562,35,24,0.6857,False
alt_plus,ge3_unopened_tn8+unopened,hold_touch3,67,46,0.6866,32,20,0.6250,35,26,0.7429,False
alt_plus,ge3_unopened_tn8+unopened,open_up,63,26,0.4127,31,14,0.4516,32,12,0.3750,False
alt_plus,ge3_unopened_tn8+unopened,open_flat,63,33,0.5238,31,18,0.5806,32,15,0.4688,False
alt_plus,ge3_unopened_tn8+unopened,touch3,63,42,0.6667,31,19,0.6129,32,23,0.7188,False
alt_plus,ge3_unopened_tn8+unopened,hold_3d,66,39,0.5909,31,18,0.5806,35,21,0.6000,False
alt_plus,ge3_unopened_tn8+opened,maxc3,0,0,,0,0,,0,0,,False
alt_plus,ge3_unopened_tn8+opened,hold_close,0,0,,0,0,,0,0,,False
alt_plus,ge3_unopened_tn8+opened,hold_flat,0,0,,0,0,,0,0,,False
alt_plus,ge3_unopened_tn8+opened,hold_touch3,0,0,,0,0,,0,0,,False
alt_plus,ge3_unopened_tn8+opened,open_up,0,0,,0,0,,0,0,,False
alt_plus,ge3_unopened_tn8+opened,open_flat,0,0,,0,0,,0,0,,False
alt_plus,ge3_unopened_tn8+opened,touch3,0,0,,0,0,,0,0,,False
alt_plus,ge3_unopened_tn8+opened,hold_3d,0,0,,0,0,,0,0,,False
alt_plus,ge3_unopened_tn8+early,maxc3,50,40,0.8000,26,20,0.7692,24,20,0.8333,False
alt_plus,ge3_unopened_tn8+early,hold_close,50,35,0.7000,26,19,0.7308,24,16,0.6667,False
alt_plus,ge3_unopened_tn8+early,hold_flat,50,35,0.7000,26,19,0.7308,24,16,0.6667,False
alt_plus,ge3_unopened_tn8+early,hold_touch3,50,34,0.6800,26,16,0.6154,24,18,0.7500,False
alt_plus,ge3_unopened_tn8+early,open_up,46,20,0.4348,25,12,0.4800,21,8,0.3810,False
alt_plus,ge3_unopened_tn8+early,open_flat,46,25,0.5435,25,14,0.5600,21,11,0.5238,False
alt_plus,ge3_unopened_tn8+early,touch3,46,30,0.6522,25,15,0.6000,21,15,0.7143,False
alt_plus,ge3_unopened_tn8+early,hold_3d,49,28,0.5714,25,14,0.5600,24,14,0.5833,False
alt_plus,ge3_unopened_tn8+not_early,maxc3,17,14,0.8235,6,4,0.6667,11,10,0.9091,False
alt_plus,ge3_unopened_tn8+not_early,hold_close,17,10,0.5882,6,2,0.3333,11,8,0.7273,False
alt_plus,ge3_unopened_tn8+not_early,hold_flat,17,10,0.5882,6,2,0.3333,11,8,0.7273,False
alt_plus,ge3_unopened_tn8+not_early,hold_touch3,17,12,0.7059,6,4,0.6667,11,8,0.7273,False
alt_plus,ge3_unopened_tn8+not_early,open_up,17,6,0.3529,6,2,0.3333,11,4,0.3636,False
alt_plus,ge3_unopened_tn8+not_early,open_flat,17,8,0.4706,6,4,0.6667,11,4,0.3636,False
alt_plus,ge3_unopened_tn8+not_early,touch3,17,12,0.7059,6,4,0.6667,11,8,0.7273,False
alt_plus,ge3_unopened_tn8+not_early,hold_3d,17,11,0.6471,6,4,0.6667,11,7,0.6364,False
alt_plus,ge3_unopened_tn8+suc8,maxc3,36,28,0.7778,16,11,0.6875,20,17,0.8500,False
alt_plus,ge3_unopened_tn8+suc8,hold_close,36,25,0.6944,16,11,0.6875,20,14,0.7000,False
alt_plus,ge3_unopened_tn8+suc8,hold_flat,36,25,0.6944,16,11,0.6875,20,14,0.7000,False
alt_plus,ge3_unopened_tn8+suc8,hold_touch3,36,25,0.6944,16,10,0.6250,20,15,0.7500,False
alt_plus,ge3_unopened_tn8+suc8,open_up,32,11,0.3438,15,7,0.4667,17,4,0.2353,False
alt_plus,ge3_unopened_tn8+suc8,open_flat,32,16,0.5000,15,9,0.6000,17,7,0.4118,False
alt_plus,ge3_unopened_tn8+suc8,touch3,32,21,0.6562,15,9,0.6000,17,12,0.7059,False
alt_plus,ge3_unopened_tn8+suc8,hold_3d,36,22,0.6111,16,9,0.5625,20,13,0.6500,False
alt_plus,ge3_unopened_tn8+newh,maxc3,25,19,0.7600,7,3,0.4286,18,16,0.8889,False
alt_plus,ge3_unopened_tn8+newh,hold_close,25,16,0.6400,7,3,0.4286,18,13,0.7222,False
alt_plus,ge3_unopened_tn8+newh,hold_flat,25,16,0.6400,7,3,0.4286,18,13,0.7222,False
alt_plus,ge3_unopened_tn8+newh,hold_touch3,25,17,0.6800,7,3,0.4286,18,14,0.7778,False
alt_plus,ge3_unopened_tn8+newh,open_up,23,9,0.3913,7,2,0.2857,16,7,0.4375,False
alt_plus,ge3_unopened_tn8+newh,open_flat,23,11,0.4783,7,2,0.2857,16,9,0.5625,False
alt_plus,ge3_unopened_tn8+newh,touch3,23,15,0.6522,7,3,0.4286,16,12,0.7500,False
alt_plus,ge3_unopened_tn8+newh,hold_3d,25,15,0.6000,7,3,0.4286,18,12,0.6667,False
alt_plus,ge3_unopened_tn8+sub,maxc3,16,14,0.8750,7,6,0.8571,9,8,0.8889,False
alt_plus,ge3_unopened_tn8+sub,hold_close,16,12,0.7500,7,6,0.8571,9,6,0.6667,False
alt_plus,ge3_unopened_tn8+sub,hold_flat,16,12,0.7500,7,6,0.8571,9,6,0.6667,False
alt_plus,ge3_unopened_tn8+sub,hold_touch3,16,12,0.7500,7,4,0.5714,9,8,0.8889,False
alt_plus,ge3_unopened_tn8+sub,open_up,15,6,0.4000,7,4,0.5714,8,2,0.2500,False
alt_plus,ge3_unopened_tn8+sub,open_flat,15,6,0.4000,7,4,0.5714,8,2,0.2500,False
alt_plus,ge3_unopened_tn8+sub,touch3,15,11,0.7333,7,4,0.5714,8,7,0.8750,False
alt_plus,ge3_unopened_tn8+sub,hold_3d,15,10,0.6667,6,4,0.6667,9,6,0.6667,False
alt_plus,ge3_unopened_tn8+mid,maxc3,31,25,0.8065,10,7,0.7000,21,18,0.8571,False
alt_plus,ge3_unopened_tn8+mid,hold_close,31,20,0.6452,10,7,0.7000,21,13,0.6190,False
alt_plus,ge3_unopened_tn8+mid,hold_flat,31,20,0.6452,10,7,0.7000,21,13,0.6190,False
alt_plus,ge3_unopened_tn8+mid,hold_touch3,31,22,0.7097,10,6,0.6000,21,16,0.7619,False
alt_plus,ge3_unopened_tn8+mid,open_up,30,12,0.4000,10,5,0.5000,20,7,0.3500,False
alt_plus,ge3_unopened_tn8+mid,open_flat,30,13,0.4333,10,6,0.6000,20,7,0.3500,False
alt_plus,ge3_unopened_tn8+mid,touch3,30,21,0.7000,10,6,0.6000,20,15,0.7500,False
alt_plus,ge3_unopened_tn8+mid,hold_3d,31,15,0.4839,10,4,0.4000,21,11,0.5238,False
alt_plus,ge3_unopened_tn8+fanbao,maxc3,4,4,1.0000,0,0,,4,4,1.0000,False
alt_plus,ge3_unopened_tn8+fanbao,hold_close,4,4,1.0000,0,0,,4,4,1.0000,False
alt_plus,ge3_unopened_tn8+fanbao,hold_flat,4,4,1.0000,0,0,,4,4,1.0000,False
alt_plus,ge3_unopened_tn8+fanbao,hold_touch3,4,4,1.0000,0,0,,4,4,1.0000,False
alt_plus,ge3_unopened_tn8+fanbao,open_up,3,1,0.3333,0,0,,3,1,0.3333,False
alt_plus,ge3_unopened_tn8+fanbao,open_flat,3,2,0.6667,0,0,,3,2,0.6667,False
alt_plus,ge3_unopened_tn8+fanbao,touch3,3,3,1.0000,0,0,,3,3,1.0000,False
alt_plus,ge3_unopened_tn8+fanbao,hold_3d,4,3,0.7500,0,0,,4,3,0.7500,False
alt_plus,ge3_unopened_tn8+not_fanbao,maxc3,63,50,0.7937,32,24,0.7500,31,26,0.8387,False
alt_plus,ge3_unopened_tn8+not_fanbao,hold_close,63,41,0.6508,32,21,0.6562,31,20,0.6452,False
alt_plus,ge3_unopened_tn8+not_fanbao,hold_flat,63,41,0.6508,32,21,0.6562,31,20,0.6452,False
alt_plus,ge3_unopened_tn8+not_fanbao,hold_touch3,63,42,0.6667,32,20,0.6250,31,22,0.7097,False
alt_plus,ge3_unopened_tn8+not_fanbao,open_up,60,25,0.4167,31,14,0.4516,29,11,0.3793,False
alt_plus,ge3_unopened_tn8+not_fanbao,open_flat,60,31,0.5167,31,18,0.5806,29,13,0.4483,False
alt_plus,ge3_unopened_tn8+not_fanbao,touch3,60,39,0.6500,31,19,0.6129,29,20,0.6897,False
alt_plus,ge3_unopened_tn8+not_fanbao,hold_3d,62,36,0.5806,31,18,0.5806,31,18,0.5806,False
alt_plus,ge3_unopened_tn8+stock_unbroken,maxc3,58,47,0.8103,29,22,0.7586,29,25,0.8621,False
alt_plus,ge3_unopened_tn8+stock_unbroken,hold_close,58,38,0.6552,29,19,0.6552,29,19,0.6552,False
alt_plus,ge3_unopened_tn8+stock_unbroken,hold_flat,58,38,0.6552,29,19,0.6552,29,19,0.6552,False
alt_plus,ge3_unopened_tn8+stock_unbroken,hold_touch3,58,40,0.6897,29,19,0.6552,29,21,0.7241,False
alt_plus,ge3_unopened_tn8+stock_unbroken,open_up,55,23,0.4182,28,13,0.4643,27,10,0.3704,False
alt_plus,ge3_unopened_tn8+stock_unbroken,open_flat,55,29,0.5273,28,17,0.6071,27,12,0.4444,False
alt_plus,ge3_unopened_tn8+stock_unbroken,touch3,55,37,0.6727,28,18,0.6429,27,19,0.7037,False
alt_plus,ge3_unopened_tn8+stock_unbroken,hold_3d,57,34,0.5965,28,17,0.6071,29,17,0.5862,False
alt_plus,ge3_unopened_tn8+stock_broken,maxc3,9,7,0.7778,3,2,0.6667,6,5,0.8333,False
alt_plus,ge3_unopened_tn8+stock_broken,hold_close,9,7,0.7778,3,2,0.6667,6,5,0.8333,False
alt_plus,ge3_unopened_tn8+stock_broken,hold_flat,9,7,0.7778,3,2,0.6667,6,5,0.8333,False
alt_plus,ge3_unopened_tn8+stock_broken,hold_touch3,9,6,0.6667,3,1,0.3333,6,5,0.8333,False
alt_plus,ge3_unopened_tn8+stock_broken,open_up,8,3,0.3750,3,1,0.3333,5,2,0.4000,False
alt_plus,ge3_unopened_tn8+stock_broken,open_flat,8,4,0.5000,3,1,0.3333,5,3,0.6000,False
alt_plus,ge3_unopened_tn8+stock_broken,touch3,8,5,0.6250,3,1,0.3333,5,4,0.8000,False
alt_plus,ge3_unopened_tn8+stock_broken,hold_3d,9,5,0.5556,3,1,0.3333,6,4,0.6667,False
alt_plus,ge3_unopened_tn8+eqH,maxc3,25,19,0.7600,7,3,0.4286,18,16,0.8889,False
alt_plus,ge3_unopened_tn8+eqH,hold_close,25,16,0.6400,7,3,0.4286,18,13,0.7222,False
alt_plus,ge3_unopened_tn8+eqH,hold_flat,25,16,0.6400,7,3,0.4286,18,13,0.7222,False
alt_plus,ge3_unopened_tn8+eqH,hold_touch3,25,17,0.6800,7,3,0.4286,18,14,0.7778,False
alt_plus,ge3_unopened_tn8+eqH,open_up,23,9,0.3913,7,2,0.2857,16,7,0.4375,False
alt_plus,ge3_unopened_tn8+eqH,open_flat,23,11,0.4783,7,2,0.2857,16,9,0.5625,False
alt_plus,ge3_unopened_tn8+eqH,touch3,23,15,0.6522,7,3,0.4286,16,12,0.7500,False
alt_plus,ge3_unopened_tn8+eqH,hold_3d,25,15,0.6000,7,3,0.4286,18,12,0.6667,False
alt_plus,ge3_unopened_tn8+eqHm1,maxc3,16,14,0.8750,7,6,0.8571,9,8,0.8889,False
alt_plus,ge3_unopened_tn8+eqHm1,hold_close,16,12,0.7500,7,6,0.8571,9,6,0.6667,False
alt_plus,ge3_unopened_tn8+eqHm1,hold_flat,16,12,0.7500,7,6,0.8571,9,6,0.6667,False
alt_plus,ge3_unopened_tn8+eqHm1,hold_touch3,16,12,0.7500,7,4,0.5714,9,8,0.8889,False
alt_plus,ge3_unopened_tn8+eqHm1,open_up,15,6,0.4000,7,4,0.5714,8,2,0.2500,False
alt_plus,ge3_unopened_tn8+eqHm1,open_flat,15,6,0.4000,7,4,0.5714,8,2,0.2500,False
alt_plus,ge3_unopened_tn8+eqHm1,touch3,15,11,0.7333,7,4,0.5714,8,7,0.8750,False
alt_plus,ge3_unopened_tn8+eqHm1,hold_3d,15,10,0.6667,6,4,0.6667,9,6,0.6667,False
alt_plus,ge3_unopened_tn8+belowH,maxc3,42,35,0.8333,25,21,0.8400,17,14,0.8235,False
alt_plus,ge3_unopened_tn8+belowH,hold_close,42,29,0.6905,25,18,0.7200,17,11,0.6471,False
alt_plus,ge3_unopened_tn8+belowH,hold_flat,42,29,0.6905,25,18,0.7200,17,11,0.6471,False
alt_plus,ge3_unopened_tn8+belowH,hold_touch3,42,29,0.6905,25,17,0.6800,17,12,0.7059,False
alt_plus,ge3_unopened_tn8+belowH,open_up,40,17,0.4250,24,12,0.5000,16,5,0.3125,False
alt_plus,ge3_unopened_tn8+belowH,open_flat,40,22,0.5500,24,16,0.6667,16,6,0.3750,False
alt_plus,ge3_unopened_tn8+belowH,touch3,40,27,0.6750,24,16,0.6667,16,11,0.6875,False
alt_plus,ge3_unopened_tn8+belowH,hold_3d,41,24,0.5854,24,15,0.6250,17,9,0.5294,False
alt_plus,ge3_unopened_tn8+ge5,maxc3,15,12,0.8000,11,8,0.7273,4,4,1.0000,False
alt_plus,ge3_unopened_tn8+ge5,hold_close,15,11,0.7333,11,8,0.7273,4,3,0.7500,False
alt_plus,ge3_unopened_tn8+ge5,hold_flat,15,11,0.7333,11,8,0.7273,4,3,0.7500,False
alt_plus,ge3_unopened_tn8+ge5,hold_touch3,15,11,0.7333,11,7,0.6364,4,4,1.0000,False
alt_plus,ge3_unopened_tn8+ge5,open_up,14,7,0.5000,10,4,0.4000,4,3,0.7500,False
alt_plus,ge3_unopened_tn8+ge5,open_flat,14,9,0.6429,10,6,0.6000,4,3,0.7500,False
alt_plus,ge3_unopened_tn8+ge5,touch3,14,10,0.7143,10,6,0.6000,4,4,1.0000,False
alt_plus,ge3_unopened_tn8+ge5,hold_3d,15,11,0.7333,11,7,0.6364,4,4,1.0000,False
alt_plus,ge3_unopened_tn8+eq4,maxc3,21,17,0.8095,11,9,0.8182,10,8,0.8000,False
alt_plus,ge3_unopened_tn8+eq4,hold_close,21,14,0.6667,11,6,0.5455,10,8,0.8000,False
alt_plus,ge3_unopened_tn8+eq4,hold_flat,21,14,0.6667,11,6,0.5455,10,8,0.8000,False
alt_plus,ge3_unopened_tn8+eq4,hold_touch3,21,13,0.6190,11,7,0.6364,10,6,0.6000,False
alt_plus,ge3_unopened_tn8+eq4,open_up,19,7,0.3684,11,5,0.4545,8,2,0.2500,False
alt_plus,ge3_unopened_tn8+eq4,open_flat,19,11,0.5789,11,6,0.5455,8,5,0.6250,False
alt_plus,ge3_unopened_tn8+eq4,touch3,19,11,0.5789,11,7,0.6364,8,4,0.5000,False
alt_plus,ge3_unopened_tn8+eq4,hold_3d,20,13,0.6500,10,7,0.7000,10,6,0.6000,False
alt_plus,ge3_unopened_tn8+amt_mid,maxc3,11,8,0.7273,3,2,0.6667,8,6,0.7500,False
alt_plus,ge3_unopened_tn8+amt_mid,hold_close,11,6,0.5455,3,2,0.6667,8,4,0.5000,False
alt_plus,ge3_unopened_tn8+amt_mid,hold_flat,11,6,0.5455,3,2,0.6667,8,4,0.5000,False
alt_plus,ge3_unopened_tn8+amt_mid,hold_touch3,11,8,0.7273,3,2,0.6667,8,6,0.7500,False
alt_plus,ge3_unopened_tn8+amt_mid,open_up,10,3,0.3000,3,1,0.3333,7,2,0.2857,False
alt_plus,ge3_unopened_tn8+amt_mid,open_flat,10,6,0.6000,3,2,0.6667,7,4,0.5714,False
alt_plus,ge3_unopened_tn8+amt_mid,touch3,10,7,0.7000,3,2,0.6667,7,5,0.7143,False
alt_plus,ge3_unopened_tn8+amt_mid,hold_3d,11,6,0.5455,3,1,0.3333,8,5,0.6250,False
alt_plus,ge3_unopened_tn8+turn_mid,maxc3,50,40,0.8000,22,17,0.7727,28,23,0.8214,False
alt_plus,ge3_unopened_tn8+turn_mid,hold_close,50,36,0.7200,22,17,0.7727,28,19,0.6786,False
alt_plus,ge3_unopened_tn8+turn_mid,hold_flat,50,36,0.7200,22,17,0.7727,28,19,0.6786,False
alt_plus,ge3_unopened_tn8+turn_mid,hold_touch3,50,33,0.6600,22,13,0.5909,28,20,0.7143,False
alt_plus,ge3_unopened_tn8+turn_mid,open_up,46,19,0.4130,21,9,0.4286,25,10,0.4000,False
alt_plus,ge3_unopened_tn8+turn_mid,open_flat,46,23,0.5000,21,11,0.5238,25,12,0.4800,False
alt_plus,ge3_unopened_tn8+turn_mid,touch3,46,29,0.6304,21,12,0.5714,25,17,0.6800,False
alt_plus,ge3_unopened_tn8+turn_mid,hold_3d,49,28,0.5714,21,11,0.5238,28,17,0.6071,False
alt_plus,ge3_unopened_tn8+circ_mid,maxc3,46,37,0.8043,22,16,0.7273,24,21,0.8750,False
alt_plus,ge3_unopened_tn8+circ_mid,hold_close,46,31,0.6739,22,15,0.6818,24,16,0.6667,False
alt_plus,ge3_unopened_tn8+circ_mid,hold_flat,46,31,0.6739,22,15,0.6818,24,16,0.6667,False
alt_plus,ge3_unopened_tn8+circ_mid,hold_touch3,46,36,0.7826,22,15,0.6818,24,21,0.8750,False
alt_plus,ge3_unopened_tn8+circ_mid,open_up,43,17,0.3953,21,9,0.4286,22,8,0.3636,False
alt_plus,ge3_unopened_tn8+circ_mid,open_flat,43,22,0.5116,21,12,0.5714,22,10,0.4545,False
alt_plus,ge3_unopened_tn8+circ_mid,touch3,43,33,0.7674,21,14,0.6667,22,19,0.8636,False
alt_plus,ge3_unopened_tn8+circ_mid,hold_3d,46,28,0.6087,22,13,0.5909,24,15,0.6250,False
alt_plus,ge3_unopened_tn8+huanshou,maxc3,61,49,0.8033,29,21,0.7241,32,28,0.8750,False
alt_plus,ge3_unopened_tn8+huanshou,hold_close,61,40,0.6557,29,18,0.6207,32,22,0.6875,False
alt_plus,ge3_unopened_tn8+huanshou,hold_flat,61,40,0.6557,29,18,0.6207,32,22,0.6875,False
alt_plus,ge3_unopened_tn8+huanshou,hold_touch3,61,41,0.6721,29,17,0.5862,32,24,0.7500,False
alt_plus,ge3_unopened_tn8+huanshou,open_up,59,24,0.4068,29,13,0.4483,30,11,0.3667,False
alt_plus,ge3_unopened_tn8+huanshou,open_flat,59,29,0.4915,29,16,0.5517,30,13,0.4333,False
alt_plus,ge3_unopened_tn8+huanshou,touch3,59,39,0.6610,29,17,0.5862,30,22,0.7333,False
alt_plus,ge3_unopened_tn8+huanshou,hold_3d,60,34,0.5667,28,15,0.5357,32,19,0.5938,False
alt_plus,ge3_unopened_tn8+intact_unopened,maxc3,36,29,0.8056,18,13,0.7222,18,16,0.8889,False
alt_plus,ge3_unopened_tn8+intact_unopened,hold_close,36,23,0.6389,18,11,0.6111,18,12,0.6667,False
alt_plus,ge3_unopened_tn8+intact_unopened,hold_flat,36,23,0.6389,18,11,0.6111,18,12,0.6667,False
alt_plus,ge3_unopened_tn8+intact_unopened,hold_touch3,36,25,0.6944,18,12,0.6667,18,13,0.7222,False
alt_plus,ge3_unopened_tn8+intact_unopened,open_up,34,12,0.3529,17,5,0.2941,17,7,0.4118,False
alt_plus,ge3_unopened_tn8+intact_unopened,open_flat,34,17,0.5000,17,8,0.4706,17,9,0.5294,False
alt_plus,ge3_unopened_tn8+intact_unopened,touch3,34,23,0.6765,17,11,0.6471,17,12,0.7059,False
alt_plus,ge3_unopened_tn8+intact_unopened,hold_3d,36,22,0.6111,18,11,0.6111,18,11,0.6111,False
alt_plus,ge3_unopened_tn8+intact_tn8,maxc3,36,29,0.8056,18,13,0.7222,18,16,0.8889,False
alt_plus,ge3_unopened_tn8+intact_tn8,hold_close,36,23,0.6389,18,11,0.6111,18,12,0.6667,False
alt_plus,ge3_unopened_tn8+intact_tn8,hold_flat,36,23,0.6389,18,11,0.6111,18,12,0.6667,False
alt_plus,ge3_unopened_tn8+intact_tn8,hold_touch3,36,25,0.6944,18,12,0.6667,18,13,0.7222,False
alt_plus,ge3_unopened_tn8+intact_tn8,open_up,34,12,0.3529,17,5,0.2941,17,7,0.4118,False
alt_plus,ge3_unopened_tn8+intact_tn8,open_flat,34,17,0.5000,17,8,0.4706,17,9,0.5294,False
alt_plus,ge3_unopened_tn8+intact_tn8,touch3,34,23,0.6765,17,11,0.6471,17,12,0.7059,False
alt_plus,ge3_unopened_tn8+intact_tn8,hold_3d,36,22,0.6111,18,11,0.6111,18,11,0.6111,False
alt_plus,ge3_unopened_tn8+unopened_tn8,maxc3,67,54,0.8060,32,24,0.7500,35,30,0.8571,False
alt_plus,ge3_unopened_tn8+unopened_tn8,hold_close,67,45,0.6716,32,21,0.6562,35,24,0.6857,False
alt_plus,ge3_unopened_tn8+unopened_tn8,hold_flat,67,45,0.6716,32,21,0.6562,35,24,0.6857,False
alt_plus,ge3_unopened_tn8+unopened_tn8,hold_touch3,67,46,0.6866,32,20,0.6250,35,26,0.7429,False
alt_plus,ge3_unopened_tn8+unopened_tn8,open_up,63,26,0.4127,31,14,0.4516,32,12,0.3750,False
alt_plus,ge3_unopened_tn8+unopened_tn8,open_flat,63,33,0.5238,31,18,0.5806,32,15,0.4688,False
alt_plus,ge3_unopened_tn8+unopened_tn8,touch3,63,42,0.6667,31,19,0.6129,32,23,0.7188,False
alt_plus,ge3_unopened_tn8+unopened_tn8,hold_3d,66,39,0.5909,31,18,0.5806,35,21,0.6000,False
alt_plus,ge3_unopened_tn8+unopened_seal03,maxc3,8,6,0.7500,4,3,0.7500,4,3,0.7500,False
alt_plus,ge3_unopened_tn8+unopened_seal03,hold_close,8,5,0.6250,4,3,0.7500,4,2,0.5000,False
alt_plus,ge3_unopened_tn8+unopened_seal03,hold_flat,8,5,0.6250,4,3,0.7500,4,2,0.5000,False
alt_plus,ge3_unopened_tn8+unopened_seal03,hold_touch3,8,6,0.7500,4,3,0.7500,4,3,0.7500,False
alt_plus,ge3_unopened_tn8+unopened_seal03,open_up,7,3,0.4286,3,2,0.6667,4,1,0.2500,False
alt_plus,ge3_unopened_tn8+unopened_seal03,open_flat,7,5,0.7143,3,2,0.6667,4,3,0.7500,False
alt_plus,ge3_unopened_tn8+unopened_seal03,touch3,7,5,0.7143,3,2,0.6667,4,3,0.7500,False
alt_plus,ge3_unopened_tn8+unopened_seal03,hold_3d,8,6,0.7500,4,3,0.7500,4,3,0.7500,False
alt_plus,ge3_unopened_tn8+intact_seal03,maxc3,7,5,0.7143,3,2,0.6667,4,3,0.7500,False
alt_plus,ge3_unopened_tn8+intact_seal03,hold_close,7,4,0.5714,3,2,0.6667,4,2,0.5000,False
alt_plus,ge3_unopened_tn8+intact_seal03,hold_flat,7,4,0.5714,3,2,0.6667,4,2,0.5000,False
alt_plus,ge3_unopened_tn8+intact_seal03,hold_touch3,7,5,0.7143,3,2,0.6667,4,3,0.7500,False
alt_plus,ge3_unopened_tn8+intact_seal03,open_up,6,2,0.3333,2,1,0.5000,4,1,0.2500,False
alt_plus,ge3_unopened_tn8+intact_seal03,open_flat,6,4,0.6667,2,1,0.5000,4,3,0.7500,False
alt_plus,ge3_unopened_tn8+intact_seal03,touch3,6,4,0.6667,2,1,0.5000,4,3,0.7500,False
alt_plus,ge3_unopened_tn8+intact_seal03,hold_3d,7,5,0.7143,3,2,0.6667,4,3,0.7500,False
alt_plus,ge3_unopened_tn8+stock_unbroken_unopened,maxc3,58,47,0.8103,29,22,0.7586,29,25,0.8621,False
alt_plus,ge3_unopened_tn8+stock_unbroken_unopened,hold_close,58,38,0.6552,29,19,0.6552,29,19,0.6552,False
alt_plus,ge3_unopened_tn8+stock_unbroken_unopened,hold_flat,58,38,0.6552,29,19,0.6552,29,19,0.6552,False
alt_plus,ge3_unopened_tn8+stock_unbroken_unopened,hold_touch3,58,40,0.6897,29,19,0.6552,29,21,0.7241,False
alt_plus,ge3_unopened_tn8+stock_unbroken_unopened,open_up,55,23,0.4182,28,13,0.4643,27,10,0.3704,False
alt_plus,ge3_unopened_tn8+stock_unbroken_unopened,open_flat,55,29,0.5273,28,17,0.6071,27,12,0.4444,False
alt_plus,ge3_unopened_tn8+stock_unbroken_unopened,touch3,55,37,0.6727,28,18,0.6429,27,19,0.7037,False
alt_plus,ge3_unopened_tn8+stock_unbroken_unopened,hold_3d,57,34,0.5965,28,17,0.6071,29,17,0.5862,False
alt_plus,ge3_unopened_tn8+stock_unbroken_tn8,maxc3,58,47,0.8103,29,22,0.7586,29,25,0.8621,False
alt_plus,ge3_unopened_tn8+stock_unbroken_tn8,hold_close,58,38,0.6552,29,19,0.6552,29,19,0.6552,False
alt_plus,ge3_unopened_tn8+stock_unbroken_tn8,hold_flat,58,38,0.6552,29,19,0.6552,29,19,0.6552,False
alt_plus,ge3_unopened_tn8+stock_unbroken_tn8,hold_touch3,58,40,0.6897,29,19,0.6552,29,21,0.7241,False
alt_plus,ge3_unopened_tn8+stock_unbroken_tn8,open_up,55,23,0.4182,28,13,0.4643,27,10,0.3704,False
alt_plus,ge3_unopened_tn8+stock_unbroken_tn8,open_flat,55,29,0.5273,28,17,0.6071,27,12,0.4444,False
alt_plus,ge3_unopened_tn8+stock_unbroken_tn8,touch3,55,37,0.6727,28,18,0.6429,27,19,0.7037,False
alt_plus,ge3_unopened_tn8+stock_unbroken_tn8,hold_3d,57,34,0.5965,28,17,0.6071,29,17,0.5862,False
alt_plus,ge3_unopened_tn8+early_unopened,maxc3,50,40,0.8000,26,20,0.7692,24,20,0.8333,False
alt_plus,ge3_unopened_tn8+early_unopened,hold_close,50,35,0.7000,26,19,0.7308,24,16,0.6667,False
alt_plus,ge3_unopened_tn8+early_unopened,hold_flat,50,35,0.7000,26,19,0.7308,24,16,0.6667,False
alt_plus,ge3_unopened_tn8+early_unopened,hold_touch3,50,34,0.6800,26,16,0.6154,24,18,0.7500,False
alt_plus,ge3_unopened_tn8+early_unopened,open_up,46,20,0.4348,25,12,0.4800,21,8,0.3810,False
alt_plus,ge3_unopened_tn8+early_unopened,open_flat,46,25,0.5435,25,14,0.5600,21,11,0.5238,False
alt_plus,ge3_unopened_tn8+early_unopened,touch3,46,30,0.6522,25,15,0.6000,21,15,0.7143,False
alt_plus,ge3_unopened_tn8+early_unopened,hold_3d,49,28,0.5714,25,14,0.5600,24,14,0.5833,False
alt_plus,ge3_unopened_tn8+ge4_tn8_unopened,maxc3,67,54,0.8060,32,24,0.7500,35,30,0.8571,False
alt_plus,ge3_unopened_tn8+ge4_tn8_unopened,hold_close,67,45,0.6716,32,21,0.6562,35,24,0.6857,False
alt_plus,ge3_unopened_tn8+ge4_tn8_unopened,hold_flat,67,45,0.6716,32,21,0.6562,35,24,0.6857,False
alt_plus,ge3_unopened_tn8+ge4_tn8_unopened,hold_touch3,67,46,0.6866,32,20,0.6250,35,26,0.7429,False
alt_plus,ge3_unopened_tn8+ge4_tn8_unopened,open_up,63,26,0.4127,31,14,0.4516,32,12,0.3750,False
alt_plus,ge3_unopened_tn8+ge4_tn8_unopened,open_flat,63,33,0.5238,31,18,0.5806,32,15,0.4688,False
alt_plus,ge3_unopened_tn8+ge4_tn8_unopened,touch3,63,42,0.6667,31,19,0.6129,32,23,0.7188,False
alt_plus,ge3_unopened_tn8+ge4_tn8_unopened,hold_3d,66,39,0.5909,31,18,0.5806,35,21,0.6000,False
alt_base,ge4_seal02_tn6,maxc3,38,31,0.8158,24,20,0.8333,14,11,0.7857,False
alt_base,ge4_seal02_tn6,hold_close,38,30,0.7895,24,20,0.8333,14,10,0.7143,False
alt_base,ge4_seal02_tn6,hold_flat,38,30,0.7895,24,20,0.8333,14,10,0.7143,False
alt_base,ge4_seal02_tn6,hold_touch3,38,29,0.7632,24,18,0.7500,14,11,0.7857,False
alt_base,ge4_seal02_tn6,open_up,33,11,0.3333,22,7,0.3182,11,4,0.3636,False
alt_base,ge4_seal02_tn6,open_flat,33,22,0.6667,22,14,0.6364,11,8,0.7273,False
alt_base,ge4_seal02_tn6,touch3,33,24,0.7273,22,16,0.7273,11,8,0.7273,False
alt_base,ge4_seal02_tn6,hold_3d,36,23,0.6389,23,14,0.6087,13,9,0.6923,False
alt_base,ge2_seal02_tn8,maxc3,123,91,0.7398,75,54,0.7200,48,37,0.7708,False
alt_base,ge2_seal02_tn8,hold_close,123,82,0.6667,75,49,0.6533,48,33,0.6875,False
alt_base,ge2_seal02_tn8,hold_flat,123,83,0.6748,75,50,0.6667,48,33,0.6875,False
alt_base,ge2_seal02_tn8,hold_touch3,123,85,0.6911,75,45,0.6000,48,40,0.8333,False
alt_base,ge2_seal02_tn8,open_up,105,28,0.2667,63,15,0.2381,42,13,0.3095,False
alt_base,ge2_seal02_tn8,open_flat,105,46,0.4381,63,25,0.3968,42,21,0.5000,False
alt_base,ge2_seal02_tn8,touch3,105,67,0.6381,63,33,0.5238,42,34,0.8095,False
alt_base,ge2_seal02_tn8,hold_3d,119,63,0.5294,73,38,0.5205,46,25,0.5435,False
